model,seed,concept,layer,train_context,train_lang,test_context,test_lang,control,acc
bigscience/bloom-1b7,4,side_aunt,0,informative,bn,informative,bn,none,1.0
bigscience/bloom-1b7,4,side_aunt,0,informative,bn,informative,hi,none,0.5
bigscience/bloom-1b7,4,side_aunt,0,informative,bn,informative,en,none,0.5
bigscience/bloom-1b7,4,side_aunt,0,informative,bn,neutral,bn,none,1.0
bigscience/bloom-1b7,4,side_aunt,0,informative,bn,neutral,hi,none,0.5
bigscience/bloom-1b7,4,side_aunt,0,informative,bn,neutral,en,none,0.5
bigscience/bloom-1b7,4,side_aunt,0,informative,bn,informative,bn,shuffled,0.4166666666666667
bigscience/bloom-1b7,4,side_aunt,1,informative,bn,informative,bn,none,1.0
bigscience/bloom-1b7,4,side_aunt,1,informative,bn,informative,hi,none,0.5
bigscience/bloom-1b7,4,side_aunt,1,informative,bn,informative,en,none,0.5
bigscience/bloom-1b7,4,side_aunt,1,informative,bn,neutral,bn,none,1.0
bigscience/bloom-1b7,4,side_aunt,1,informative,bn,neutral,hi,none,0.5
bigscience/bloom-1b7,4,side_aunt,1,informative,bn,neutral,en,none,0.5
bigscience/bloom-1b7,4,side_aunt,1,informative,bn,informative,bn,shuffled,0.5
bigscience/bloom-1b7,4,side_aunt,2,informative,bn,informative,bn,none,1.0
bigscience/bloom-1b7,4,side_aunt,2,informative,bn,informative,hi,none,0.5
bigscience/bloom-1b7,4,side_aunt,2,informative,bn,informative,en,none,0.5
bigscience/bloom-1b7,4,side_aunt,2,informative,bn,neutral,bn,none,1.0
bigscience/bloom-1b7,4,side_aunt,2,informative,bn,neutral,hi,none,0.5
bigscience/bloom-1b7,4,side_aunt,2,informative,bn,neutral,en,none,0.5
bigscience/bloom-1b7,4,side_aunt,2,informative,bn,informative,bn,shuffled,0.6666666666666666
bigscience/bloom-1b7,4,side_aunt,3,informative,bn,informative,bn,none,1.0
bigscience/bloom-1b7,4,side_aunt,3,informative,bn,informative,hi,none,0.5
bigscience/bloom-1b7,4,side_aunt,3,informative,bn,informative,en,none,0.5
bigscience/bloom-1b7,4,side_aunt,3,informative,bn,neutral,bn,none,1.0
bigscience/bloom-1b7,4,side_aunt,3,informative,bn,neutral,hi,none,0.5
bigscience/bloom-1b7,4,side_aunt,3,informative,bn,neutral,en,none,0.5
bigscience/bloom-1b7,4,side_aunt,3,informative,bn,informative,bn,shuffled,0.5583333333333333
bigscience/bloom-1b7,4,side_aunt,4,informative,bn,informative,bn,none,1.0
bigscience/bloom-1b7,4,side_aunt,4,informative,bn,informative,hi,none,0.5
bigscience/bloom-1b7,4,side_aunt,4,informative,bn,informative,en,none,0.5
bigscience/bloom-1b7,4,side_aunt,4,informative,bn,neutral,bn,none,1.0
bigscience/bloom-1b7,4,side_aunt,4,informative,bn,neutral,hi,none,0.5
bigscience/bloom-1b7,4,side_aunt,4,informative,bn,neutral,en,none,0.5
bigscience/bloom-1b7,4,side_aunt,4,informative,bn,informative,bn,shuffled,0.5
bigscience/bloom-1b7,4,side_aunt,5,informative,bn,informative,bn,none,1.0
bigscience/bloom-1b7,4,side_aunt,5,informative,bn,informative,hi,none,0.5
bigscience/bloom-1b7,4,side_aunt,5,informative,bn,informative,en,none,0.5
bigscience/bloom-1b7,4,side_aunt,5,informative,bn,neutral,bn,none,1.0
bigscience/bloom-1b7,4,side_aunt,5,informative,bn,neutral,hi,none,0.5
bigscience/bloom-1b7,4,side_aunt,5,informative,bn,neutral,en,none,0.5
bigscience/bloom-1b7,4,side_aunt,5,informative,bn,informative,bn,shuffled,0.5833333333333334
bigscience/bloom-1b7,4,side_aunt,6,informative,bn,informative,bn,none,1.0
bigscience/bloom-1b7,4,side_aunt,6,informative,bn,informative,hi,none,0.9166666666666666
bigscience/bloom-1b7,4,side_aunt,6,informative,bn,informative,en,none,0.5833333333333334
bigscience/bloom-1b7,4,side_aunt,6,informative,bn,neutral,bn,none,1.0
bigscience/bloom-1b7,4,side_aunt,6,informative,bn,neutral,hi,none,0.9166666666666666
bigscience/bloom-1b7,4,side_aunt,6,informative,bn,neutral,en,none,0.5
bigscience/bloom-1b7,4,side_aunt,6,informative,bn,informative,bn,shuffled,0.5
bigscience/bloom-1b7,4,side_aunt,7,informative,bn,informative,bn,none,1.0
bigscience/bloom-1b7,4,side_aunt,7,informative,bn,informative,hi,none,1.0
bigscience/bloom-1b7,4,side_aunt,7,informative,bn,informative,en,none,0.5
bigscience/bloom-1b7,4,side_aunt,7,informative,bn,neutral,bn,none,1.0
bigscience/bloom-1b7,4,side_aunt,7,informative,bn,neutral,hi,none,1.0
bigscience/bloom-1b7,4,side_aunt,7,informative,bn,neutral,en,none,0.5
bigscience/bloom-1b7,4,side_aunt,7,informative,bn,informative,bn,shuffled,0.25
bigscience/bloom-1b7,4,side_aunt,8,informative,bn,informative,bn,none,1.0
bigscience/bloom-1b7,4,side_aunt,8,informative,bn,informative,hi,none,0.5
bigscience/bloom-1b7,4,side_aunt,8,informative,bn,informative,en,none,0.5
bigscience/bloom-1b7,4,side_aunt,8,informative,bn,neutral,bn,none,1.0
bigscience/bloom-1b7,4,side_aunt,8,informative,bn,neutral,hi,none,0.5
bigscience/bloom-1b7,4,side_aunt,8,informative,bn,neutral,en,none,0.5
bigscience/bloom-1b7,4,side_aunt,8,informative,bn,informative,bn,shuffled,0.5
bigscience/bloom-1b7,4,side_aunt,9,informative,bn,informative,bn,none,1.0
bigscience/bloom-1b7,4,side_aunt,9,informative,bn,informative,hi,none,0.5833333333333334
bigscience/bloom-1b7,4,side_aunt,9,informative,bn,informative,en,none,0.5
bigscience/bloom-1b7,4,side_aunt,9,informative,bn,neutral,bn,none,1.0
bigscience/bloom-1b7,4,side_aunt,9,informative,bn,neutral,hi,none,0.5
bigscience/bloom-1b7,4,side_aunt,9,informative,bn,neutral,en,none,0.5
bigscience/bloom-1b7,4,side_aunt,9,informative,bn,informative,bn,shuffled,0.5
bigscience/bloom-1b7,4,side_aunt,10,informative,bn,informative,bn,none,1.0
bigscience/bloom-1b7,4,side_aunt,10,informative,bn,informative,hi,none,0.8333333333333334
bigscience/bloom-1b7,4,side_aunt,10,informative,bn,informative,en,none,0.5
bigscience/bloom-1b7,4,side_aunt,10,informative,bn,neutral,bn,none,1.0
bigscience/bloom-1b7,4,side_aunt,10,informative,bn,neutral,hi,none,0.6666666666666666
bigscience/bloom-1b7,4,side_aunt,10,informative,bn,neutral,en,none,0.5
bigscience/bloom-1b7,4,side_aunt,10,informative,bn,informative,bn,shuffled,0.5
bigscience/bloom-1b7,4,side_aunt,11,informative,bn,informative,bn,none,1.0
bigscience/bloom-1b7,4,side_aunt,11,informative,bn,informative,hi,none,1.0
bigscience/bloom-1b7,4,side_aunt,11,informative,bn,informative,en,none,0.5
bigscience/bloom-1b7,4,side_aunt,11,informative,bn,neutral,bn,none,1.0
bigscience/bloom-1b7,4,side_aunt,11,informative,bn,neutral,hi,none,1.0
bigscience/bloom-1b7,4,side_aunt,11,informative,bn,neutral,en,none,0.5
bigscience/bloom-1b7,4,side_aunt,11,informative,bn,informative,bn,shuffled,0.6666666666666666
bigscience/bloom-1b7,4,side_aunt,12,informative,bn,informative,bn,none,1.0
bigscience/bloom-1b7,4,side_aunt,12,informative,bn,informative,hi,none,1.0
bigscience/bloom-1b7,4,side_aunt,12,informative,bn,informative,en,none,0.5
bigscience/bloom-1b7,4,side_aunt,12,informative,bn,neutral,bn,none,1.0
bigscience/bloom-1b7,4,side_aunt,12,informative,bn,neutral,hi,none,0.8333333333333334
bigscience/bloom-1b7,4,side_aunt,12,informative,bn,neutral,en,none,0.5
bigscience/bloom-1b7,4,side_aunt,12,informative,bn,informative,bn,shuffled,0.5833333333333334
bigscience/bloom-1b7,4,side_aunt,13,informative,bn,informative,bn,none,1.0
bigscience/bloom-1b7,4,side_aunt,13,informative,bn,informative,hi,none,0.8333333333333334
bigscience/bloom-1b7,4,side_aunt,13,informative,bn,informative,en,none,0.5
bigscience/bloom-1b7,4,side_aunt,13,informative,bn,neutral,bn,none,1.0
bigscience/bloom-1b7,4,side_aunt,13,informative,bn,neutral,hi,none,0.5
bigscience/bloom-1b7,4,side_aunt,13,informative,bn,neutral,en,none,0.5
bigscience/bloom-1b7,4,side_aunt,13,informative,bn,informative,bn,shuffled,0.5
bigscience/bloom-1b7,4,side_aunt,14,informative,bn,informative,bn,none,1.0
bigscience/bloom-1b7,4,side_aunt,14,informative,bn,informative,hi,none,0.8333333333333334
bigscience/bloom-1b7,4,side_aunt,14,informative,bn,informative,en,none,0.5
bigscience/bloom-1b7,4,side_aunt,14,informative,bn,neutral,bn,none,1.0
bigscience/bloom-1b7,4,side_aunt,14,informative,bn,neutral,hi,none,0.5833333333333334
bigscience/bloom-1b7,4,side_aunt,14,informative,bn,neutral,en,none,0.5
bigscience/bloom-1b7,4,side_aunt,14,informative,bn,informative,bn,shuffled,0.5833333333333334
bigscience/bloom-1b7,4,side_aunt,15,informative,bn,informative,bn,none,1.0
bigscience/bloom-1b7,4,side_aunt,15,informative,bn,informative,hi,none,0.5
bigscience/bloom-1b7,4,side_aunt,15,informative,bn,informative,en,none,0.5
bigscience/bloom-1b7,4,side_aunt,15,informative,bn,neutral,bn,none,1.0
bigscience/bloom-1b7,4,side_aunt,15,informative,bn,neutral,hi,none,0.5
bigscience/bloom-1b7,4,side_aunt,15,informative,bn,neutral,en,none,0.5
bigscience/bloom-1b7,4,side_aunt,15,informative,bn,informative,bn,shuffled,0.4166666666666667
bigscience/bloom-1b7,4,side_aunt,16,informative,bn,informative,bn,none,1.0
bigscience/bloom-1b7,4,side_aunt,16,informative,bn,informative,hi,none,0.5
bigscience/bloom-1b7,4,side_aunt,16,informative,bn,informative,en,none,0.5
bigscience/bloom-1b7,4,side_aunt,16,informative,bn,neutral,bn,none,1.0
bigscience/bloom-1b7,4,side_aunt,16,informative,bn,neutral,hi,none,0.5
bigscience/bloom-1b7,4,side_aunt,16,informative,bn,neutral,en,none,0.5
bigscience/bloom-1b7,4,side_aunt,16,informative,bn,informative,bn,shuffled,0.5833333333333334
bigscience/bloom-1b7,4,side_aunt,17,informative,bn,informative,bn,none,1.0
bigscience/bloom-1b7,4,side_aunt,17,informative,bn,informative,hi,none,0.8333333333333334
bigscience/bloom-1b7,4,side_aunt,17,informative,bn,informative,en,none,0.5
bigscience/bloom-1b7,4,side_aunt,17,informative,bn,neutral,bn,none,1.0
bigscience/bloom-1b7,4,side_aunt,17,informative,bn,neutral,hi,none,0.75
bigscience/bloom-1b7,4,side_aunt,17,informative,bn,neutral,en,none,0.5
bigscience/bloom-1b7,4,side_aunt,17,informative,bn,informative,bn,shuffled,0.5833333333333334
bigscience/bloom-1b7,4,side_aunt,18,informative,bn,informative,bn,none,1.0
bigscience/bloom-1b7,4,side_aunt,18,informative,bn,informative,hi,none,0.8333333333333334
bigscience/bloom-1b7,4,side_aunt,18,informative,bn,informative,en,none,0.5
bigscience/bloom-1b7,4,side_aunt,18,informative,bn,neutral,bn,none,1.0
bigscience/bloom-1b7,4,side_aunt,18,informative,bn,neutral,hi,none,0.5833333333333334
bigscience/bloom-1b7,4,side_aunt,18,informative,bn,neutral,en,none,0.5
bigscience/bloom-1b7,4,side_aunt,18,informative,bn,informative,bn,shuffled,0.5
bigscience/bloom-1b7,4,side_aunt,19,informative,bn,informative,bn,none,1.0
bigscience/bloom-1b7,4,side_aunt,19,informative,bn,informative,hi,none,0.6666666666666666
bigscience/bloom-1b7,4,side_aunt,19,informative,bn,informative,en,none,0.5
bigscience/bloom-1b7,4,side_aunt,19,informative,bn,neutral,bn,none,1.0
bigscience/bloom-1b7,4,side_aunt,19,informative,bn,neutral,hi,none,0.5833333333333334
bigscience/bloom-1b7,4,side_aunt,19,informative,bn,neutral,en,none,0.5
bigscience/bloom-1b7,4,side_aunt,19,informative,bn,informative,bn,shuffled,0.5833333333333334
bigscience/bloom-1b7,4,side_aunt,20,informative,bn,informative,bn,none,1.0
bigscience/bloom-1b7,4,side_aunt,20,informative,bn,informative,hi,none,0.6666666666666666
bigscience/bloom-1b7,4,side_aunt,20,informative,bn,informative,en,none,0.5
bigscience/bloom-1b7,4,side_aunt,20,informative,bn,neutral,bn,none,1.0
bigscience/bloom-1b7,4,side_aunt,20,informative,bn,neutral,hi,none,0.5
bigscience/bloom-1b7,4,side_aunt,20,informative,bn,neutral,en,none,0.5
bigscience/bloom-1b7,4,side_aunt,20,informative,bn,informative,bn,shuffled,0.5
bigscience/bloom-1b7,4,side_aunt,21,informative,bn,informative,bn,none,1.0
bigscience/bloom-1b7,4,side_aunt,21,informative,bn,informative,hi,none,0.5
bigscience/bloom-1b7,4,side_aunt,21,informative,bn,informative,en,none,0.5
bigscience/bloom-1b7,4,side_aunt,21,informative,bn,neutral,bn,none,1.0
bigscience/bloom-1b7,4,side_aunt,21,informative,bn,neutral,hi,none,0.5
bigscience/bloom-1b7,4,side_aunt,21,informative,bn,neutral,en,none,0.5
bigscience/bloom-1b7,4,side_aunt,21,informative,bn,informative,bn,shuffled,0.4166666666666667
bigscience/bloom-1b7,4,side_aunt,22,informative,bn,informative,bn,none,1.0
bigscience/bloom-1b7,4,side_aunt,22,informative,bn,informative,hi,none,0.5833333333333334
bigscience/bloom-1b7,4,side_aunt,22,informative,bn,informative,en,none,0.5
bigscience/bloom-1b7,4,side_aunt,22,informative,bn,neutral,bn,none,1.0
bigscience/bloom-1b7,4,side_aunt,22,informative,bn,neutral,hi,none,0.5
bigscience/bloom-1b7,4,side_aunt,22,informative,bn,neutral,en,none,0.5
bigscience/bloom-1b7,4,side_aunt,22,informative,bn,informative,bn,shuffled,0.3333333333333333
bigscience/bloom-1b7,4,side_aunt,23,informative,bn,informative,bn,none,1.0
bigscience/bloom-1b7,4,side_aunt,23,informative,bn,informative,hi,none,0.5833333333333334
bigscience/bloom-1b7,4,side_aunt,23,informative,bn,informative,en,none,0.5
bigscience/bloom-1b7,4,side_aunt,23,informative,bn,neutral,bn,none,1.0
bigscience/bloom-1b7,4,side_aunt,23,informative,bn,neutral,hi,none,0.5
bigscience/bloom-1b7,4,side_aunt,23,informative,bn,neutral,en,none,0.5
bigscience/bloom-1b7,4,side_aunt,23,informative,bn,informative,bn,shuffled,0.4166666666666667
bigscience/bloom-1b7,4,side_aunt,0,informative,hi,informative,bn,none,0.5
bigscience/bloom-1b7,4,side_aunt,0,informative,hi,informative,hi,none,1.0
bigscience/bloom-1b7,4,side_aunt,0,informative,hi,informative,en,none,0.5
bigscience/bloom-1b7,4,side_aunt,0,informative,hi,neutral,bn,none,0.5
bigscience/bloom-1b7,4,side_aunt,0,informative,hi,neutral,hi,none,1.0
bigscience/bloom-1b7,4,side_aunt,0,informative,hi,neutral,en,none,0.5
bigscience/bloom-1b7,4,side_aunt,0,informative,hi,informative,hi,shuffled,0.3333333333333333
bigscience/bloom-1b7,4,side_aunt,1,informative,hi,informative,bn,none,0.5
bigscience/bloom-1b7,4,side_aunt,1,informative,hi,informative,hi,none,1.0
bigscience/bloom-1b7,4,side_aunt,1,informative,hi,informative,en,none,0.5
bigscience/bloom-1b7,4,side_aunt,1,informative,hi,neutral,bn,none,0.5
bigscience/bloom-1b7,4,side_aunt,1,informative,hi,neutral,hi,none,1.0
bigscience/bloom-1b7,4,side_aunt,1,informative,hi,neutral,en,none,0.5
bigscience/bloom-1b7,4,side_aunt,1,informative,hi,informative,hi,shuffled,0.25
bigscience/bloom-1b7,4,side_aunt,2,informative,hi,informative,bn,none,0.5
bigscience/bloom-1b7,4,side_aunt,2,informative,hi,informative,hi,none,1.0
bigscience/bloom-1b7,4,side_aunt,2,informative,hi,informative,en,none,0.5
bigscience/bloom-1b7,4,side_aunt,2,informative,hi,neutral,bn,none,0.5
bigscience/bloom-1b7,4,side_aunt,2,informative,hi,neutral,hi,none,1.0
bigscience/bloom-1b7,4,side_aunt,2,informative,hi,neutral,en,none,0.5
bigscience/bloom-1b7,4,side_aunt,2,informative,hi,informative,hi,shuffled,0.5
bigscience/bloom-1b7,4,side_aunt,3,informative,hi,informative,bn,none,0.5
bigscience/bloom-1b7,4,side_aunt,3,informative,hi,informative,hi,none,1.0
bigscience/bloom-1b7,4,side_aunt,3,informative,hi,informative,en,none,0.5
bigscience/bloom-1b7,4,side_aunt,3,informative,hi,neutral,bn,none,0.5
bigscience/bloom-1b7,4,side_aunt,3,informative,hi,neutral,hi,none,1.0
bigscience/bloom-1b7,4,side_aunt,3,informative,hi,neutral,en,none,0.5
bigscience/bloom-1b7,4,side_aunt,3,informative,hi,informative,hi,shuffled,0.75
bigscience/bloom-1b7,4,side_aunt,4,informative,hi,informative,bn,none,0.5
bigscience/bloom-1b7,4,side_aunt,4,informative,hi,informative,hi,none,1.0
bigscience/bloom-1b7,4,side_aunt,4,informative,hi,informative,en,none,0.5
bigscience/bloom-1b7,4,side_aunt,4,informative,hi,neutral,bn,none,0.5
bigscience/bloom-1b7,4,side_aunt,4,informative,hi,neutral,hi,none,1.0
bigscience/bloom-1b7,4,side_aunt,4,informative,hi,neutral,en,none,0.5
bigscience/bloom-1b7,4,side_aunt,4,informative,hi,informative,hi,shuffled,0.6666666666666666
bigscience/bloom-1b7,4,side_aunt,5,informative,hi,informative,bn,none,0.5
bigscience/bloom-1b7,4,side_aunt,5,informative,hi,informative,hi,none,1.0
bigscience/bloom-1b7,4,side_aunt,5,informative,hi,informative,en,none,0.5833333333333334
bigscience/bloom-1b7,4,side_aunt,5,informative,hi,neutral,bn,none,0.5
bigscience/bloom-1b7,4,side_aunt,5,informative,hi,neutral,hi,none,1.0
bigscience/bloom-1b7,4,side_aunt,5,informative,hi,neutral,en,none,0.5
bigscience/bloom-1b7,4,side_aunt,5,informative,hi,informative,hi,shuffled,0.8333333333333334
bigscience/bloom-1b7,4,side_aunt,6,informative,hi,informative,bn,none,0.5
bigscience/bloom-1b7,4,side_aunt,6,informative,hi,informative,hi,none,1.0
bigscience/bloom-1b7,4,side_aunt,6,informative,hi,informative,en,none,0.5
bigscience/bloom-1b7,4,side_aunt,6,informative,hi,neutral,bn,none,0.5
bigscience/bloom-1b7,4,side_aunt,6,informative,hi,neutral,hi,none,1.0
bigscience/bloom-1b7,4,side_aunt,6,informative,hi,neutral,en,none,0.5
bigscience/bloom-1b7,4,side_aunt,6,informative,hi,informative,hi,shuffled,0.6666666666666666
bigscience/bloom-1b7,4,side_aunt,7,informative,hi,informative,bn,none,0.5
bigscience/bloom-1b7,4,side_aunt,7,informative,hi,informative,hi,none,1.0
bigscience/bloom-1b7,4,side_aunt,7,informative,hi,informative,en,none,0.5
bigscience/bloom-1b7,4,side_aunt,7,informative,hi,neutral,bn,none,0.5
bigscience/bloom-1b7,4,side_aunt,7,informative,hi,neutral,hi,none,1.0
bigscience/bloom-1b7,4,side_aunt,7,informative,hi,neutral,en,none,0.5
bigscience/bloom-1b7,4,side_aunt,7,informative,hi,informative,hi,shuffled,0.3333333333333333
bigscience/bloom-1b7,4,side_aunt,8,informative,hi,informative,bn,none,0.5
bigscience/bloom-1b7,4,side_aunt,8,informative,hi,informative,hi,none,1.0
bigscience/bloom-1b7,4,side_aunt,8,informative,hi,informative,en,none,0.5
bigscience/bloom-1b7,4,side_aunt,8,informative,hi,neutral,bn,none,0.5
bigscience/bloom-1b7,4,side_aunt,8,informative,hi,neutral,hi,none,1.0
bigscience/bloom-1b7,4,side_aunt,8,informative,hi,neutral,en,none,0.5
bigscience/bloom-1b7,4,side_aunt,8,informative,hi,informative,hi,shuffled,0.5833333333333334
bigscience/bloom-1b7,4,side_aunt,9,informative,hi,informative,bn,none,0.5
bigscience/bloom-1b7,4,side_aunt,9,informative,hi,informative,hi,none,1.0
bigscience/bloom-1b7,4,side_aunt,9,informative,hi,informative,en,none,0.5
bigscience/bloom-1b7,4,side_aunt,9,informative,hi,neutral,bn,none,0.5
bigscience/bloom-1b7,4,side_aunt,9,informative,hi,neutral,hi,none,1.0
bigscience/bloom-1b7,4,side_aunt,9,informative,hi,neutral,en,none,0.5
bigscience/bloom-1b7,4,side_aunt,9,informative,hi,informative,hi,shuffled,0.4166666666666667
bigscience/bloom-1b7,4,side_aunt,10,informative,hi,informative,bn,none,0.5
bigscience/bloom-1b7,4,side_aunt,10,informative,hi,informative,hi,none,1.0
bigscience/bloom-1b7,4,side_aunt,10,informative,hi,informative,en,none,0.5
bigscience/bloom-1b7,4,side_aunt,10,informative,hi,neutral,bn,none,0.5
bigscience/bloom-1b7,4,side_aunt,10,informative,hi,neutral,hi,none,1.0
bigscience/bloom-1b7,4,side_aunt,10,informative,hi,neutral,en,none,0.5
bigscience/bloom-1b7,4,side_aunt,10,informative,hi,informative,hi,shuffled,0.5
bigscience/bloom-1b7,4,side_aunt,11,informative,hi,informative,bn,none,0.5
bigscience/bloom-1b7,4,side_aunt,11,informative,hi,informative,hi,none,1.0
bigscience/bloom-1b7,4,side_aunt,11,informative,hi,informative,en,none,0.5
bigscience/bloom-1b7,4,side_aunt,11,informative,hi,neutral,bn,none,0.5
bigscience/bloom-1b7,4,side_aunt,11,informative,hi,neutral,hi,none,1.0
bigscience/bloom-1b7,4,side_aunt,11,informative,hi,neutral,en,none,0.5
bigscience/bloom-1b7,4,side_aunt,11,informative,hi,informative,hi,shuffled,0.5833333333333334
bigscience/bloom-1b7,4,side_aunt,12,informative,hi,informative,bn,none,0.5
bigscience/bloom-1b7,4,side_aunt,12,informative,hi,informative,hi,none,1.0
bigscience/bloom-1b7,4,side_aunt,12,informative,hi,informative,en,none,0.5
bigscience/bloom-1b7,4,side_aunt,12,informative,hi,neutral,bn,none,0.5
bigscience/bloom-1b7,4,side_aunt,12,informative,hi,neutral,hi,none,1.0
bigscience/bloom-1b7,4,side_aunt,12,informative,hi,neutral,en,none,0.5
bigscience/bloom-1b7,4,side_aunt,12,informative,hi,informative,hi,shuffled,0.5583333333333333
bigscience/bloom-1b7,4,side_aunt,13,informative,hi,informative,bn,none,0.5
bigscience/bloom-1b7,4,side_aunt,13,informative,hi,informative,hi,none,1.0
bigscience/bloom-1b7,4,side_aunt,13,informative,hi,informative,en,none,0.5
bigscience/bloom-1b7,4,side_aunt,13,informative,hi,neutral,bn,none,0.5
bigscience/bloom-1b7,4,side_aunt,13,informative,hi,neutral,hi,none,1.0
bigscience/bloom-1b7,4,side_aunt,13,informative,hi,neutral,en,none,0.5
bigscience/bloom-1b7,4,side_aunt,13,informative,hi,informative,hi,shuffled,0.5
bigscience/bloom-1b7,4,side_aunt,14,informative,hi,informative,bn,none,0.5
bigscience/bloom-1b7,4,side_aunt,14,informative,hi,informative,hi,none,1.0
bigscience/bloom-1b7,4,side_aunt,14,informative,hi,informative,en,none,0.5
bigscience/bloom-1b7,4,side_aunt,14,informative,hi,neutral,bn,none,0.5
bigscience/bloom-1b7,4,side_aunt,14,informative,hi,neutral,hi,none,1.0
bigscience/bloom-1b7,4,side_aunt,14,informative,hi,neutral,en,none,0.5
bigscience/bloom-1b7,4,side_aunt,14,informative,hi,informative,hi,shuffled,0.5833333333333334
bigscience/bloom-1b7,4,side_aunt,15,informative,hi,informative,bn,none,0.5
bigscience/bloom-1b7,4,side_aunt,15,informative,hi,informative,hi,none,1.0
bigscience/bloom-1b7,4,side_aunt,15,informative,hi,informative,en,none,0.5
bigscience/bloom-1b7,4,side_aunt,15,informative,hi,neutral,bn,none,0.5
bigscience/bloom-1b7,4,side_aunt,15,informative,hi,neutral,hi,none,1.0
bigscience/bloom-1b7,4,side_aunt,15,informative,hi,neutral,en,none,0.5
bigscience/bloom-1b7,4,side_aunt,15,informative,hi,informative,hi,shuffled,0.5833333333333334
bigscience/bloom-1b7,4,side_aunt,16,informative,hi,informative,bn,none,0.5
bigscience/bloom-1b7,4,side_aunt,16,informative,hi,informative,hi,none,1.0
bigscience/bloom-1b7,4,side_aunt,16,informative,hi,informative,en,none,0.5
bigscience/bloom-1b7,4,side_aunt,16,informative,hi,neutral,bn,none,0.5
bigscience/bloom-1b7,4,side_aunt,16,informative,hi,neutral,hi,none,1.0
bigscience/bloom-1b7,4,side_aunt,16,informative,hi,neutral,en,none,0.5
bigscience/bloom-1b7,4,side_aunt,16,informative,hi,informative,hi,shuffled,0.5
bigscience/bloom-1b7,4,side_aunt,17,informative,hi,informative,bn,none,0.5
bigscience/bloom-1b7,4,side_aunt,17,informative,hi,informative,hi,none,1.0
bigscience/bloom-1b7,4,side_aunt,17,informative,hi,informative,en,none,0.5
bigscience/bloom-1b7,4,side_aunt,17,informative,hi,neutral,bn,none,0.5
bigscience/bloom-1b7,4,side_aunt,17,informative,hi,neutral,hi,none,1.0
bigscience/bloom-1b7,4,side_aunt,17,informative,hi,neutral,en,none,0.5
bigscience/bloom-1b7,4,side_aunt,17,informative,hi,informative,hi,shuffled,0.5833333333333334
bigscience/bloom-1b7,4,side_aunt,18,informative,hi,informative,bn,none,0.5
bigscience/bloom-1b7,4,side_aunt,18,informative,hi,informative,hi,none,1.0
bigscience/bloom-1b7,4,side_aunt,18,informative,hi,informative,en,none,0.5
bigscience/bloom-1b7,4,side_aunt,18,informative,hi,neutral,bn,none,0.5
bigscience/bloom-1b7,4,side_aunt,18,informative,hi,neutral,hi,none,1.0
bigscience/bloom-1b7,4,side_aunt,18,informative,hi,neutral,en,none,0.5
bigscience/bloom-1b7,4,side_aunt,18,informative,hi,informative,hi,shuffled,0.5
bigscience/bloom-1b7,4,side_aunt,19,informative,hi,informative,bn,none,0.5
bigscience/bloom-1b7,4,side_aunt,19,informative,hi,informative,hi,none,1.0
bigscience/bloom-1b7,4,side_aunt,19,informative,hi,informative,en,none,0.5
bigscience/bloom-1b7,4,side_aunt,19,informative,hi,neutral,bn,none,0.5
bigscience/bloom-1b7,4,side_aunt,19,informative,hi,neutral,hi,none,1.0
bigscience/bloom-1b7,4,side_aunt,19,informative,hi,neutral,en,none,0.5
bigscience/bloom-1b7,4,side_aunt,19,informative,hi,informative,hi,shuffled,0.5
bigscience/bloom-1b7,4,side_aunt,20,informative,hi,informative,bn,none,0.5
bigscience/bloom-1b7,4,side_aunt,20,informative,hi,informative,hi,none,1.0
bigscience/bloom-1b7,4,side_aunt,20,informative,hi,informative,en,none,0.5
bigscience/bloom-1b7,4,side_aunt,20,informative,hi,neutral,bn,none,0.5
bigscience/bloom-1b7,4,side_aunt,20,informative,hi,neutral,hi,none,1.0
bigscience/bloom-1b7,4,side_aunt,20,informative,hi,neutral,en,none,0.5
bigscience/bloom-1b7,4,side_aunt,20,informative,hi,informative,hi,shuffled,0.6083333333333333
bigscience/bloom-1b7,4,side_aunt,21,informative,hi,informative,bn,none,0.5
bigscience/bloom-1b7,4,side_aunt,21,informative,hi,informative,hi,none,1.0
bigscience/bloom-1b7,4,side_aunt,21,informative,hi,informative,en,none,0.5
bigscience/bloom-1b7,4,side_aunt,21,informative,hi,neutral,bn,none,0.5
bigscience/bloom-1b7,4,side_aunt,21,informative,hi,neutral,hi,none,1.0
bigscience/bloom-1b7,4,side_aunt,21,informative,hi,neutral,en,none,0.5
bigscience/bloom-1b7,4,side_aunt,21,informative,hi,informative,hi,shuffled,0.6666666666666666
bigscience/bloom-1b7,4,side_aunt,22,informative,hi,informative,bn,none,0.5
bigscience/bloom-1b7,4,side_aunt,22,informative,hi,informative,hi,none,1.0
bigscience/bloom-1b7,4,side_aunt,22,informative,hi,informative,en,none,0.5
bigscience/bloom-1b7,4,side_aunt,22,informative,hi,neutral,bn,none,0.5
bigscience/bloom-1b7,4,side_aunt,22,informative,hi,neutral,hi,none,1.0
bigscience/bloom-1b7,4,side_aunt,22,informative,hi,neutral,en,none,0.5
bigscience/bloom-1b7,4,side_aunt,22,informative,hi,informative,hi,shuffled,0.5
bigscience/bloom-1b7,4,side_aunt,23,informative,hi,informative,bn,none,0.5
bigscience/bloom-1b7,4,side_aunt,23,informative,hi,informative,hi,none,1.0
bigscience/bloom-1b7,4,side_aunt,23,informative,hi,informative,en,none,0.5
bigscience/bloom-1b7,4,side_aunt,23,informative,hi,neutral,bn,none,0.5
bigscience/bloom-1b7,4,side_aunt,23,informative,hi,neutral,hi,none,0.9166666666666666
bigscience/bloom-1b7,4,side_aunt,23,informative,hi,neutral,en,none,0.5
bigscience/bloom-1b7,4,side_aunt,23,informative,hi,informative,hi,shuffled,0.5
bigscience/bloom-1b7,4,side_aunt,0,informative,en,informative,bn,none,0.9166666666666666
bigscience/bloom-1b7,4,side_aunt,0,informative,en,informative,hi,none,0.5833333333333334
bigscience/bloom-1b7,4,side_aunt,0,informative,en,informative,en,none,1.0
bigscience/bloom-1b7,4,side_aunt,0,informative,en,neutral,bn,none,1.0
bigscience/bloom-1b7,4,side_aunt,0,informative,en,neutral,hi,none,0.25
bigscience/bloom-1b7,4,side_aunt,0,informative,en,neutral,en,none,0.5
bigscience/bloom-1b7,4,side_aunt,0,informative,en,informative,en,shuffled,0.3333333333333333
bigscience/bloom-1b7,4,side_aunt,1,informative,en,informative,bn,none,0.5
bigscience/bloom-1b7,4,side_aunt,1,informative,en,informative,hi,none,1.0
bigscience/bloom-1b7,4,side_aunt,1,informative,en,informative,en,none,0.9166666666666666
bigscience/bloom-1b7,4,side_aunt,1,informative,en,neutral,bn,none,0.5
bigscience/bloom-1b7,4,side_aunt,1,informative,en,neutral,hi,none,1.0
bigscience/bloom-1b7,4,side_aunt,1,informative,en,neutral,en,none,0.5
bigscience/bloom-1b7,4,side_aunt,1,informative,en,informative,en,shuffled,0.5
bigscience/bloom-1b7,4,side_aunt,2,informative,en,informative,bn,none,0.5
bigscience/bloom-1b7,4,side_aunt,2,informative,en,informative,hi,none,0.5
bigscience/bloom-1b7,4,side_aunt,2,informative,en,informative,en,none,1.0
bigscience/bloom-1b7,4,side_aunt,2,informative,en,neutral,bn,none,0.5
bigscience/bloom-1b7,4,side_aunt,2,informative,en,neutral,hi,none,0.5
bigscience/bloom-1b7,4,side_aunt,2,informative,en,neutral,en,none,0.5
bigscience/bloom-1b7,4,side_aunt,2,informative,en,informative,en,shuffled,0.4166666666666667
bigscience/bloom-1b7,4,side_aunt,3,informative,en,informative,bn,none,0.5
bigscience/bloom-1b7,4,side_aunt,3,informative,en,informative,hi,none,0.5
bigscience/bloom-1b7,4,side_aunt,3,informative,en,informative,en,none,1.0
bigscience/bloom-1b7,4,side_aunt,3,informative,en,neutral,bn,none,0.5
bigscience/bloom-1b7,4,side_aunt,3,informative,en,neutral,hi,none,0.5
bigscience/bloom-1b7,4,side_aunt,3,informative,en,neutral,en,none,0.5
bigscience/bloom-1b7,4,side_aunt,3,informative,en,informative,en,shuffled,0.5
bigscience/bloom-1b7,4,side_aunt,4,informative,en,informative,bn,none,0.5
bigscience/bloom-1b7,4,side_aunt,4,informative,en,informative,hi,none,0.5
bigscience/bloom-1b7,4,side_aunt,4,informative,en,informative,en,none,1.0
bigscience/bloom-1b7,4,side_aunt,4,informative,en,neutral,bn,none,0.5
bigscience/bloom-1b7,4,side_aunt,4,informative,en,neutral,hi,none,0.5
bigscience/bloom-1b7,4,side_aunt,4,informative,en,neutral,en,none,0.5
bigscience/bloom-1b7,4,side_aunt,4,informative,en,informative,en,shuffled,0.4166666666666667
bigscience/bloom-1b7,4,side_aunt,5,informative,en,informative,bn,none,0.5833333333333334
bigscience/bloom-1b7,4,side_aunt,5,informative,en,informative,hi,none,0.25
bigscience/bloom-1b7,4,side_aunt,5,informative,en,informative,en,none,1.0
bigscience/bloom-1b7,4,side_aunt,5,informative,en,neutral,bn,none,0.5
bigscience/bloom-1b7,4,side_aunt,5,informative,en,neutral,hi,none,0.3333333333333333
bigscience/bloom-1b7,4,side_aunt,5,informative,en,neutral,en,none,0.5
bigscience/bloom-1b7,4,side_aunt,5,informative,en,informative,en,shuffled,0.475
bigscience/bloom-1b7,4,side_aunt,6,informative,en,informative,bn,none,0.5833333333333334
bigscience/bloom-1b7,4,side_aunt,6,informative,en,informative,hi,none,0.5
bigscience/bloom-1b7,4,side_aunt,6,informative,en,informative,en,none,1.0
bigscience/bloom-1b7,4,side_aunt,6,informative,en,neutral,bn,none,0.9166666666666666
bigscience/bloom-1b7,4,side_aunt,6,informative,en,neutral,hi,none,0.5
bigscience/bloom-1b7,4,side_aunt,6,informative,en,neutral,en,none,0.5
bigscience/bloom-1b7,4,side_aunt,6,informative,en,informative,en,shuffled,0.4166666666666667
bigscience/bloom-1b7,4,side_aunt,7,informative,en,informative,bn,none,0.75
bigscience/bloom-1b7,4,side_aunt,7,informative,en,informative,hi,none,0.5
bigscience/bloom-1b7,4,side_aunt,7,informative,en,informative,en,none,1.0
bigscience/bloom-1b7,4,side_aunt,7,informative,en,neutral,bn,none,0.75
bigscience/bloom-1b7,4,side_aunt,7,informative,en,neutral,hi,none,0.3333333333333333
bigscience/bloom-1b7,4,side_aunt,7,informative,en,neutral,en,none,0.5
bigscience/bloom-1b7,4,side_aunt,7,informative,en,informative,en,shuffled,0.5
bigscience/bloom-1b7,4,side_aunt,8,informative,en,informative,bn,none,0.5
bigscience/bloom-1b7,4,side_aunt,8,informative,en,informative,hi,none,0.5
bigscience/bloom-1b7,4,side_aunt,8,informative,en,informative,en,none,1.0
bigscience/bloom-1b7,4,side_aunt,8,informative,en,neutral,bn,none,0.5
bigscience/bloom-1b7,4,side_aunt,8,informative,en,neutral,hi,none,0.0
bigscience/bloom-1b7,4,side_aunt,8,informative,en,neutral,en,none,0.5
bigscience/bloom-1b7,4,side_aunt,8,informative,en,informative,en,shuffled,0.4166666666666667
bigscience/bloom-1b7,4,side_aunt,9,informative,en,informative,bn,none,0.5
bigscience/bloom-1b7,4,side_aunt,9,informative,en,informative,hi,none,0.5
bigscience/bloom-1b7,4,side_aunt,9,informative,en,informative,en,none,1.0
bigscience/bloom-1b7,4,side_aunt,9,informative,en,neutral,bn,none,0.16666666666666666
bigscience/bloom-1b7,4,side_aunt,9,informative,en,neutral,hi,none,0.5
bigscience/bloom-1b7,4,side_aunt,9,informative,en,neutral,en,none,0.5
bigscience/bloom-1b7,4,side_aunt,9,informative,en,informative,en,shuffled,0.5
bigscience/bloom-1b7,4,side_aunt,10,informative,en,informative,bn,none,0.5
bigscience/bloom-1b7,4,side_aunt,10,informative,en,informative,hi,none,0.5
bigscience/bloom-1b7,4,side_aunt,10,informative,en,informative,en,none,1.0
bigscience/bloom-1b7,4,side_aunt,10,informative,en,neutral,bn,none,0.08333333333333333
bigscience/bloom-1b7,4,side_aunt,10,informative,en,neutral,hi,none,0.5
bigscience/bloom-1b7,4,side_aunt,10,informative,en,neutral,en,none,0.5
bigscience/bloom-1b7,4,side_aunt,10,informative,en,informative,en,shuffled,0.5
bigscience/bloom-1b7,4,side_aunt,11,informative,en,informative,bn,none,0.8333333333333334
bigscience/bloom-1b7,4,side_aunt,11,informative,en,informative,hi,none,0.5
bigscience/bloom-1b7,4,side_aunt,11,informative,en,informative,en,none,1.0
bigscience/bloom-1b7,4,side_aunt,11,informative,en,neutral,bn,none,0.5
bigscience/bloom-1b7,4,side_aunt,11,informative,en,neutral,hi,none,0.5
bigscience/bloom-1b7,4,side_aunt,11,informative,en,neutral,en,none,0.5
bigscience/bloom-1b7,4,side_aunt,11,informative,en,informative,en,shuffled,0.4166666666666667
bigscience/bloom-1b7,4,side_aunt,12,informative,en,informative,bn,none,0.9166666666666666
bigscience/bloom-1b7,4,side_aunt,12,informative,en,informative,hi,none,0.5
bigscience/bloom-1b7,4,side_aunt,12,informative,en,informative,en,none,1.0
bigscience/bloom-1b7,4,side_aunt,12,informative,en,neutral,bn,none,0.5
bigscience/bloom-1b7,4,side_aunt,12,informative,en,neutral,hi,none,0.5
bigscience/bloom-1b7,4,side_aunt,12,informative,en,neutral,en,none,0.5
bigscience/bloom-1b7,4,side_aunt,12,informative,en,informative,en,shuffled,0.525
bigscience/bloom-1b7,4,side_aunt,13,informative,en,informative,bn,none,0.6666666666666666
bigscience/bloom-1b7,4,side_aunt,13,informative,en,informative,hi,none,0.5
bigscience/bloom-1b7,4,side_aunt,13,informative,en,informative,en,none,1.0
bigscience/bloom-1b7,4,side_aunt,13,informative,en,neutral,bn,none,0.5
bigscience/bloom-1b7,4,side_aunt,13,informative,en,neutral,hi,none,0.5
bigscience/bloom-1b7,4,side_aunt,13,informative,en,neutral,en,none,0.5
bigscience/bloom-1b7,4,side_aunt,13,informative,en,informative,en,shuffled,0.4166666666666667
bigscience/bloom-1b7,4,side_aunt,14,informative,en,informative,bn,none,0.5833333333333334
bigscience/bloom-1b7,4,side_aunt,14,informative,en,informative,hi,none,0.5
bigscience/bloom-1b7,4,side_aunt,14,informative,en,informative,en,none,1.0
bigscience/bloom-1b7,4,side_aunt,14,informative,en,neutral,bn,none,0.5
bigscience/bloom-1b7,4,side_aunt,14,informative,en,neutral,hi,none,0.5
bigscience/bloom-1b7,4,side_aunt,14,informative,en,neutral,en,none,0.5
bigscience/bloom-1b7,4,side_aunt,14,informative,en,informative,en,shuffled,0.4166666666666667
bigscience/bloom-1b7,4,side_aunt,15,informative,en,informative,bn,none,0.5
bigscience/bloom-1b7,4,side_aunt,15,informative,en,informative,hi,none,0.75
bigscience/bloom-1b7,4,side_aunt,15,informative,en,informative,en,none,1.0
bigscience/bloom-1b7,4,side_aunt,15,informative,en,neutral,bn,none,0.5
bigscience/bloom-1b7,4,side_aunt,15,informative,en,neutral,hi,none,0.5916666666666667
bigscience/bloom-1b7,4,side_aunt,15,informative,en,neutral,en,none,0.5
bigscience/bloom-1b7,4,side_aunt,15,informative,en,informative,en,shuffled,0.4166666666666667
bigscience/bloom-1b7,4,side_aunt,16,informative,en,informative,bn,none,0.75
bigscience/bloom-1b7,4,side_aunt,16,informative,en,informative,hi,none,0.5
bigscience/bloom-1b7,4,side_aunt,16,informative,en,informative,en,none,1.0
bigscience/bloom-1b7,4,side_aunt,16,informative,en,neutral,bn,none,0.5
bigscience/bloom-1b7,4,side_aunt,16,informative,en,neutral,hi,none,0.5
bigscience/bloom-1b7,4,side_aunt,16,informative,en,neutral,en,none,0.5
bigscience/bloom-1b7,4,side_aunt,16,informative,en,informative,en,shuffled,0.4166666666666667
bigscience/bloom-1b7,4,side_aunt,17,informative,en,informative,bn,none,0.16666666666666666
bigscience/bloom-1b7,4,side_aunt,17,informative,en,informative,hi,none,0.5
bigscience/bloom-1b7,4,side_aunt,17,informative,en,informative,en,none,1.0
bigscience/bloom-1b7,4,side_aunt,17,informative,en,neutral,bn,none,0.5
bigscience/bloom-1b7,4,side_aunt,17,informative,en,neutral,hi,none,0.5
bigscience/bloom-1b7,4,side_aunt,17,informative,en,neutral,en,none,0.5
bigscience/bloom-1b7,4,side_aunt,17,informative,en,informative,en,shuffled,0.5
bigscience/bloom-1b7,4,side_aunt,18,informative,en,informative,bn,none,0.4166666666666667
bigscience/bloom-1b7,4,side_aunt,18,informative,en,informative,hi,none,0.5
bigscience/bloom-1b7,4,side_aunt,18,informative,en,informative,en,none,1.0
bigscience/bloom-1b7,4,side_aunt,18,informative,en,neutral,bn,none,0.5
bigscience/bloom-1b7,4,side_aunt,18,informative,en,neutral,hi,none,0.5
bigscience/bloom-1b7,4,side_aunt,18,informative,en,neutral,en,none,0.5
bigscience/bloom-1b7,4,side_aunt,18,informative,en,informative,en,shuffled,0.5
bigscience/bloom-1b7,4,side_aunt,19,informative,en,informative,bn,none,0.16666666666666666
bigscience/bloom-1b7,4,side_aunt,19,informative,en,informative,hi,none,0.5
bigscience/bloom-1b7,4,side_aunt,19,informative,en,informative,en,none,1.0
bigscience/bloom-1b7,4,side_aunt,19,informative,en,neutral,bn,none,0.5
bigscience/bloom-1b7,4,side_aunt,19,informative,en,neutral,hi,none,0.5
bigscience/bloom-1b7,4,side_aunt,19,informative,en,neutral,en,none,0.5
bigscience/bloom-1b7,4,side_aunt,19,informative,en,informative,en,shuffled,0.4166666666666667
bigscience/bloom-1b7,4,side_aunt,20,informative,en,informative,bn,none,0.08333333333333333
bigscience/bloom-1b7,4,side_aunt,20,informative,en,informative,hi,none,0.5
bigscience/bloom-1b7,4,side_aunt,20,informative,en,informative,en,none,1.0
bigscience/bloom-1b7,4,side_aunt,20,informative,en,neutral,bn,none,0.3333333333333333
bigscience/bloom-1b7,4,side_aunt,20,informative,en,neutral,hi,none,0.5
bigscience/bloom-1b7,4,side_aunt,20,informative,en,neutral,en,none,0.5
bigscience/bloom-1b7,4,side_aunt,20,informative,en,informative,en,shuffled,0.475
bigscience/bloom-1b7,4,side_aunt,21,informative,en,informative,bn,none,0.4166666666666667
bigscience/bloom-1b7,4,side_aunt,21,informative,en,informative,hi,none,1.0
bigscience/bloom-1b7,4,side_aunt,21,informative,en,informative,en,none,1.0
bigscience/bloom-1b7,4,side_aunt,21,informative,en,neutral,bn,none,0.75
bigscience/bloom-1b7,4,side_aunt,21,informative,en,neutral,hi,none,0.6666666666666666
bigscience/bloom-1b7,4,side_aunt,21,informative,en,neutral,en,none,0.5
bigscience/bloom-1b7,4,side_aunt,21,informative,en,informative,en,shuffled,0.4166666666666667
bigscience/bloom-1b7,4,side_aunt,22,informative,en,informative,bn,none,0.5
bigscience/bloom-1b7,4,side_aunt,22,informative,en,informative,hi,none,0.5
bigscience/bloom-1b7,4,side_aunt,22,informative,en,informative,en,none,1.0
bigscience/bloom-1b7,4,side_aunt,22,informative,en,neutral,bn,none,0.5833333333333334
bigscience/bloom-1b7,4,side_aunt,22,informative,en,neutral,hi,none,0.6666666666666666
bigscience/bloom-1b7,4,side_aunt,22,informative,en,neutral,en,none,0.5
bigscience/bloom-1b7,4,side_aunt,22,informative,en,informative,en,shuffled,0.39166666666666666
bigscience/bloom-1b7,4,side_aunt,23,informative,en,informative,bn,none,0.5833333333333334
bigscience/bloom-1b7,4,side_aunt,23,informative,en,informative,hi,none,0.5
bigscience/bloom-1b7,4,side_aunt,23,informative,en,informative,en,none,1.0
bigscience/bloom-1b7,4,side_aunt,23,informative,en,neutral,bn,none,0.5833333333333334
bigscience/bloom-1b7,4,side_aunt,23,informative,en,neutral,hi,none,0.5833333333333334
bigscience/bloom-1b7,4,side_aunt,23,informative,en,neutral,en,none,0.5
bigscience/bloom-1b7,4,side_aunt,23,informative,en,informative,en,shuffled,0.4166666666666667
bigscience/bloom-1b7,4,side_aunt,0,neutral,bn,informative,bn,none,1.0
bigscience/bloom-1b7,4,side_aunt,0,neutral,bn,informative,hi,none,0.5
bigscience/bloom-1b7,4,side_aunt,0,neutral,bn,informative,en,none,0.5
bigscience/bloom-1b7,4,side_aunt,0,neutral,bn,neutral,bn,none,1.0
bigscience/bloom-1b7,4,side_aunt,0,neutral,bn,neutral,hi,none,0.5
bigscience/bloom-1b7,4,side_aunt,0,neutral,bn,neutral,en,none,0.5
bigscience/bloom-1b7,4,side_aunt,0,neutral,bn,neutral,bn,shuffled,0.6666666666666666
bigscience/bloom-1b7,4,side_aunt,1,neutral,bn,informative,bn,none,1.0
bigscience/bloom-1b7,4,side_aunt,1,neutral,bn,informative,hi,none,0.5
bigscience/bloom-1b7,4,side_aunt,1,neutral,bn,informative,en,none,0.5
bigscience/bloom-1b7,4,side_aunt,1,neutral,bn,neutral,bn,none,1.0
bigscience/bloom-1b7,4,side_aunt,1,neutral,bn,neutral,hi,none,0.5
bigscience/bloom-1b7,4,side_aunt,1,neutral,bn,neutral,en,none,0.5
bigscience/bloom-1b7,4,side_aunt,1,neutral,bn,neutral,bn,shuffled,0.08333333333333333
bigscience/bloom-1b7,4,side_aunt,2,neutral,bn,informative,bn,none,1.0
bigscience/bloom-1b7,4,side_aunt,2,neutral,bn,informative,hi,none,0.5
bigscience/bloom-1b7,4,side_aunt,2,neutral,bn,informative,en,none,0.5
bigscience/bloom-1b7,4,side_aunt,2,neutral,bn,neutral,bn,none,1.0
bigscience/bloom-1b7,4,side_aunt,2,neutral,bn,neutral,hi,none,0.5
bigscience/bloom-1b7,4,side_aunt,2,neutral,bn,neutral,en,none,0.5
bigscience/bloom-1b7,4,side_aunt,2,neutral,bn,neutral,bn,shuffled,0.5
bigscience/bloom-1b7,4,side_aunt,3,neutral,bn,informative,bn,none,1.0
bigscience/bloom-1b7,4,side_aunt,3,neutral,bn,informative,hi,none,0.5
bigscience/bloom-1b7,4,side_aunt,3,neutral,bn,informative,en,none,0.5
bigscience/bloom-1b7,4,side_aunt,3,neutral,bn,neutral,bn,none,1.0
bigscience/bloom-1b7,4,side_aunt,3,neutral,bn,neutral,hi,none,0.5
bigscience/bloom-1b7,4,side_aunt,3,neutral,bn,neutral,en,none,0.5
bigscience/bloom-1b7,4,side_aunt,3,neutral,bn,neutral,bn,shuffled,0.5
bigscience/bloom-1b7,4,side_aunt,4,neutral,bn,informative,bn,none,1.0
bigscience/bloom-1b7,4,side_aunt,4,neutral,bn,informative,hi,none,0.5
bigscience/bloom-1b7,4,side_aunt,4,neutral,bn,informative,en,none,0.5
bigscience/bloom-1b7,4,side_aunt,4,neutral,bn,neutral,bn,none,1.0
bigscience/bloom-1b7,4,side_aunt,4,neutral,bn,neutral,hi,none,0.5
bigscience/bloom-1b7,4,side_aunt,4,neutral,bn,neutral,en,none,0.5
bigscience/bloom-1b7,4,side_aunt,4,neutral,bn,neutral,bn,shuffled,0.25
bigscience/bloom-1b7,4,side_aunt,5,neutral,bn,informative,bn,none,1.0
bigscience/bloom-1b7,4,side_aunt,5,neutral,bn,informative,hi,none,0.5
bigscience/bloom-1b7,4,side_aunt,5,neutral,bn,informative,en,none,0.5
bigscience/bloom-1b7,4,side_aunt,5,neutral,bn,neutral,bn,none,1.0
bigscience/bloom-1b7,4,side_aunt,5,neutral,bn,neutral,hi,none,0.5
bigscience/bloom-1b7,4,side_aunt,5,neutral,bn,neutral,en,none,0.5
bigscience/bloom-1b7,4,side_aunt,5,neutral,bn,neutral,bn,shuffled,0.4166666666666667
bigscience/bloom-1b7,4,side_aunt,6,neutral,bn,informative,bn,none,1.0
bigscience/bloom-1b7,4,side_aunt,6,neutral,bn,informative,hi,none,0.5
bigscience/bloom-1b7,4,side_aunt,6,neutral,bn,informative,en,none,0.5
bigscience/bloom-1b7,4,side_aunt,6,neutral,bn,neutral,bn,none,1.0
bigscience/bloom-1b7,4,side_aunt,6,neutral,bn,neutral,hi,none,0.5
bigscience/bloom-1b7,4,side_aunt,6,neutral,bn,neutral,en,none,0.5
bigscience/bloom-1b7,4,side_aunt,6,neutral,bn,neutral,bn,shuffled,0.5833333333333334
bigscience/bloom-1b7,4,side_aunt,7,neutral,bn,informative,bn,none,1.0
bigscience/bloom-1b7,4,side_aunt,7,neutral,bn,informative,hi,none,1.0
bigscience/bloom-1b7,4,side_aunt,7,neutral,bn,informative,en,none,0.5583333333333333
bigscience/bloom-1b7,4,side_aunt,7,neutral,bn,neutral,bn,none,1.0
bigscience/bloom-1b7,4,side_aunt,7,neutral,bn,neutral,hi,none,1.0
bigscience/bloom-1b7,4,side_aunt,7,neutral,bn,neutral,en,none,0.5
bigscience/bloom-1b7,4,side_aunt,7,neutral,bn,neutral,bn,shuffled,0.5
bigscience/bloom-1b7,4,side_aunt,8,neutral,bn,informative,bn,none,1.0
bigscience/bloom-1b7,4,side_aunt,8,neutral,bn,informative,hi,none,1.0
bigscience/bloom-1b7,4,side_aunt,8,neutral,bn,informative,en,none,0.5
bigscience/bloom-1b7,4,side_aunt,8,neutral,bn,neutral,bn,none,1.0
bigscience/bloom-1b7,4,side_aunt,8,neutral,bn,neutral,hi,none,1.0
bigscience/bloom-1b7,4,side_aunt,8,neutral,bn,neutral,en,none,0.5
bigscience/bloom-1b7,4,side_aunt,8,neutral,bn,neutral,bn,shuffled,0.5833333333333334
bigscience/bloom-1b7,4,side_aunt,9,neutral,bn,informative,bn,none,1.0
bigscience/bloom-1b7,4,side_aunt,9,neutral,bn,informative,hi,none,1.0
bigscience/bloom-1b7,4,side_aunt,9,neutral,bn,informative,en,none,0.5
bigscience/bloom-1b7,4,side_aunt,9,neutral,bn,neutral,bn,none,1.0
bigscience/bloom-1b7,4,side_aunt,9,neutral,bn,neutral,hi,none,0.6666666666666666
bigscience/bloom-1b7,4,side_aunt,9,neutral,bn,neutral,en,none,0.5
bigscience/bloom-1b7,4,side_aunt,9,neutral,bn,neutral,bn,shuffled,0.5
bigscience/bloom-1b7,4,side_aunt,10,neutral,bn,informative,bn,none,1.0
bigscience/bloom-1b7,4,side_aunt,10,neutral,bn,informative,hi,none,0.5
bigscience/bloom-1b7,4,side_aunt,10,neutral,bn,informative,en,none,0.5
bigscience/bloom-1b7,4,side_aunt,10,neutral,bn,neutral,bn,none,1.0
bigscience/bloom-1b7,4,side_aunt,10,neutral,bn,neutral,hi,none,0.5
bigscience/bloom-1b7,4,side_aunt,10,neutral,bn,neutral,en,none,0.5
bigscience/bloom-1b7,4,side_aunt,10,neutral,bn,neutral,bn,shuffled,0.5
bigscience/bloom-1b7,4,side_aunt,11,neutral,bn,informative,bn,none,1.0
bigscience/bloom-1b7,4,side_aunt,11,neutral,bn,informative,hi,none,0.5
bigscience/bloom-1b7,4,side_aunt,11,neutral,bn,informative,en,none,0.5
bigscience/bloom-1b7,4,side_aunt,11,neutral,bn,neutral,bn,none,1.0
bigscience/bloom-1b7,4,side_aunt,11,neutral,bn,neutral,hi,none,0.5
bigscience/bloom-1b7,4,side_aunt,11,neutral,bn,neutral,en,none,0.5
bigscience/bloom-1b7,4,side_aunt,11,neutral,bn,neutral,bn,shuffled,0.5
bigscience/bloom-1b7,4,side_aunt,12,neutral,bn,informative,bn,none,1.0
bigscience/bloom-1b7,4,side_aunt,12,neutral,bn,informative,hi,none,0.5
bigscience/bloom-1b7,4,side_aunt,12,neutral,bn,informative,en,none,0.5
bigscience/bloom-1b7,4,side_aunt,12,neutral,bn,neutral,bn,none,1.0
bigscience/bloom-1b7,4,side_aunt,12,neutral,bn,neutral,hi,none,0.5
bigscience/bloom-1b7,4,side_aunt,12,neutral,bn,neutral,en,none,0.5
bigscience/bloom-1b7,4,side_aunt,12,neutral,bn,neutral,bn,shuffled,0.5833333333333334
bigscience/bloom-1b7,4,side_aunt,13,neutral,bn,informative,bn,none,1.0
bigscience/bloom-1b7,4,side_aunt,13,neutral,bn,informative,hi,none,0.5
bigscience/bloom-1b7,4,side_aunt,13,neutral,bn,informative,en,none,0.5
bigscience/bloom-1b7,4,side_aunt,13,neutral,bn,neutral,bn,none,1.0
bigscience/bloom-1b7,4,side_aunt,13,neutral,bn,neutral,hi,none,0.5
bigscience/bloom-1b7,4,side_aunt,13,neutral,bn,neutral,en,none,0.5
bigscience/bloom-1b7,4,side_aunt,13,neutral,bn,neutral,bn,shuffled,0.5833333333333334
bigscience/bloom-1b7,4,side_aunt,14,neutral,bn,informative,bn,none,1.0
bigscience/bloom-1b7,4,side_aunt,14,neutral,bn,informative,hi,none,0.5
bigscience/bloom-1b7,4,side_aunt,14,neutral,bn,informative,en,none,0.5
bigscience/bloom-1b7,4,side_aunt,14,neutral,bn,neutral,bn,none,1.0
bigscience/bloom-1b7,4,side_aunt,14,neutral,bn,neutral,hi,none,0.5
bigscience/bloom-1b7,4,side_aunt,14,neutral,bn,neutral,en,none,0.5
bigscience/bloom-1b7,4,side_aunt,14,neutral,bn,neutral,bn,shuffled,0.5
bigscience/bloom-1b7,4,side_aunt,15,neutral,bn,informative,bn,none,1.0
bigscience/bloom-1b7,4,side_aunt,15,neutral,bn,informative,hi,none,0.5
bigscience/bloom-1b7,4,side_aunt,15,neutral,bn,informative,en,none,0.5
bigscience/bloom-1b7,4,side_aunt,15,neutral,bn,neutral,bn,none,1.0
bigscience/bloom-1b7,4,side_aunt,15,neutral,bn,neutral,hi,none,0.5
bigscience/bloom-1b7,4,side_aunt,15,neutral,bn,neutral,en,none,0.5
bigscience/bloom-1b7,4,side_aunt,15,neutral,bn,neutral,bn,shuffled,0.6666666666666666
bigscience/bloom-1b7,4,side_aunt,16,neutral,bn,informative,bn,none,1.0
bigscience/bloom-1b7,4,side_aunt,16,neutral,bn,informative,hi,none,0.5
bigscience/bloom-1b7,4,side_aunt,16,neutral,bn,informative,en,none,0.5
bigscience/bloom-1b7,4,side_aunt,16,neutral,bn,neutral,bn,none,1.0
bigscience/bloom-1b7,4,side_aunt,16,neutral,bn,neutral,hi,none,0.5
bigscience/bloom-1b7,4,side_aunt,16,neutral,bn,neutral,en,none,0.5
bigscience/bloom-1b7,4,side_aunt,16,neutral,bn,neutral,bn,shuffled,0.75
bigscience/bloom-1b7,4,side_aunt,17,neutral,bn,informative,bn,none,1.0
bigscience/bloom-1b7,4,side_aunt,17,neutral,bn,informative,hi,none,0.5
bigscience/bloom-1b7,4,side_aunt,17,neutral,bn,informative,en,none,0.5
bigscience/bloom-1b7,4,side_aunt,17,neutral,bn,neutral,bn,none,1.0
bigscience/bloom-1b7,4,side_aunt,17,neutral,bn,neutral,hi,none,0.5
bigscience/bloom-1b7,4,side_aunt,17,neutral,bn,neutral,en,none,0.5
bigscience/bloom-1b7,4,side_aunt,17,neutral,bn,neutral,bn,shuffled,0.5833333333333334
bigscience/bloom-1b7,4,side_aunt,18,neutral,bn,informative,bn,none,1.0
bigscience/bloom-1b7,4,side_aunt,18,neutral,bn,informative,hi,none,0.5833333333333334
bigscience/bloom-1b7,4,side_aunt,18,neutral,bn,informative,en,none,0.5
bigscience/bloom-1b7,4,side_aunt,18,neutral,bn,neutral,bn,none,1.0
bigscience/bloom-1b7,4,side_aunt,18,neutral,bn,neutral,hi,none,0.5
bigscience/bloom-1b7,4,side_aunt,18,neutral,bn,neutral,en,none,0.5
bigscience/bloom-1b7,4,side_aunt,18,neutral,bn,neutral,bn,shuffled,0.6083333333333333
bigscience/bloom-1b7,4,side_aunt,19,neutral,bn,informative,bn,none,1.0
bigscience/bloom-1b7,4,side_aunt,19,neutral,bn,informative,hi,none,0.8333333333333334
bigscience/bloom-1b7,4,side_aunt,19,neutral,bn,informative,en,none,0.5
bigscience/bloom-1b7,4,side_aunt,19,neutral,bn,neutral,bn,none,1.0
bigscience/bloom-1b7,4,side_aunt,19,neutral,bn,neutral,hi,none,0.5833333333333334
bigscience/bloom-1b7,4,side_aunt,19,neutral,bn,neutral,en,none,0.5
bigscience/bloom-1b7,4,side_aunt,19,neutral,bn,neutral,bn,shuffled,0.475
bigscience/bloom-1b7,4,side_aunt,20,neutral,bn,informative,bn,none,1.0
bigscience/bloom-1b7,4,side_aunt,20,neutral,bn,informative,hi,none,0.5833333333333334
bigscience/bloom-1b7,4,side_aunt,20,neutral,bn,informative,en,none,0.5
bigscience/bloom-1b7,4,side_aunt,20,neutral,bn,neutral,bn,none,1.0
bigscience/bloom-1b7,4,side_aunt,20,neutral,bn,neutral,hi,none,0.5833333333333334
bigscience/bloom-1b7,4,side_aunt,20,neutral,bn,neutral,en,none,0.5
bigscience/bloom-1b7,4,side_aunt,20,neutral,bn,neutral,bn,shuffled,0.5833333333333334
bigscience/bloom-1b7,4,side_aunt,21,neutral,bn,informative,bn,none,1.0
bigscience/bloom-1b7,4,side_aunt,21,neutral,bn,informative,hi,none,0.6666666666666666
bigscience/bloom-1b7,4,side_aunt,21,neutral,bn,informative,en,none,0.5
bigscience/bloom-1b7,4,side_aunt,21,neutral,bn,neutral,bn,none,1.0
bigscience/bloom-1b7,4,side_aunt,21,neutral,bn,neutral,hi,none,0.5
bigscience/bloom-1b7,4,side_aunt,21,neutral,bn,neutral,en,none,0.5
bigscience/bloom-1b7,4,side_aunt,21,neutral,bn,neutral,bn,shuffled,0.5
bigscience/bloom-1b7,4,side_aunt,22,neutral,bn,informative,bn,none,1.0
bigscience/bloom-1b7,4,side_aunt,22,neutral,bn,informative,hi,none,0.6666666666666666
bigscience/bloom-1b7,4,side_aunt,22,neutral,bn,informative,en,none,0.5
bigscience/bloom-1b7,4,side_aunt,22,neutral,bn,neutral,bn,none,1.0
bigscience/bloom-1b7,4,side_aunt,22,neutral,bn,neutral,hi,none,0.5833333333333334
bigscience/bloom-1b7,4,side_aunt,22,neutral,bn,neutral,en,none,0.5
bigscience/bloom-1b7,4,side_aunt,22,neutral,bn,neutral,bn,shuffled,0.5
bigscience/bloom-1b7,4,side_aunt,23,neutral,bn,informative,bn,none,1.0
bigscience/bloom-1b7,4,side_aunt,23,neutral,bn,informative,hi,none,0.5833333333333334
bigscience/bloom-1b7,4,side_aunt,23,neutral,bn,informative,en,none,0.5
bigscience/bloom-1b7,4,side_aunt,23,neutral,bn,neutral,bn,none,1.0
bigscience/bloom-1b7,4,side_aunt,23,neutral,bn,neutral,hi,none,0.5
bigscience/bloom-1b7,4,side_aunt,23,neutral,bn,neutral,en,none,0.5
bigscience/bloom-1b7,4,side_aunt,23,neutral,bn,neutral,bn,shuffled,0.5833333333333334
bigscience/bloom-1b7,4,side_aunt,0,neutral,hi,informative,bn,none,0.8333333333333334
bigscience/bloom-1b7,4,side_aunt,0,neutral,hi,informative,hi,none,1.0
bigscience/bloom-1b7,4,side_aunt,0,neutral,hi,informative,en,none,0.5
bigscience/bloom-1b7,4,side_aunt,0,neutral,hi,neutral,bn,none,0.75
bigscience/bloom-1b7,4,side_aunt,0,neutral,hi,neutral,hi,none,1.0
bigscience/bloom-1b7,4,side_aunt,0,neutral,hi,neutral,en,none,0.5
bigscience/bloom-1b7,4,side_aunt,0,neutral,hi,neutral,hi,shuffled,0.3333333333333333
bigscience/bloom-1b7,4,side_aunt,1,neutral,hi,informative,bn,none,0.5
bigscience/bloom-1b7,4,side_aunt,1,neutral,hi,informative,hi,none,1.0
bigscience/bloom-1b7,4,side_aunt,1,neutral,hi,informative,en,none,0.5
bigscience/bloom-1b7,4,side_aunt,1,neutral,hi,neutral,bn,none,0.5
bigscience/bloom-1b7,4,side_aunt,1,neutral,hi,neutral,hi,none,1.0
bigscience/bloom-1b7,4,side_aunt,1,neutral,hi,neutral,en,none,0.5
bigscience/bloom-1b7,4,side_aunt,1,neutral,hi,neutral,hi,shuffled,0.3333333333333333
bigscience/bloom-1b7,4,side_aunt,2,neutral,hi,informative,bn,none,0.5
bigscience/bloom-1b7,4,side_aunt,2,neutral,hi,informative,hi,none,1.0
bigscience/bloom-1b7,4,side_aunt,2,neutral,hi,informative,en,none,0.5
bigscience/bloom-1b7,4,side_aunt,2,neutral,hi,neutral,bn,none,0.5
bigscience/bloom-1b7,4,side_aunt,2,neutral,hi,neutral,hi,none,1.0
bigscience/bloom-1b7,4,side_aunt,2,neutral,hi,neutral,en,none,0.5
bigscience/bloom-1b7,4,side_aunt,2,neutral,hi,neutral,hi,shuffled,0.5
bigscience/bloom-1b7,4,side_aunt,3,neutral,hi,informative,bn,none,0.5
bigscience/bloom-1b7,4,side_aunt,3,neutral,hi,informative,hi,none,1.0
bigscience/bloom-1b7,4,side_aunt,3,neutral,hi,informative,en,none,0.5
bigscience/bloom-1b7,4,side_aunt,3,neutral,hi,neutral,bn,none,0.5
bigscience/bloom-1b7,4,side_aunt,3,neutral,hi,neutral,hi,none,1.0
bigscience/bloom-1b7,4,side_aunt,3,neutral,hi,neutral,en,none,0.5
bigscience/bloom-1b7,4,side_aunt,3,neutral,hi,neutral,hi,shuffled,0.6666666666666666
bigscience/bloom-1b7,4,side_aunt,4,neutral,hi,informative,bn,none,0.5
bigscience/bloom-1b7,4,side_aunt,4,neutral,hi,informative,hi,none,1.0
bigscience/bloom-1b7,4,side_aunt,4,neutral,hi,informative,en,none,0.5
bigscience/bloom-1b7,4,side_aunt,4,neutral,hi,neutral,bn,none,0.5
bigscience/bloom-1b7,4,side_aunt,4,neutral,hi,neutral,hi,none,1.0
bigscience/bloom-1b7,4,side_aunt,4,neutral,hi,neutral,en,none,0.5
bigscience/bloom-1b7,4,side_aunt,4,neutral,hi,neutral,hi,shuffled,0.5
bigscience/bloom-1b7,4,side_aunt,5,neutral,hi,informative,bn,none,0.5
bigscience/bloom-1b7,4,side_aunt,5,neutral,hi,informative,hi,none,1.0
bigscience/bloom-1b7,4,side_aunt,5,neutral,hi,informative,en,none,0.475
bigscience/bloom-1b7,4,side_aunt,5,neutral,hi,neutral,bn,none,0.5
bigscience/bloom-1b7,4,side_aunt,5,neutral,hi,neutral,hi,none,1.0
bigscience/bloom-1b7,4,side_aunt,5,neutral,hi,neutral,en,none,0.5
bigscience/bloom-1b7,4,side_aunt,5,neutral,hi,neutral,hi,shuffled,0.5833333333333334
bigscience/bloom-1b7,4,side_aunt,6,neutral,hi,informative,bn,none,0.5
bigscience/bloom-1b7,4,side_aunt,6,neutral,hi,informative,hi,none,1.0
bigscience/bloom-1b7,4,side_aunt,6,neutral,hi,informative,en,none,0.5
bigscience/bloom-1b7,4,side_aunt,6,neutral,hi,neutral,bn,none,0.5
bigscience/bloom-1b7,4,side_aunt,6,neutral,hi,neutral,hi,none,1.0
bigscience/bloom-1b7,4,side_aunt,6,neutral,hi,neutral,en,none,0.5
bigscience/bloom-1b7,4,side_aunt,6,neutral,hi,neutral,hi,shuffled,0.5333333333333333
bigscience/bloom-1b7,4,side_aunt,7,neutral,hi,informative,bn,none,0.5
bigscience/bloom-1b7,4,side_aunt,7,neutral,hi,informative,hi,none,1.0
bigscience/bloom-1b7,4,side_aunt,7,neutral,hi,informative,en,none,0.5
bigscience/bloom-1b7,4,side_aunt,7,neutral,hi,neutral,bn,none,0.5
bigscience/bloom-1b7,4,side_aunt,7,neutral,hi,neutral,hi,none,1.0
bigscience/bloom-1b7,4,side_aunt,7,neutral,hi,neutral,en,none,0.5
bigscience/bloom-1b7,4,side_aunt,7,neutral,hi,neutral,hi,shuffled,0.3333333333333333
bigscience/bloom-1b7,4,side_aunt,8,neutral,hi,informative,bn,none,0.5
bigscience/bloom-1b7,4,side_aunt,8,neutral,hi,informative,hi,none,1.0
bigscience/bloom-1b7,4,side_aunt,8,neutral,hi,informative,en,none,0.4166666666666667
bigscience/bloom-1b7,4,side_aunt,8,neutral,hi,neutral,bn,none,0.5
bigscience/bloom-1b7,4,side_aunt,8,neutral,hi,neutral,hi,none,1.0
bigscience/bloom-1b7,4,side_aunt,8,neutral,hi,neutral,en,none,0.5
bigscience/bloom-1b7,4,side_aunt,8,neutral,hi,neutral,hi,shuffled,0.4166666666666667
bigscience/bloom-1b7,4,side_aunt,9,neutral,hi,informative,bn,none,0.5
bigscience/bloom-1b7,4,side_aunt,9,neutral,hi,informative,hi,none,1.0
bigscience/bloom-1b7,4,side_aunt,9,neutral,hi,informative,en,none,0.5
bigscience/bloom-1b7,4,side_aunt,9,neutral,hi,neutral,bn,none,0.5
bigscience/bloom-1b7,4,side_aunt,9,neutral,hi,neutral,hi,none,1.0
bigscience/bloom-1b7,4,side_aunt,9,neutral,hi,neutral,en,none,0.5
bigscience/bloom-1b7,4,side_aunt,9,neutral,hi,neutral,hi,shuffled,0.5
bigscience/bloom-1b7,4,side_aunt,10,neutral,hi,informative,bn,none,0.5
bigscience/bloom-1b7,4,side_aunt,10,neutral,hi,informative,hi,none,1.0
bigscience/bloom-1b7,4,side_aunt,10,neutral,hi,informative,en,none,0.5
bigscience/bloom-1b7,4,side_aunt,10,neutral,hi,neutral,bn,none,0.5
bigscience/bloom-1b7,4,side_aunt,10,neutral,hi,neutral,hi,none,1.0
bigscience/bloom-1b7,4,side_aunt,10,neutral,hi,neutral,en,none,0.5
bigscience/bloom-1b7,4,side_aunt,10,neutral,hi,neutral,hi,shuffled,0.4166666666666667
bigscience/bloom-1b7,4,side_aunt,11,neutral,hi,informative,bn,none,0.5
bigscience/bloom-1b7,4,side_aunt,11,neutral,hi,informative,hi,none,1.0
bigscience/bloom-1b7,4,side_aunt,11,neutral,hi,informative,en,none,0.5
bigscience/bloom-1b7,4,side_aunt,11,neutral,hi,neutral,bn,none,0.5
bigscience/bloom-1b7,4,side_aunt,11,neutral,hi,neutral,hi,none,1.0
bigscience/bloom-1b7,4,side_aunt,11,neutral,hi,neutral,en,none,0.5
bigscience/bloom-1b7,4,side_aunt,11,neutral,hi,neutral,hi,shuffled,0.4166666666666667
bigscience/bloom-1b7,4,side_aunt,12,neutral,hi,informative,bn,none,0.5
bigscience/bloom-1b7,4,side_aunt,12,neutral,hi,informative,hi,none,1.0
bigscience/bloom-1b7,4,side_aunt,12,neutral,hi,informative,en,none,0.5
bigscience/bloom-1b7,4,side_aunt,12,neutral,hi,neutral,bn,none,0.5
bigscience/bloom-1b7,4,side_aunt,12,neutral,hi,neutral,hi,none,1.0
bigscience/bloom-1b7,4,side_aunt,12,neutral,hi,neutral,en,none,0.5
bigscience/bloom-1b7,4,side_aunt,12,neutral,hi,neutral,hi,shuffled,0.4166666666666667
bigscience/bloom-1b7,4,side_aunt,13,neutral,hi,informative,bn,none,0.5
bigscience/bloom-1b7,4,side_aunt,13,neutral,hi,informative,hi,none,1.0
bigscience/bloom-1b7,4,side_aunt,13,neutral,hi,informative,en,none,0.5
bigscience/bloom-1b7,4,side_aunt,13,neutral,hi,neutral,bn,none,0.5
bigscience/bloom-1b7,4,side_aunt,13,neutral,hi,neutral,hi,none,1.0
bigscience/bloom-1b7,4,side_aunt,13,neutral,hi,neutral,en,none,0.5
bigscience/bloom-1b7,4,side_aunt,13,neutral,hi,neutral,hi,shuffled,0.5
bigscience/bloom-1b7,4,side_aunt,14,neutral,hi,informative,bn,none,0.5
bigscience/bloom-1b7,4,side_aunt,14,neutral,hi,informative,hi,none,1.0
bigscience/bloom-1b7,4,side_aunt,14,neutral,hi,informative,en,none,0.5
bigscience/bloom-1b7,4,side_aunt,14,neutral,hi,neutral,bn,none,0.5
bigscience/bloom-1b7,4,side_aunt,14,neutral,hi,neutral,hi,none,1.0
bigscience/bloom-1b7,4,side_aunt,14,neutral,hi,neutral,en,none,0.5
bigscience/bloom-1b7,4,side_aunt,14,neutral,hi,neutral,hi,shuffled,0.4166666666666667
bigscience/bloom-1b7,4,side_aunt,15,neutral,hi,informative,bn,none,0.5
bigscience/bloom-1b7,4,side_aunt,15,neutral,hi,informative,hi,none,1.0
bigscience/bloom-1b7,4,side_aunt,15,neutral,hi,informative,en,none,0.5
bigscience/bloom-1b7,4,side_aunt,15,neutral,hi,neutral,bn,none,0.5
bigscience/bloom-1b7,4,side_aunt,15,neutral,hi,neutral,hi,none,1.0
bigscience/bloom-1b7,4,side_aunt,15,neutral,hi,neutral,en,none,0.5
bigscience/bloom-1b7,4,side_aunt,15,neutral,hi,neutral,hi,shuffled,0.4666666666666667
bigscience/bloom-1b7,4,side_aunt,16,neutral,hi,informative,bn,none,0.5
bigscience/bloom-1b7,4,side_aunt,16,neutral,hi,informative,hi,none,1.0
bigscience/bloom-1b7,4,side_aunt,16,neutral,hi,informative,en,none,0.5
bigscience/bloom-1b7,4,side_aunt,16,neutral,hi,neutral,bn,none,0.5
bigscience/bloom-1b7,4,side_aunt,16,neutral,hi,neutral,hi,none,1.0
bigscience/bloom-1b7,4,side_aunt,16,neutral,hi,neutral,en,none,0.5
bigscience/bloom-1b7,4,side_aunt,16,neutral,hi,neutral,hi,shuffled,0.5
bigscience/bloom-1b7,4,side_aunt,17,neutral,hi,informative,bn,none,0.5
bigscience/bloom-1b7,4,side_aunt,17,neutral,hi,informative,hi,none,1.0
bigscience/bloom-1b7,4,side_aunt,17,neutral,hi,informative,en,none,0.5
bigscience/bloom-1b7,4,side_aunt,17,neutral,hi,neutral,bn,none,0.5
bigscience/bloom-1b7,4,side_aunt,17,neutral,hi,neutral,hi,none,1.0
bigscience/bloom-1b7,4,side_aunt,17,neutral,hi,neutral,en,none,0.5
bigscience/bloom-1b7,4,side_aunt,17,neutral,hi,neutral,hi,shuffled,0.5
bigscience/bloom-1b7,4,side_aunt,18,neutral,hi,informative,bn,none,0.5
bigscience/bloom-1b7,4,side_aunt,18,neutral,hi,informative,hi,none,1.0
bigscience/bloom-1b7,4,side_aunt,18,neutral,hi,informative,en,none,0.5
bigscience/bloom-1b7,4,side_aunt,18,neutral,hi,neutral,bn,none,0.5
bigscience/bloom-1b7,4,side_aunt,18,neutral,hi,neutral,hi,none,1.0
bigscience/bloom-1b7,4,side_aunt,18,neutral,hi,neutral,en,none,0.5
bigscience/bloom-1b7,4,side_aunt,18,neutral,hi,neutral,hi,shuffled,0.5
bigscience/bloom-1b7,4,side_aunt,19,neutral,hi,informative,bn,none,0.5
bigscience/bloom-1b7,4,side_aunt,19,neutral,hi,informative,hi,none,1.0
bigscience/bloom-1b7,4,side_aunt,19,neutral,hi,informative,en,none,0.5
bigscience/bloom-1b7,4,side_aunt,19,neutral,hi,neutral,bn,none,0.5
bigscience/bloom-1b7,4,side_aunt,19,neutral,hi,neutral,hi,none,1.0
bigscience/bloom-1b7,4,side_aunt,19,neutral,hi,neutral,en,none,0.5
bigscience/bloom-1b7,4,side_aunt,19,neutral,hi,neutral,hi,shuffled,0.4166666666666667
bigscience/bloom-1b7,4,side_aunt,20,neutral,hi,informative,bn,none,0.5
bigscience/bloom-1b7,4,side_aunt,20,neutral,hi,informative,hi,none,1.0
bigscience/bloom-1b7,4,side_aunt,20,neutral,hi,informative,en,none,0.5
bigscience/bloom-1b7,4,side_aunt,20,neutral,hi,neutral,bn,none,0.5
bigscience/bloom-1b7,4,side_aunt,20,neutral,hi,neutral,hi,none,1.0
bigscience/bloom-1b7,4,side_aunt,20,neutral,hi,neutral,en,none,0.5
bigscience/bloom-1b7,4,side_aunt,20,neutral,hi,neutral,hi,shuffled,0.5
bigscience/bloom-1b7,4,side_aunt,21,neutral,hi,informative,bn,none,0.5
bigscience/bloom-1b7,4,side_aunt,21,neutral,hi,informative,hi,none,1.0
bigscience/bloom-1b7,4,side_aunt,21,neutral,hi,informative,en,none,0.5
bigscience/bloom-1b7,4,side_aunt,21,neutral,hi,neutral,bn,none,0.5
bigscience/bloom-1b7,4,side_aunt,21,neutral,hi,neutral,hi,none,1.0
bigscience/bloom-1b7,4,side_aunt,21,neutral,hi,neutral,en,none,0.5
bigscience/bloom-1b7,4,side_aunt,21,neutral,hi,neutral,hi,shuffled,0.3333333333333333
bigscience/bloom-1b7,4,side_aunt,22,neutral,hi,informative,bn,none,0.5
bigscience/bloom-1b7,4,side_aunt,22,neutral,hi,informative,hi,none,1.0
bigscience/bloom-1b7,4,side_aunt,22,neutral,hi,informative,en,none,0.5
bigscience/bloom-1b7,4,side_aunt,22,neutral,hi,neutral,bn,none,0.5
bigscience/bloom-1b7,4,side_aunt,22,neutral,hi,neutral,hi,none,1.0
bigscience/bloom-1b7,4,side_aunt,22,neutral,hi,neutral,en,none,0.5
bigscience/bloom-1b7,4,side_aunt,22,neutral,hi,neutral,hi,shuffled,0.3333333333333333
bigscience/bloom-1b7,4,side_aunt,23,neutral,hi,informative,bn,none,0.5
bigscience/bloom-1b7,4,side_aunt,23,neutral,hi,informative,hi,none,1.0
bigscience/bloom-1b7,4,side_aunt,23,neutral,hi,informative,en,none,0.5
bigscience/bloom-1b7,4,side_aunt,23,neutral,hi,neutral,bn,none,0.5
bigscience/bloom-1b7,4,side_aunt,23,neutral,hi,neutral,hi,none,1.0
bigscience/bloom-1b7,4,side_aunt,23,neutral,hi,neutral,en,none,0.5
bigscience/bloom-1b7,4,side_aunt,23,neutral,hi,neutral,hi,shuffled,0.38333333333333336
bigscience/bloom-1b7,4,side_aunt,0,neutral,en,informative,bn,none,0.5
bigscience/bloom-1b7,4,side_aunt,0,neutral,en,informative,hi,none,0.5
bigscience/bloom-1b7,4,side_aunt,0,neutral,en,informative,en,none,0.5
bigscience/bloom-1b7,4,side_aunt,0,neutral,en,neutral,bn,none,0.5
bigscience/bloom-1b7,4,side_aunt,0,neutral,en,neutral,hi,none,0.5
bigscience/bloom-1b7,4,side_aunt,0,neutral,en,neutral,en,none,0.5
bigscience/bloom-1b7,4,side_aunt,0,neutral,en,neutral,en,shuffled,0.5
bigscience/bloom-1b7,4,side_aunt,1,neutral,en,informative,bn,none,0.5
bigscience/bloom-1b7,4,side_aunt,1,neutral,en,informative,hi,none,0.5
bigscience/bloom-1b7,4,side_aunt,1,neutral,en,informative,en,none,0.5
bigscience/bloom-1b7,4,side_aunt,1,neutral,en,neutral,bn,none,0.5
bigscience/bloom-1b7,4,side_aunt,1,neutral,en,neutral,hi,none,0.5
bigscience/bloom-1b7,4,side_aunt,1,neutral,en,neutral,en,none,0.5
bigscience/bloom-1b7,4,side_aunt,1,neutral,en,neutral,en,shuffled,0.5
bigscience/bloom-1b7,4,side_aunt,2,neutral,en,informative,bn,none,0.5
bigscience/bloom-1b7,4,side_aunt,2,neutral,en,informative,hi,none,0.5
bigscience/bloom-1b7,4,side_aunt,2,neutral,en,informative,en,none,0.5
bigscience/bloom-1b7,4,side_aunt,2,neutral,en,neutral,bn,none,0.5
bigscience/bloom-1b7,4,side_aunt,2,neutral,en,neutral,hi,none,0.5
bigscience/bloom-1b7,4,side_aunt,2,neutral,en,neutral,en,none,0.5
bigscience/bloom-1b7,4,side_aunt,2,neutral,en,neutral,en,shuffled,0.5
bigscience/bloom-1b7,4,side_aunt,3,neutral,en,informative,bn,none,0.5
bigscience/bloom-1b7,4,side_aunt,3,neutral,en,informative,hi,none,0.5
bigscience/bloom-1b7,4,side_aunt,3,neutral,en,informative,en,none,0.5
bigscience/bloom-1b7,4,side_aunt,3,neutral,en,neutral,bn,none,0.5
bigscience/bloom-1b7,4,side_aunt,3,neutral,en,neutral,hi,none,0.5
bigscience/bloom-1b7,4,side_aunt,3,neutral,en,neutral,en,none,0.5
bigscience/bloom-1b7,4,side_aunt,3,neutral,en,neutral,en,shuffled,0.5
bigscience/bloom-1b7,4,side_aunt,4,neutral,en,informative,bn,none,0.5
bigscience/bloom-1b7,4,side_aunt,4,neutral,en,informative,hi,none,0.5
bigscience/bloom-1b7,4,side_aunt,4,neutral,en,informative,en,none,0.5
bigscience/bloom-1b7,4,side_aunt,4,neutral,en,neutral,bn,none,0.5
bigscience/bloom-1b7,4,side_aunt,4,neutral,en,neutral,hi,none,0.5
bigscience/bloom-1b7,4,side_aunt,4,neutral,en,neutral,en,none,0.5
bigscience/bloom-1b7,4,side_aunt,4,neutral,en,neutral,en,shuffled,0.5
bigscience/bloom-1b7,4,side_aunt,5,neutral,en,informative,bn,none,0.5
bigscience/bloom-1b7,4,side_aunt,5,neutral,en,informative,hi,none,0.5
bigscience/bloom-1b7,4,side_aunt,5,neutral,en,informative,en,none,0.5
bigscience/bloom-1b7,4,side_aunt,5,neutral,en,neutral,bn,none,0.5
bigscience/bloom-1b7,4,side_aunt,5,neutral,en,neutral,hi,none,0.5
bigscience/bloom-1b7,4,side_aunt,5,neutral,en,neutral,en,none,0.5
bigscience/bloom-1b7,4,side_aunt,5,neutral,en,neutral,en,shuffled,0.5
bigscience/bloom-1b7,4,side_aunt,6,neutral,en,informative,bn,none,0.5
bigscience/bloom-1b7,4,side_aunt,6,neutral,en,informative,hi,none,0.5
bigscience/bloom-1b7,4,side_aunt,6,neutral,en,informative,en,none,0.5
bigscience/bloom-1b7,4,side_aunt,6,neutral,en,neutral,bn,none,0.5
bigscience/bloom-1b7,4,side_aunt,6,neutral,en,neutral,hi,none,0.5
bigscience/bloom-1b7,4,side_aunt,6,neutral,en,neutral,en,none,0.5
bigscience/bloom-1b7,4,side_aunt,6,neutral,en,neutral,en,shuffled,0.5
bigscience/bloom-1b7,4,side_aunt,7,neutral,en,informative,bn,none,0.5
bigscience/bloom-1b7,4,side_aunt,7,neutral,en,informative,hi,none,0.5
bigscience/bloom-1b7,4,side_aunt,7,neutral,en,informative,en,none,0.5
bigscience/bloom-1b7,4,side_aunt,7,neutral,en,neutral,bn,none,0.5
bigscience/bloom-1b7,4,side_aunt,7,neutral,en,neutral,hi,none,0.5
bigscience/bloom-1b7,4,side_aunt,7,neutral,en,neutral,en,none,0.5
bigscience/bloom-1b7,4,side_aunt,7,neutral,en,neutral,en,shuffled,0.5
bigscience/bloom-1b7,4,side_aunt,8,neutral,en,informative,bn,none,0.5
bigscience/bloom-1b7,4,side_aunt,8,neutral,en,informative,hi,none,0.5
bigscience/bloom-1b7,4,side_aunt,8,neutral,en,informative,en,none,0.5
bigscience/bloom-1b7,4,side_aunt,8,neutral,en,neutral,bn,none,0.5
bigscience/bloom-1b7,4,side_aunt,8,neutral,en,neutral,hi,none,0.5
bigscience/bloom-1b7,4,side_aunt,8,neutral,en,neutral,en,none,0.5
bigscience/bloom-1b7,4,side_aunt,8,neutral,en,neutral,en,shuffled,0.5
bigscience/bloom-1b7,4,side_aunt,9,neutral,en,informative,bn,none,0.5
bigscience/bloom-1b7,4,side_aunt,9,neutral,en,informative,hi,none,0.5
bigscience/bloom-1b7,4,side_aunt,9,neutral,en,informative,en,none,0.5
bigscience/bloom-1b7,4,side_aunt,9,neutral,en,neutral,bn,none,0.5
bigscience/bloom-1b7,4,side_aunt,9,neutral,en,neutral,hi,none,0.5
bigscience/bloom-1b7,4,side_aunt,9,neutral,en,neutral,en,none,0.5
bigscience/bloom-1b7,4,side_aunt,9,neutral,en,neutral,en,shuffled,0.5
bigscience/bloom-1b7,4,side_aunt,10,neutral,en,informative,bn,none,0.5
bigscience/bloom-1b7,4,side_aunt,10,neutral,en,informative,hi,none,0.5
bigscience/bloom-1b7,4,side_aunt,10,neutral,en,informative,en,none,0.5
bigscience/bloom-1b7,4,side_aunt,10,neutral,en,neutral,bn,none,0.5
bigscience/bloom-1b7,4,side_aunt,10,neutral,en,neutral,hi,none,0.5
bigscience/bloom-1b7,4,side_aunt,10,neutral,en,neutral,en,none,0.5
bigscience/bloom-1b7,4,side_aunt,10,neutral,en,neutral,en,shuffled,0.5
bigscience/bloom-1b7,4,side_aunt,11,neutral,en,informative,bn,none,0.5
bigscience/bloom-1b7,4,side_aunt,11,neutral,en,informative,hi,none,0.5
bigscience/bloom-1b7,4,side_aunt,11,neutral,en,informative,en,none,0.5
bigscience/bloom-1b7,4,side_aunt,11,neutral,en,neutral,bn,none,0.5
bigscience/bloom-1b7,4,side_aunt,11,neutral,en,neutral,hi,none,0.5
bigscience/bloom-1b7,4,side_aunt,11,neutral,en,neutral,en,none,0.5
bigscience/bloom-1b7,4,side_aunt,11,neutral,en,neutral,en,shuffled,0.5
bigscience/bloom-1b7,4,side_aunt,12,neutral,en,informative,bn,none,0.5
bigscience/bloom-1b7,4,side_aunt,12,neutral,en,informative,hi,none,0.5
bigscience/bloom-1b7,4,side_aunt,12,neutral,en,informative,en,none,0.5
bigscience/bloom-1b7,4,side_aunt,12,neutral,en,neutral,bn,none,0.5
bigscience/bloom-1b7,4,side_aunt,12,neutral,en,neutral,hi,none,0.5
bigscience/bloom-1b7,4,side_aunt,12,neutral,en,neutral,en,none,0.5
bigscience/bloom-1b7,4,side_aunt,12,neutral,en,neutral,en,shuffled,0.5
bigscience/bloom-1b7,4,side_aunt,13,neutral,en,informative,bn,none,0.5
bigscience/bloom-1b7,4,side_aunt,13,neutral,en,informative,hi,none,0.5
bigscience/bloom-1b7,4,side_aunt,13,neutral,en,informative,en,none,0.5
bigscience/bloom-1b7,4,side_aunt,13,neutral,en,neutral,bn,none,0.5
bigscience/bloom-1b7,4,side_aunt,13,neutral,en,neutral,hi,none,0.5
bigscience/bloom-1b7,4,side_aunt,13,neutral,en,neutral,en,none,0.5
bigscience/bloom-1b7,4,side_aunt,13,neutral,en,neutral,en,shuffled,0.5
bigscience/bloom-1b7,4,side_aunt,14,neutral,en,informative,bn,none,0.5
bigscience/bloom-1b7,4,side_aunt,14,neutral,en,informative,hi,none,0.5
bigscience/bloom-1b7,4,side_aunt,14,neutral,en,informative,en,none,0.5
bigscience/bloom-1b7,4,side_aunt,14,neutral,en,neutral,bn,none,0.5
bigscience/bloom-1b7,4,side_aunt,14,neutral,en,neutral,hi,none,0.5
bigscience/bloom-1b7,4,side_aunt,14,neutral,en,neutral,en,none,0.5
bigscience/bloom-1b7,4,side_aunt,14,neutral,en,neutral,en,shuffled,0.5
bigscience/bloom-1b7,4,side_aunt,15,neutral,en,informative,bn,none,0.5
bigscience/bloom-1b7,4,side_aunt,15,neutral,en,informative,hi,none,0.5
bigscience/bloom-1b7,4,side_aunt,15,neutral,en,informative,en,none,0.5
bigscience/bloom-1b7,4,side_aunt,15,neutral,en,neutral,bn,none,0.5
bigscience/bloom-1b7,4,side_aunt,15,neutral,en,neutral,hi,none,0.5
bigscience/bloom-1b7,4,side_aunt,15,neutral,en,neutral,en,none,0.5
bigscience/bloom-1b7,4,side_aunt,15,neutral,en,neutral,en,shuffled,0.5
bigscience/bloom-1b7,4,side_aunt,16,neutral,en,informative,bn,none,0.5
bigscience/bloom-1b7,4,side_aunt,16,neutral,en,informative,hi,none,0.5
bigscience/bloom-1b7,4,side_aunt,16,neutral,en,informative,en,none,0.5
bigscience/bloom-1b7,4,side_aunt,16,neutral,en,neutral,bn,none,0.5
bigscience/bloom-1b7,4,side_aunt,16,neutral,en,neutral,hi,none,0.5
bigscience/bloom-1b7,4,side_aunt,16,neutral,en,neutral,en,none,0.5
bigscience/bloom-1b7,4,side_aunt,16,neutral,en,neutral,en,shuffled,0.5
bigscience/bloom-1b7,4,side_aunt,17,neutral,en,informative,bn,none,0.5
bigscience/bloom-1b7,4,side_aunt,17,neutral,en,informative,hi,none,0.5
bigscience/bloom-1b7,4,side_aunt,17,neutral,en,informative,en,none,0.5
bigscience/bloom-1b7,4,side_aunt,17,neutral,en,neutral,bn,none,0.5
bigscience/bloom-1b7,4,side_aunt,17,neutral,en,neutral,hi,none,0.5
bigscience/bloom-1b7,4,side_aunt,17,neutral,en,neutral,en,none,0.5
bigscience/bloom-1b7,4,side_aunt,17,neutral,en,neutral,en,shuffled,0.5
bigscience/bloom-1b7,4,side_aunt,18,neutral,en,informative,bn,none,0.5
bigscience/bloom-1b7,4,side_aunt,18,neutral,en,informative,hi,none,0.5
bigscience/bloom-1b7,4,side_aunt,18,neutral,en,informative,en,none,0.5
bigscience/bloom-1b7,4,side_aunt,18,neutral,en,neutral,bn,none,0.5
bigscience/bloom-1b7,4,side_aunt,18,neutral,en,neutral,hi,none,0.5
bigscience/bloom-1b7,4,side_aunt,18,neutral,en,neutral,en,none,0.5
bigscience/bloom-1b7,4,side_aunt,18,neutral,en,neutral,en,shuffled,0.5
bigscience/bloom-1b7,4,side_aunt,19,neutral,en,informative,bn,none,0.5
bigscience/bloom-1b7,4,side_aunt,19,neutral,en,informative,hi,none,0.5
bigscience/bloom-1b7,4,side_aunt,19,neutral,en,informative,en,none,0.5
bigscience/bloom-1b7,4,side_aunt,19,neutral,en,neutral,bn,none,0.5
bigscience/bloom-1b7,4,side_aunt,19,neutral,en,neutral,hi,none,0.5
bigscience/bloom-1b7,4,side_aunt,19,neutral,en,neutral,en,none,0.5
bigscience/bloom-1b7,4,side_aunt,19,neutral,en,neutral,en,shuffled,0.5
bigscience/bloom-1b7,4,side_aunt,20,neutral,en,informative,bn,none,0.5
bigscience/bloom-1b7,4,side_aunt,20,neutral,en,informative,hi,none,0.5
bigscience/bloom-1b7,4,side_aunt,20,neutral,en,informative,en,none,0.5
bigscience/bloom-1b7,4,side_aunt,20,neutral,en,neutral,bn,none,0.5
bigscience/bloom-1b7,4,side_aunt,20,neutral,en,neutral,hi,none,0.5
bigscience/bloom-1b7,4,side_aunt,20,neutral,en,neutral,en,none,0.5
bigscience/bloom-1b7,4,side_aunt,20,neutral,en,neutral,en,shuffled,0.5
bigscience/bloom-1b7,4,side_aunt,21,neutral,en,informative,bn,none,0.5
bigscience/bloom-1b7,4,side_aunt,21,neutral,en,informative,hi,none,0.5
bigscience/bloom-1b7,4,side_aunt,21,neutral,en,informative,en,none,0.5
bigscience/bloom-1b7,4,side_aunt,21,neutral,en,neutral,bn,none,0.5
bigscience/bloom-1b7,4,side_aunt,21,neutral,en,neutral,hi,none,0.5
bigscience/bloom-1b7,4,side_aunt,21,neutral,en,neutral,en,none,0.5
bigscience/bloom-1b7,4,side_aunt,21,neutral,en,neutral,en,shuffled,0.5
bigscience/bloom-1b7,4,side_aunt,22,neutral,en,informative,bn,none,0.5
bigscience/bloom-1b7,4,side_aunt,22,neutral,en,informative,hi,none,0.5
bigscience/bloom-1b7,4,side_aunt,22,neutral,en,informative,en,none,0.5
bigscience/bloom-1b7,4,side_aunt,22,neutral,en,neutral,bn,none,0.5
bigscience/bloom-1b7,4,side_aunt,22,neutral,en,neutral,hi,none,0.5
bigscience/bloom-1b7,4,side_aunt,22,neutral,en,neutral,en,none,0.5
bigscience/bloom-1b7,4,side_aunt,22,neutral,en,neutral,en,shuffled,0.5
bigscience/bloom-1b7,4,side_aunt,23,neutral,en,informative,bn,none,0.5
bigscience/bloom-1b7,4,side_aunt,23,neutral,en,informative,hi,none,0.5
bigscience/bloom-1b7,4,side_aunt,23,neutral,en,informative,en,none,0.5
bigscience/bloom-1b7,4,side_aunt,23,neutral,en,neutral,bn,none,0.5
bigscience/bloom-1b7,4,side_aunt,23,neutral,en,neutral,hi,none,0.5
bigscience/bloom-1b7,4,side_aunt,23,neutral,en,neutral,en,none,0.5
bigscience/bloom-1b7,4,side_aunt,23,neutral,en,neutral,en,shuffled,0.5
bigscience/bloom-1b7,4,gender,0,informative,bn,informative,bn,none,1.0
bigscience/bloom-1b7,4,gender,0,informative,bn,informative,hi,none,0.5
bigscience/bloom-1b7,4,gender,0,informative,bn,informative,en,none,0.5833333333333334
bigscience/bloom-1b7,4,gender,0,informative,bn,neutral,bn,none,1.0
bigscience/bloom-1b7,4,gender,0,informative,bn,neutral,hi,none,0.5
bigscience/bloom-1b7,4,gender,0,informative,bn,neutral,en,none,0.75
bigscience/bloom-1b7,4,gender,0,informative,bn,informative,bn,shuffled,0.5833333333333334
bigscience/bloom-1b7,4,gender,1,informative,bn,informative,bn,none,1.0
bigscience/bloom-1b7,4,gender,1,informative,bn,informative,hi,none,0.5833333333333334
bigscience/bloom-1b7,4,gender,1,informative,bn,informative,en,none,1.0
bigscience/bloom-1b7,4,gender,1,informative,bn,neutral,bn,none,1.0
bigscience/bloom-1b7,4,gender,1,informative,bn,neutral,hi,none,0.5833333333333334
bigscience/bloom-1b7,4,gender,1,informative,bn,neutral,en,none,1.0
bigscience/bloom-1b7,4,gender,1,informative,bn,informative,bn,shuffled,0.75
bigscience/bloom-1b7,4,gender,2,informative,bn,informative,bn,none,1.0
bigscience/bloom-1b7,4,gender,2,informative,bn,informative,hi,none,1.0
bigscience/bloom-1b7,4,gender,2,informative,bn,informative,en,none,1.0
bigscience/bloom-1b7,4,gender,2,informative,bn,neutral,bn,none,1.0
bigscience/bloom-1b7,4,gender,2,informative,bn,neutral,hi,none,1.0
bigscience/bloom-1b7,4,gender,2,informative,bn,neutral,en,none,1.0
bigscience/bloom-1b7,4,gender,2,informative,bn,informative,bn,shuffled,0.75
bigscience/bloom-1b7,4,gender,3,informative,bn,informative,bn,none,1.0
bigscience/bloom-1b7,4,gender,3,informative,bn,informative,hi,none,0.5
bigscience/bloom-1b7,4,gender,3,informative,bn,informative,en,none,0.5
bigscience/bloom-1b7,4,gender,3,informative,bn,neutral,bn,none,1.0
bigscience/bloom-1b7,4,gender,3,informative,bn,neutral,hi,none,0.5
bigscience/bloom-1b7,4,gender,3,informative,bn,neutral,en,none,0.5
bigscience/bloom-1b7,4,gender,3,informative,bn,informative,bn,shuffled,0.8083333333333333
bigscience/bloom-1b7,4,gender,4,informative,bn,informative,bn,none,1.0
bigscience/bloom-1b7,4,gender,4,informative,bn,informative,hi,none,0.5
bigscience/bloom-1b7,4,gender,4,informative,bn,informative,en,none,0.5
bigscience/bloom-1b7,4,gender,4,informative,bn,neutral,bn,none,1.0
bigscience/bloom-1b7,4,gender,4,informative,bn,neutral,hi,none,0.5
bigscience/bloom-1b7,4,gender,4,informative,bn,neutral,en,none,0.5
bigscience/bloom-1b7,4,gender,4,informative,bn,informative,bn,shuffled,0.5833333333333334
bigscience/bloom-1b7,4,gender,5,informative,bn,informative,bn,none,1.0
bigscience/bloom-1b7,4,gender,5,informative,bn,informative,hi,none,1.0
bigscience/bloom-1b7,4,gender,5,informative,bn,informative,en,none,0.5
bigscience/bloom-1b7,4,gender,5,informative,bn,neutral,bn,none,1.0
bigscience/bloom-1b7,4,gender,5,informative,bn,neutral,hi,none,1.0
bigscience/bloom-1b7,4,gender,5,informative,bn,neutral,en,none,0.5
bigscience/bloom-1b7,4,gender,5,informative,bn,informative,bn,shuffled,0.5
bigscience/bloom-1b7,4,gender,6,informative,bn,informative,bn,none,1.0
bigscience/bloom-1b7,4,gender,6,informative,bn,informative,hi,none,0.5
bigscience/bloom-1b7,4,gender,6,informative,bn,informative,en,none,0.5
bigscience/bloom-1b7,4,gender,6,informative,bn,neutral,bn,none,1.0
bigscience/bloom-1b7,4,gender,6,informative,bn,neutral,hi,none,0.5
bigscience/bloom-1b7,4,gender,6,informative,bn,neutral,en,none,0.5
bigscience/bloom-1b7,4,gender,6,informative,bn,informative,bn,shuffled,0.5
bigscience/bloom-1b7,4,gender,7,informative,bn,informative,bn,none,1.0
bigscience/bloom-1b7,4,gender,7,informative,bn,informative,hi,none,0.5
bigscience/bloom-1b7,4,gender,7,informative,bn,informative,en,none,0.5
bigscience/bloom-1b7,4,gender,7,informative,bn,neutral,bn,none,1.0
bigscience/bloom-1b7,4,gender,7,informative,bn,neutral,hi,none,0.5
bigscience/bloom-1b7,4,gender,7,informative,bn,neutral,en,none,0.5
bigscience/bloom-1b7,4,gender,7,informative,bn,informative,bn,shuffled,0.4166666666666667
bigscience/bloom-1b7,4,gender,8,informative,bn,informative,bn,none,1.0
bigscience/bloom-1b7,4,gender,8,informative,bn,informative,hi,none,0.5
bigscience/bloom-1b7,4,gender,8,informative,bn,informative,en,none,0.5
bigscience/bloom-1b7,4,gender,8,informative,bn,neutral,bn,none,1.0
bigscience/bloom-1b7,4,gender,8,informative,bn,neutral,hi,none,0.5
bigscience/bloom-1b7,4,gender,8,informative,bn,neutral,en,none,0.5
bigscience/bloom-1b7,4,gender,8,informative,bn,informative,bn,shuffled,0.75
bigscience/bloom-1b7,4,gender,9,informative,bn,informative,bn,none,1.0
bigscience/bloom-1b7,4,gender,9,informative,bn,informative,hi,none,0.5
bigscience/bloom-1b7,4,gender,9,informative,bn,informative,en,none,0.5
bigscience/bloom-1b7,4,gender,9,informative,bn,neutral,bn,none,1.0
bigscience/bloom-1b7,4,gender,9,informative,bn,neutral,hi,none,0.5
bigscience/bloom-1b7,4,gender,9,informative,bn,neutral,en,none,0.5
bigscience/bloom-1b7,4,gender,9,informative,bn,informative,bn,shuffled,0.75
bigscience/bloom-1b7,4,gender,10,informative,bn,informative,bn,none,1.0
bigscience/bloom-1b7,4,gender,10,informative,bn,informative,hi,none,0.5
bigscience/bloom-1b7,4,gender,10,informative,bn,informative,en,none,0.5
bigscience/bloom-1b7,4,gender,10,informative,bn,neutral,bn,none,1.0
bigscience/bloom-1b7,4,gender,10,informative,bn,neutral,hi,none,0.5
bigscience/bloom-1b7,4,gender,10,informative,bn,neutral,en,none,0.5
bigscience/bloom-1b7,4,gender,10,informative,bn,informative,bn,shuffled,0.5833333333333334
bigscience/bloom-1b7,4,gender,11,informative,bn,informative,bn,none,1.0
bigscience/bloom-1b7,4,gender,11,informative,bn,informative,hi,none,0.5
bigscience/bloom-1b7,4,gender,11,informative,bn,informative,en,none,0.5
bigscience/bloom-1b7,4,gender,11,informative,bn,neutral,bn,none,1.0
bigscience/bloom-1b7,4,gender,11,informative,bn,neutral,hi,none,0.5
bigscience/bloom-1b7,4,gender,11,informative,bn,neutral,en,none,0.5
bigscience/bloom-1b7,4,gender,11,informative,bn,informative,bn,shuffled,0.5833333333333334
bigscience/bloom-1b7,4,gender,12,informative,bn,informative,bn,none,1.0
bigscience/bloom-1b7,4,gender,12,informative,bn,informative,hi,none,0.5
bigscience/bloom-1b7,4,gender,12,informative,bn,informative,en,none,0.5
bigscience/bloom-1b7,4,gender,12,informative,bn,neutral,bn,none,1.0
bigscience/bloom-1b7,4,gender,12,informative,bn,neutral,hi,none,0.5
bigscience/bloom-1b7,4,gender,12,informative,bn,neutral,en,none,0.5
bigscience/bloom-1b7,4,gender,12,informative,bn,informative,bn,shuffled,0.5
bigscience/bloom-1b7,4,gender,13,informative,bn,informative,bn,none,1.0
bigscience/bloom-1b7,4,gender,13,informative,bn,informative,hi,none,0.5
bigscience/bloom-1b7,4,gender,13,informative,bn,informative,en,none,0.5
bigscience/bloom-1b7,4,gender,13,informative,bn,neutral,bn,none,1.0
bigscience/bloom-1b7,4,gender,13,informative,bn,neutral,hi,none,0.5
bigscience/bloom-1b7,4,gender,13,informative,bn,neutral,en,none,0.5
bigscience/bloom-1b7,4,gender,13,informative,bn,informative,bn,shuffled,0.4166666666666667
bigscience/bloom-1b7,4,gender,14,informative,bn,informative,bn,none,1.0
bigscience/bloom-1b7,4,gender,14,informative,bn,informative,hi,none,0.5
bigscience/bloom-1b7,4,gender,14,informative,bn,informative,en,none,0.5
bigscience/bloom-1b7,4,gender,14,informative,bn,neutral,bn,none,1.0
bigscience/bloom-1b7,4,gender,14,informative,bn,neutral,hi,none,0.5
bigscience/bloom-1b7,4,gender,14,informative,bn,neutral,en,none,0.5
bigscience/bloom-1b7,4,gender,14,informative,bn,informative,bn,shuffled,0.5
bigscience/bloom-1b7,4,gender,15,informative,bn,informative,bn,none,1.0
bigscience/bloom-1b7,4,gender,15,informative,bn,informative,hi,none,0.5
bigscience/bloom-1b7,4,gender,15,informative,bn,informative,en,none,0.5
bigscience/bloom-1b7,4,gender,15,informative,bn,neutral,bn,none,1.0
bigscience/bloom-1b7,4,gender,15,informative,bn,neutral,hi,none,0.5
bigscience/bloom-1b7,4,gender,15,informative,bn,neutral,en,none,0.5
bigscience/bloom-1b7,4,gender,15,informative,bn,informative,bn,shuffled,0.5
bigscience/bloom-1b7,4,gender,16,informative,bn,informative,bn,none,1.0
bigscience/bloom-1b7,4,gender,16,informative,bn,informative,hi,none,0.5
bigscience/bloom-1b7,4,gender,16,informative,bn,informative,en,none,0.5
bigscience/bloom-1b7,4,gender,16,informative,bn,neutral,bn,none,1.0
bigscience/bloom-1b7,4,gender,16,informative,bn,neutral,hi,none,0.5
bigscience/bloom-1b7,4,gender,16,informative,bn,neutral,en,none,0.5
bigscience/bloom-1b7,4,gender,16,informative,bn,informative,bn,shuffled,0.525
bigscience/bloom-1b7,4,gender,17,informative,bn,informative,bn,none,1.0
bigscience/bloom-1b7,4,gender,17,informative,bn,informative,hi,none,0.5
bigscience/bloom-1b7,4,gender,17,informative,bn,informative,en,none,0.5
bigscience/bloom-1b7,4,gender,17,informative,bn,neutral,bn,none,1.0
bigscience/bloom-1b7,4,gender,17,informative,bn,neutral,hi,none,0.5
bigscience/bloom-1b7,4,gender,17,informative,bn,neutral,en,none,0.5
bigscience/bloom-1b7,4,gender,17,informative,bn,informative,bn,shuffled,0.5833333333333334
bigscience/bloom-1b7,4,gender,18,informative,bn,informative,bn,none,1.0
bigscience/bloom-1b7,4,gender,18,informative,bn,informative,hi,none,0.5
bigscience/bloom-1b7,4,gender,18,informative,bn,informative,en,none,0.5
bigscience/bloom-1b7,4,gender,18,informative,bn,neutral,bn,none,1.0
bigscience/bloom-1b7,4,gender,18,informative,bn,neutral,hi,none,0.5
bigscience/bloom-1b7,4,gender,18,informative,bn,neutral,en,none,0.5
bigscience/bloom-1b7,4,gender,18,informative,bn,informative,bn,shuffled,0.5833333333333334
bigscience/bloom-1b7,4,gender,19,informative,bn,informative,bn,none,1.0
bigscience/bloom-1b7,4,gender,19,informative,bn,informative,hi,none,0.5
bigscience/bloom-1b7,4,gender,19,informative,bn,informative,en,none,0.5
bigscience/bloom-1b7,4,gender,19,informative,bn,neutral,bn,none,1.0
bigscience/bloom-1b7,4,gender,19,informative,bn,neutral,hi,none,0.5
bigscience/bloom-1b7,4,gender,19,informative,bn,neutral,en,none,0.5
bigscience/bloom-1b7,4,gender,19,informative,bn,informative,bn,shuffled,0.5
bigscience/bloom-1b7,4,gender,20,informative,bn,informative,bn,none,1.0
bigscience/bloom-1b7,4,gender,20,informative,bn,informative,hi,none,0.5
bigscience/bloom-1b7,4,gender,20,informative,bn,informative,en,none,0.5
bigscience/bloom-1b7,4,gender,20,informative,bn,neutral,bn,none,1.0
bigscience/bloom-1b7,4,gender,20,informative,bn,neutral,hi,none,0.5
bigscience/bloom-1b7,4,gender,20,informative,bn,neutral,en,none,0.5
bigscience/bloom-1b7,4,gender,20,informative,bn,informative,bn,shuffled,0.5833333333333334
bigscience/bloom-1b7,4,gender,21,informative,bn,informative,bn,none,1.0
bigscience/bloom-1b7,4,gender,21,informative,bn,informative,hi,none,0.5
bigscience/bloom-1b7,4,gender,21,informative,bn,informative,en,none,0.5
bigscience/bloom-1b7,4,gender,21,informative,bn,neutral,bn,none,1.0
bigscience/bloom-1b7,4,gender,21,informative,bn,neutral,hi,none,0.5
bigscience/bloom-1b7,4,gender,21,informative,bn,neutral,en,none,0.75
bigscience/bloom-1b7,4,gender,21,informative,bn,informative,bn,shuffled,0.5
bigscience/bloom-1b7,4,gender,22,informative,bn,informative,bn,none,1.0
bigscience/bloom-1b7,4,gender,22,informative,bn,informative,hi,none,0.5
bigscience/bloom-1b7,4,gender,22,informative,bn,informative,en,none,0.75
bigscience/bloom-1b7,4,gender,22,informative,bn,neutral,bn,none,1.0
bigscience/bloom-1b7,4,gender,22,informative,bn,neutral,hi,none,0.5
bigscience/bloom-1b7,4,gender,22,informative,bn,neutral,en,none,1.0
bigscience/bloom-1b7,4,gender,22,informative,bn,informative,bn,shuffled,0.5
bigscience/bloom-1b7,4,gender,23,informative,bn,informative,bn,none,1.0
bigscience/bloom-1b7,4,gender,23,informative,bn,informative,hi,none,0.5
bigscience/bloom-1b7,4,gender,23,informative,bn,informative,en,none,0.6666666666666666
bigscience/bloom-1b7,4,gender,23,informative,bn,neutral,bn,none,1.0
bigscience/bloom-1b7,4,gender,23,informative,bn,neutral,hi,none,0.5
bigscience/bloom-1b7,4,gender,23,informative,bn,neutral,en,none,0.8333333333333334
bigscience/bloom-1b7,4,gender,23,informative,bn,informative,bn,shuffled,0.525
bigscience/bloom-1b7,4,gender,0,informative,hi,informative,bn,none,0.08333333333333333
bigscience/bloom-1b7,4,gender,0,informative,hi,informative,hi,none,1.0
bigscience/bloom-1b7,4,gender,0,informative,hi,informative,en,none,0.0
bigscience/bloom-1b7,4,gender,0,informative,hi,neutral,bn,none,0.08333333333333333
bigscience/bloom-1b7,4,gender,0,informative,hi,neutral,hi,none,1.0
bigscience/bloom-1b7,4,gender,0,informative,hi,neutral,en,none,0.0
bigscience/bloom-1b7,4,gender,0,informative,hi,informative,hi,shuffled,0.5833333333333334
bigscience/bloom-1b7,4,gender,1,informative,hi,informative,bn,none,0.0
bigscience/bloom-1b7,4,gender,1,informative,hi,informative,hi,none,1.0
bigscience/bloom-1b7,4,gender,1,informative,hi,informative,en,none,0.5
bigscience/bloom-1b7,4,gender,1,informative,hi,neutral,bn,none,0.0
bigscience/bloom-1b7,4,gender,1,informative,hi,neutral,hi,none,1.0
bigscience/bloom-1b7,4,gender,1,informative,hi,neutral,en,none,0.5
bigscience/bloom-1b7,4,gender,1,informative,hi,informative,hi,shuffled,0.8333333333333334
bigscience/bloom-1b7,4,gender,2,informative,hi,informative,bn,none,0.5
bigscience/bloom-1b7,4,gender,2,informative,hi,informative,hi,none,1.0
bigscience/bloom-1b7,4,gender,2,informative,hi,informative,en,none,0.5
bigscience/bloom-1b7,4,gender,2,informative,hi,neutral,bn,none,0.5
bigscience/bloom-1b7,4,gender,2,informative,hi,neutral,hi,none,1.0
bigscience/bloom-1b7,4,gender,2,informative,hi,neutral,en,none,0.5
bigscience/bloom-1b7,4,gender,2,informative,hi,informative,hi,shuffled,0.5833333333333334
bigscience/bloom-1b7,4,gender,3,informative,hi,informative,bn,none,0.5
bigscience/bloom-1b7,4,gender,3,informative,hi,informative,hi,none,1.0
bigscience/bloom-1b7,4,gender,3,informative,hi,informative,en,none,0.5
bigscience/bloom-1b7,4,gender,3,informative,hi,neutral,bn,none,0.5
bigscience/bloom-1b7,4,gender,3,informative,hi,neutral,hi,none,1.0
bigscience/bloom-1b7,4,gender,3,informative,hi,neutral,en,none,0.5
bigscience/bloom-1b7,4,gender,3,informative,hi,informative,hi,shuffled,0.25
bigscience/bloom-1b7,4,gender,4,informative,hi,informative,bn,none,0.5
bigscience/bloom-1b7,4,gender,4,informative,hi,informative,hi,none,1.0
bigscience/bloom-1b7,4,gender,4,informative,hi,informative,en,none,0.5
bigscience/bloom-1b7,4,gender,4,informative,hi,neutral,bn,none,0.5
bigscience/bloom-1b7,4,gender,4,informative,hi,neutral,hi,none,1.0
bigscience/bloom-1b7,4,gender,4,informative,hi,neutral,en,none,0.5
bigscience/bloom-1b7,4,gender,4,informative,hi,informative,hi,shuffled,0.3333333333333333
bigscience/bloom-1b7,4,gender,5,informative,hi,informative,bn,none,0.5
bigscience/bloom-1b7,4,gender,5,informative,hi,informative,hi,none,1.0
bigscience/bloom-1b7,4,gender,5,informative,hi,informative,en,none,0.5
bigscience/bloom-1b7,4,gender,5,informative,hi,neutral,bn,none,0.5
bigscience/bloom-1b7,4,gender,5,informative,hi,neutral,hi,none,1.0
bigscience/bloom-1b7,4,gender,5,informative,hi,neutral,en,none,0.5
bigscience/bloom-1b7,4,gender,5,informative,hi,informative,hi,shuffled,0.5
bigscience/bloom-1b7,4,gender,6,informative,hi,informative,bn,none,0.5
bigscience/bloom-1b7,4,gender,6,informative,hi,informative,hi,none,1.0
bigscience/bloom-1b7,4,gender,6,informative,hi,informative,en,none,0.5
bigscience/bloom-1b7,4,gender,6,informative,hi,neutral,bn,none,0.5
bigscience/bloom-1b7,4,gender,6,informative,hi,neutral,hi,none,1.0
bigscience/bloom-1b7,4,gender,6,informative,hi,neutral,en,none,0.5
bigscience/bloom-1b7,4,gender,6,informative,hi,informative,hi,shuffled,0.5833333333333334
bigscience/bloom-1b7,4,gender,7,informative,hi,informative,bn,none,0.5
bigscience/bloom-1b7,4,gender,7,informative,hi,informative,hi,none,1.0
bigscience/bloom-1b7,4,gender,7,informative,hi,informative,en,none,0.5
bigscience/bloom-1b7,4,gender,7,informative,hi,neutral,bn,none,0.5
bigscience/bloom-1b7,4,gender,7,informative,hi,neutral,hi,none,1.0
bigscience/bloom-1b7,4,gender,7,informative,hi,neutral,en,none,0.5
bigscience/bloom-1b7,4,gender,7,informative,hi,informative,hi,shuffled,0.5
bigscience/bloom-1b7,4,gender,8,informative,hi,informative,bn,none,0.5
bigscience/bloom-1b7,4,gender,8,informative,hi,informative,hi,none,1.0
bigscience/bloom-1b7,4,gender,8,informative,hi,informative,en,none,0.5
bigscience/bloom-1b7,4,gender,8,informative,hi,neutral,bn,none,0.5
bigscience/bloom-1b7,4,gender,8,informative,hi,neutral,hi,none,1.0
bigscience/bloom-1b7,4,gender,8,informative,hi,neutral,en,none,0.5
bigscience/bloom-1b7,4,gender,8,informative,hi,informative,hi,shuffled,0.5
bigscience/bloom-1b7,4,gender,9,informative,hi,informative,bn,none,0.5
bigscience/bloom-1b7,4,gender,9,informative,hi,informative,hi,none,1.0
bigscience/bloom-1b7,4,gender,9,informative,hi,informative,en,none,0.5
bigscience/bloom-1b7,4,gender,9,informative,hi,neutral,bn,none,0.5
bigscience/bloom-1b7,4,gender,9,informative,hi,neutral,hi,none,1.0
bigscience/bloom-1b7,4,gender,9,informative,hi,neutral,en,none,0.5
bigscience/bloom-1b7,4,gender,9,informative,hi,informative,hi,shuffled,0.5833333333333334
bigscience/bloom-1b7,4,gender,10,informative,hi,informative,bn,none,0.5
bigscience/bloom-1b7,4,gender,10,informative,hi,informative,hi,none,1.0
bigscience/bloom-1b7,4,gender,10,informative,hi,informative,en,none,0.5
bigscience/bloom-1b7,4,gender,10,informative,hi,neutral,bn,none,0.5
bigscience/bloom-1b7,4,gender,10,informative,hi,neutral,hi,none,1.0
bigscience/bloom-1b7,4,gender,10,informative,hi,neutral,en,none,0.5
bigscience/bloom-1b7,4,gender,10,informative,hi,informative,hi,shuffled,0.6666666666666666
bigscience/bloom-1b7,4,gender,11,informative,hi,informative,bn,none,0.5
bigscience/bloom-1b7,4,gender,11,informative,hi,informative,hi,none,1.0
bigscience/bloom-1b7,4,gender,11,informative,hi,informative,en,none,0.5
bigscience/bloom-1b7,4,gender,11,informative,hi,neutral,bn,none,0.5833333333333334
bigscience/bloom-1b7,4,gender,11,informative,hi,neutral,hi,none,1.0
bigscience/bloom-1b7,4,gender,11,informative,hi,neutral,en,none,0.5
bigscience/bloom-1b7,4,gender,11,informative,hi,informative,hi,shuffled,0.4166666666666667
bigscience/bloom-1b7,4,gender,12,informative,hi,informative,bn,none,0.5
bigscience/bloom-1b7,4,gender,12,informative,hi,informative,hi,none,1.0
bigscience/bloom-1b7,4,gender,12,informative,hi,informative,en,none,0.5
bigscience/bloom-1b7,4,gender,12,informative,hi,neutral,bn,none,0.5
bigscience/bloom-1b7,4,gender,12,informative,hi,neutral,hi,none,1.0
bigscience/bloom-1b7,4,gender,12,informative,hi,neutral,en,none,0.5
bigscience/bloom-1b7,4,gender,12,informative,hi,informative,hi,shuffled,0.5583333333333333
bigscience/bloom-1b7,4,gender,13,informative,hi,informative,bn,none,0.5
bigscience/bloom-1b7,4,gender,13,informative,hi,informative,hi,none,1.0
bigscience/bloom-1b7,4,gender,13,informative,hi,informative,en,none,0.5
bigscience/bloom-1b7,4,gender,13,informative,hi,neutral,bn,none,0.5833333333333334
bigscience/bloom-1b7,4,gender,13,informative,hi,neutral,hi,none,1.0
bigscience/bloom-1b7,4,gender,13,informative,hi,neutral,en,none,0.5
bigscience/bloom-1b7,4,gender,13,informative,hi,informative,hi,shuffled,0.5833333333333334
bigscience/bloom-1b7,4,gender,14,informative,hi,informative,bn,none,0.5
bigscience/bloom-1b7,4,gender,14,informative,hi,informative,hi,none,1.0
bigscience/bloom-1b7,4,gender,14,informative,hi,informative,en,none,0.5
bigscience/bloom-1b7,4,gender,14,informative,hi,neutral,bn,none,0.5
bigscience/bloom-1b7,4,gender,14,informative,hi,neutral,hi,none,1.0
bigscience/bloom-1b7,4,gender,14,informative,hi,neutral,en,none,0.5
bigscience/bloom-1b7,4,gender,14,informative,hi,informative,hi,shuffled,0.5
bigscience/bloom-1b7,4,gender,15,informative,hi,informative,bn,none,0.5
bigscience/bloom-1b7,4,gender,15,informative,hi,informative,hi,none,1.0
bigscience/bloom-1b7,4,gender,15,informative,hi,informative,en,none,0.5
bigscience/bloom-1b7,4,gender,15,informative,hi,neutral,bn,none,0.5
bigscience/bloom-1b7,4,gender,15,informative,hi,neutral,hi,none,1.0
bigscience/bloom-1b7,4,gender,15,informative,hi,neutral,en,none,0.5
bigscience/bloom-1b7,4,gender,15,informative,hi,informative,hi,shuffled,0.6666666666666666
bigscience/bloom-1b7,4,gender,16,informative,hi,informative,bn,none,0.5
bigscience/bloom-1b7,4,gender,16,informative,hi,informative,hi,none,1.0
bigscience/bloom-1b7,4,gender,16,informative,hi,informative,en,none,0.5
bigscience/bloom-1b7,4,gender,16,informative,hi,neutral,bn,none,0.6666666666666666
bigscience/bloom-1b7,4,gender,16,informative,hi,neutral,hi,none,1.0
bigscience/bloom-1b7,4,gender,16,informative,hi,neutral,en,none,0.5
bigscience/bloom-1b7,4,gender,16,informative,hi,informative,hi,shuffled,0.6666666666666666
bigscience/bloom-1b7,4,gender,17,informative,hi,informative,bn,none,0.5
bigscience/bloom-1b7,4,gender,17,informative,hi,informative,hi,none,1.0
bigscience/bloom-1b7,4,gender,17,informative,hi,informative,en,none,0.5
bigscience/bloom-1b7,4,gender,17,informative,hi,neutral,bn,none,0.5833333333333334
bigscience/bloom-1b7,4,gender,17,informative,hi,neutral,hi,none,1.0
bigscience/bloom-1b7,4,gender,17,informative,hi,neutral,en,none,0.5
bigscience/bloom-1b7,4,gender,17,informative,hi,informative,hi,shuffled,0.6666666666666666
bigscience/bloom-1b7,4,gender,18,informative,hi,informative,bn,none,0.5
bigscience/bloom-1b7,4,gender,18,informative,hi,informative,hi,none,1.0
bigscience/bloom-1b7,4,gender,18,informative,hi,informative,en,none,0.5
bigscience/bloom-1b7,4,gender,18,informative,hi,neutral,bn,none,0.5
bigscience/bloom-1b7,4,gender,18,informative,hi,neutral,hi,none,1.0
bigscience/bloom-1b7,4,gender,18,informative,hi,neutral,en,none,0.4166666666666667
bigscience/bloom-1b7,4,gender,18,informative,hi,informative,hi,shuffled,0.5833333333333334
bigscience/bloom-1b7,4,gender,19,informative,hi,informative,bn,none,0.5
bigscience/bloom-1b7,4,gender,19,informative,hi,informative,hi,none,1.0
bigscience/bloom-1b7,4,gender,19,informative,hi,informative,en,none,0.25
bigscience/bloom-1b7,4,gender,19,informative,hi,neutral,bn,none,0.25
bigscience/bloom-1b7,4,gender,19,informative,hi,neutral,hi,none,1.0
bigscience/bloom-1b7,4,gender,19,informative,hi,neutral,en,none,0.25
bigscience/bloom-1b7,4,gender,19,informative,hi,informative,hi,shuffled,0.5
bigscience/bloom-1b7,4,gender,20,informative,hi,informative,bn,none,0.4166666666666667
bigscience/bloom-1b7,4,gender,20,informative,hi,informative,hi,none,1.0
bigscience/bloom-1b7,4,gender,20,informative,hi,informative,en,none,0.5
bigscience/bloom-1b7,4,gender,20,informative,hi,neutral,bn,none,0.25
bigscience/bloom-1b7,4,gender,20,informative,hi,neutral,hi,none,1.0
bigscience/bloom-1b7,4,gender,20,informative,hi,neutral,en,none,0.25
bigscience/bloom-1b7,4,gender,20,informative,hi,informative,hi,shuffled,0.5
bigscience/bloom-1b7,4,gender,21,informative,hi,informative,bn,none,0.16666666666666666
bigscience/bloom-1b7,4,gender,21,informative,hi,informative,hi,none,1.0
bigscience/bloom-1b7,4,gender,21,informative,hi,informative,en,none,0.5
bigscience/bloom-1b7,4,gender,21,informative,hi,neutral,bn,none,0.16666666666666666
bigscience/bloom-1b7,4,gender,21,informative,hi,neutral,hi,none,1.0
bigscience/bloom-1b7,4,gender,21,informative,hi,neutral,en,none,0.25
bigscience/bloom-1b7,4,gender,21,informative,hi,informative,hi,shuffled,0.5833333333333334
bigscience/bloom-1b7,4,gender,22,informative,hi,informative,bn,none,0.3333333333333333
bigscience/bloom-1b7,4,gender,22,informative,hi,informative,hi,none,1.0
bigscience/bloom-1b7,4,gender,22,informative,hi,informative,en,none,0.4166666666666667
bigscience/bloom-1b7,4,gender,22,informative,hi,neutral,bn,none,0.16666666666666666
bigscience/bloom-1b7,4,gender,22,informative,hi,neutral,hi,none,1.0
bigscience/bloom-1b7,4,gender,22,informative,hi,neutral,en,none,0.25
bigscience/bloom-1b7,4,gender,22,informative,hi,informative,hi,shuffled,0.5
bigscience/bloom-1b7,4,gender,23,informative,hi,informative,bn,none,0.5
bigscience/bloom-1b7,4,gender,23,informative,hi,informative,hi,none,1.0
bigscience/bloom-1b7,4,gender,23,informative,hi,informative,en,none,0.25
bigscience/bloom-1b7,4,gender,23,informative,hi,neutral,bn,none,0.5
bigscience/bloom-1b7,4,gender,23,informative,hi,neutral,hi,none,1.0
bigscience/bloom-1b7,4,gender,23,informative,hi,neutral,en,none,0.25
bigscience/bloom-1b7,4,gender,23,informative,hi,informative,hi,shuffled,0.5
bigscience/bloom-1b7,4,gender,0,informative,en,informative,bn,none,0.5
bigscience/bloom-1b7,4,gender,0,informative,en,informative,hi,none,0.5
bigscience/bloom-1b7,4,gender,0,informative,en,informative,en,none,1.0
bigscience/bloom-1b7,4,gender,0,informative,en,neutral,bn,none,0.5
bigscience/bloom-1b7,4,gender,0,informative,en,neutral,hi,none,0.5
bigscience/bloom-1b7,4,gender,0,informative,en,neutral,en,none,1.0
bigscience/bloom-1b7,4,gender,0,informative,en,informative,en,shuffled,0.4166666666666667
bigscience/bloom-1b7,4,gender,1,informative,en,informative,bn,none,0.5
bigscience/bloom-1b7,4,gender,1,informative,en,informative,hi,none,0.5
bigscience/bloom-1b7,4,gender,1,informative,en,informative,en,none,1.0
bigscience/bloom-1b7,4,gender,1,informative,en,neutral,bn,none,0.5
bigscience/bloom-1b7,4,gender,1,informative,en,neutral,hi,none,0.5
bigscience/bloom-1b7,4,gender,1,informative,en,neutral,en,none,1.0
bigscience/bloom-1b7,4,gender,1,informative,en,informative,en,shuffled,0.4166666666666667
bigscience/bloom-1b7,4,gender,2,informative,en,informative,bn,none,0.5
bigscience/bloom-1b7,4,gender,2,informative,en,informative,hi,none,0.5
bigscience/bloom-1b7,4,gender,2,informative,en,informative,en,none,1.0
bigscience/bloom-1b7,4,gender,2,informative,en,neutral,bn,none,0.5
bigscience/bloom-1b7,4,gender,2,informative,en,neutral,hi,none,0.5
bigscience/bloom-1b7,4,gender,2,informative,en,neutral,en,none,1.0
bigscience/bloom-1b7,4,gender,2,informative,en,informative,en,shuffled,0.6416666666666667
bigscience/bloom-1b7,4,gender,3,informative,en,informative,bn,none,0.5
bigscience/bloom-1b7,4,gender,3,informative,en,informative,hi,none,0.5
bigscience/bloom-1b7,4,gender,3,informative,en,informative,en,none,1.0
bigscience/bloom-1b7,4,gender,3,informative,en,neutral,bn,none,0.5
bigscience/bloom-1b7,4,gender,3,informative,en,neutral,hi,none,0.5
bigscience/bloom-1b7,4,gender,3,informative,en,neutral,en,none,1.0
bigscience/bloom-1b7,4,gender,3,informative,en,informative,en,shuffled,0.5833333333333334
bigscience/bloom-1b7,4,gender,4,informative,en,informative,bn,none,0.5
bigscience/bloom-1b7,4,gender,4,informative,en,informative,hi,none,0.5
bigscience/bloom-1b7,4,gender,4,informative,en,informative,en,none,1.0
bigscience/bloom-1b7,4,gender,4,informative,en,neutral,bn,none,0.5
bigscience/bloom-1b7,4,gender,4,informative,en,neutral,hi,none,0.5
bigscience/bloom-1b7,4,gender,4,informative,en,neutral,en,none,1.0
bigscience/bloom-1b7,4,gender,4,informative,en,informative,en,shuffled,0.5
bigscience/bloom-1b7,4,gender,5,informative,en,informative,bn,none,0.5
bigscience/bloom-1b7,4,gender,5,informative,en,informative,hi,none,0.5
bigscience/bloom-1b7,4,gender,5,informative,en,informative,en,none,1.0
bigscience/bloom-1b7,4,gender,5,informative,en,neutral,bn,none,0.5
bigscience/bloom-1b7,4,gender,5,informative,en,neutral,hi,none,0.5
bigscience/bloom-1b7,4,gender,5,informative,en,neutral,en,none,1.0
bigscience/bloom-1b7,4,gender,5,informative,en,informative,en,shuffled,0.5
bigscience/bloom-1b7,4,gender,6,informative,en,informative,bn,none,0.5
bigscience/bloom-1b7,4,gender,6,informative,en,informative,hi,none,0.5
bigscience/bloom-1b7,4,gender,6,informative,en,informative,en,none,1.0
bigscience/bloom-1b7,4,gender,6,informative,en,neutral,bn,none,0.5
bigscience/bloom-1b7,4,gender,6,informative,en,neutral,hi,none,0.5
bigscience/bloom-1b7,4,gender,6,informative,en,neutral,en,none,1.0
bigscience/bloom-1b7,4,gender,6,informative,en,informative,en,shuffled,0.5833333333333334
bigscience/bloom-1b7,4,gender,7,informative,en,informative,bn,none,0.5
bigscience/bloom-1b7,4,gender,7,informative,en,informative,hi,none,0.5
bigscience/bloom-1b7,4,gender,7,informative,en,informative,en,none,1.0
bigscience/bloom-1b7,4,gender,7,informative,en,neutral,bn,none,0.5
bigscience/bloom-1b7,4,gender,7,informative,en,neutral,hi,none,0.5
bigscience/bloom-1b7,4,gender,7,informative,en,neutral,en,none,1.0
bigscience/bloom-1b7,4,gender,7,informative,en,informative,en,shuffled,0.8333333333333334
bigscience/bloom-1b7,4,gender,8,informative,en,informative,bn,none,0.5
bigscience/bloom-1b7,4,gender,8,informative,en,informative,hi,none,0.5
bigscience/bloom-1b7,4,gender,8,informative,en,informative,en,none,1.0
bigscience/bloom-1b7,4,gender,8,informative,en,neutral,bn,none,0.5
bigscience/bloom-1b7,4,gender,8,informative,en,neutral,hi,none,0.5
bigscience/bloom-1b7,4,gender,8,informative,en,neutral,en,none,1.0
bigscience/bloom-1b7,4,gender,8,informative,en,informative,en,shuffled,0.6666666666666666
bigscience/bloom-1b7,4,gender,9,informative,en,informative,bn,none,0.5
bigscience/bloom-1b7,4,gender,9,informative,en,informative,hi,none,0.5
bigscience/bloom-1b7,4,gender,9,informative,en,informative,en,none,1.0
bigscience/bloom-1b7,4,gender,9,informative,en,neutral,bn,none,0.5
bigscience/bloom-1b7,4,gender,9,informative,en,neutral,hi,none,0.5
bigscience/bloom-1b7,4,gender,9,informative,en,neutral,en,none,1.0
bigscience/bloom-1b7,4,gender,9,informative,en,informative,en,shuffled,0.8916666666666667
bigscience/bloom-1b7,4,gender,10,informative,en,informative,bn,none,0.5
bigscience/bloom-1b7,4,gender,10,informative,en,informative,hi,none,0.5
bigscience/bloom-1b7,4,gender,10,informative,en,informative,en,none,1.0
bigscience/bloom-1b7,4,gender,10,informative,en,neutral,bn,none,0.5
bigscience/bloom-1b7,4,gender,10,informative,en,neutral,hi,none,0.5
bigscience/bloom-1b7,4,gender,10,informative,en,neutral,en,none,1.0
bigscience/bloom-1b7,4,gender,10,informative,en,informative,en,shuffled,0.475
bigscience/bloom-1b7,4,gender,11,informative,en,informative,bn,none,0.5
bigscience/bloom-1b7,4,gender,11,informative,en,informative,hi,none,0.5
bigscience/bloom-1b7,4,gender,11,informative,en,informative,en,none,1.0
bigscience/bloom-1b7,4,gender,11,informative,en,neutral,bn,none,0.5
bigscience/bloom-1b7,4,gender,11,informative,en,neutral,hi,none,0.5
bigscience/bloom-1b7,4,gender,11,informative,en,neutral,en,none,1.0
bigscience/bloom-1b7,4,gender,11,informative,en,informative,en,shuffled,0.6666666666666666
bigscience/bloom-1b7,4,gender,12,informative,en,informative,bn,none,0.5
bigscience/bloom-1b7,4,gender,12,informative,en,informative,hi,none,0.5
bigscience/bloom-1b7,4,gender,12,informative,en,informative,en,none,1.0
bigscience/bloom-1b7,4,gender,12,informative,en,neutral,bn,none,0.5
bigscience/bloom-1b7,4,gender,12,informative,en,neutral,hi,none,0.5
bigscience/bloom-1b7,4,gender,12,informative,en,neutral,en,none,1.0
bigscience/bloom-1b7,4,gender,12,informative,en,informative,en,shuffled,0.6666666666666666
bigscience/bloom-1b7,4,gender,13,informative,en,informative,bn,none,0.5
bigscience/bloom-1b7,4,gender,13,informative,en,informative,hi,none,0.5
bigscience/bloom-1b7,4,gender,13,informative,en,informative,en,none,1.0
bigscience/bloom-1b7,4,gender,13,informative,en,neutral,bn,none,0.5
bigscience/bloom-1b7,4,gender,13,informative,en,neutral,hi,none,0.5
bigscience/bloom-1b7,4,gender,13,informative,en,neutral,en,none,1.0
bigscience/bloom-1b7,4,gender,13,informative,en,informative,en,shuffled,0.5833333333333334
bigscience/bloom-1b7,4,gender,14,informative,en,informative,bn,none,0.5
bigscience/bloom-1b7,4,gender,14,informative,en,informative,hi,none,0.5
bigscience/bloom-1b7,4,gender,14,informative,en,informative,en,none,1.0
bigscience/bloom-1b7,4,gender,14,informative,en,neutral,bn,none,0.5
bigscience/bloom-1b7,4,gender,14,informative,en,neutral,hi,none,0.5
bigscience/bloom-1b7,4,gender,14,informative,en,neutral,en,none,1.0
bigscience/bloom-1b7,4,gender,14,informative,en,informative,en,shuffled,0.5
bigscience/bloom-1b7,4,gender,15,informative,en,informative,bn,none,0.5
bigscience/bloom-1b7,4,gender,15,informative,en,informative,hi,none,0.5
bigscience/bloom-1b7,4,gender,15,informative,en,informative,en,none,1.0
bigscience/bloom-1b7,4,gender,15,informative,en,neutral,bn,none,0.5
bigscience/bloom-1b7,4,gender,15,informative,en,neutral,hi,none,0.5
bigscience/bloom-1b7,4,gender,15,informative,en,neutral,en,none,1.0
bigscience/bloom-1b7,4,gender,15,informative,en,informative,en,shuffled,0.5333333333333333
bigscience/bloom-1b7,4,gender,16,informative,en,informative,bn,none,0.5
bigscience/bloom-1b7,4,gender,16,informative,en,informative,hi,none,0.5
bigscience/bloom-1b7,4,gender,16,informative,en,informative,en,none,1.0
bigscience/bloom-1b7,4,gender,16,informative,en,neutral,bn,none,0.5
bigscience/bloom-1b7,4,gender,16,informative,en,neutral,hi,none,0.5
bigscience/bloom-1b7,4,gender,16,informative,en,neutral,en,none,1.0
bigscience/bloom-1b7,4,gender,16,informative,en,informative,en,shuffled,0.5
bigscience/bloom-1b7,4,gender,17,informative,en,informative,bn,none,0.5
bigscience/bloom-1b7,4,gender,17,informative,en,informative,hi,none,0.5
bigscience/bloom-1b7,4,gender,17,informative,en,informative,en,none,1.0
bigscience/bloom-1b7,4,gender,17,informative,en,neutral,bn,none,0.5
bigscience/bloom-1b7,4,gender,17,informative,en,neutral,hi,none,0.5
bigscience/bloom-1b7,4,gender,17,informative,en,neutral,en,none,1.0
bigscience/bloom-1b7,4,gender,17,informative,en,informative,en,shuffled,0.4166666666666667
bigscience/bloom-1b7,4,gender,18,informative,en,informative,bn,none,0.5
bigscience/bloom-1b7,4,gender,18,informative,en,informative,hi,none,0.5
bigscience/bloom-1b7,4,gender,18,informative,en,informative,en,none,1.0
bigscience/bloom-1b7,4,gender,18,informative,en,neutral,bn,none,0.5
bigscience/bloom-1b7,4,gender,18,informative,en,neutral,hi,none,0.5
bigscience/bloom-1b7,4,gender,18,informative,en,neutral,en,none,1.0
bigscience/bloom-1b7,4,gender,18,informative,en,informative,en,shuffled,0.525
bigscience/bloom-1b7,4,gender,19,informative,en,informative,bn,none,0.5
bigscience/bloom-1b7,4,gender,19,informative,en,informative,hi,none,0.5
bigscience/bloom-1b7,4,gender,19,informative,en,informative,en,none,1.0
bigscience/bloom-1b7,4,gender,19,informative,en,neutral,bn,none,0.5
bigscience/bloom-1b7,4,gender,19,informative,en,neutral,hi,none,0.5
bigscience/bloom-1b7,4,gender,19,informative,en,neutral,en,none,1.0
bigscience/bloom-1b7,4,gender,19,informative,en,informative,en,shuffled,0.5
bigscience/bloom-1b7,4,gender,20,informative,en,informative,bn,none,0.5
bigscience/bloom-1b7,4,gender,20,informative,en,informative,hi,none,0.5
bigscience/bloom-1b7,4,gender,20,informative,en,informative,en,none,1.0
bigscience/bloom-1b7,4,gender,20,informative,en,neutral,bn,none,0.5
bigscience/bloom-1b7,4,gender,20,informative,en,neutral,hi,none,0.5
bigscience/bloom-1b7,4,gender,20,informative,en,neutral,en,none,1.0
bigscience/bloom-1b7,4,gender,20,informative,en,informative,en,shuffled,0.5
bigscience/bloom-1b7,4,gender,21,informative,en,informative,bn,none,0.5
bigscience/bloom-1b7,4,gender,21,informative,en,informative,hi,none,0.5
bigscience/bloom-1b7,4,gender,21,informative,en,informative,en,none,1.0
bigscience/bloom-1b7,4,gender,21,informative,en,neutral,bn,none,0.5
bigscience/bloom-1b7,4,gender,21,informative,en,neutral,hi,none,0.5
bigscience/bloom-1b7,4,gender,21,informative,en,neutral,en,none,1.0
bigscience/bloom-1b7,4,gender,21,informative,en,informative,en,shuffled,0.5
bigscience/bloom-1b7,4,gender,22,informative,en,informative,bn,none,0.5
bigscience/bloom-1b7,4,gender,22,informative,en,informative,hi,none,0.5
bigscience/bloom-1b7,4,gender,22,informative,en,informative,en,none,1.0
bigscience/bloom-1b7,4,gender,22,informative,en,neutral,bn,none,0.5
bigscience/bloom-1b7,4,gender,22,informative,en,neutral,hi,none,0.5
bigscience/bloom-1b7,4,gender,22,informative,en,neutral,en,none,1.0
bigscience/bloom-1b7,4,gender,22,informative,en,informative,en,shuffled,0.5
bigscience/bloom-1b7,4,gender,23,informative,en,informative,bn,none,0.5
bigscience/bloom-1b7,4,gender,23,informative,en,informative,hi,none,0.5
bigscience/bloom-1b7,4,gender,23,informative,en,informative,en,none,1.0
bigscience/bloom-1b7,4,gender,23,informative,en,neutral,bn,none,0.5
bigscience/bloom-1b7,4,gender,23,informative,en,neutral,hi,none,0.5
bigscience/bloom-1b7,4,gender,23,informative,en,neutral,en,none,1.0
bigscience/bloom-1b7,4,gender,23,informative,en,informative,en,shuffled,0.5
bigscience/bloom-1b7,4,gender,0,neutral,bn,informative,bn,none,1.0
bigscience/bloom-1b7,4,gender,0,neutral,bn,informative,hi,none,0.5
bigscience/bloom-1b7,4,gender,0,neutral,bn,informative,en,none,0.5
bigscience/bloom-1b7,4,gender,0,neutral,bn,neutral,bn,none,1.0
bigscience/bloom-1b7,4,gender,0,neutral,bn,neutral,hi,none,0.5
bigscience/bloom-1b7,4,gender,0,neutral,bn,neutral,en,none,0.5833333333333334
bigscience/bloom-1b7,4,gender,0,neutral,bn,neutral,bn,shuffled,0.5833333333333334
bigscience/bloom-1b7,4,gender,1,neutral,bn,informative,bn,none,1.0
bigscience/bloom-1b7,4,gender,1,neutral,bn,informative,hi,none,0.5833333333333334
bigscience/bloom-1b7,4,gender,1,neutral,bn,informative,en,none,0.5833333333333334
bigscience/bloom-1b7,4,gender,1,neutral,bn,neutral,bn,none,1.0
bigscience/bloom-1b7,4,gender,1,neutral,bn,neutral,hi,none,0.5833333333333334
bigscience/bloom-1b7,4,gender,1,neutral,bn,neutral,en,none,0.8333333333333334
bigscience/bloom-1b7,4,gender,1,neutral,bn,neutral,bn,shuffled,0.4166666666666667
bigscience/bloom-1b7,4,gender,2,neutral,bn,informative,bn,none,1.0
bigscience/bloom-1b7,4,gender,2,neutral,bn,informative,hi,none,1.0
bigscience/bloom-1b7,4,gender,2,neutral,bn,informative,en,none,1.0
bigscience/bloom-1b7,4,gender,2,neutral,bn,neutral,bn,none,1.0
bigscience/bloom-1b7,4,gender,2,neutral,bn,neutral,hi,none,1.0
bigscience/bloom-1b7,4,gender,2,neutral,bn,neutral,en,none,1.0
bigscience/bloom-1b7,4,gender,2,neutral,bn,neutral,bn,shuffled,0.75
bigscience/bloom-1b7,4,gender,3,neutral,bn,informative,bn,none,1.0
bigscience/bloom-1b7,4,gender,3,neutral,bn,informative,hi,none,1.0
bigscience/bloom-1b7,4,gender,3,neutral,bn,informative,en,none,0.5
bigscience/bloom-1b7,4,gender,3,neutral,bn,neutral,bn,none,1.0
bigscience/bloom-1b7,4,gender,3,neutral,bn,neutral,hi,none,1.0
bigscience/bloom-1b7,4,gender,3,neutral,bn,neutral,en,none,0.5
bigscience/bloom-1b7,4,gender,3,neutral,bn,neutral,bn,shuffled,0.6666666666666666
bigscience/bloom-1b7,4,gender,4,neutral,bn,informative,bn,none,1.0
bigscience/bloom-1b7,4,gender,4,neutral,bn,informative,hi,none,1.0
bigscience/bloom-1b7,4,gender,4,neutral,bn,informative,en,none,0.5
bigscience/bloom-1b7,4,gender,4,neutral,bn,neutral,bn,none,1.0
bigscience/bloom-1b7,4,gender,4,neutral,bn,neutral,hi,none,1.0
bigscience/bloom-1b7,4,gender,4,neutral,bn,neutral,en,none,0.5
bigscience/bloom-1b7,4,gender,4,neutral,bn,neutral,bn,shuffled,0.75
bigscience/bloom-1b7,4,gender,5,neutral,bn,informative,bn,none,1.0
bigscience/bloom-1b7,4,gender,5,neutral,bn,informative,hi,none,0.5
bigscience/bloom-1b7,4,gender,5,neutral,bn,informative,en,none,0.5
bigscience/bloom-1b7,4,gender,5,neutral,bn,neutral,bn,none,1.0
bigscience/bloom-1b7,4,gender,5,neutral,bn,neutral,hi,none,0.5
bigscience/bloom-1b7,4,gender,5,neutral,bn,neutral,en,none,0.5
bigscience/bloom-1b7,4,gender,5,neutral,bn,neutral,bn,shuffled,0.5
bigscience/bloom-1b7,4,gender,6,neutral,bn,informative,bn,none,1.0
bigscience/bloom-1b7,4,gender,6,neutral,bn,informative,hi,none,0.5
bigscience/bloom-1b7,4,gender,6,neutral,bn,informative,en,none,0.5
bigscience/bloom-1b7,4,gender,6,neutral,bn,neutral,bn,none,1.0
bigscience/bloom-1b7,4,gender,6,neutral,bn,neutral,hi,none,0.5
bigscience/bloom-1b7,4,gender,6,neutral,bn,neutral,en,none,0.5
bigscience/bloom-1b7,4,gender,6,neutral,bn,neutral,bn,shuffled,0.6666666666666666
bigscience/bloom-1b7,4,gender,7,neutral,bn,informative,bn,none,1.0
bigscience/bloom-1b7,4,gender,7,neutral,bn,informative,hi,none,0.5
bigscience/bloom-1b7,4,gender,7,neutral,bn,informative,en,none,0.5
bigscience/bloom-1b7,4,gender,7,neutral,bn,neutral,bn,none,1.0
bigscience/bloom-1b7,4,gender,7,neutral,bn,neutral,hi,none,0.5
bigscience/bloom-1b7,4,gender,7,neutral,bn,neutral,en,none,0.5
bigscience/bloom-1b7,4,gender,7,neutral,bn,neutral,bn,shuffled,0.5833333333333334
bigscience/bloom-1b7,4,gender,8,neutral,bn,informative,bn,none,1.0
bigscience/bloom-1b7,4,gender,8,neutral,bn,informative,hi,none,0.5
bigscience/bloom-1b7,4,gender,8,neutral,bn,informative,en,none,0.5
bigscience/bloom-1b7,4,gender,8,neutral,bn,neutral,bn,none,1.0
bigscience/bloom-1b7,4,gender,8,neutral,bn,neutral,hi,none,0.5
bigscience/bloom-1b7,4,gender,8,neutral,bn,neutral,en,none,0.5
bigscience/bloom-1b7,4,gender,8,neutral,bn,neutral,bn,shuffled,0.5833333333333334
bigscience/bloom-1b7,4,gender,9,neutral,bn,informative,bn,none,1.0
bigscience/bloom-1b7,4,gender,9,neutral,bn,informative,hi,none,0.5
bigscience/bloom-1b7,4,gender,9,neutral,bn,informative,en,none,0.5
bigscience/bloom-1b7,4,gender,9,neutral,bn,neutral,bn,none,1.0
bigscience/bloom-1b7,4,gender,9,neutral,bn,neutral,hi,none,0.5
bigscience/bloom-1b7,4,gender,9,neutral,bn,neutral,en,none,0.5
bigscience/bloom-1b7,4,gender,9,neutral,bn,neutral,bn,shuffled,0.5
bigscience/bloom-1b7,4,gender,10,neutral,bn,informative,bn,none,1.0
bigscience/bloom-1b7,4,gender,10,neutral,bn,informative,hi,none,0.5
bigscience/bloom-1b7,4,gender,10,neutral,bn,informative,en,none,0.5
bigscience/bloom-1b7,4,gender,10,neutral,bn,neutral,bn,none,1.0
bigscience/bloom-1b7,4,gender,10,neutral,bn,neutral,hi,none,0.5
bigscience/bloom-1b7,4,gender,10,neutral,bn,neutral,en,none,0.5
bigscience/bloom-1b7,4,gender,10,neutral,bn,neutral,bn,shuffled,0.5
bigscience/bloom-1b7,4,gender,11,neutral,bn,informative,bn,none,1.0
bigscience/bloom-1b7,4,gender,11,neutral,bn,informative,hi,none,0.5
bigscience/bloom-1b7,4,gender,11,neutral,bn,informative,en,none,0.5
bigscience/bloom-1b7,4,gender,11,neutral,bn,neutral,bn,none,1.0
bigscience/bloom-1b7,4,gender,11,neutral,bn,neutral,hi,none,0.5
bigscience/bloom-1b7,4,gender,11,neutral,bn,neutral,en,none,0.5
bigscience/bloom-1b7,4,gender,11,neutral,bn,neutral,bn,shuffled,0.5833333333333334
bigscience/bloom-1b7,4,gender,12,neutral,bn,informative,bn,none,1.0
bigscience/bloom-1b7,4,gender,12,neutral,bn,informative,hi,none,0.5
bigscience/bloom-1b7,4,gender,12,neutral,bn,informative,en,none,0.5
bigscience/bloom-1b7,4,gender,12,neutral,bn,neutral,bn,none,1.0
bigscience/bloom-1b7,4,gender,12,neutral,bn,neutral,hi,none,0.5
bigscience/bloom-1b7,4,gender,12,neutral,bn,neutral,en,none,0.5
bigscience/bloom-1b7,4,gender,12,neutral,bn,neutral,bn,shuffled,0.5
bigscience/bloom-1b7,4,gender,13,neutral,bn,informative,bn,none,1.0
bigscience/bloom-1b7,4,gender,13,neutral,bn,informative,hi,none,0.5
bigscience/bloom-1b7,4,gender,13,neutral,bn,informative,en,none,0.5
bigscience/bloom-1b7,4,gender,13,neutral,bn,neutral,bn,none,1.0
bigscience/bloom-1b7,4,gender,13,neutral,bn,neutral,hi,none,0.5
bigscience/bloom-1b7,4,gender,13,neutral,bn,neutral,en,none,0.5
bigscience/bloom-1b7,4,gender,13,neutral,bn,neutral,bn,shuffled,0.5833333333333334
bigscience/bloom-1b7,4,gender,14,neutral,bn,informative,bn,none,1.0
bigscience/bloom-1b7,4,gender,14,neutral,bn,informative,hi,none,0.5
bigscience/bloom-1b7,4,gender,14,neutral,bn,informative,en,none,0.5
bigscience/bloom-1b7,4,gender,14,neutral,bn,neutral,bn,none,1.0
bigscience/bloom-1b7,4,gender,14,neutral,bn,neutral,hi,none,0.5
bigscience/bloom-1b7,4,gender,14,neutral,bn,neutral,en,none,0.5
bigscience/bloom-1b7,4,gender,14,neutral,bn,neutral,bn,shuffled,0.5
bigscience/bloom-1b7,4,gender,15,neutral,bn,informative,bn,none,1.0
bigscience/bloom-1b7,4,gender,15,neutral,bn,informative,hi,none,0.5
bigscience/bloom-1b7,4,gender,15,neutral,bn,informative,en,none,0.5
bigscience/bloom-1b7,4,gender,15,neutral,bn,neutral,bn,none,1.0
bigscience/bloom-1b7,4,gender,15,neutral,bn,neutral,hi,none,0.5
bigscience/bloom-1b7,4,gender,15,neutral,bn,neutral,en,none,0.5
bigscience/bloom-1b7,4,gender,15,neutral,bn,neutral,bn,shuffled,0.6666666666666666
bigscience/bloom-1b7,4,gender,16,neutral,bn,informative,bn,none,1.0
bigscience/bloom-1b7,4,gender,16,neutral,bn,informative,hi,none,0.5
bigscience/bloom-1b7,4,gender,16,neutral,bn,informative,en,none,0.5
bigscience/bloom-1b7,4,gender,16,neutral,bn,neutral,bn,none,1.0
bigscience/bloom-1b7,4,gender,16,neutral,bn,neutral,hi,none,0.5
bigscience/bloom-1b7,4,gender,16,neutral,bn,neutral,en,none,0.5
bigscience/bloom-1b7,4,gender,16,neutral,bn,neutral,bn,shuffled,0.5833333333333334
bigscience/bloom-1b7,4,gender,17,neutral,bn,informative,bn,none,1.0
bigscience/bloom-1b7,4,gender,17,neutral,bn,informative,hi,none,0.5
bigscience/bloom-1b7,4,gender,17,neutral,bn,informative,en,none,0.5
bigscience/bloom-1b7,4,gender,17,neutral,bn,neutral,bn,none,1.0
bigscience/bloom-1b7,4,gender,17,neutral,bn,neutral,hi,none,0.5
bigscience/bloom-1b7,4,gender,17,neutral,bn,neutral,en,none,0.5
bigscience/bloom-1b7,4,gender,17,neutral,bn,neutral,bn,shuffled,0.8583333333333333
bigscience/bloom-1b7,4,gender,18,neutral,bn,informative,bn,none,1.0
bigscience/bloom-1b7,4,gender,18,neutral,bn,informative,hi,none,0.5
bigscience/bloom-1b7,4,gender,18,neutral,bn,informative,en,none,0.5
bigscience/bloom-1b7,4,gender,18,neutral,bn,neutral,bn,none,1.0
bigscience/bloom-1b7,4,gender,18,neutral,bn,neutral,hi,none,0.5
bigscience/bloom-1b7,4,gender,18,neutral,bn,neutral,en,none,0.5
bigscience/bloom-1b7,4,gender,18,neutral,bn,neutral,bn,shuffled,0.5833333333333334
bigscience/bloom-1b7,4,gender,19,neutral,bn,informative,bn,none,1.0
bigscience/bloom-1b7,4,gender,19,neutral,bn,informative,hi,none,0.5
bigscience/bloom-1b7,4,gender,19,neutral,bn,informative,en,none,0.5
bigscience/bloom-1b7,4,gender,19,neutral,bn,neutral,bn,none,1.0
bigscience/bloom-1b7,4,gender,19,neutral,bn,neutral,hi,none,0.5
bigscience/bloom-1b7,4,gender,19,neutral,bn,neutral,en,none,0.5
bigscience/bloom-1b7,4,gender,19,neutral,bn,neutral,bn,shuffled,0.6666666666666666
bigscience/bloom-1b7,4,gender,20,neutral,bn,informative,bn,none,1.0
bigscience/bloom-1b7,4,gender,20,neutral,bn,informative,hi,none,0.5
bigscience/bloom-1b7,4,gender,20,neutral,bn,informative,en,none,0.75
bigscience/bloom-1b7,4,gender,20,neutral,bn,neutral,bn,none,1.0
bigscience/bloom-1b7,4,gender,20,neutral,bn,neutral,hi,none,0.5
bigscience/bloom-1b7,4,gender,20,neutral,bn,neutral,en,none,0.75
bigscience/bloom-1b7,4,gender,20,neutral,bn,neutral,bn,shuffled,0.5
bigscience/bloom-1b7,4,gender,21,neutral,bn,informative,bn,none,1.0
bigscience/bloom-1b7,4,gender,21,neutral,bn,informative,hi,none,0.5
bigscience/bloom-1b7,4,gender,21,neutral,bn,informative,en,none,0.8333333333333334
bigscience/bloom-1b7,4,gender,21,neutral,bn,neutral,bn,none,1.0
bigscience/bloom-1b7,4,gender,21,neutral,bn,neutral,hi,none,0.5
bigscience/bloom-1b7,4,gender,21,neutral,bn,neutral,en,none,0.8333333333333334
bigscience/bloom-1b7,4,gender,21,neutral,bn,neutral,bn,shuffled,0.5
bigscience/bloom-1b7,4,gender,22,neutral,bn,informative,bn,none,1.0
bigscience/bloom-1b7,4,gender,22,neutral,bn,informative,hi,none,0.5
bigscience/bloom-1b7,4,gender,22,neutral,bn,informative,en,none,1.0
bigscience/bloom-1b7,4,gender,22,neutral,bn,neutral,bn,none,1.0
bigscience/bloom-1b7,4,gender,22,neutral,bn,neutral,hi,none,0.5
bigscience/bloom-1b7,4,gender,22,neutral,bn,neutral,en,none,1.0
bigscience/bloom-1b7,4,gender,22,neutral,bn,neutral,bn,shuffled,0.6666666666666666
bigscience/bloom-1b7,4,gender,23,neutral,bn,informative,bn,none,1.0
bigscience/bloom-1b7,4,gender,23,neutral,bn,informative,hi,none,0.5
bigscience/bloom-1b7,4,gender,23,neutral,bn,informative,en,none,0.9166666666666666
bigscience/bloom-1b7,4,gender,23,neutral,bn,neutral,bn,none,1.0
bigscience/bloom-1b7,4,gender,23,neutral,bn,neutral,hi,none,0.5
bigscience/bloom-1b7,4,gender,23,neutral,bn,neutral,en,none,1.0
bigscience/bloom-1b7,4,gender,23,neutral,bn,neutral,bn,shuffled,0.6666666666666666
bigscience/bloom-1b7,4,gender,0,neutral,hi,informative,bn,none,0.0
bigscience/bloom-1b7,4,gender,0,neutral,hi,informative,hi,none,1.0
bigscience/bloom-1b7,4,gender,0,neutral,hi,informative,en,none,0.0
bigscience/bloom-1b7,4,gender,0,neutral,hi,neutral,bn,none,0.0
bigscience/bloom-1b7,4,gender,0,neutral,hi,neutral,hi,none,1.0
bigscience/bloom-1b7,4,gender,0,neutral,hi,neutral,en,none,0.0
bigscience/bloom-1b7,4,gender,0,neutral,hi,neutral,hi,shuffled,0.3333333333333333
bigscience/bloom-1b7,4,gender,1,neutral,hi,informative,bn,none,0.0
bigscience/bloom-1b7,4,gender,1,neutral,hi,informative,hi,none,1.0
bigscience/bloom-1b7,4,gender,1,neutral,hi,informative,en,none,0.5
bigscience/bloom-1b7,4,gender,1,neutral,hi,neutral,bn,none,0.0
bigscience/bloom-1b7,4,gender,1,neutral,hi,neutral,hi,none,1.0
bigscience/bloom-1b7,4,gender,1,neutral,hi,neutral,en,none,0.5
bigscience/bloom-1b7,4,gender,1,neutral,hi,neutral,hi,shuffled,0.3333333333333333
bigscience/bloom-1b7,4,gender,2,neutral,hi,informative,bn,none,0.5
bigscience/bloom-1b7,4,gender,2,neutral,hi,informative,hi,none,1.0
bigscience/bloom-1b7,4,gender,2,neutral,hi,informative,en,none,0.5
bigscience/bloom-1b7,4,gender,2,neutral,hi,neutral,bn,none,0.5
bigscience/bloom-1b7,4,gender,2,neutral,hi,neutral,hi,none,1.0
bigscience/bloom-1b7,4,gender,2,neutral,hi,neutral,en,none,0.5
bigscience/bloom-1b7,4,gender,2,neutral,hi,neutral,hi,shuffled,0.5
bigscience/bloom-1b7,4,gender,3,neutral,hi,informative,bn,none,0.5
bigscience/bloom-1b7,4,gender,3,neutral,hi,informative,hi,none,1.0
bigscience/bloom-1b7,4,gender,3,neutral,hi,informative,en,none,0.5
bigscience/bloom-1b7,4,gender,3,neutral,hi,neutral,bn,none,0.5
bigscience/bloom-1b7,4,gender,3,neutral,hi,neutral,hi,none,1.0
bigscience/bloom-1b7,4,gender,3,neutral,hi,neutral,en,none,0.5
bigscience/bloom-1b7,4,gender,3,neutral,hi,neutral,hi,shuffled,0.38333333333333336
bigscience/bloom-1b7,4,gender,4,neutral,hi,informative,bn,none,0.5
bigscience/bloom-1b7,4,gender,4,neutral,hi,informative,hi,none,1.0
bigscience/bloom-1b7,4,gender,4,neutral,hi,informative,en,none,0.5
bigscience/bloom-1b7,4,gender,4,neutral,hi,neutral,bn,none,0.5
bigscience/bloom-1b7,4,gender,4,neutral,hi,neutral,hi,none,1.0
bigscience/bloom-1b7,4,gender,4,neutral,hi,neutral,en,none,0.5
bigscience/bloom-1b7,4,gender,4,neutral,hi,neutral,hi,shuffled,0.5833333333333334
bigscience/bloom-1b7,4,gender,5,neutral,hi,informative,bn,none,0.5
bigscience/bloom-1b7,4,gender,5,neutral,hi,informative,hi,none,1.0
bigscience/bloom-1b7,4,gender,5,neutral,hi,informative,en,none,0.5
bigscience/bloom-1b7,4,gender,5,neutral,hi,neutral,bn,none,0.5
bigscience/bloom-1b7,4,gender,5,neutral,hi,neutral,hi,none,1.0
bigscience/bloom-1b7,4,gender,5,neutral,hi,neutral,en,none,0.5
bigscience/bloom-1b7,4,gender,5,neutral,hi,neutral,hi,shuffled,0.5
bigscience/bloom-1b7,4,gender,6,neutral,hi,informative,bn,none,0.5
bigscience/bloom-1b7,4,gender,6,neutral,hi,informative,hi,none,1.0
bigscience/bloom-1b7,4,gender,6,neutral,hi,informative,en,none,0.5
bigscience/bloom-1b7,4,gender,6,neutral,hi,neutral,bn,none,0.5
bigscience/bloom-1b7,4,gender,6,neutral,hi,neutral,hi,none,1.0
bigscience/bloom-1b7,4,gender,6,neutral,hi,neutral,en,none,0.5
bigscience/bloom-1b7,4,gender,6,neutral,hi,neutral,hi,shuffled,0.5
bigscience/bloom-1b7,4,gender,7,neutral,hi,informative,bn,none,0.5
bigscience/bloom-1b7,4,gender,7,neutral,hi,informative,hi,none,1.0
bigscience/bloom-1b7,4,gender,7,neutral,hi,informative,en,none,0.5
bigscience/bloom-1b7,4,gender,7,neutral,hi,neutral,bn,none,0.5
bigscience/bloom-1b7,4,gender,7,neutral,hi,neutral,hi,none,1.0
bigscience/bloom-1b7,4,gender,7,neutral,hi,neutral,en,none,0.5
bigscience/bloom-1b7,4,gender,7,neutral,hi,neutral,hi,shuffled,0.75
bigscience/bloom-1b7,4,gender,8,neutral,hi,informative,bn,none,0.5833333333333334
bigscience/bloom-1b7,4,gender,8,neutral,hi,informative,hi,none,1.0
bigscience/bloom-1b7,4,gender,8,neutral,hi,informative,en,none,0.5
bigscience/bloom-1b7,4,gender,8,neutral,hi,neutral,bn,none,0.775
bigscience/bloom-1b7,4,gender,8,neutral,hi,neutral,hi,none,1.0
bigscience/bloom-1b7,4,gender,8,neutral,hi,neutral,en,none,0.5
bigscience/bloom-1b7,4,gender,8,neutral,hi,neutral,hi,shuffled,0.5
bigscience/bloom-1b7,4,gender,9,neutral,hi,informative,bn,none,0.5
bigscience/bloom-1b7,4,gender,9,neutral,hi,informative,hi,none,1.0
bigscience/bloom-1b7,4,gender,9,neutral,hi,informative,en,none,0.5
bigscience/bloom-1b7,4,gender,9,neutral,hi,neutral,bn,none,0.5
bigscience/bloom-1b7,4,gender,9,neutral,hi,neutral,hi,none,1.0
bigscience/bloom-1b7,4,gender,9,neutral,hi,neutral,en,none,0.5
bigscience/bloom-1b7,4,gender,9,neutral,hi,neutral,hi,shuffled,0.5
bigscience/bloom-1b7,4,gender,10,neutral,hi,informative,bn,none,0.5
bigscience/bloom-1b7,4,gender,10,neutral,hi,informative,hi,none,1.0
bigscience/bloom-1b7,4,gender,10,neutral,hi,informative,en,none,0.5
bigscience/bloom-1b7,4,gender,10,neutral,hi,neutral,bn,none,0.5
bigscience/bloom-1b7,4,gender,10,neutral,hi,neutral,hi,none,1.0
bigscience/bloom-1b7,4,gender,10,neutral,hi,neutral,en,none,0.5
bigscience/bloom-1b7,4,gender,10,neutral,hi,neutral,hi,shuffled,0.6666666666666666
bigscience/bloom-1b7,4,gender,11,neutral,hi,informative,bn,none,0.5
bigscience/bloom-1b7,4,gender,11,neutral,hi,informative,hi,none,1.0
bigscience/bloom-1b7,4,gender,11,neutral,hi,informative,en,none,0.5
bigscience/bloom-1b7,4,gender,11,neutral,hi,neutral,bn,none,0.5
bigscience/bloom-1b7,4,gender,11,neutral,hi,neutral,hi,none,1.0
bigscience/bloom-1b7,4,gender,11,neutral,hi,neutral,en,none,0.5
bigscience/bloom-1b7,4,gender,11,neutral,hi,neutral,hi,shuffled,0.5
bigscience/bloom-1b7,4,gender,12,neutral,hi,informative,bn,none,0.5
bigscience/bloom-1b7,4,gender,12,neutral,hi,informative,hi,none,1.0
bigscience/bloom-1b7,4,gender,12,neutral,hi,informative,en,none,0.5
bigscience/bloom-1b7,4,gender,12,neutral,hi,neutral,bn,none,0.5
bigscience/bloom-1b7,4,gender,12,neutral,hi,neutral,hi,none,1.0
bigscience/bloom-1b7,4,gender,12,neutral,hi,neutral,en,none,0.5
bigscience/bloom-1b7,4,gender,12,neutral,hi,neutral,hi,shuffled,0.4166666666666667
bigscience/bloom-1b7,4,gender,13,neutral,hi,informative,bn,none,0.5
bigscience/bloom-1b7,4,gender,13,neutral,hi,informative,hi,none,1.0
bigscience/bloom-1b7,4,gender,13,neutral,hi,informative,en,none,0.5
bigscience/bloom-1b7,4,gender,13,neutral,hi,neutral,bn,none,0.5
bigscience/bloom-1b7,4,gender,13,neutral,hi,neutral,hi,none,1.0
bigscience/bloom-1b7,4,gender,13,neutral,hi,neutral,en,none,0.5
bigscience/bloom-1b7,4,gender,13,neutral,hi,neutral,hi,shuffled,0.5
bigscience/bloom-1b7,4,gender,14,neutral,hi,informative,bn,none,0.5
bigscience/bloom-1b7,4,gender,14,neutral,hi,informative,hi,none,1.0
bigscience/bloom-1b7,4,gender,14,neutral,hi,informative,en,none,0.5
bigscience/bloom-1b7,4,gender,14,neutral,hi,neutral,bn,none,0.5
bigscience/bloom-1b7,4,gender,14,neutral,hi,neutral,hi,none,1.0
bigscience/bloom-1b7,4,gender,14,neutral,hi,neutral,en,none,0.5
bigscience/bloom-1b7,4,gender,14,neutral,hi,neutral,hi,shuffled,0.5333333333333333
bigscience/bloom-1b7,4,gender,15,neutral,hi,informative,bn,none,0.5
bigscience/bloom-1b7,4,gender,15,neutral,hi,informative,hi,none,1.0
bigscience/bloom-1b7,4,gender,15,neutral,hi,informative,en,none,0.5
bigscience/bloom-1b7,4,gender,15,neutral,hi,neutral,bn,none,0.5
bigscience/bloom-1b7,4,gender,15,neutral,hi,neutral,hi,none,1.0
bigscience/bloom-1b7,4,gender,15,neutral,hi,neutral,en,none,0.5
bigscience/bloom-1b7,4,gender,15,neutral,hi,neutral,hi,shuffled,0.5
bigscience/bloom-1b7,4,gender,16,neutral,hi,informative,bn,none,0.75
bigscience/bloom-1b7,4,gender,16,neutral,hi,informative,hi,none,1.0
bigscience/bloom-1b7,4,gender,16,neutral,hi,informative,en,none,0.5
bigscience/bloom-1b7,4,gender,16,neutral,hi,neutral,bn,none,0.6666666666666666
bigscience/bloom-1b7,4,gender,16,neutral,hi,neutral,hi,none,1.0
bigscience/bloom-1b7,4,gender,16,neutral,hi,neutral,en,none,0.5
bigscience/bloom-1b7,4,gender,16,neutral,hi,neutral,hi,shuffled,0.5
bigscience/bloom-1b7,4,gender,17,neutral,hi,informative,bn,none,0.5833333333333334
bigscience/bloom-1b7,4,gender,17,neutral,hi,informative,hi,none,1.0
bigscience/bloom-1b7,4,gender,17,neutral,hi,informative,en,none,0.5
bigscience/bloom-1b7,4,gender,17,neutral,hi,neutral,bn,none,0.6666666666666666
bigscience/bloom-1b7,4,gender,17,neutral,hi,neutral,hi,none,1.0
bigscience/bloom-1b7,4,gender,17,neutral,hi,neutral,en,none,0.5
bigscience/bloom-1b7,4,gender,17,neutral,hi,neutral,hi,shuffled,0.5
bigscience/bloom-1b7,4,gender,18,neutral,hi,informative,bn,none,0.5
bigscience/bloom-1b7,4,gender,18,neutral,hi,informative,hi,none,1.0
bigscience/bloom-1b7,4,gender,18,neutral,hi,informative,en,none,0.5
bigscience/bloom-1b7,4,gender,18,neutral,hi,neutral,bn,none,0.5
bigscience/bloom-1b7,4,gender,18,neutral,hi,neutral,hi,none,1.0
bigscience/bloom-1b7,4,gender,18,neutral,hi,neutral,en,none,0.5
bigscience/bloom-1b7,4,gender,18,neutral,hi,neutral,hi,shuffled,0.4166666666666667
bigscience/bloom-1b7,4,gender,19,neutral,hi,informative,bn,none,0.5
bigscience/bloom-1b7,4,gender,19,neutral,hi,informative,hi,none,1.0
bigscience/bloom-1b7,4,gender,19,neutral,hi,informative,en,none,0.5
bigscience/bloom-1b7,4,gender,19,neutral,hi,neutral,bn,none,0.5
bigscience/bloom-1b7,4,gender,19,neutral,hi,neutral,hi,none,1.0
bigscience/bloom-1b7,4,gender,19,neutral,hi,neutral,en,none,0.5
bigscience/bloom-1b7,4,gender,19,neutral,hi,neutral,hi,shuffled,0.5
bigscience/bloom-1b7,4,gender,20,neutral,hi,informative,bn,none,0.4166666666666667
bigscience/bloom-1b7,4,gender,20,neutral,hi,informative,hi,none,1.0
bigscience/bloom-1b7,4,gender,20,neutral,hi,informative,en,none,0.5
bigscience/bloom-1b7,4,gender,20,neutral,hi,neutral,bn,none,0.5
bigscience/bloom-1b7,4,gender,20,neutral,hi,neutral,hi,none,1.0
bigscience/bloom-1b7,4,gender,20,neutral,hi,neutral,en,none,0.5
bigscience/bloom-1b7,4,gender,20,neutral,hi,neutral,hi,shuffled,0.4166666666666667
bigscience/bloom-1b7,4,gender,21,neutral,hi,informative,bn,none,0.4166666666666667
bigscience/bloom-1b7,4,gender,21,neutral,hi,informative,hi,none,1.0
bigscience/bloom-1b7,4,gender,21,neutral,hi,informative,en,none,0.5
bigscience/bloom-1b7,4,gender,21,neutral,hi,neutral,bn,none,0.3333333333333333
bigscience/bloom-1b7,4,gender,21,neutral,hi,neutral,hi,none,1.0
bigscience/bloom-1b7,4,gender,21,neutral,hi,neutral,en,none,0.5
bigscience/bloom-1b7,4,gender,21,neutral,hi,neutral,hi,shuffled,0.5
bigscience/bloom-1b7,4,gender,22,neutral,hi,informative,bn,none,0.4166666666666667
bigscience/bloom-1b7,4,gender,22,neutral,hi,informative,hi,none,1.0
bigscience/bloom-1b7,4,gender,22,neutral,hi,informative,en,none,0.5
bigscience/bloom-1b7,4,gender,22,neutral,hi,neutral,bn,none,0.4166666666666667
bigscience/bloom-1b7,4,gender,22,neutral,hi,neutral,hi,none,1.0
bigscience/bloom-1b7,4,gender,22,neutral,hi,neutral,en,none,0.5
bigscience/bloom-1b7,4,gender,22,neutral,hi,neutral,hi,shuffled,0.5
bigscience/bloom-1b7,4,gender,23,neutral,hi,informative,bn,none,0.5
bigscience/bloom-1b7,4,gender,23,neutral,hi,informative,hi,none,1.0
bigscience/bloom-1b7,4,gender,23,neutral,hi,informative,en,none,0.5
bigscience/bloom-1b7,4,gender,23,neutral,hi,neutral,bn,none,0.5
bigscience/bloom-1b7,4,gender,23,neutral,hi,neutral,hi,none,1.0
bigscience/bloom-1b7,4,gender,23,neutral,hi,neutral,en,none,0.4166666666666667
bigscience/bloom-1b7,4,gender,23,neutral,hi,neutral,hi,shuffled,0.5
bigscience/bloom-1b7,4,gender,0,neutral,en,informative,bn,none,0.5
bigscience/bloom-1b7,4,gender,0,neutral,en,informative,hi,none,0.5
bigscience/bloom-1b7,4,gender,0,neutral,en,informative,en,none,1.0
bigscience/bloom-1b7,4,gender,0,neutral,en,neutral,bn,none,0.5
bigscience/bloom-1b7,4,gender,0,neutral,en,neutral,hi,none,0.5
bigscience/bloom-1b7,4,gender,0,neutral,en,neutral,en,none,1.0
bigscience/bloom-1b7,4,gender,0,neutral,en,neutral,en,shuffled,0.25
bigscience/bloom-1b7,4,gender,1,neutral,en,informative,bn,none,0.5
bigscience/bloom-1b7,4,gender,1,neutral,en,informative,hi,none,0.5
bigscience/bloom-1b7,4,gender,1,neutral,en,informative,en,none,1.0
bigscience/bloom-1b7,4,gender,1,neutral,en,neutral,bn,none,0.5
bigscience/bloom-1b7,4,gender,1,neutral,en,neutral,hi,none,0.5
bigscience/bloom-1b7,4,gender,1,neutral,en,neutral,en,none,1.0
bigscience/bloom-1b7,4,gender,1,neutral,en,neutral,en,shuffled,0.5833333333333334
bigscience/bloom-1b7,4,gender,2,neutral,en,informative,bn,none,0.5
bigscience/bloom-1b7,4,gender,2,neutral,en,informative,hi,none,0.5
bigscience/bloom-1b7,4,gender,2,neutral,en,informative,en,none,1.0
bigscience/bloom-1b7,4,gender,2,neutral,en,neutral,bn,none,0.5
bigscience/bloom-1b7,4,gender,2,neutral,en,neutral,hi,none,0.5
bigscience/bloom-1b7,4,gender,2,neutral,en,neutral,en,none,1.0
bigscience/bloom-1b7,4,gender,2,neutral,en,neutral,en,shuffled,0.4166666666666667
bigscience/bloom-1b7,4,gender,3,neutral,en,informative,bn,none,0.5
bigscience/bloom-1b7,4,gender,3,neutral,en,informative,hi,none,0.5
bigscience/bloom-1b7,4,gender,3,neutral,en,informative,en,none,1.0
bigscience/bloom-1b7,4,gender,3,neutral,en,neutral,bn,none,0.5
bigscience/bloom-1b7,4,gender,3,neutral,en,neutral,hi,none,0.5
bigscience/bloom-1b7,4,gender,3,neutral,en,neutral,en,none,1.0
bigscience/bloom-1b7,4,gender,3,neutral,en,neutral,en,shuffled,0.5
bigscience/bloom-1b7,4,gender,4,neutral,en,informative,bn,none,0.5
bigscience/bloom-1b7,4,gender,4,neutral,en,informative,hi,none,0.5
bigscience/bloom-1b7,4,gender,4,neutral,en,informative,en,none,1.0
bigscience/bloom-1b7,4,gender,4,neutral,en,neutral,bn,none,0.5
bigscience/bloom-1b7,4,gender,4,neutral,en,neutral,hi,none,0.5
bigscience/bloom-1b7,4,gender,4,neutral,en,neutral,en,none,1.0
bigscience/bloom-1b7,4,gender,4,neutral,en,neutral,en,shuffled,0.44166666666666665
bigscience/bloom-1b7,4,gender,5,neutral,en,informative,bn,none,0.5
bigscience/bloom-1b7,4,gender,5,neutral,en,informative,hi,none,0.5
bigscience/bloom-1b7,4,gender,5,neutral,en,informative,en,none,1.0
bigscience/bloom-1b7,4,gender,5,neutral,en,neutral,bn,none,0.5
bigscience/bloom-1b7,4,gender,5,neutral,en,neutral,hi,none,0.5
bigscience/bloom-1b7,4,gender,5,neutral,en,neutral,en,none,1.0
bigscience/bloom-1b7,4,gender,5,neutral,en,neutral,en,shuffled,0.4166666666666667
bigscience/bloom-1b7,4,gender,6,neutral,en,informative,bn,none,0.5
bigscience/bloom-1b7,4,gender,6,neutral,en,informative,hi,none,0.5
bigscience/bloom-1b7,4,gender,6,neutral,en,informative,en,none,1.0
bigscience/bloom-1b7,4,gender,6,neutral,en,neutral,bn,none,0.5
bigscience/bloom-1b7,4,gender,6,neutral,en,neutral,hi,none,0.5
bigscience/bloom-1b7,4,gender,6,neutral,en,neutral,en,none,1.0
bigscience/bloom-1b7,4,gender,6,neutral,en,neutral,en,shuffled,0.5833333333333334
bigscience/bloom-1b7,4,gender,7,neutral,en,informative,bn,none,0.5
bigscience/bloom-1b7,4,gender,7,neutral,en,informative,hi,none,0.5
bigscience/bloom-1b7,4,gender,7,neutral,en,informative,en,none,1.0
bigscience/bloom-1b7,4,gender,7,neutral,en,neutral,bn,none,0.5
bigscience/bloom-1b7,4,gender,7,neutral,en,neutral,hi,none,0.5
bigscience/bloom-1b7,4,gender,7,neutral,en,neutral,en,none,1.0
bigscience/bloom-1b7,4,gender,7,neutral,en,neutral,en,shuffled,0.3333333333333333
bigscience/bloom-1b7,4,gender,8,neutral,en,informative,bn,none,0.5
bigscience/bloom-1b7,4,gender,8,neutral,en,informative,hi,none,0.5
bigscience/bloom-1b7,4,gender,8,neutral,en,informative,en,none,1.0
bigscience/bloom-1b7,4,gender,8,neutral,en,neutral,bn,none,0.5
bigscience/bloom-1b7,4,gender,8,neutral,en,neutral,hi,none,0.5
bigscience/bloom-1b7,4,gender,8,neutral,en,neutral,en,none,1.0
bigscience/bloom-1b7,4,gender,8,neutral,en,neutral,en,shuffled,0.4166666666666667
bigscience/bloom-1b7,4,gender,9,neutral,en,informative,bn,none,0.5
bigscience/bloom-1b7,4,gender,9,neutral,en,informative,hi,none,0.5
bigscience/bloom-1b7,4,gender,9,neutral,en,informative,en,none,1.0
bigscience/bloom-1b7,4,gender,9,neutral,en,neutral,bn,none,0.5
bigscience/bloom-1b7,4,gender,9,neutral,en,neutral,hi,none,0.5
bigscience/bloom-1b7,4,gender,9,neutral,en,neutral,en,none,1.0
bigscience/bloom-1b7,4,gender,9,neutral,en,neutral,en,shuffled,0.4166666666666667
bigscience/bloom-1b7,4,gender,10,neutral,en,informative,bn,none,0.5
bigscience/bloom-1b7,4,gender,10,neutral,en,informative,hi,none,0.5
bigscience/bloom-1b7,4,gender,10,neutral,en,informative,en,none,1.0
bigscience/bloom-1b7,4,gender,10,neutral,en,neutral,bn,none,0.5
bigscience/bloom-1b7,4,gender,10,neutral,en,neutral,hi,none,0.5
bigscience/bloom-1b7,4,gender,10,neutral,en,neutral,en,none,1.0
bigscience/bloom-1b7,4,gender,10,neutral,en,neutral,en,shuffled,0.75
bigscience/bloom-1b7,4,gender,11,neutral,en,informative,bn,none,0.5
bigscience/bloom-1b7,4,gender,11,neutral,en,informative,hi,none,0.5
bigscience/bloom-1b7,4,gender,11,neutral,en,informative,en,none,1.0
bigscience/bloom-1b7,4,gender,11,neutral,en,neutral,bn,none,0.5
bigscience/bloom-1b7,4,gender,11,neutral,en,neutral,hi,none,0.5
bigscience/bloom-1b7,4,gender,11,neutral,en,neutral,en,none,1.0
bigscience/bloom-1b7,4,gender,11,neutral,en,neutral,en,shuffled,0.75
bigscience/bloom-1b7,4,gender,12,neutral,en,informative,bn,none,0.5
bigscience/bloom-1b7,4,gender,12,neutral,en,informative,hi,none,0.5
bigscience/bloom-1b7,4,gender,12,neutral,en,informative,en,none,1.0
bigscience/bloom-1b7,4,gender,12,neutral,en,neutral,bn,none,0.5
bigscience/bloom-1b7,4,gender,12,neutral,en,neutral,hi,none,0.5
bigscience/bloom-1b7,4,gender,12,neutral,en,neutral,en,none,1.0
bigscience/bloom-1b7,4,gender,12,neutral,en,neutral,en,shuffled,0.5
bigscience/bloom-1b7,4,gender,13,neutral,en,informative,bn,none,0.5
bigscience/bloom-1b7,4,gender,13,neutral,en,informative,hi,none,0.5
bigscience/bloom-1b7,4,gender,13,neutral,en,informative,en,none,1.0
bigscience/bloom-1b7,4,gender,13,neutral,en,neutral,bn,none,0.5
bigscience/bloom-1b7,4,gender,13,neutral,en,neutral,hi,none,0.5
bigscience/bloom-1b7,4,gender,13,neutral,en,neutral,en,none,1.0
bigscience/bloom-1b7,4,gender,13,neutral,en,neutral,en,shuffled,0.6666666666666666
bigscience/bloom-1b7,4,gender,14,neutral,en,informative,bn,none,0.5
bigscience/bloom-1b7,4,gender,14,neutral,en,informative,hi,none,0.5
bigscience/bloom-1b7,4,gender,14,neutral,en,informative,en,none,1.0
bigscience/bloom-1b7,4,gender,14,neutral,en,neutral,bn,none,0.5
bigscience/bloom-1b7,4,gender,14,neutral,en,neutral,hi,none,0.5
bigscience/bloom-1b7,4,gender,14,neutral,en,neutral,en,none,1.0
bigscience/bloom-1b7,4,gender,14,neutral,en,neutral,en,shuffled,0.75
bigscience/bloom-1b7,4,gender,15,neutral,en,informative,bn,none,0.5
bigscience/bloom-1b7,4,gender,15,neutral,en,informative,hi,none,0.5
bigscience/bloom-1b7,4,gender,15,neutral,en,informative,en,none,1.0
bigscience/bloom-1b7,4,gender,15,neutral,en,neutral,bn,none,0.5
bigscience/bloom-1b7,4,gender,15,neutral,en,neutral,hi,none,0.5
bigscience/bloom-1b7,4,gender,15,neutral,en,neutral,en,none,1.0
bigscience/bloom-1b7,4,gender,15,neutral,en,neutral,en,shuffled,0.4166666666666667
bigscience/bloom-1b7,4,gender,16,neutral,en,informative,bn,none,0.5
bigscience/bloom-1b7,4,gender,16,neutral,en,informative,hi,none,0.5
bigscience/bloom-1b7,4,gender,16,neutral,en,informative,en,none,1.0
bigscience/bloom-1b7,4,gender,16,neutral,en,neutral,bn,none,0.5
bigscience/bloom-1b7,4,gender,16,neutral,en,neutral,hi,none,0.5
bigscience/bloom-1b7,4,gender,16,neutral,en,neutral,en,none,1.0
bigscience/bloom-1b7,4,gender,16,neutral,en,neutral,en,shuffled,0.5
bigscience/bloom-1b7,4,gender,17,neutral,en,informative,bn,none,0.5
bigscience/bloom-1b7,4,gender,17,neutral,en,informative,hi,none,0.5
bigscience/bloom-1b7,4,gender,17,neutral,en,informative,en,none,1.0
bigscience/bloom-1b7,4,gender,17,neutral,en,neutral,bn,none,0.5
bigscience/bloom-1b7,4,gender,17,neutral,en,neutral,hi,none,0.5
bigscience/bloom-1b7,4,gender,17,neutral,en,neutral,en,none,1.0
bigscience/bloom-1b7,4,gender,17,neutral,en,neutral,en,shuffled,0.5
bigscience/bloom-1b7,4,gender,18,neutral,en,informative,bn,none,0.5
bigscience/bloom-1b7,4,gender,18,neutral,en,informative,hi,none,0.5
bigscience/bloom-1b7,4,gender,18,neutral,en,informative,en,none,1.0
bigscience/bloom-1b7,4,gender,18,neutral,en,neutral,bn,none,0.5
bigscience/bloom-1b7,4,gender,18,neutral,en,neutral,hi,none,0.5
bigscience/bloom-1b7,4,gender,18,neutral,en,neutral,en,none,1.0
bigscience/bloom-1b7,4,gender,18,neutral,en,neutral,en,shuffled,0.5833333333333334
bigscience/bloom-1b7,4,gender,19,neutral,en,informative,bn,none,0.5
bigscience/bloom-1b7,4,gender,19,neutral,en,informative,hi,none,0.5
bigscience/bloom-1b7,4,gender,19,neutral,en,informative,en,none,1.0
bigscience/bloom-1b7,4,gender,19,neutral,en,neutral,bn,none,0.5
bigscience/bloom-1b7,4,gender,19,neutral,en,neutral,hi,none,0.5
bigscience/bloom-1b7,4,gender,19,neutral,en,neutral,en,none,1.0
bigscience/bloom-1b7,4,gender,19,neutral,en,neutral,en,shuffled,0.3333333333333333
bigscience/bloom-1b7,4,gender,20,neutral,en,informative,bn,none,0.5
bigscience/bloom-1b7,4,gender,20,neutral,en,informative,hi,none,0.5
bigscience/bloom-1b7,4,gender,20,neutral,en,informative,en,none,1.0
bigscience/bloom-1b7,4,gender,20,neutral,en,neutral,bn,none,0.5
bigscience/bloom-1b7,4,gender,20,neutral,en,neutral,hi,none,0.5
bigscience/bloom-1b7,4,gender,20,neutral,en,neutral,en,none,1.0
bigscience/bloom-1b7,4,gender,20,neutral,en,neutral,en,shuffled,0.5
bigscience/bloom-1b7,4,gender,21,neutral,en,informative,bn,none,0.5
bigscience/bloom-1b7,4,gender,21,neutral,en,informative,hi,none,0.5
bigscience/bloom-1b7,4,gender,21,neutral,en,informative,en,none,1.0
bigscience/bloom-1b7,4,gender,21,neutral,en,neutral,bn,none,0.5
bigscience/bloom-1b7,4,gender,21,neutral,en,neutral,hi,none,0.5
bigscience/bloom-1b7,4,gender,21,neutral,en,neutral,en,none,1.0
bigscience/bloom-1b7,4,gender,21,neutral,en,neutral,en,shuffled,0.5
bigscience/bloom-1b7,4,gender,22,neutral,en,informative,bn,none,0.5
bigscience/bloom-1b7,4,gender,22,neutral,en,informative,hi,none,0.5
bigscience/bloom-1b7,4,gender,22,neutral,en,informative,en,none,1.0
bigscience/bloom-1b7,4,gender,22,neutral,en,neutral,bn,none,0.5
bigscience/bloom-1b7,4,gender,22,neutral,en,neutral,hi,none,0.5
bigscience/bloom-1b7,4,gender,22,neutral,en,neutral,en,none,1.0
bigscience/bloom-1b7,4,gender,22,neutral,en,neutral,en,shuffled,0.5
bigscience/bloom-1b7,4,gender,23,neutral,en,informative,bn,none,0.5
bigscience/bloom-1b7,4,gender,23,neutral,en,informative,hi,none,0.5
bigscience/bloom-1b7,4,gender,23,neutral,en,informative,en,none,1.0
bigscience/bloom-1b7,4,gender,23,neutral,en,neutral,bn,none,0.5
bigscience/bloom-1b7,4,gender,23,neutral,en,neutral,hi,none,0.5
bigscience/bloom-1b7,4,gender,23,neutral,en,neutral,en,none,1.0
bigscience/bloom-1b7,4,gender,23,neutral,en,neutral,en,shuffled,0.4166666666666667
