model,seed,concept,layer,rank,direction,context,eval_lang,acc,pair_acc,logit_diff,n
bigscience/bloom-1b7,0,side_aunt,-1,0,none,informative,bn,0.5,1.0,0.3270833194255829,120
bigscience/bloom-1b7,0,side_aunt,-1,0,none,informative,en,0.5,0.9083333333333332,0.0854166666666666,120
bigscience/bloom-1b7,0,side_aunt,-1,0,none,informative,hi,0.5,0.4833333333333333,-0.0026041607062021,120
bigscience/bloom-1b7,0,side_aunt,-1,0,none,neutral,bn,0.5,0.975,0.2291666607062022,120
bigscience/bloom-1b7,0,side_aunt,-1,0,none,neutral,en,0.5,0.4916666666666666,-0.0010416666666666,120
bigscience/bloom-1b7,0,side_aunt,-1,0,none,neutral,hi,0.4916666666666666,0.6666666666666666,0.0270833293596903,120
bigscience/bloom-1b7,0,gender,-1,0,none,informative,bn,0.5,1.0,0.4619791726271311,120
bigscience/bloom-1b7,0,gender,-1,0,none,informative,en,0.775,1.0,0.8510416706403097,120
bigscience/bloom-1b7,0,gender,-1,0,none,informative,hi,0.5083333333333333,0.725,0.0333333373069763,120
bigscience/bloom-1b7,0,gender,-1,0,none,neutral,bn,0.5,1.0,0.2822916686534881,120
bigscience/bloom-1b7,0,gender,-1,0,none,neutral,en,0.7333333333333333,1.0,0.7895833253860474,120
bigscience/bloom-1b7,0,gender,-1,0,none,neutral,hi,0.5,1.0,0.2083333333333333,120
bigscience/bloom-1b7,0,side_aunt,0,1,bn,informative,bn,0.5,0.9916666666666668,0.3125,120
bigscience/bloom-1b7,0,side_aunt,0,1,bn,informative,en,0.5,0.8166666666666667,0.06875,120
bigscience/bloom-1b7,0,side_aunt,0,1,bn,informative,hi,0.5,0.4833333333333333,-0.0036458313465118,120
bigscience/bloom-1b7,0,side_aunt,0,1,bn,neutral,bn,0.5,0.9583333333333334,0.2026041646798451,120
bigscience/bloom-1b7,0,side_aunt,0,1,bn,neutral,en,0.5,0.5,0.0,120
bigscience/bloom-1b7,0,side_aunt,0,1,bn,neutral,hi,0.4833333333333333,0.675,0.0296874940395355,120
bigscience/bloom-1b7,0,side_aunt,2,1,bn,informative,bn,0.5,0.9583333333333334,0.2432291567325592,120
bigscience/bloom-1b7,0,side_aunt,2,1,bn,informative,en,0.5,0.9166666666666666,0.084375,120
bigscience/bloom-1b7,0,side_aunt,2,1,bn,informative,hi,0.5,0.475,-0.0072916646798451,120
bigscience/bloom-1b7,0,side_aunt,2,1,bn,neutral,bn,0.5,0.8333333333333334,0.1229166686534881,120
bigscience/bloom-1b7,0,side_aunt,2,1,bn,neutral,en,0.5,0.5,0.0,120
bigscience/bloom-1b7,0,side_aunt,2,1,bn,neutral,hi,0.4916666666666666,0.6583333333333333,0.0276041766007741,120
bigscience/bloom-1b7,0,side_aunt,4,1,bn,informative,bn,0.5,1.0,0.3291666607062022,120
bigscience/bloom-1b7,0,side_aunt,4,1,bn,informative,en,0.5,0.8416666666666667,0.078125,120
bigscience/bloom-1b7,0,side_aunt,4,1,bn,informative,hi,0.5083333333333333,0.4666666666666667,-0.0010416666666666,120
bigscience/bloom-1b7,0,side_aunt,4,1,bn,neutral,bn,0.5,0.925,0.1953125059604644,120
bigscience/bloom-1b7,0,side_aunt,4,1,bn,neutral,en,0.5,0.5,0.0,120
bigscience/bloom-1b7,0,side_aunt,4,1,bn,neutral,hi,0.4916666666666666,0.6083333333333333,0.0208333432674407,120
bigscience/bloom-1b7,0,side_aunt,6,1,bn,informative,bn,0.5,0.9916666666666668,0.2890625139077504,120
bigscience/bloom-1b7,0,side_aunt,6,1,bn,informative,en,0.5,0.8666666666666667,0.0822916666666666,120
bigscience/bloom-1b7,0,side_aunt,6,1,bn,informative,hi,0.5,0.5166666666666667,-0.0010416706403096,120
bigscience/bloom-1b7,0,side_aunt,6,1,bn,neutral,bn,0.5,0.9666666666666668,0.1911458214124043,120
bigscience/bloom-1b7,0,side_aunt,6,1,bn,neutral,en,0.5,0.5,0.0,120
bigscience/bloom-1b7,0,side_aunt,6,1,bn,neutral,hi,0.4833333333333333,0.6083333333333333,0.0250000119209289,120
bigscience/bloom-1b7,0,side_aunt,8,1,bn,informative,bn,0.5,0.95,0.2635416487852732,120
bigscience/bloom-1b7,0,side_aunt,8,1,bn,informative,en,0.5,0.8333333333333334,0.0760416666666666,120
bigscience/bloom-1b7,0,side_aunt,8,1,bn,informative,hi,0.525,0.5083333333333333,0.0052083273728688,120
bigscience/bloom-1b7,0,side_aunt,8,1,bn,neutral,bn,0.5,0.95,0.1911458214124043,120
bigscience/bloom-1b7,0,side_aunt,8,1,bn,neutral,en,0.5,0.5,0.0,120
bigscience/bloom-1b7,0,side_aunt,8,1,bn,neutral,hi,0.4916666666666666,0.65,0.0260416607062021,120
bigscience/bloom-1b7,0,side_aunt,10,1,bn,informative,bn,0.5,0.9666666666666668,0.3078124781449636,120
bigscience/bloom-1b7,0,side_aunt,10,1,bn,informative,en,0.5,0.9,0.0833333333333333,120
bigscience/bloom-1b7,0,side_aunt,10,1,bn,informative,hi,0.5,0.5083333333333333,0.0088541666666666,120
bigscience/bloom-1b7,0,side_aunt,10,1,bn,neutral,bn,0.5,0.975,0.2114583293596903,120
bigscience/bloom-1b7,0,side_aunt,10,1,bn,neutral,en,0.5,0.5,0.0,120
bigscience/bloom-1b7,0,side_aunt,10,1,bn,neutral,hi,0.4833333333333333,0.6583333333333333,0.0270833233992258,120
bigscience/bloom-1b7,0,side_aunt,12,1,bn,informative,bn,0.5,0.875,0.2447916726271311,120
bigscience/bloom-1b7,0,side_aunt,12,1,bn,informative,en,0.5,0.825,0.0708333333333333,120
bigscience/bloom-1b7,0,side_aunt,12,1,bn,informative,hi,0.4833333333333333,0.4583333333333333,-0.017187496026357,120
bigscience/bloom-1b7,0,side_aunt,12,1,bn,neutral,bn,0.5,0.875,0.1401041547457377,120
bigscience/bloom-1b7,0,side_aunt,12,1,bn,neutral,en,0.5,0.5,0.0,120
bigscience/bloom-1b7,0,side_aunt,12,1,bn,neutral,hi,0.4833333333333333,0.6,0.0151041507720947,120
bigscience/bloom-1b7,0,side_aunt,12,4,bn,informative,bn,0.5,0.625,0.0442708174387613,120
bigscience/bloom-1b7,0,side_aunt,12,4,bn,informative,en,0.5,0.8416666666666667,0.06875,120
bigscience/bloom-1b7,0,side_aunt,12,4,bn,informative,hi,0.475,0.425,-0.0244791567325592,120
bigscience/bloom-1b7,0,side_aunt,12,4,bn,neutral,bn,0.5,0.3166666666666666,-0.05,120
bigscience/bloom-1b7,0,side_aunt,12,4,bn,neutral,en,0.5,0.5,0.0,120
bigscience/bloom-1b7,0,side_aunt,12,4,bn,neutral,hi,0.4833333333333333,0.575,0.015624996026357,120
bigscience/bloom-1b7,0,side_aunt,14,1,bn,informative,bn,0.5,0.725,0.1083333353201548,120
bigscience/bloom-1b7,0,side_aunt,14,1,bn,informative,en,0.5,0.8083333333333333,0.0729166666666666,120
bigscience/bloom-1b7,0,side_aunt,14,1,bn,informative,hi,0.4833333333333333,0.4333333333333333,-0.0244791547457377,120
bigscience/bloom-1b7,0,side_aunt,14,1,bn,neutral,bn,0.5,0.5416666666666666,0.0192708392937978,120
bigscience/bloom-1b7,0,side_aunt,14,1,bn,neutral,en,0.5,0.5,0.0,120
bigscience/bloom-1b7,0,side_aunt,14,1,bn,neutral,hi,0.475,0.5333333333333333,0.0093749860922495,120
bigscience/bloom-1b7,0,side_aunt,16,1,bn,informative,bn,0.5,0.8666666666666667,0.2151041368643443,120
bigscience/bloom-1b7,0,side_aunt,16,1,bn,informative,en,0.5,0.825,0.0739583333333333,120
bigscience/bloom-1b7,0,side_aunt,16,1,bn,informative,hi,0.5,0.5333333333333333,0.0031250178813934,120
bigscience/bloom-1b7,0,side_aunt,16,1,bn,neutral,bn,0.5,0.75,0.0901041527589162,120
bigscience/bloom-1b7,0,side_aunt,16,1,bn,neutral,en,0.5,0.5,0.0,120
bigscience/bloom-1b7,0,side_aunt,16,1,bn,neutral,hi,0.4916666666666666,0.6166666666666667,0.0197916626930236,120
bigscience/bloom-1b7,0,side_aunt,18,1,bn,informative,bn,0.5,0.8583333333333333,0.2098958333333333,120
bigscience/bloom-1b7,0,side_aunt,18,1,bn,informative,en,0.5,0.85,0.08125,120
bigscience/bloom-1b7,0,side_aunt,18,1,bn,informative,hi,0.525,0.5166666666666667,0.0026041527589162,120
bigscience/bloom-1b7,0,side_aunt,18,1,bn,neutral,bn,0.5,0.7833333333333333,0.1161458233992258,120
bigscience/bloom-1b7,0,side_aunt,18,1,bn,neutral,en,0.5,0.5,0.0,120
bigscience/bloom-1b7,0,side_aunt,18,1,bn,neutral,hi,0.4916666666666666,0.5833333333333334,0.0145833373069763,120
bigscience/bloom-1b7,0,side_aunt,20,1,bn,informative,bn,0.5,0.8916666666666667,0.2406249900658925,120
bigscience/bloom-1b7,0,side_aunt,20,1,bn,informative,en,0.5,0.85,0.0729166666666666,120
bigscience/bloom-1b7,0,side_aunt,20,1,bn,informative,hi,0.4833333333333333,0.4833333333333333,-0.0041666686534881,120
bigscience/bloom-1b7,0,side_aunt,20,1,bn,neutral,bn,0.5,0.875,0.1442708313465118,120
bigscience/bloom-1b7,0,side_aunt,20,1,bn,neutral,en,0.5,0.5,0.0,120
bigscience/bloom-1b7,0,side_aunt,20,1,bn,neutral,hi,0.4583333333333333,0.6416666666666667,0.023437488079071,120
bigscience/bloom-1b7,0,side_aunt,22,1,bn,informative,bn,0.5,0.9916666666666668,0.292187507947286,120
bigscience/bloom-1b7,0,side_aunt,22,1,bn,informative,en,0.5,0.85,0.075,120
bigscience/bloom-1b7,0,side_aunt,22,1,bn,informative,hi,0.4916666666666666,0.5166666666666667,0.0005208075046539,120
bigscience/bloom-1b7,0,side_aunt,22,1,bn,neutral,bn,0.5,0.9416666666666668,0.1911458253860473,120
bigscience/bloom-1b7,0,side_aunt,22,1,bn,neutral,en,0.5,0.5,0.0,120
bigscience/bloom-1b7,0,side_aunt,22,1,bn,neutral,hi,0.4916666666666666,0.625,0.026041696468989,120
bigscience/bloom-1b7,0,side_aunt,0,1,hi,informative,bn,0.5,1.0,0.3286458194255829,120
bigscience/bloom-1b7,0,side_aunt,0,1,hi,informative,en,0.5,0.8916666666666667,0.078125,120
bigscience/bloom-1b7,0,side_aunt,0,1,hi,informative,hi,0.525,0.5666666666666667,0.0296875079472859,120
bigscience/bloom-1b7,0,side_aunt,0,1,hi,neutral,bn,0.5,0.9583333333333334,0.2296875,120
bigscience/bloom-1b7,0,side_aunt,0,1,hi,neutral,en,0.5,0.5,0.0,120
bigscience/bloom-1b7,0,side_aunt,0,1,hi,neutral,hi,0.5,0.8,0.0708333214124043,120
bigscience/bloom-1b7,0,side_aunt,2,1,hi,informative,bn,0.5,1.0,0.3401041686534881,120
bigscience/bloom-1b7,0,side_aunt,2,1,hi,informative,en,0.5,0.8416666666666667,0.075,120
bigscience/bloom-1b7,0,side_aunt,2,1,hi,informative,hi,0.525,0.575,0.0416666666666666,120
bigscience/bloom-1b7,0,side_aunt,2,1,hi,neutral,bn,0.5,0.9666666666666668,0.2281250139077504,120
bigscience/bloom-1b7,0,side_aunt,2,1,hi,neutral,en,0.5,0.5,0.0,120
bigscience/bloom-1b7,0,side_aunt,2,1,hi,neutral,hi,0.4666666666666667,0.7583333333333333,0.0463541646798451,120
bigscience/bloom-1b7,0,side_aunt,4,1,hi,informative,bn,0.5,1.0,0.3239583452542623,120
bigscience/bloom-1b7,0,side_aunt,4,1,hi,informative,en,0.5,0.875,0.0833333333333333,120
bigscience/bloom-1b7,0,side_aunt,4,1,hi,informative,hi,0.5083333333333333,0.45,-0.0192708333333333,120
bigscience/bloom-1b7,0,side_aunt,4,1,hi,neutral,bn,0.5,0.9833333333333332,0.229687496026357,120
bigscience/bloom-1b7,0,side_aunt,4,1,hi,neutral,en,0.5,0.5,0.0,120
bigscience/bloom-1b7,0,side_aunt,4,1,hi,neutral,hi,0.4833333333333333,0.4666666666666667,-0.001041692495346,120
bigscience/bloom-1b7,0,side_aunt,6,1,hi,informative,bn,0.5,1.0,0.3260416666666667,120
bigscience/bloom-1b7,0,side_aunt,6,1,hi,informative,en,0.5,0.8166666666666667,0.0677083333333333,120
bigscience/bloom-1b7,0,side_aunt,6,1,hi,informative,hi,0.5083333333333333,0.5166666666666667,0.0026041607062021,120
bigscience/bloom-1b7,0,side_aunt,6,1,hi,neutral,bn,0.5,0.9666666666666668,0.2281249940395355,120
bigscience/bloom-1b7,0,side_aunt,6,1,hi,neutral,en,0.5,0.5,0.0,120
bigscience/bloom-1b7,0,side_aunt,6,1,hi,neutral,hi,0.4916666666666666,0.6583333333333333,0.0322916825612386,120
bigscience/bloom-1b7,0,side_aunt,8,1,hi,informative,bn,0.5,1.0,0.3203125059604644,120
bigscience/bloom-1b7,0,side_aunt,8,1,hi,informative,en,0.5,0.825,0.0770833333333333,120
bigscience/bloom-1b7,0,side_aunt,8,1,hi,informative,hi,0.4916666666666666,0.525,0.0072916805744171,120
bigscience/bloom-1b7,0,side_aunt,8,1,hi,neutral,bn,0.5,0.9833333333333332,0.2312500059604644,120
bigscience/bloom-1b7,0,side_aunt,8,1,hi,neutral,en,0.5,0.5,0.0,120
bigscience/bloom-1b7,0,side_aunt,8,1,hi,neutral,hi,0.4916666666666666,0.7,0.0447916626930236,120
bigscience/bloom-1b7,0,side_aunt,10,1,hi,informative,bn,0.5,1.0,0.3364583273728688,120
bigscience/bloom-1b7,0,side_aunt,10,1,hi,informative,en,0.5,0.8416666666666667,0.08125,120
bigscience/bloom-1b7,0,side_aunt,10,1,hi,informative,hi,0.525,0.575,0.0270833333333333,120
bigscience/bloom-1b7,0,side_aunt,10,1,hi,neutral,bn,0.5,0.975,0.2401041587193807,120
bigscience/bloom-1b7,0,side_aunt,10,1,hi,neutral,en,0.5,0.5,0.0,120
bigscience/bloom-1b7,0,side_aunt,10,1,hi,neutral,hi,0.4916666666666666,0.7416666666666667,0.0421874860922495,120
bigscience/bloom-1b7,0,side_aunt,12,1,hi,informative,bn,0.5,1.0,0.3302083353201548,120
bigscience/bloom-1b7,0,side_aunt,12,1,hi,informative,en,0.5,0.85,0.0770833333333333,120
bigscience/bloom-1b7,0,side_aunt,12,1,hi,informative,hi,0.5083333333333333,0.575,0.0223958214124043,120
bigscience/bloom-1b7,0,side_aunt,12,1,hi,neutral,bn,0.5,0.9666666666666668,0.2359375059604644,120
bigscience/bloom-1b7,0,side_aunt,12,1,hi,neutral,en,0.5,0.5,0.0,120
bigscience/bloom-1b7,0,side_aunt,12,1,hi,neutral,hi,0.5,0.8,0.0604166726271311,120
bigscience/bloom-1b7,0,side_aunt,12,4,hi,informative,bn,0.5,0.9916666666666668,0.3057291567325592,120
bigscience/bloom-1b7,0,side_aunt,12,4,hi,informative,en,0.5,0.875,0.078125,120
bigscience/bloom-1b7,0,side_aunt,12,4,hi,informative,hi,0.5166666666666667,0.5416666666666666,0.0125000099341074,120
bigscience/bloom-1b7,0,side_aunt,12,4,hi,neutral,bn,0.5,0.9916666666666668,0.2328125,120
bigscience/bloom-1b7,0,side_aunt,12,4,hi,neutral,en,0.5,0.5,0.0,120
bigscience/bloom-1b7,0,side_aunt,12,4,hi,neutral,hi,0.4916666666666666,0.725,0.0447916547457377,120
bigscience/bloom-1b7,0,side_aunt,14,1,hi,informative,bn,0.5,1.0,0.3317708253860473,120
bigscience/bloom-1b7,0,side_aunt,14,1,hi,informative,en,0.5,0.875,0.0875,120
bigscience/bloom-1b7,0,side_aunt,14,1,hi,informative,hi,0.5333333333333333,0.6,0.0557291567325592,120
bigscience/bloom-1b7,0,side_aunt,14,1,hi,neutral,bn,0.5,0.9916666666666668,0.2328125039736429,120
bigscience/bloom-1b7,0,side_aunt,14,1,hi,neutral,en,0.5,0.5,0.0,120
bigscience/bloom-1b7,0,side_aunt,14,1,hi,neutral,hi,0.5,0.8833333333333333,0.0822916746139526,120
bigscience/bloom-1b7,0,side_aunt,16,1,hi,informative,bn,0.5,1.0,0.3145833293596903,120
bigscience/bloom-1b7,0,side_aunt,16,1,hi,informative,en,0.5,0.8666666666666667,0.0791666666666666,120
bigscience/bloom-1b7,0,side_aunt,16,1,hi,informative,hi,0.5083333333333333,0.4916666666666666,0.0041666527589162,120
bigscience/bloom-1b7,0,side_aunt,16,1,hi,neutral,bn,0.5,0.9916666666666668,0.2213541527589162,120
bigscience/bloom-1b7,0,side_aunt,16,1,hi,neutral,en,0.5,0.5,0.0,120
bigscience/bloom-1b7,0,side_aunt,16,1,hi,neutral,hi,0.5083333333333333,0.65,0.0317708214124043,120
bigscience/bloom-1b7,0,side_aunt,18,1,hi,informative,bn,0.5,1.0,0.3171874940395355,120
bigscience/bloom-1b7,0,side_aunt,18,1,hi,informative,en,0.5,0.8583333333333333,0.0822916666666666,120
bigscience/bloom-1b7,0,side_aunt,18,1,hi,informative,hi,0.5083333333333333,0.45,-0.0171874860922495,120
bigscience/bloom-1b7,0,side_aunt,18,1,hi,neutral,bn,0.5,0.975,0.2197916686534881,120
bigscience/bloom-1b7,0,side_aunt,18,1,hi,neutral,en,0.5,0.5,0.0,120
bigscience/bloom-1b7,0,side_aunt,18,1,hi,neutral,hi,0.4916666666666666,0.5916666666666667,0.0109375039736429,120
bigscience/bloom-1b7,0,side_aunt,20,1,hi,informative,bn,0.5,0.9916666666666668,0.3192708313465118,120
bigscience/bloom-1b7,0,side_aunt,20,1,hi,informative,en,0.5,0.8416666666666667,0.0697916666666666,120
bigscience/bloom-1b7,0,side_aunt,20,1,hi,informative,hi,0.4833333333333333,0.3833333333333333,-0.0380208273728688,120
bigscience/bloom-1b7,0,side_aunt,20,1,hi,neutral,bn,0.5,0.9666666666666668,0.2286458472410837,120
bigscience/bloom-1b7,0,side_aunt,20,1,hi,neutral,en,0.5,0.5,0.0,120
bigscience/bloom-1b7,0,side_aunt,20,1,hi,neutral,hi,0.4666666666666667,0.525,0.0046875059604644,120
bigscience/bloom-1b7,0,side_aunt,22,1,hi,informative,bn,0.5,0.9916666666666668,0.3296875139077505,120
bigscience/bloom-1b7,0,side_aunt,22,1,hi,informative,en,0.5,0.8666666666666667,0.0729166666666666,120
bigscience/bloom-1b7,0,side_aunt,22,1,hi,informative,hi,0.4833333333333333,0.3916666666666666,-0.0291666607062021,120
bigscience/bloom-1b7,0,side_aunt,22,1,hi,neutral,bn,0.5,0.9833333333333332,0.2302083233992258,120
bigscience/bloom-1b7,0,side_aunt,22,1,hi,neutral,en,0.5,0.5,0.0,120
bigscience/bloom-1b7,0,side_aunt,22,1,hi,neutral,hi,0.4333333333333333,0.5333333333333333,0.0015625059604644,120
bigscience/bloom-1b7,0,side_aunt,0,1,en,informative,bn,0.5,1.0,0.3260416666666667,120
bigscience/bloom-1b7,0,side_aunt,0,1,en,informative,en,0.5,0.8166666666666667,0.0645833333333333,120
bigscience/bloom-1b7,0,side_aunt,0,1,en,informative,hi,0.5,0.4833333333333333,-0.0052083273728688,120
bigscience/bloom-1b7,0,side_aunt,0,1,en,neutral,bn,0.5,0.9666666666666668,0.2255208373069763,120
bigscience/bloom-1b7,0,side_aunt,0,1,en,neutral,en,0.5,0.5,0.0,120
bigscience/bloom-1b7,0,side_aunt,0,1,en,neutral,hi,0.4833333333333333,0.6,0.0255208293596903,120
bigscience/bloom-1b7,0,side_aunt,2,1,en,informative,bn,0.5,1.0,0.3265624900658925,120
bigscience/bloom-1b7,0,side_aunt,2,1,en,informative,en,0.5,0.85,0.0739583333333333,120
bigscience/bloom-1b7,0,side_aunt,2,1,en,informative,hi,0.4833333333333333,0.5,-0.0119791626930236,120
bigscience/bloom-1b7,0,side_aunt,2,1,en,neutral,bn,0.5,0.9666666666666668,0.2307291626930236,120
bigscience/bloom-1b7,0,side_aunt,2,1,en,neutral,en,0.5,0.5,0.0,120
bigscience/bloom-1b7,0,side_aunt,2,1,en,neutral,hi,0.4916666666666666,0.6416666666666667,0.0229166607062021,120
bigscience/bloom-1b7,0,side_aunt,4,1,en,informative,bn,0.5,1.0,0.3270833313465118,120
bigscience/bloom-1b7,0,side_aunt,4,1,en,informative,en,0.5,0.875,0.0791666666666666,120
bigscience/bloom-1b7,0,side_aunt,4,1,en,informative,hi,0.5166666666666667,0.5083333333333333,0.006249996026357,120
bigscience/bloom-1b7,0,side_aunt,4,1,en,neutral,bn,0.5,0.9833333333333332,0.234374996026357,120
bigscience/bloom-1b7,0,side_aunt,4,1,en,neutral,en,0.5,0.5,0.0,120
bigscience/bloom-1b7,0,side_aunt,4,1,en,neutral,hi,0.4833333333333333,0.6666666666666666,0.0244791607062021,120
bigscience/bloom-1b7,0,side_aunt,6,1,en,informative,bn,0.5083333333333333,1.0,0.3645833432674408,120
bigscience/bloom-1b7,0,side_aunt,6,1,en,informative,en,0.5,0.8416666666666667,0.0770833333333333,120
bigscience/bloom-1b7,0,side_aunt,6,1,en,informative,hi,0.5083333333333333,0.5083333333333333,0.0046875099341074,120
bigscience/bloom-1b7,0,side_aunt,6,1,en,neutral,bn,0.5,0.9833333333333332,0.2552083273728688,120
bigscience/bloom-1b7,0,side_aunt,6,1,en,neutral,en,0.5,0.5,0.0,120
bigscience/bloom-1b7,0,side_aunt,6,1,en,neutral,hi,0.475,0.5583333333333333,0.0166666746139526,120
bigscience/bloom-1b7,0,side_aunt,8,1,en,informative,bn,0.5166666666666667,1.0,0.360937488079071,120
bigscience/bloom-1b7,0,side_aunt,8,1,en,informative,en,0.5,0.9333333333333332,0.10625,120
bigscience/bloom-1b7,0,side_aunt,8,1,en,informative,hi,0.55,0.5416666666666666,0.017187492052714,120
bigscience/bloom-1b7,0,side_aunt,8,1,en,neutral,bn,0.5,0.9916666666666668,0.2463541626930236,120
bigscience/bloom-1b7,0,side_aunt,8,1,en,neutral,en,0.5,0.5,0.0,120
bigscience/bloom-1b7,0,side_aunt,8,1,en,neutral,hi,0.4916666666666666,0.6583333333333333,0.0302083253860473,120
bigscience/bloom-1b7,0,side_aunt,10,1,en,informative,bn,0.5,1.0,0.342187503973643,120
bigscience/bloom-1b7,0,side_aunt,10,1,en,informative,en,0.5,0.9416666666666668,0.1041666666666666,120
bigscience/bloom-1b7,0,side_aunt,10,1,en,informative,hi,0.5166666666666667,0.5083333333333333,0.003124996026357,120
bigscience/bloom-1b7,0,side_aunt,10,1,en,neutral,bn,0.5,0.9833333333333332,0.2156250059604644,120
bigscience/bloom-1b7,0,side_aunt,10,1,en,neutral,en,0.5,0.5,0.0,120
bigscience/bloom-1b7,0,side_aunt,10,1,en,neutral,hi,0.4833333333333333,0.675,0.0307291587193806,120
bigscience/bloom-1b7,0,side_aunt,12,1,en,informative,bn,0.5083333333333333,1.0,0.3369791646798452,120
bigscience/bloom-1b7,0,side_aunt,12,1,en,informative,en,0.5,0.9416666666666668,0.10625,120
bigscience/bloom-1b7,0,side_aunt,12,1,en,informative,hi,0.525,0.5083333333333333,-0.0005208114782969,120
bigscience/bloom-1b7,0,side_aunt,12,1,en,neutral,bn,0.5,0.9583333333333334,0.2192708373069763,120
bigscience/bloom-1b7,0,side_aunt,12,1,en,neutral,en,0.5,0.5,0.0,120
bigscience/bloom-1b7,0,side_aunt,12,1,en,neutral,hi,0.4916666666666666,0.675,0.0359375059604644,120
bigscience/bloom-1b7,0,side_aunt,12,4,en,informative,bn,0.5,1.0,0.3520833333333333,120
bigscience/bloom-1b7,0,side_aunt,12,4,en,informative,en,0.5,0.9416666666666668,0.0947916666666666,120
bigscience/bloom-1b7,0,side_aunt,12,4,en,informative,hi,0.5083333333333333,0.4416666666666666,9.934107462565104e-09,120
bigscience/bloom-1b7,0,side_aunt,12,4,en,neutral,bn,0.5,0.975,0.2286458373069763,120
bigscience/bloom-1b7,0,side_aunt,12,4,en,neutral,en,0.5,0.5,0.0,120
bigscience/bloom-1b7,0,side_aunt,12,4,en,neutral,hi,0.4916666666666666,0.7,0.0317708432674408,120
bigscience/bloom-1b7,0,side_aunt,14,1,en,informative,bn,0.5,1.0,0.3218750079472859,120
bigscience/bloom-1b7,0,side_aunt,14,1,en,informative,en,0.5,0.925,0.1010416666666666,120
bigscience/bloom-1b7,0,side_aunt,14,1,en,informative,hi,0.525,0.525,0.0072916547457377,120
bigscience/bloom-1b7,0,side_aunt,14,1,en,neutral,bn,0.5,0.9833333333333332,0.2156249900658925,120
bigscience/bloom-1b7,0,side_aunt,14,1,en,neutral,en,0.5,0.5,0.0,120
bigscience/bloom-1b7,0,side_aunt,14,1,en,neutral,hi,0.5,0.7083333333333334,0.0437500059604644,120
bigscience/bloom-1b7,0,side_aunt,16,1,en,informative,bn,0.5,1.0,0.3026041686534881,120
bigscience/bloom-1b7,0,side_aunt,16,1,en,informative,en,0.5,0.925,0.1041666666666666,120
bigscience/bloom-1b7,0,side_aunt,16,1,en,informative,hi,0.525,0.5,0.0057291527589162,120
bigscience/bloom-1b7,0,side_aunt,16,1,en,neutral,bn,0.5,0.975,0.2052083194255828,120
bigscience/bloom-1b7,0,side_aunt,16,1,en,neutral,en,0.5,0.5,0.0,120
bigscience/bloom-1b7,0,side_aunt,16,1,en,neutral,hi,0.5,0.75,0.0463541547457377,120
bigscience/bloom-1b7,0,side_aunt,18,1,en,informative,bn,0.5,1.0,0.3104166607062021,120
bigscience/bloom-1b7,0,side_aunt,18,1,en,informative,en,0.5,0.8833333333333333,0.0822916666666666,120
bigscience/bloom-1b7,0,side_aunt,18,1,en,informative,hi,0.5,0.5083333333333333,0.0020833233992258,120
bigscience/bloom-1b7,0,side_aunt,18,1,en,neutral,bn,0.5,0.975,0.2171875079472859,120
bigscience/bloom-1b7,0,side_aunt,18,1,en,neutral,en,0.5,0.5,0.0,120
bigscience/bloom-1b7,0,side_aunt,18,1,en,neutral,hi,0.4916666666666666,0.6916666666666667,0.0333333154519399,120
bigscience/bloom-1b7,0,side_aunt,20,1,en,informative,bn,0.5,0.9916666666666668,0.3213541825612386,120
bigscience/bloom-1b7,0,side_aunt,20,1,en,informative,en,0.5,0.8833333333333333,0.084375,120
bigscience/bloom-1b7,0,side_aunt,20,1,en,informative,hi,0.5083333333333333,0.5166666666666667,0.0062500079472859,120
bigscience/bloom-1b7,0,side_aunt,20,1,en,neutral,bn,0.5,0.9583333333333334,0.2218750119209289,120
bigscience/bloom-1b7,0,side_aunt,20,1,en,neutral,en,0.5,0.5,0.0,120
bigscience/bloom-1b7,0,side_aunt,20,1,en,neutral,hi,0.4916666666666666,0.675,0.0322916646798451,120
bigscience/bloom-1b7,0,side_aunt,22,1,en,informative,bn,0.5,1.0,0.3281250278155009,120
bigscience/bloom-1b7,0,side_aunt,22,1,en,informative,en,0.5,0.8166666666666667,0.0666666666666666,120
bigscience/bloom-1b7,0,side_aunt,22,1,en,informative,hi,0.5,0.4833333333333333,-0.0026041607062021,120
bigscience/bloom-1b7,0,side_aunt,22,1,en,neutral,bn,0.5,0.9666666666666668,0.2234374940395355,120
bigscience/bloom-1b7,0,side_aunt,22,1,en,neutral,en,0.5,0.5,0.0,120
bigscience/bloom-1b7,0,side_aunt,22,1,en,neutral,hi,0.4916666666666666,0.6166666666666667,0.0260416706403096,120
bigscience/bloom-1b7,0,gender,0,1,bn,informative,bn,0.5,1.0,0.3979166527589162,120
bigscience/bloom-1b7,0,gender,0,1,bn,informative,en,0.7583333333333333,1.0,0.865624992052714,120
bigscience/bloom-1b7,0,gender,0,1,bn,informative,hi,0.5,0.6666666666666666,0.0260416626930236,120
bigscience/bloom-1b7,0,gender,0,1,bn,neutral,bn,0.5,1.0,0.2817708233992259,120
bigscience/bloom-1b7,0,gender,0,1,bn,neutral,en,0.7166666666666667,1.0,0.7958333373069764,120
bigscience/bloom-1b7,0,gender,0,1,bn,neutral,hi,0.5,1.0,0.2078124860922495,120
bigscience/bloom-1b7,0,gender,2,1,bn,informative,bn,0.5,1.0,0.4994791527589162,120
bigscience/bloom-1b7,0,gender,2,1,bn,informative,en,0.7583333333333333,1.0,0.8656250079472859,120
bigscience/bloom-1b7,0,gender,2,1,bn,informative,hi,0.5,0.625,0.0276041746139526,120
bigscience/bloom-1b7,0,gender,2,1,bn,neutral,bn,0.5,1.0,0.3354166408379873,120
bigscience/bloom-1b7,0,gender,2,1,bn,neutral,en,0.7166666666666667,1.0,0.7895833412806194,120
bigscience/bloom-1b7,0,gender,2,1,bn,neutral,hi,0.5,1.0,0.2109375059604644,120
bigscience/bloom-1b7,0,gender,4,1,bn,informative,bn,0.5,1.0,0.3494791587193807,120
bigscience/bloom-1b7,0,gender,4,1,bn,informative,en,0.7666666666666667,1.0,0.868749988079071,120
bigscience/bloom-1b7,0,gender,4,1,bn,informative,hi,0.5083333333333333,0.6666666666666666,0.029687488079071,120
bigscience/bloom-1b7,0,gender,4,1,bn,neutral,bn,0.5,1.0,0.2328125019868215,120
bigscience/bloom-1b7,0,gender,4,1,bn,neutral,en,0.7333333333333333,1.0,0.7958333333333333,120
bigscience/bloom-1b7,0,gender,4,1,bn,neutral,hi,0.5,1.0,0.2135416766007741,120
bigscience/bloom-1b7,0,gender,6,1,bn,informative,bn,0.5,1.0,0.3635416865348816,120
bigscience/bloom-1b7,0,gender,6,1,bn,informative,en,0.7833333333333333,1.0,0.8552083253860474,120
bigscience/bloom-1b7,0,gender,6,1,bn,informative,hi,0.5083333333333333,0.7,0.0401041706403096,120
bigscience/bloom-1b7,0,gender,6,1,bn,neutral,bn,0.5,1.0,0.2416666626930236,120
bigscience/bloom-1b7,0,gender,6,1,bn,neutral,en,0.725,1.0,0.7802083293596903,120
bigscience/bloom-1b7,0,gender,6,1,bn,neutral,hi,0.5,1.0,0.2166666587193807,120
bigscience/bloom-1b7,0,gender,8,1,bn,informative,bn,0.5,1.0,0.415624996026357,120
bigscience/bloom-1b7,0,gender,8,1,bn,informative,en,0.775,1.0,0.868749996026357,120
bigscience/bloom-1b7,0,gender,8,1,bn,informative,hi,0.5083333333333333,0.6666666666666666,0.0302083452542622,120
bigscience/bloom-1b7,0,gender,8,1,bn,neutral,bn,0.5,1.0,0.2572916746139526,120
bigscience/bloom-1b7,0,gender,8,1,bn,neutral,en,0.7,1.0,0.796875003973643,120
bigscience/bloom-1b7,0,gender,8,1,bn,neutral,hi,0.5,1.0,0.204687488079071,120
bigscience/bloom-1b7,0,gender,10,1,bn,informative,bn,0.5,1.0,0.4489583233992258,120
bigscience/bloom-1b7,0,gender,10,1,bn,informative,en,0.7333333333333333,1.0,0.8708333333333333,120
bigscience/bloom-1b7,0,gender,10,1,bn,informative,hi,0.5,0.65,0.0213541746139526,120
bigscience/bloom-1b7,0,gender,10,1,bn,neutral,bn,0.5,1.0,0.2869791567325592,120
bigscience/bloom-1b7,0,gender,10,1,bn,neutral,en,0.7,1.0,0.815625,120
bigscience/bloom-1b7,0,gender,10,1,bn,neutral,hi,0.5,1.0,0.2046875019868214,120
bigscience/bloom-1b7,0,gender,12,1,bn,informative,bn,0.5,1.0,0.4489583373069763,120
bigscience/bloom-1b7,0,gender,12,1,bn,informative,en,0.7416666666666667,1.0,0.8708333412806193,120
bigscience/bloom-1b7,0,gender,12,1,bn,informative,hi,0.5083333333333333,0.6666666666666666,0.0302083333333333,120
bigscience/bloom-1b7,0,gender,12,1,bn,neutral,bn,0.5,1.0,0.2958333253860473,120
bigscience/bloom-1b7,0,gender,12,1,bn,neutral,en,0.7166666666666667,1.0,0.7979166666666667,120
bigscience/bloom-1b7,0,gender,12,1,bn,neutral,hi,0.5,1.0,0.2192708194255828,120
bigscience/bloom-1b7,0,gender,12,4,bn,informative,bn,0.5,1.0,0.4348958214124044,120
bigscience/bloom-1b7,0,gender,12,4,bn,informative,en,0.6916666666666667,1.0,0.9260416666666668,120
bigscience/bloom-1b7,0,gender,12,4,bn,informative,hi,0.5083333333333333,0.6833333333333333,0.0333333412806193,120
bigscience/bloom-1b7,0,gender,12,4,bn,neutral,bn,0.5,1.0,0.2729166706403096,120
bigscience/bloom-1b7,0,gender,12,4,bn,neutral,en,0.675,1.0,0.834375003973643,120
bigscience/bloom-1b7,0,gender,12,4,bn,neutral,hi,0.5,1.0,0.2078124900658925,120
bigscience/bloom-1b7,0,gender,14,1,bn,informative,bn,0.5,1.0,0.4828124980131785,120
bigscience/bloom-1b7,0,gender,14,1,bn,informative,en,0.7583333333333333,1.0,0.875000003973643,120
bigscience/bloom-1b7,0,gender,14,1,bn,informative,hi,0.5083333333333333,0.7,0.0364583313465118,120
bigscience/bloom-1b7,0,gender,14,1,bn,neutral,bn,0.5,1.0,0.3322916547457377,120
bigscience/bloom-1b7,0,gender,14,1,bn,neutral,en,0.7166666666666667,1.0,0.806250007947286,120
bigscience/bloom-1b7,0,gender,14,1,bn,neutral,hi,0.5,1.0,0.2260416587193807,120
bigscience/bloom-1b7,0,gender,16,1,bn,informative,bn,0.5,1.0,0.4109375099341074,120
bigscience/bloom-1b7,0,gender,16,1,bn,informative,en,0.75,1.0,0.8666666626930237,120
bigscience/bloom-1b7,0,gender,16,1,bn,informative,hi,0.5,0.65,0.0286458313465118,120
bigscience/bloom-1b7,0,gender,16,1,bn,neutral,bn,0.5,1.0,0.2567708293596903,120
bigscience/bloom-1b7,0,gender,16,1,bn,neutral,en,0.7083333333333334,1.0,0.7885416666666667,120
bigscience/bloom-1b7,0,gender,16,1,bn,neutral,hi,0.5,1.0,0.2041666706403096,120
bigscience/bloom-1b7,0,gender,18,1,bn,informative,bn,0.5,1.0,0.4552083253860474,120
bigscience/bloom-1b7,0,gender,18,1,bn,informative,en,0.7583333333333333,1.0,0.849999996026357,120
bigscience/bloom-1b7,0,gender,18,1,bn,informative,hi,0.5,0.725,0.0463541785875956,120
bigscience/bloom-1b7,0,gender,18,1,bn,neutral,bn,0.5,1.0,0.2838541825612386,120
bigscience/bloom-1b7,0,gender,18,1,bn,neutral,en,0.7083333333333334,1.0,0.7916666785875957,120
bigscience/bloom-1b7,0,gender,18,1,bn,neutral,hi,0.5,1.0,0.2223958353201548,120
bigscience/bloom-1b7,0,gender,20,1,bn,informative,bn,0.5,1.0,0.4109374860922495,120
bigscience/bloom-1b7,0,gender,20,1,bn,informative,en,0.7666666666666667,1.0,0.8302083293596904,120
bigscience/bloom-1b7,0,gender,20,1,bn,informative,hi,0.5,0.6916666666666667,0.0385416626930236,120
bigscience/bloom-1b7,0,gender,20,1,bn,neutral,bn,0.5,1.0,0.2447916646798451,120
bigscience/bloom-1b7,0,gender,20,1,bn,neutral,en,0.7166666666666667,1.0,0.765625,120
bigscience/bloom-1b7,0,gender,20,1,bn,neutral,hi,0.5,1.0,0.2130208373069763,120
bigscience/bloom-1b7,0,gender,22,1,bn,informative,bn,0.5,1.0,0.3984375019868215,120
bigscience/bloom-1b7,0,gender,22,1,bn,informative,en,0.7166666666666667,1.0,0.818749996026357,120
bigscience/bloom-1b7,0,gender,22,1,bn,informative,hi,0.5,0.6666666666666666,0.0302083273728688,120
bigscience/bloom-1b7,0,gender,22,1,bn,neutral,bn,0.5,1.0,0.2338541746139526,120
bigscience/bloom-1b7,0,gender,22,1,bn,neutral,en,0.7,1.0,0.7583333214124044,120
bigscience/bloom-1b7,0,gender,22,1,bn,neutral,hi,0.5,1.0,0.2088541607062022,120
bigscience/bloom-1b7,0,gender,0,1,hi,informative,bn,0.5,1.0,0.4552083432674408,120
bigscience/bloom-1b7,0,gender,0,1,hi,informative,en,0.775,1.0,0.8541666547457377,120
bigscience/bloom-1b7,0,gender,0,1,hi,informative,hi,0.5,0.7166666666666667,0.0380208253860473,120
bigscience/bloom-1b7,0,gender,0,1,hi,neutral,bn,0.5,1.0,0.2843749860922495,120
bigscience/bloom-1b7,0,gender,0,1,hi,neutral,en,0.7333333333333333,1.0,0.7958333253860473,120
bigscience/bloom-1b7,0,gender,0,1,hi,neutral,hi,0.5,1.0,0.220312496026357,120
bigscience/bloom-1b7,0,gender,2,1,hi,informative,bn,0.5,1.0,0.4557291567325592,120
bigscience/bloom-1b7,0,gender,2,1,hi,informative,en,0.7583333333333333,1.0,0.8510416666666667,120
bigscience/bloom-1b7,0,gender,2,1,hi,informative,hi,0.5,0.6833333333333333,0.0401041825612386,120
bigscience/bloom-1b7,0,gender,2,1,hi,neutral,bn,0.5,1.0,0.284375,120
bigscience/bloom-1b7,0,gender,2,1,hi,neutral,en,0.7416666666666667,1.0,0.78125,120
bigscience/bloom-1b7,0,gender,2,1,hi,neutral,hi,0.5,1.0,0.2151041607062022,120
bigscience/bloom-1b7,0,gender,4,1,hi,informative,bn,0.5,1.0,0.4640625059604645,120
bigscience/bloom-1b7,0,gender,4,1,hi,informative,en,0.7583333333333333,1.0,0.8552083333333333,120
bigscience/bloom-1b7,0,gender,4,1,hi,informative,hi,0.5083333333333333,0.7916666666666666,0.056249992052714,120
bigscience/bloom-1b7,0,gender,4,1,hi,neutral,bn,0.5,1.0,0.2911458313465118,120
bigscience/bloom-1b7,0,gender,4,1,hi,neutral,en,0.7083333333333334,1.0,0.784375,120
bigscience/bloom-1b7,0,gender,4,1,hi,neutral,hi,0.5,1.0,0.2520833412806193,120
bigscience/bloom-1b7,0,gender,6,1,hi,informative,bn,0.5,1.0,0.4505208591620127,120
bigscience/bloom-1b7,0,gender,6,1,hi,informative,en,0.775,1.0,0.859375,120
bigscience/bloom-1b7,0,gender,6,1,hi,informative,hi,0.5083333333333333,0.7416666666666667,0.0531250158945719,120
bigscience/bloom-1b7,0,gender,6,1,hi,neutral,bn,0.5,1.0,0.2880208253860473,120
bigscience/bloom-1b7,0,gender,6,1,hi,neutral,en,0.7166666666666667,1.0,0.800000003973643,120
bigscience/bloom-1b7,0,gender,6,1,hi,neutral,hi,0.5,1.0,0.229687503973643,120
bigscience/bloom-1b7,0,gender,8,1,hi,informative,bn,0.5,1.0,0.4593750019868215,120
bigscience/bloom-1b7,0,gender,8,1,hi,informative,en,0.7666666666666667,1.0,0.8656249880790711,120
bigscience/bloom-1b7,0,gender,8,1,hi,informative,hi,0.5083333333333333,0.5666666666666667,0.0083333214124043,120
bigscience/bloom-1b7,0,gender,8,1,hi,neutral,bn,0.5,1.0,0.2885416666666666,120
bigscience/bloom-1b7,0,gender,8,1,hi,neutral,en,0.7333333333333333,1.0,0.7979166626930236,120
bigscience/bloom-1b7,0,gender,8,1,hi,neutral,hi,0.5,1.0,0.2005208432674408,120
bigscience/bloom-1b7,0,gender,10,1,hi,informative,bn,0.5,1.0,0.464062507947286,120
bigscience/bloom-1b7,0,gender,10,1,hi,informative,en,0.7666666666666667,1.0,0.8510416706403097,120
bigscience/bloom-1b7,0,gender,10,1,hi,informative,hi,0.5,0.7083333333333334,0.0364583373069763,120
bigscience/bloom-1b7,0,gender,10,1,hi,neutral,bn,0.5,1.0,0.2901041607062022,120
bigscience/bloom-1b7,0,gender,10,1,hi,neutral,en,0.7083333333333334,1.0,0.793750007947286,120
bigscience/bloom-1b7,0,gender,10,1,hi,neutral,hi,0.5,1.0,0.2364583293596903,120
bigscience/bloom-1b7,0,gender,12,1,hi,informative,bn,0.5,1.0,0.4635416706403096,120
bigscience/bloom-1b7,0,gender,12,1,hi,informative,en,0.7666666666666667,1.0,0.8447916746139527,120
bigscience/bloom-1b7,0,gender,12,1,hi,informative,hi,0.5083333333333333,0.7833333333333333,0.0536458253860473,120
bigscience/bloom-1b7,0,gender,12,1,hi,neutral,bn,0.5,1.0,0.2885416686534882,120
bigscience/bloom-1b7,0,gender,12,1,hi,neutral,en,0.725,1.0,0.7833333412806193,120
bigscience/bloom-1b7,0,gender,12,1,hi,neutral,hi,0.5,1.0,0.2338541706403096,120
bigscience/bloom-1b7,0,gender,12,4,hi,informative,bn,0.5,1.0,0.4625000178813934,120
bigscience/bloom-1b7,0,gender,12,4,hi,informative,en,0.7333333333333333,1.0,0.8552083412806193,120
bigscience/bloom-1b7,0,gender,12,4,hi,informative,hi,0.5083333333333333,0.8583333333333333,0.0692708412806193,120
bigscience/bloom-1b7,0,gender,12,4,hi,neutral,bn,0.5,1.0,0.2979166845480601,120
bigscience/bloom-1b7,0,gender,12,4,hi,neutral,en,0.6916666666666667,1.0,0.7885416626930237,120
bigscience/bloom-1b7,0,gender,12,4,hi,neutral,hi,0.5,1.0,0.256249996026357,120
bigscience/bloom-1b7,0,gender,14,1,hi,informative,bn,0.5,1.0,0.4651041607062022,120
bigscience/bloom-1b7,0,gender,14,1,hi,informative,en,0.775,1.0,0.8458333293596904,120
bigscience/bloom-1b7,0,gender,14,1,hi,informative,hi,0.5083333333333333,0.8916666666666667,0.0848958432674407,120
bigscience/bloom-1b7,0,gender,14,1,hi,neutral,bn,0.5,1.0,0.2890625198682149,120
bigscience/bloom-1b7,0,gender,14,1,hi,neutral,en,0.725,1.0,0.7947916706403096,120
bigscience/bloom-1b7,0,gender,14,1,hi,neutral,hi,0.5,1.0,0.2625000019868215,120
bigscience/bloom-1b7,0,gender,16,1,hi,informative,bn,0.5,1.0,0.458854188521703,120
bigscience/bloom-1b7,0,gender,16,1,hi,informative,en,0.7666666666666667,1.0,0.8385416467984518,120
bigscience/bloom-1b7,0,gender,16,1,hi,informative,hi,0.5083333333333333,0.7416666666666667,0.0416666626930236,120
bigscience/bloom-1b7,0,gender,16,1,hi,neutral,bn,0.5,1.0,0.2890625139077504,120
bigscience/bloom-1b7,0,gender,16,1,hi,neutral,en,0.725,1.0,0.7677083333333333,120
bigscience/bloom-1b7,0,gender,16,1,hi,neutral,hi,0.5,1.0,0.2156249940395355,120
bigscience/bloom-1b7,0,gender,18,1,hi,informative,bn,0.5,1.0,0.4609375139077504,120
bigscience/bloom-1b7,0,gender,18,1,hi,informative,en,0.6916666666666667,1.0,0.796875003973643,120
bigscience/bloom-1b7,0,gender,18,1,hi,informative,hi,0.4833333333333333,0.6166666666666667,0.0218750039736429,120
bigscience/bloom-1b7,0,gender,18,1,hi,neutral,bn,0.5,1.0,0.2937500218550364,120
bigscience/bloom-1b7,0,gender,18,1,hi,neutral,en,0.6666666666666666,1.0,0.7354166746139527,120
bigscience/bloom-1b7,0,gender,18,1,hi,neutral,hi,0.5,1.0,0.1796875019868214,120
bigscience/bloom-1b7,0,gender,20,1,hi,informative,bn,0.5,1.0,0.4624999821186065,120
bigscience/bloom-1b7,0,gender,20,1,hi,informative,en,0.6583333333333333,1.0,0.7520833333333333,120
bigscience/bloom-1b7,0,gender,20,1,hi,informative,hi,0.5,0.5416666666666666,0.0005208412806193,120
bigscience/bloom-1b7,0,gender,20,1,hi,neutral,bn,0.5,1.0,0.2906250139077505,120
bigscience/bloom-1b7,0,gender,20,1,hi,neutral,en,0.6583333333333333,1.0,0.699999996026357,120
bigscience/bloom-1b7,0,gender,20,1,hi,neutral,hi,0.5,1.0,0.1833333313465118,120
bigscience/bloom-1b7,0,gender,22,1,hi,informative,bn,0.5,1.0,0.4401041626930236,120
bigscience/bloom-1b7,0,gender,22,1,hi,informative,en,0.675,1.0,0.790625003973643,120
bigscience/bloom-1b7,0,gender,22,1,hi,informative,hi,0.4916666666666666,0.4416666666666666,-0.0197916507720947,120
bigscience/bloom-1b7,0,gender,22,1,hi,neutral,bn,0.5,1.0,0.2807291587193807,120
bigscience/bloom-1b7,0,gender,22,1,hi,neutral,en,0.6833333333333333,1.0,0.7385416626930237,120
bigscience/bloom-1b7,0,gender,22,1,hi,neutral,hi,0.5,1.0,0.1546875,120
bigscience/bloom-1b7,0,gender,0,1,en,informative,bn,0.5,1.0,0.4567708154519399,120
bigscience/bloom-1b7,0,gender,0,1,en,informative,en,0.75,1.0,0.8520833293596903,120
bigscience/bloom-1b7,0,gender,0,1,en,informative,hi,0.5,0.6833333333333333,0.0343750079472859,120
bigscience/bloom-1b7,0,gender,0,1,en,neutral,bn,0.5,1.0,0.2880208492279053,120
bigscience/bloom-1b7,0,gender,0,1,en,neutral,en,0.7166666666666667,1.0,0.7822916666666667,120
bigscience/bloom-1b7,0,gender,0,1,en,neutral,hi,0.5,1.0,0.2104166666666666,120
bigscience/bloom-1b7,0,gender,2,1,en,informative,bn,0.5,1.0,0.4651041587193807,120
bigscience/bloom-1b7,0,gender,2,1,en,informative,en,0.8083333333333333,1.0,0.9177083373069764,120
bigscience/bloom-1b7,0,gender,2,1,en,informative,hi,0.5,0.6333333333333333,0.0255208532015482,120
bigscience/bloom-1b7,0,gender,2,1,en,neutral,bn,0.5,1.0,0.2932291666666666,120
bigscience/bloom-1b7,0,gender,2,1,en,neutral,en,0.7333333333333333,1.0,0.8208333333333333,120
bigscience/bloom-1b7,0,gender,2,1,en,neutral,hi,0.5,1.0,0.2093750099341074,120
bigscience/bloom-1b7,0,gender,4,1,en,informative,bn,0.5,1.0,0.4723958412806193,120
bigscience/bloom-1b7,0,gender,4,1,en,informative,en,0.8083333333333333,1.0,0.8895833412806193,120
bigscience/bloom-1b7,0,gender,4,1,en,informative,hi,0.5,0.675,0.0296875139077504,120
bigscience/bloom-1b7,0,gender,4,1,en,neutral,bn,0.5,1.0,0.2921875139077504,120
bigscience/bloom-1b7,0,gender,4,1,en,neutral,en,0.7666666666666667,1.0,0.809375007947286,120
bigscience/bloom-1b7,0,gender,4,1,en,neutral,hi,0.5,1.0,0.2088541607062022,120
bigscience/bloom-1b7,0,gender,6,1,en,informative,bn,0.5,1.0,0.4802083492279053,120
bigscience/bloom-1b7,0,gender,6,1,en,informative,en,0.7833333333333333,1.0,0.831250011920929,120
bigscience/bloom-1b7,0,gender,6,1,en,informative,hi,0.5083333333333333,0.6833333333333333,0.0296875039736429,120
bigscience/bloom-1b7,0,gender,6,1,en,neutral,bn,0.5,1.0,0.2921875139077504,120
bigscience/bloom-1b7,0,gender,6,1,en,neutral,en,0.7,1.0,0.7479166666666667,120
bigscience/bloom-1b7,0,gender,6,1,en,neutral,hi,0.5,1.0,0.2156250139077504,120
bigscience/bloom-1b7,0,gender,8,1,en,informative,bn,0.5,1.0,0.474999992052714,120
bigscience/bloom-1b7,0,gender,8,1,en,informative,en,0.7916666666666666,1.0,0.8333333452542623,120
bigscience/bloom-1b7,0,gender,8,1,en,informative,hi,0.5,0.675,0.0416666507720947,120
bigscience/bloom-1b7,0,gender,8,1,en,neutral,bn,0.5,1.0,0.2979166706403096,120
bigscience/bloom-1b7,0,gender,8,1,en,neutral,en,0.7333333333333333,1.0,0.7614583253860474,120
bigscience/bloom-1b7,0,gender,8,1,en,neutral,hi,0.5,1.0,0.2145833293596903,120
bigscience/bloom-1b7,0,gender,10,1,en,informative,bn,0.5,1.0,0.4765624860922495,120
bigscience/bloom-1b7,0,gender,10,1,en,informative,en,0.8,1.0,0.8427083293596903,120
bigscience/bloom-1b7,0,gender,10,1,en,informative,hi,0.5,0.6833333333333333,0.0380208233992258,120
bigscience/bloom-1b7,0,gender,10,1,en,neutral,bn,0.5,1.0,0.2895833233992259,120
bigscience/bloom-1b7,0,gender,10,1,en,neutral,en,0.7416666666666667,1.0,0.7822916587193807,120
bigscience/bloom-1b7,0,gender,10,1,en,neutral,hi,0.5,1.0,0.2135416587193807,120
bigscience/bloom-1b7,0,gender,12,1,en,informative,bn,0.5,1.0,0.4687499860922495,120
bigscience/bloom-1b7,0,gender,12,1,en,informative,en,0.7916666666666666,1.0,0.8020833293596904,120
bigscience/bloom-1b7,0,gender,12,1,en,informative,hi,0.5083333333333333,0.7083333333333334,0.0385416626930236,120
bigscience/bloom-1b7,0,gender,12,1,en,neutral,bn,0.5,1.0,0.2895833233992259,120
bigscience/bloom-1b7,0,gender,12,1,en,neutral,en,0.7416666666666667,1.0,0.740624996026357,120
bigscience/bloom-1b7,0,gender,12,1,en,neutral,hi,0.5,1.0,0.2145833432674408,120
bigscience/bloom-1b7,0,gender,12,4,en,informative,bn,0.5,1.0,0.4739583253860474,120
bigscience/bloom-1b7,0,gender,12,4,en,informative,en,0.775,1.0,0.6041666666666666,120
bigscience/bloom-1b7,0,gender,12,4,en,informative,hi,0.5,0.675,0.0375000059604644,120
bigscience/bloom-1b7,0,gender,12,4,en,neutral,bn,0.5,1.0,0.2828125059604645,120
bigscience/bloom-1b7,0,gender,12,4,en,neutral,en,0.6833333333333333,1.0,0.5333333333333333,120
bigscience/bloom-1b7,0,gender,12,4,en,neutral,hi,0.5,1.0,0.2135416865348816,120
bigscience/bloom-1b7,0,gender,14,1,en,informative,bn,0.5,1.0,0.4791666766007741,120
bigscience/bloom-1b7,0,gender,14,1,en,informative,en,0.8166666666666667,1.0,0.7177083333333333,120
bigscience/bloom-1b7,0,gender,14,1,en,informative,hi,0.5083333333333333,0.6583333333333333,0.0312499940395355,120
bigscience/bloom-1b7,0,gender,14,1,en,neutral,bn,0.5,1.0,0.2921875119209289,120
bigscience/bloom-1b7,0,gender,14,1,en,neutral,en,0.7333333333333333,1.0,0.668750003973643,120
bigscience/bloom-1b7,0,gender,14,1,en,neutral,hi,0.5,1.0,0.207812484105428,120
bigscience/bloom-1b7,0,gender,16,1,en,informative,bn,0.5,1.0,0.4447916507720947,120
bigscience/bloom-1b7,0,gender,16,1,en,informative,en,0.7666666666666667,1.0,0.6552083293596903,120
bigscience/bloom-1b7,0,gender,16,1,en,informative,hi,0.5,0.6416666666666667,0.0260416726271311,120
bigscience/bloom-1b7,0,gender,16,1,en,neutral,bn,0.5,1.0,0.281249984105428,120
bigscience/bloom-1b7,0,gender,16,1,en,neutral,en,0.75,1.0,0.6177083293596903,120
bigscience/bloom-1b7,0,gender,16,1,en,neutral,hi,0.5,1.0,0.2036458353201548,120
bigscience/bloom-1b7,0,gender,18,1,en,informative,bn,0.5,1.0,0.4494791825612386,120
bigscience/bloom-1b7,0,gender,18,1,en,informative,en,0.825,1.0,0.6135416706403096,120
bigscience/bloom-1b7,0,gender,18,1,en,informative,hi,0.5,0.575,0.0098958333333333,120
bigscience/bloom-1b7,0,gender,18,1,en,neutral,bn,0.5,1.0,0.2776041666666666,120
bigscience/bloom-1b7,0,gender,18,1,en,neutral,en,0.8,1.0,0.6041666706403096,120
bigscience/bloom-1b7,0,gender,18,1,en,neutral,hi,0.5,1.0,0.1927083353201548,120
bigscience/bloom-1b7,0,gender,20,1,en,informative,bn,0.5,1.0,0.4447916766007741,120
bigscience/bloom-1b7,0,gender,20,1,en,informative,en,0.75,1.0,0.696874996026357,120
bigscience/bloom-1b7,0,gender,20,1,en,informative,hi,0.5,0.6,0.0135416785875956,120
bigscience/bloom-1b7,0,gender,20,1,en,neutral,bn,0.5,1.0,0.2802083174387614,120
bigscience/bloom-1b7,0,gender,20,1,en,neutral,en,0.7166666666666667,1.0,0.6489583333333333,120
bigscience/bloom-1b7,0,gender,20,1,en,neutral,hi,0.5,1.0,0.204687492052714,120
bigscience/bloom-1b7,0,gender,22,1,en,informative,bn,0.5,1.0,0.4208333392937978,120
bigscience/bloom-1b7,0,gender,22,1,en,informative,en,0.725,1.0,0.7083333412806193,120
bigscience/bloom-1b7,0,gender,22,1,en,informative,hi,0.5,0.625,0.0281250099341074,120
bigscience/bloom-1b7,0,gender,22,1,en,neutral,bn,0.5,1.0,0.2552083174387614,120
bigscience/bloom-1b7,0,gender,22,1,en,neutral,en,0.675,1.0,0.6489583333333333,120
bigscience/bloom-1b7,0,gender,22,1,en,neutral,hi,0.5,1.0,0.2062500079472859,120
bigscience/bloom-1b7,0,side_aunt,0,1,random,informative,bn,0.5,1.0,0.3291666785875956,120
bigscience/bloom-1b7,0,side_aunt,0,1,random,informative,en,0.5,0.8583333333333333,0.0802083333333333,120
bigscience/bloom-1b7,0,side_aunt,0,1,random,informative,hi,0.5,0.5166666666666667,-0.001562484105428,120
bigscience/bloom-1b7,0,side_aunt,0,1,random,neutral,bn,0.5,0.975,0.234375003973643,120
bigscience/bloom-1b7,0,side_aunt,0,1,random,neutral,en,0.5,0.5,0.0,120
bigscience/bloom-1b7,0,side_aunt,0,1,random,neutral,hi,0.4916666666666666,0.6833333333333333,0.0322916626930236,120
bigscience/bloom-1b7,0,gender,0,1,random,informative,bn,0.5,1.0,0.4614583194255829,120
bigscience/bloom-1b7,0,gender,0,1,random,informative,en,0.7583333333333333,1.0,0.8489583293596904,120
bigscience/bloom-1b7,0,gender,0,1,random,informative,hi,0.5083333333333333,0.6583333333333333,0.0286458452542622,120
bigscience/bloom-1b7,0,gender,0,1,random,neutral,bn,0.5,1.0,0.2786458432674408,120
bigscience/bloom-1b7,0,gender,0,1,random,neutral,en,0.725,1.0,0.7916666706403096,120
bigscience/bloom-1b7,0,gender,0,1,random,neutral,hi,0.5,1.0,0.210937492052714,120
bigscience/bloom-1b7,0,side_aunt,2,1,random,informative,bn,0.5,0.9916666666666668,0.3255208233992259,120
bigscience/bloom-1b7,0,side_aunt,2,1,random,informative,en,0.5,0.8833333333333333,0.0802083333333333,120
bigscience/bloom-1b7,0,side_aunt,2,1,random,informative,hi,0.5083333333333333,0.4916666666666666,0.0005208194255828,120
bigscience/bloom-1b7,0,side_aunt,2,1,random,neutral,bn,0.5,0.9583333333333334,0.2229166626930236,120
bigscience/bloom-1b7,0,side_aunt,2,1,random,neutral,en,0.5,0.5,0.0,120
bigscience/bloom-1b7,0,side_aunt,2,1,random,neutral,hi,0.4833333333333333,0.625,0.0276041567325592,120
bigscience/bloom-1b7,0,gender,2,1,random,informative,bn,0.5,1.0,0.4578124900658925,120
bigscience/bloom-1b7,0,gender,2,1,random,informative,en,0.7416666666666667,1.0,0.8479166626930237,120
bigscience/bloom-1b7,0,gender,2,1,random,informative,hi,0.5,0.6583333333333333,0.0302083373069763,120
bigscience/bloom-1b7,0,gender,2,1,random,neutral,bn,0.5,1.0,0.2979166507720947,120
bigscience/bloom-1b7,0,gender,2,1,random,neutral,en,0.725,1.0,0.7916666706403096,120
bigscience/bloom-1b7,0,gender,2,1,random,neutral,hi,0.5,1.0,0.2114583452542623,120
bigscience/bloom-1b7,0,side_aunt,4,1,random,informative,bn,0.5,0.9916666666666668,0.3385416706403096,120
bigscience/bloom-1b7,0,side_aunt,4,1,random,informative,en,0.5,0.9,0.0895833333333333,120
bigscience/bloom-1b7,0,side_aunt,4,1,random,informative,hi,0.5,0.5083333333333333,0.0026041805744171,120
bigscience/bloom-1b7,0,side_aunt,4,1,random,neutral,bn,0.5,0.9666666666666668,0.2338541706403096,120
bigscience/bloom-1b7,0,side_aunt,4,1,random,neutral,en,0.5,0.5,0.0,120
bigscience/bloom-1b7,0,side_aunt,4,1,random,neutral,hi,0.5,0.725,0.0333333373069763,120
bigscience/bloom-1b7,0,gender,4,1,random,informative,bn,0.5,1.0,0.4546875,120
bigscience/bloom-1b7,0,gender,4,1,random,informative,en,0.7666666666666667,1.0,0.8541666626930237,120
bigscience/bloom-1b7,0,gender,4,1,random,informative,hi,0.5,0.7,0.039062496026357,120
bigscience/bloom-1b7,0,gender,4,1,random,neutral,bn,0.5,1.0,0.2796875119209289,120
bigscience/bloom-1b7,0,gender,4,1,random,neutral,en,0.725,1.0,0.8020833333333334,120
bigscience/bloom-1b7,0,gender,4,1,random,neutral,hi,0.5,1.0,0.2124999900658925,120
bigscience/bloom-1b7,0,side_aunt,6,1,random,informative,bn,0.5,0.9833333333333332,0.3328125059604644,120
bigscience/bloom-1b7,0,side_aunt,6,1,random,informative,en,0.5,0.8583333333333333,0.08125,120
bigscience/bloom-1b7,0,side_aunt,6,1,random,informative,hi,0.4916666666666666,0.475,-0.0026041487852732,120
bigscience/bloom-1b7,0,side_aunt,6,1,random,neutral,bn,0.5,0.9833333333333332,0.2348958412806193,120
bigscience/bloom-1b7,0,side_aunt,6,1,random,neutral,en,0.5,0.5,0.0,120
bigscience/bloom-1b7,0,side_aunt,6,1,random,neutral,hi,0.4916666666666666,0.6416666666666667,0.0265625019868214,120
bigscience/bloom-1b7,0,gender,6,1,random,informative,bn,0.5,1.0,0.4609375198682149,120
bigscience/bloom-1b7,0,gender,6,1,random,informative,en,0.7666666666666667,1.0,0.859374996026357,120
bigscience/bloom-1b7,0,gender,6,1,random,informative,hi,0.5083333333333333,0.6333333333333333,0.0270833353201548,120
bigscience/bloom-1b7,0,gender,6,1,random,neutral,bn,0.5,1.0,0.2880208373069763,120
bigscience/bloom-1b7,0,gender,6,1,random,neutral,en,0.7,1.0,0.790624996026357,120
bigscience/bloom-1b7,0,gender,6,1,random,neutral,hi,0.5,1.0,0.2171875059604645,120
bigscience/bloom-1b7,0,side_aunt,8,1,random,informative,bn,0.5,0.9916666666666668,0.3260416746139526,120
bigscience/bloom-1b7,0,side_aunt,8,1,random,informative,en,0.5,0.8166666666666667,0.0739583333333333,120
bigscience/bloom-1b7,0,side_aunt,8,1,random,informative,hi,0.5,0.4833333333333333,-0.0020833392937978,120
bigscience/bloom-1b7,0,side_aunt,8,1,random,neutral,bn,0.5,0.975,0.229687503973643,120
bigscience/bloom-1b7,0,side_aunt,8,1,random,neutral,en,0.5,0.5,0.0,120
bigscience/bloom-1b7,0,side_aunt,8,1,random,neutral,hi,0.4916666666666666,0.625,0.0239583333333333,120
bigscience/bloom-1b7,0,gender,8,1,random,informative,bn,0.5,1.0,0.4614583214124044,120
bigscience/bloom-1b7,0,gender,8,1,random,informative,en,0.775,1.0,0.8708333333333333,120
bigscience/bloom-1b7,0,gender,8,1,random,informative,hi,0.5083333333333333,0.7,0.0359375,120
bigscience/bloom-1b7,0,gender,8,1,random,neutral,bn,0.5,1.0,0.2843750178813934,120
bigscience/bloom-1b7,0,gender,8,1,random,neutral,en,0.725,1.0,0.796875,120
bigscience/bloom-1b7,0,gender,8,1,random,neutral,hi,0.5,1.0,0.2156250039736429,120
bigscience/bloom-1b7,0,side_aunt,10,1,random,informative,bn,0.5,1.0,0.3406249900658925,120
bigscience/bloom-1b7,0,side_aunt,10,1,random,informative,en,0.5,0.9,0.0916666666666666,120
bigscience/bloom-1b7,0,side_aunt,10,1,random,informative,hi,0.5083333333333333,0.4583333333333333,-0.0005208392937978,120
bigscience/bloom-1b7,0,side_aunt,10,1,random,neutral,bn,0.5,0.975,0.2333333134651184,120
bigscience/bloom-1b7,0,side_aunt,10,1,random,neutral,en,0.5,0.5,0.0,120
bigscience/bloom-1b7,0,side_aunt,10,1,random,neutral,hi,0.4916666666666666,0.65,0.0260416805744171,120
bigscience/bloom-1b7,0,gender,10,1,random,informative,bn,0.5,1.0,0.465624996026357,120
bigscience/bloom-1b7,0,gender,10,1,random,informative,en,0.7583333333333333,1.0,0.856250011920929,120
bigscience/bloom-1b7,0,gender,10,1,random,informative,hi,0.5,0.6416666666666667,0.0286458293596903,120
bigscience/bloom-1b7,0,gender,10,1,random,neutral,bn,0.5,1.0,0.289062492052714,120
bigscience/bloom-1b7,0,gender,10,1,random,neutral,en,0.7166666666666667,1.0,0.7916666626930237,120
bigscience/bloom-1b7,0,gender,10,1,random,neutral,hi,0.5,1.0,0.2046875079472859,120
bigscience/bloom-1b7,0,side_aunt,12,1,random,informative,bn,0.5,1.0,0.3333333472410837,120
bigscience/bloom-1b7,0,side_aunt,12,1,random,informative,en,0.5,0.8583333333333333,0.08125,120
bigscience/bloom-1b7,0,side_aunt,12,1,random,informative,hi,0.5,0.5,0.0093750099341074,120
bigscience/bloom-1b7,0,side_aunt,12,1,random,neutral,bn,0.5,0.9833333333333332,0.2427083392937978,120
bigscience/bloom-1b7,0,side_aunt,12,1,random,neutral,en,0.5,0.5,0.0,120
bigscience/bloom-1b7,0,side_aunt,12,1,random,neutral,hi,0.4916666666666666,0.6583333333333333,0.0328124940395355,120
bigscience/bloom-1b7,0,gender,12,1,random,informative,bn,0.5,1.0,0.459374992052714,120
bigscience/bloom-1b7,0,gender,12,1,random,informative,en,0.7666666666666667,1.0,0.8635416626930237,120
bigscience/bloom-1b7,0,gender,12,1,random,informative,hi,0.5,0.6416666666666667,0.021874996026357,120
bigscience/bloom-1b7,0,gender,12,1,random,neutral,bn,0.5,1.0,0.2854166746139526,120
bigscience/bloom-1b7,0,gender,12,1,random,neutral,en,0.7083333333333334,1.0,0.790624996026357,120
bigscience/bloom-1b7,0,gender,12,1,random,neutral,hi,0.5,1.0,0.2057291547457377,120
bigscience/bloom-1b7,0,side_aunt,12,4,random,informative,bn,0.5,1.0,0.342187503973643,120
bigscience/bloom-1b7,0,side_aunt,12,4,random,informative,en,0.5,0.9416666666666668,0.1041666666666666,120
bigscience/bloom-1b7,0,side_aunt,12,4,random,informative,hi,0.5083333333333333,0.525,0.007812492052714,120
bigscience/bloom-1b7,0,side_aunt,12,4,random,neutral,bn,0.5,0.9916666666666668,0.239062492052714,120
bigscience/bloom-1b7,0,side_aunt,12,4,random,neutral,en,0.5,0.5,0.0,120
bigscience/bloom-1b7,0,side_aunt,12,4,random,neutral,hi,0.4833333333333333,0.6833333333333333,0.0333333253860473,120
bigscience/bloom-1b7,0,gender,12,4,random,informative,bn,0.5,1.0,0.468749984105428,120
bigscience/bloom-1b7,0,gender,12,4,random,informative,en,0.7583333333333333,1.0,0.8645833412806193,120
bigscience/bloom-1b7,0,gender,12,4,random,informative,hi,0.5083333333333333,0.7083333333333334,0.037499992052714,120
bigscience/bloom-1b7,0,gender,12,4,random,neutral,bn,0.5,1.0,0.2895833214124044,120
bigscience/bloom-1b7,0,gender,12,4,random,neutral,en,0.7,1.0,0.7958333373069764,120
bigscience/bloom-1b7,0,gender,12,4,random,neutral,hi,0.5,1.0,0.2151041646798451,120
bigscience/bloom-1b7,0,side_aunt,14,1,random,informative,bn,0.5,1.0,0.3166666607062022,120
bigscience/bloom-1b7,0,side_aunt,14,1,random,informative,en,0.5,0.8666666666666667,0.0802083333333333,120
bigscience/bloom-1b7,0,side_aunt,14,1,random,informative,hi,0.5166666666666667,0.4916666666666666,-0.0015624900658925,120
bigscience/bloom-1b7,0,side_aunt,14,1,random,neutral,bn,0.5,0.9916666666666668,0.2296875019868215,120
bigscience/bloom-1b7,0,side_aunt,14,1,random,neutral,en,0.5,0.5,0.0,120
bigscience/bloom-1b7,0,side_aunt,14,1,random,neutral,hi,0.5,0.7083333333333334,0.0317708313465118,120
bigscience/bloom-1b7,0,gender,14,1,random,informative,bn,0.5,1.0,0.453125,120
bigscience/bloom-1b7,0,gender,14,1,random,informative,en,0.7583333333333333,1.0,0.8593750079472859,120
bigscience/bloom-1b7,0,gender,14,1,random,informative,hi,0.5083333333333333,0.7,0.0359375019868214,120
bigscience/bloom-1b7,0,gender,14,1,random,neutral,bn,0.5,1.0,0.2854166766007741,120
bigscience/bloom-1b7,0,gender,14,1,random,neutral,en,0.7166666666666667,1.0,0.7968749920527141,120
bigscience/bloom-1b7,0,gender,14,1,random,neutral,hi,0.5,1.0,0.2114583373069763,120
bigscience/bloom-1b7,0,side_aunt,16,1,random,informative,bn,0.5,1.0,0.3239583333333333,120
bigscience/bloom-1b7,0,side_aunt,16,1,random,informative,en,0.5,0.8416666666666667,0.0760416666666666,120
bigscience/bloom-1b7,0,side_aunt,16,1,random,informative,hi,0.5166666666666667,0.5333333333333333,0.0052083353201548,120
bigscience/bloom-1b7,0,side_aunt,16,1,random,neutral,bn,0.5,0.9666666666666668,0.2229166746139526,120
bigscience/bloom-1b7,0,side_aunt,16,1,random,neutral,en,0.5,0.5,0.0,120
bigscience/bloom-1b7,0,side_aunt,16,1,random,neutral,hi,0.4916666666666666,0.625,0.0255208392937978,120
bigscience/bloom-1b7,0,gender,16,1,random,informative,bn,0.5,1.0,0.4630208532015482,120
bigscience/bloom-1b7,0,gender,16,1,random,informative,en,0.7583333333333333,1.0,0.8541666706403096,120
bigscience/bloom-1b7,0,gender,16,1,random,informative,hi,0.5,0.675,0.0302083333333333,120
bigscience/bloom-1b7,0,gender,16,1,random,neutral,bn,0.5,1.0,0.2989583214124043,120
bigscience/bloom-1b7,0,gender,16,1,random,neutral,en,0.7083333333333334,1.0,0.7885416626930237,120
bigscience/bloom-1b7,0,gender,16,1,random,neutral,hi,0.5,1.0,0.2114583293596903,120
bigscience/bloom-1b7,0,side_aunt,18,1,random,informative,bn,0.5,1.0,0.3286458492279053,120
bigscience/bloom-1b7,0,side_aunt,18,1,random,informative,en,0.5,0.8583333333333333,0.08125,120
bigscience/bloom-1b7,0,side_aunt,18,1,random,informative,hi,0.525,0.4833333333333333,0.0057291587193806,120
bigscience/bloom-1b7,0,side_aunt,18,1,random,neutral,bn,0.5,0.975,0.2276041666666666,120
bigscience/bloom-1b7,0,side_aunt,18,1,random,neutral,en,0.5,0.5,0.0,120
bigscience/bloom-1b7,0,side_aunt,18,1,random,neutral,hi,0.5,0.7166666666666667,0.0369791527589162,120
bigscience/bloom-1b7,0,gender,18,1,random,informative,bn,0.5,1.0,0.4489583392937978,120
bigscience/bloom-1b7,0,gender,18,1,random,informative,en,0.775,1.0,0.8552083412806193,120
bigscience/bloom-1b7,0,gender,18,1,random,informative,hi,0.5083333333333333,0.65,0.028125,120
bigscience/bloom-1b7,0,gender,18,1,random,neutral,bn,0.5,1.0,0.2869791766007741,120
bigscience/bloom-1b7,0,gender,18,1,random,neutral,en,0.725,1.0,0.7895833293596903,120
bigscience/bloom-1b7,0,gender,18,1,random,neutral,hi,0.5,1.0,0.2067708373069763,120
bigscience/bloom-1b7,0,side_aunt,20,1,random,informative,bn,0.5,1.0,0.3213541527589162,120
bigscience/bloom-1b7,0,side_aunt,20,1,random,informative,en,0.5,0.8,0.0729166666666666,120
bigscience/bloom-1b7,0,side_aunt,20,1,random,informative,hi,0.5166666666666667,0.4833333333333333,0.0010416746139526,120
bigscience/bloom-1b7,0,side_aunt,20,1,random,neutral,bn,0.5,0.975,0.2270833353201548,120
bigscience/bloom-1b7,0,side_aunt,20,1,random,neutral,en,0.5,0.5,0.0,120
bigscience/bloom-1b7,0,side_aunt,20,1,random,neutral,hi,0.4916666666666666,0.6583333333333333,0.0276041646798451,120
bigscience/bloom-1b7,0,gender,20,1,random,informative,bn,0.5,1.0,0.4598958392937978,120
bigscience/bloom-1b7,0,gender,20,1,random,informative,en,0.75,1.0,0.8479166547457377,120
bigscience/bloom-1b7,0,gender,20,1,random,informative,hi,0.5,0.7166666666666667,0.0411458253860473,120
bigscience/bloom-1b7,0,gender,20,1,random,neutral,bn,0.5,1.0,0.2927083075046539,120
bigscience/bloom-1b7,0,gender,20,1,random,neutral,en,0.7,1.0,0.778125003973643,120
bigscience/bloom-1b7,0,gender,20,1,random,neutral,hi,0.5,1.0,0.215624996026357,120
bigscience/bloom-1b7,0,side_aunt,22,1,random,informative,bn,0.5,1.0,0.3244791746139526,120
bigscience/bloom-1b7,0,side_aunt,22,1,random,informative,en,0.5,0.8583333333333333,0.0760416666666666,120
bigscience/bloom-1b7,0,side_aunt,22,1,random,informative,hi,0.4916666666666666,0.5,-0.0057291805744171,120
bigscience/bloom-1b7,0,side_aunt,22,1,random,neutral,bn,0.5,0.975,0.2255208353201548,120
bigscience/bloom-1b7,0,side_aunt,22,1,random,neutral,en,0.5,0.5,0.0,120
bigscience/bloom-1b7,0,side_aunt,22,1,random,neutral,hi,0.4916666666666666,0.6583333333333333,0.0296875079472859,120
bigscience/bloom-1b7,0,gender,22,1,random,informative,bn,0.5,1.0,0.4546874900658925,120
bigscience/bloom-1b7,0,gender,22,1,random,informative,en,0.8,1.0,0.843749996026357,120
bigscience/bloom-1b7,0,gender,22,1,random,informative,hi,0.5083333333333333,0.6666666666666666,0.0302083253860473,120
bigscience/bloom-1b7,0,gender,22,1,random,neutral,bn,0.5,1.0,0.276562496026357,120
bigscience/bloom-1b7,0,gender,22,1,random,neutral,en,0.7666666666666667,1.0,0.7895833373069763,120
bigscience/bloom-1b7,0,gender,22,1,random,neutral,hi,0.5,1.0,0.206250003973643,120
bigscience/bloom-1b7,1,side_aunt,-1,0,none,informative,bn,0.5,0.8333333333333334,0.2088541746139526,120
bigscience/bloom-1b7,1,side_aunt,-1,0,none,informative,en,0.5,0.8416666666666667,0.0760416666666666,120
bigscience/bloom-1b7,1,side_aunt,-1,0,none,informative,hi,0.5416666666666666,0.5666666666666667,0.0348958412806193,120
bigscience/bloom-1b7,1,side_aunt,-1,0,none,neutral,bn,0.5,0.8583333333333333,0.1369791785875956,120
bigscience/bloom-1b7,1,side_aunt,-1,0,none,neutral,en,0.5,0.5,0.0,120
bigscience/bloom-1b7,1,side_aunt,-1,0,none,neutral,hi,0.4833333333333333,0.4166666666666667,-0.0203124940395355,120
bigscience/bloom-1b7,1,gender,-1,0,none,informative,bn,0.5,1.0,0.4161458313465118,120
bigscience/bloom-1b7,1,gender,-1,0,none,informative,en,0.8416666666666667,1.0,0.9208333373069764,120
bigscience/bloom-1b7,1,gender,-1,0,none,informative,hi,0.5,0.5333333333333333,0.0,120
bigscience/bloom-1b7,1,gender,-1,0,none,neutral,bn,0.5,1.0,0.2807291686534882,120
bigscience/bloom-1b7,1,gender,-1,0,none,neutral,en,0.8166666666666667,1.0,0.8927083373069763,120
bigscience/bloom-1b7,1,gender,-1,0,none,neutral,hi,0.5,1.0,0.171875,120
bigscience/bloom-1b7,1,side_aunt,0,1,bn,informative,bn,0.5083333333333333,0.8583333333333333,0.2026041726271311,120
bigscience/bloom-1b7,1,side_aunt,0,1,bn,informative,en,0.5,0.825,0.0708333333333333,120
bigscience/bloom-1b7,1,side_aunt,0,1,bn,informative,hi,0.5416666666666666,0.525,0.0322916666666666,120
bigscience/bloom-1b7,1,side_aunt,0,1,bn,neutral,bn,0.5,0.8833333333333333,0.1276041666666666,120
bigscience/bloom-1b7,1,side_aunt,0,1,bn,neutral,en,0.5,0.5,0.0,120
bigscience/bloom-1b7,1,side_aunt,0,1,bn,neutral,hi,0.4833333333333333,0.45,-0.0156250019868214,120
bigscience/bloom-1b7,1,side_aunt,2,1,bn,informative,bn,0.5,0.8083333333333333,0.1557291825612386,120
bigscience/bloom-1b7,1,side_aunt,2,1,bn,informative,en,0.5,0.85,0.0791666666666666,120
bigscience/bloom-1b7,1,side_aunt,2,1,bn,informative,hi,0.5416666666666666,0.5166666666666667,0.0218750079472859,120
bigscience/bloom-1b7,1,side_aunt,2,1,bn,neutral,bn,0.5,0.7583333333333333,0.0854166646798451,120
bigscience/bloom-1b7,1,side_aunt,2,1,bn,neutral,en,0.5,0.5,0.0,120
bigscience/bloom-1b7,1,side_aunt,2,1,bn,neutral,hi,0.4833333333333333,0.4333333333333333,-0.0151041607062021,120
bigscience/bloom-1b7,1,side_aunt,4,1,bn,informative,bn,0.5083333333333333,0.8583333333333333,0.2276041766007741,120
bigscience/bloom-1b7,1,side_aunt,4,1,bn,informative,en,0.5,0.8833333333333333,0.0739583333333333,120
bigscience/bloom-1b7,1,side_aunt,4,1,bn,informative,hi,0.5333333333333333,0.55,0.0307291587193806,120
bigscience/bloom-1b7,1,side_aunt,4,1,bn,neutral,bn,0.5,0.7666666666666667,0.1130208392937978,120
bigscience/bloom-1b7,1,side_aunt,4,1,bn,neutral,en,0.5,0.5,0.0,120
bigscience/bloom-1b7,1,side_aunt,4,1,bn,neutral,hi,0.4833333333333333,0.4333333333333333,-0.014062496026357,120
bigscience/bloom-1b7,1,side_aunt,6,1,bn,informative,bn,0.5083333333333333,0.8083333333333333,0.1760416666666666,120
bigscience/bloom-1b7,1,side_aunt,6,1,bn,informative,en,0.5,0.8333333333333334,0.0729166666666666,120
bigscience/bloom-1b7,1,side_aunt,6,1,bn,informative,hi,0.5416666666666666,0.55,0.0312500019868214,120
bigscience/bloom-1b7,1,side_aunt,6,1,bn,neutral,bn,0.5,0.75,0.1083333353201548,120
bigscience/bloom-1b7,1,side_aunt,6,1,bn,neutral,en,0.5,0.5,0.0,120
bigscience/bloom-1b7,1,side_aunt,6,1,bn,neutral,hi,0.4833333333333333,0.4333333333333333,-0.0171875059604644,120
bigscience/bloom-1b7,1,side_aunt,8,1,bn,informative,bn,0.5083333333333333,0.7833333333333333,0.1505208392937978,120
bigscience/bloom-1b7,1,side_aunt,8,1,bn,informative,en,0.5,0.85,0.0729166666666666,120
bigscience/bloom-1b7,1,side_aunt,8,1,bn,informative,hi,0.5416666666666666,0.5666666666666667,0.0348958392937978,120
bigscience/bloom-1b7,1,side_aunt,8,1,bn,neutral,bn,0.5,0.75,0.0984375079472859,120
bigscience/bloom-1b7,1,side_aunt,8,1,bn,neutral,en,0.5,0.5,0.0,120
bigscience/bloom-1b7,1,side_aunt,8,1,bn,neutral,hi,0.475,0.4333333333333333,-0.0208333492279052,120
bigscience/bloom-1b7,1,side_aunt,10,1,bn,informative,bn,0.4916666666666666,0.7833333333333333,0.1593750019868215,120
bigscience/bloom-1b7,1,side_aunt,10,1,bn,informative,en,0.5,0.8333333333333334,0.0760416666666666,120
bigscience/bloom-1b7,1,side_aunt,10,1,bn,informative,hi,0.5416666666666666,0.575,0.0328125059604644,120
bigscience/bloom-1b7,1,side_aunt,10,1,bn,neutral,bn,0.5,0.725,0.087499992052714,120
bigscience/bloom-1b7,1,side_aunt,10,1,bn,neutral,en,0.5,0.5,0.0,120
bigscience/bloom-1b7,1,side_aunt,10,1,bn,neutral,hi,0.4833333333333333,0.425,-0.017187488079071,120
bigscience/bloom-1b7,1,side_aunt,12,1,bn,informative,bn,0.4916666666666666,0.7083333333333334,0.1119791626930236,120
bigscience/bloom-1b7,1,side_aunt,12,1,bn,informative,en,0.5,0.825,0.071875,120
bigscience/bloom-1b7,1,side_aunt,12,1,bn,informative,hi,0.5416666666666666,0.5333333333333333,0.0161458452542622,120
bigscience/bloom-1b7,1,side_aunt,12,1,bn,neutral,bn,0.5,0.5,0.0348958373069763,120
bigscience/bloom-1b7,1,side_aunt,12,1,bn,neutral,en,0.5,0.5,0.0,120
bigscience/bloom-1b7,1,side_aunt,12,1,bn,neutral,hi,0.475,0.35,-0.0260416766007741,120
bigscience/bloom-1b7,1,side_aunt,12,4,bn,informative,bn,0.4916666666666666,0.3583333333333333,-0.035937492052714,120
bigscience/bloom-1b7,1,side_aunt,12,4,bn,informative,en,0.5,0.8,0.0666666666666666,120
bigscience/bloom-1b7,1,side_aunt,12,4,bn,informative,hi,0.5416666666666666,0.5583333333333333,0.0255208512147267,120
bigscience/bloom-1b7,1,side_aunt,12,4,bn,neutral,bn,0.5,0.1833333333333333,-0.1203125019868214,120
bigscience/bloom-1b7,1,side_aunt,12,4,bn,neutral,en,0.5,0.5,0.0,120
bigscience/bloom-1b7,1,side_aunt,12,4,bn,neutral,hi,0.475,0.4,-0.0234375019868214,120
bigscience/bloom-1b7,1,side_aunt,14,1,bn,informative,bn,0.4916666666666666,0.575,0.0531250019868214,120
bigscience/bloom-1b7,1,side_aunt,14,1,bn,informative,en,0.5,0.7916666666666666,0.065625,120
bigscience/bloom-1b7,1,side_aunt,14,1,bn,informative,hi,0.5416666666666666,0.525,0.0119791587193806,120
bigscience/bloom-1b7,1,side_aunt,14,1,bn,neutral,bn,0.5,0.3666666666666666,-0.0260416646798451,120
bigscience/bloom-1b7,1,side_aunt,14,1,bn,neutral,en,0.5,0.5,0.0,120
bigscience/bloom-1b7,1,side_aunt,14,1,bn,neutral,hi,0.475,0.325,-0.0354166666666666,120
bigscience/bloom-1b7,1,side_aunt,16,1,bn,informative,bn,0.4916666666666666,0.7166666666666667,0.117187488079071,120
bigscience/bloom-1b7,1,side_aunt,16,1,bn,informative,en,0.5,0.85,0.078125,120
bigscience/bloom-1b7,1,side_aunt,16,1,bn,informative,hi,0.5416666666666666,0.55,0.0276041785875956,120
bigscience/bloom-1b7,1,side_aunt,16,1,bn,neutral,bn,0.5,0.4833333333333333,0.0151041607062021,120
bigscience/bloom-1b7,1,side_aunt,16,1,bn,neutral,en,0.5,0.5,0.0,120
bigscience/bloom-1b7,1,side_aunt,16,1,bn,neutral,hi,0.4833333333333333,0.3833333333333333,-0.0296875059604644,120
bigscience/bloom-1b7,1,side_aunt,18,1,bn,informative,bn,0.4916666666666666,0.7333333333333333,0.1312499940395355,120
bigscience/bloom-1b7,1,side_aunt,18,1,bn,informative,en,0.5,0.8916666666666667,0.0864583333333333,120
bigscience/bloom-1b7,1,side_aunt,18,1,bn,informative,hi,0.5416666666666666,0.575,0.0406249940395355,120
bigscience/bloom-1b7,1,side_aunt,18,1,bn,neutral,bn,0.5,0.5416666666666666,0.0479166686534881,120
bigscience/bloom-1b7,1,side_aunt,18,1,bn,neutral,en,0.5,0.5,0.0,120
bigscience/bloom-1b7,1,side_aunt,18,1,bn,neutral,hi,0.4833333333333333,0.425,-0.0255208333333333,120
bigscience/bloom-1b7,1,side_aunt,20,1,bn,informative,bn,0.5,0.7833333333333333,0.1499999980131785,120
bigscience/bloom-1b7,1,side_aunt,20,1,bn,informative,en,0.5,0.8333333333333334,0.0677083333333333,120
bigscience/bloom-1b7,1,side_aunt,20,1,bn,informative,hi,0.5416666666666666,0.5333333333333333,0.0312500099341074,120
bigscience/bloom-1b7,1,side_aunt,20,1,bn,neutral,bn,0.5,0.6833333333333333,0.0812500079472859,120
bigscience/bloom-1b7,1,side_aunt,20,1,bn,neutral,en,0.5,0.5,0.0,120
bigscience/bloom-1b7,1,side_aunt,20,1,bn,neutral,hi,0.4833333333333333,0.4333333333333333,-0.0197916567325592,120
bigscience/bloom-1b7,1,side_aunt,22,1,bn,informative,bn,0.4916666666666666,0.8,0.1703125198682149,120
bigscience/bloom-1b7,1,side_aunt,22,1,bn,informative,en,0.5,0.825,0.06875,120
bigscience/bloom-1b7,1,side_aunt,22,1,bn,informative,hi,0.5416666666666666,0.55,0.0348958253860473,120
bigscience/bloom-1b7,1,side_aunt,22,1,bn,neutral,bn,0.5,0.7666666666666667,0.0984375079472859,120
bigscience/bloom-1b7,1,side_aunt,22,1,bn,neutral,en,0.5,0.5,0.0,120
bigscience/bloom-1b7,1,side_aunt,22,1,bn,neutral,hi,0.4833333333333333,0.4666666666666667,-0.0114583313465118,120
bigscience/bloom-1b7,1,side_aunt,0,1,hi,informative,bn,0.5083333333333333,0.8416666666666667,0.2140624980131785,120
bigscience/bloom-1b7,1,side_aunt,0,1,hi,informative,en,0.5,0.875,0.08125,120
bigscience/bloom-1b7,1,side_aunt,0,1,hi,informative,hi,0.5416666666666666,0.6166666666666667,0.0682291607062021,120
bigscience/bloom-1b7,1,side_aunt,0,1,hi,neutral,bn,0.5,0.85,0.1364583273728688,120
bigscience/bloom-1b7,1,side_aunt,0,1,hi,neutral,en,0.5,0.5,0.0,120
bigscience/bloom-1b7,1,side_aunt,0,1,hi,neutral,hi,0.4916666666666666,0.7166666666666667,0.0385416487852732,120
bigscience/bloom-1b7,1,side_aunt,2,1,hi,informative,bn,0.5083333333333333,0.8416666666666667,0.2140625019868215,120
bigscience/bloom-1b7,1,side_aunt,2,1,hi,informative,en,0.5,0.8416666666666667,0.0697916666666666,120
bigscience/bloom-1b7,1,side_aunt,2,1,hi,informative,hi,0.5416666666666666,0.6583333333333333,0.0755208392937978,120
bigscience/bloom-1b7,1,side_aunt,2,1,hi,neutral,bn,0.5,0.8583333333333333,0.1375000019868215,120
bigscience/bloom-1b7,1,side_aunt,2,1,hi,neutral,en,0.5,0.5,0.0,120
bigscience/bloom-1b7,1,side_aunt,2,1,hi,neutral,hi,0.475,0.55,0.0026041507720947,120
bigscience/bloom-1b7,1,side_aunt,4,1,hi,informative,bn,0.5083333333333333,0.8416666666666667,0.2093750079472859,120
bigscience/bloom-1b7,1,side_aunt,4,1,hi,informative,en,0.5,0.825,0.0739583333333333,120
bigscience/bloom-1b7,1,side_aunt,4,1,hi,informative,hi,0.525,0.5416666666666666,0.0114583353201548,120
bigscience/bloom-1b7,1,side_aunt,4,1,hi,neutral,bn,0.5,0.85,0.1359375019868215,120
bigscience/bloom-1b7,1,side_aunt,4,1,hi,neutral,en,0.5,0.5,0.0,120
bigscience/bloom-1b7,1,side_aunt,4,1,hi,neutral,hi,0.475,0.4083333333333333,-0.0203125,120
bigscience/bloom-1b7,1,side_aunt,6,1,hi,informative,bn,0.5083333333333333,0.825,0.1994791507720947,120
bigscience/bloom-1b7,1,side_aunt,6,1,hi,informative,en,0.5,0.85,0.0739583333333333,120
bigscience/bloom-1b7,1,side_aunt,6,1,hi,informative,hi,0.525,0.5583333333333333,0.0395833333333333,120
bigscience/bloom-1b7,1,side_aunt,6,1,hi,neutral,bn,0.5,0.8333333333333334,0.1333333392937978,120
bigscience/bloom-1b7,1,side_aunt,6,1,hi,neutral,en,0.5,0.5,0.0,120
bigscience/bloom-1b7,1,side_aunt,6,1,hi,neutral,hi,0.4916666666666666,0.475,0.0010416666666666,120
bigscience/bloom-1b7,1,side_aunt,8,1,hi,informative,bn,0.5083333333333333,0.825,0.2057291805744171,120
bigscience/bloom-1b7,1,side_aunt,8,1,hi,informative,en,0.5,0.8,0.071875,120
bigscience/bloom-1b7,1,side_aunt,8,1,hi,informative,hi,0.5416666666666666,0.5833333333333334,0.0500000039736429,120
bigscience/bloom-1b7,1,side_aunt,8,1,hi,neutral,bn,0.5,0.8583333333333333,0.1421874940395355,120
bigscience/bloom-1b7,1,side_aunt,8,1,hi,neutral,en,0.5,0.5,0.0,120
bigscience/bloom-1b7,1,side_aunt,8,1,hi,neutral,hi,0.4916666666666666,0.4916666666666666,5.960464477539063e-09,120
bigscience/bloom-1b7,1,side_aunt,10,1,hi,informative,bn,0.5083333333333333,0.8416666666666667,0.2197916587193807,120
bigscience/bloom-1b7,1,side_aunt,10,1,hi,informative,en,0.5,0.875,0.0822916666666666,120
bigscience/bloom-1b7,1,side_aunt,10,1,hi,informative,hi,0.5416666666666666,0.6,0.0651041527589162,120
bigscience/bloom-1b7,1,side_aunt,10,1,hi,neutral,bn,0.5,0.875,0.142187503973643,120
bigscience/bloom-1b7,1,side_aunt,10,1,hi,neutral,en,0.5,0.5,0.0,120
bigscience/bloom-1b7,1,side_aunt,10,1,hi,neutral,hi,0.4833333333333333,0.5833333333333334,0.0088541646798451,120
bigscience/bloom-1b7,1,side_aunt,12,1,hi,informative,bn,0.5083333333333333,0.8416666666666667,0.2161458233992258,120
bigscience/bloom-1b7,1,side_aunt,12,1,hi,informative,en,0.5,0.8666666666666667,0.078125,120
bigscience/bloom-1b7,1,side_aunt,12,1,hi,informative,hi,0.55,0.625,0.0713541706403096,120
bigscience/bloom-1b7,1,side_aunt,12,1,hi,neutral,bn,0.5,0.8833333333333333,0.1505208412806193,120
bigscience/bloom-1b7,1,side_aunt,12,1,hi,neutral,en,0.5,0.5,0.0,120
bigscience/bloom-1b7,1,side_aunt,12,1,hi,neutral,hi,0.4833333333333333,0.6083333333333333,0.0166666567325592,120
bigscience/bloom-1b7,1,side_aunt,12,4,hi,informative,bn,0.5,0.8083333333333333,0.1932291686534881,120
bigscience/bloom-1b7,1,side_aunt,12,4,hi,informative,en,0.5,0.7833333333333333,0.0645833333333333,120
bigscience/bloom-1b7,1,side_aunt,12,4,hi,informative,hi,0.5416666666666666,0.6333333333333333,0.0578125119209289,120
bigscience/bloom-1b7,1,side_aunt,12,4,hi,neutral,bn,0.5,0.8333333333333334,0.1390624940395355,120
bigscience/bloom-1b7,1,side_aunt,12,4,hi,neutral,en,0.5,0.5,0.0,120
bigscience/bloom-1b7,1,side_aunt,12,4,hi,neutral,hi,0.4833333333333333,0.5583333333333333,0.0098958373069763,120
bigscience/bloom-1b7,1,side_aunt,14,1,hi,informative,bn,0.5,0.85,0.2109374940395355,120
bigscience/bloom-1b7,1,side_aunt,14,1,hi,informative,en,0.5,0.7833333333333333,0.06875,120
bigscience/bloom-1b7,1,side_aunt,14,1,hi,informative,hi,0.55,0.6666666666666666,0.0947916666666666,120
bigscience/bloom-1b7,1,side_aunt,14,1,hi,neutral,bn,0.5,0.8833333333333333,0.1479166626930236,120
bigscience/bloom-1b7,1,side_aunt,14,1,hi,neutral,en,0.5,0.5,0.0,120
bigscience/bloom-1b7,1,side_aunt,14,1,hi,neutral,hi,0.4833333333333333,0.725,0.0468750079472859,120
bigscience/bloom-1b7,1,side_aunt,16,1,hi,informative,bn,0.5083333333333333,0.8333333333333334,0.203124992052714,120
bigscience/bloom-1b7,1,side_aunt,16,1,hi,informative,en,0.5,0.8916666666666667,0.084375,120
bigscience/bloom-1b7,1,side_aunt,16,1,hi,informative,hi,0.55,0.5666666666666667,0.0322916428248087,120
bigscience/bloom-1b7,1,side_aunt,16,1,hi,neutral,bn,0.5,0.8666666666666667,0.1338541746139526,120
bigscience/bloom-1b7,1,side_aunt,16,1,hi,neutral,en,0.5,0.5,0.0,120
bigscience/bloom-1b7,1,side_aunt,16,1,hi,neutral,hi,0.4916666666666666,0.4333333333333333,-0.015624996026357,120
bigscience/bloom-1b7,1,side_aunt,18,1,hi,informative,bn,0.5,0.8416666666666667,0.1963541686534881,120
bigscience/bloom-1b7,1,side_aunt,18,1,hi,informative,en,0.5,0.875,0.0770833333333333,120
bigscience/bloom-1b7,1,side_aunt,18,1,hi,informative,hi,0.5333333333333333,0.55,0.0197916746139526,120
bigscience/bloom-1b7,1,side_aunt,18,1,hi,neutral,bn,0.5,0.8,0.1296875,120
bigscience/bloom-1b7,1,side_aunt,18,1,hi,neutral,en,0.5,0.5,0.0,120
bigscience/bloom-1b7,1,side_aunt,18,1,hi,neutral,hi,0.4833333333333333,0.4333333333333333,-0.0234374940395355,120
bigscience/bloom-1b7,1,side_aunt,20,1,hi,informative,bn,0.5,0.8333333333333334,0.2062500019868215,120
bigscience/bloom-1b7,1,side_aunt,20,1,hi,informative,en,0.5,0.8583333333333333,0.078125,120
bigscience/bloom-1b7,1,side_aunt,20,1,hi,informative,hi,0.5416666666666666,0.4916666666666666,-0.0052083392937978,120
bigscience/bloom-1b7,1,side_aunt,20,1,hi,neutral,bn,0.5,0.8583333333333333,0.1411458273728688,120
bigscience/bloom-1b7,1,side_aunt,20,1,hi,neutral,en,0.5,0.5,0.0,120
bigscience/bloom-1b7,1,side_aunt,20,1,hi,neutral,hi,0.4833333333333333,0.35,-0.0354166487852732,120
bigscience/bloom-1b7,1,side_aunt,22,1,hi,informative,bn,0.5,0.8333333333333334,0.2130208253860473,120
bigscience/bloom-1b7,1,side_aunt,22,1,hi,informative,en,0.5,0.825,0.0729166666666666,120
bigscience/bloom-1b7,1,side_aunt,22,1,hi,informative,hi,0.5416666666666666,0.4916666666666666,0.0057291626930236,120
bigscience/bloom-1b7,1,side_aunt,22,1,hi,neutral,bn,0.5,0.8666666666666667,0.1442708373069763,120
bigscience/bloom-1b7,1,side_aunt,22,1,hi,neutral,en,0.5,0.5,0.0,120
bigscience/bloom-1b7,1,side_aunt,22,1,hi,neutral,hi,0.4666666666666667,0.3,-0.037499992052714,120
bigscience/bloom-1b7,1,side_aunt,0,1,en,informative,bn,0.5,0.8333333333333334,0.2156250039736429,120
bigscience/bloom-1b7,1,side_aunt,0,1,en,informative,en,0.5,0.7416666666666667,0.0552083333333333,120
bigscience/bloom-1b7,1,side_aunt,0,1,en,informative,hi,0.5416666666666666,0.5416666666666666,0.0276041785875956,120
bigscience/bloom-1b7,1,side_aunt,0,1,en,neutral,bn,0.5,0.8833333333333333,0.1437500079472859,120
bigscience/bloom-1b7,1,side_aunt,0,1,en,neutral,en,0.5,0.5,0.0,120
bigscience/bloom-1b7,1,side_aunt,0,1,en,neutral,hi,0.4833333333333333,0.4666666666666667,-0.0124999980131785,120
bigscience/bloom-1b7,1,side_aunt,2,1,en,informative,bn,0.5083333333333333,0.8333333333333334,0.2057291547457377,120
bigscience/bloom-1b7,1,side_aunt,2,1,en,informative,en,0.5,0.8083333333333333,0.0708333333333333,120
bigscience/bloom-1b7,1,side_aunt,2,1,en,informative,hi,0.5333333333333333,0.525,0.0171875,120
bigscience/bloom-1b7,1,side_aunt,2,1,en,neutral,bn,0.5,0.8,0.140624992052714,120
bigscience/bloom-1b7,1,side_aunt,2,1,en,neutral,en,0.5,0.5,0.0,120
bigscience/bloom-1b7,1,side_aunt,2,1,en,neutral,hi,0.4833333333333333,0.3916666666666666,-0.0156249940395355,120
bigscience/bloom-1b7,1,side_aunt,4,1,en,informative,bn,0.5083333333333333,0.825,0.2062499940395355,120
bigscience/bloom-1b7,1,side_aunt,4,1,en,informative,en,0.5,0.85,0.0729166666666666,120
bigscience/bloom-1b7,1,side_aunt,4,1,en,informative,hi,0.5416666666666666,0.575,0.0354166766007741,120
bigscience/bloom-1b7,1,side_aunt,4,1,en,neutral,bn,0.5,0.85,0.139062496026357,120
bigscience/bloom-1b7,1,side_aunt,4,1,en,neutral,en,0.5,0.5,0.0,120
bigscience/bloom-1b7,1,side_aunt,4,1,en,neutral,hi,0.4833333333333333,0.4083333333333333,-0.0208333134651184,120
bigscience/bloom-1b7,1,side_aunt,6,1,en,informative,bn,0.5083333333333333,0.85,0.2395833253860473,120
bigscience/bloom-1b7,1,side_aunt,6,1,en,informative,en,0.5,0.8583333333333333,0.0802083333333333,120
bigscience/bloom-1b7,1,side_aunt,6,1,en,informative,hi,0.5416666666666666,0.5583333333333333,0.0401041766007741,120
bigscience/bloom-1b7,1,side_aunt,6,1,en,neutral,bn,0.5,0.8583333333333333,0.1572916646798451,120
bigscience/bloom-1b7,1,side_aunt,6,1,en,neutral,en,0.5,0.5,0.0,120
bigscience/bloom-1b7,1,side_aunt,6,1,en,neutral,hi,0.475,0.4333333333333333,-0.0203125119209289,120
bigscience/bloom-1b7,1,side_aunt,8,1,en,informative,bn,0.5083333333333333,0.8583333333333333,0.2328125039736429,120
bigscience/bloom-1b7,1,side_aunt,8,1,en,informative,en,0.5,0.9,0.0927083333333333,120
bigscience/bloom-1b7,1,side_aunt,8,1,en,informative,hi,0.525,0.5583333333333333,0.0390624821186065,120
bigscience/bloom-1b7,1,side_aunt,8,1,en,neutral,bn,0.5,0.9166666666666666,0.1552083333333333,120
bigscience/bloom-1b7,1,side_aunt,8,1,en,neutral,en,0.5,0.5,0.0,120
bigscience/bloom-1b7,1,side_aunt,8,1,en,neutral,hi,0.5,0.4583333333333333,-0.0145833273728688,120
bigscience/bloom-1b7,1,side_aunt,10,1,en,informative,bn,0.5083333333333333,0.825,0.203124996026357,120
bigscience/bloom-1b7,1,side_aunt,10,1,en,informative,en,0.5,0.9416666666666668,0.1,120
bigscience/bloom-1b7,1,side_aunt,10,1,en,informative,hi,0.55,0.5333333333333333,0.0406250178813934,120
bigscience/bloom-1b7,1,side_aunt,10,1,en,neutral,bn,0.5,0.8333333333333334,0.1223958293596903,120
bigscience/bloom-1b7,1,side_aunt,10,1,en,neutral,en,0.5,0.5,0.0,120
bigscience/bloom-1b7,1,side_aunt,10,1,en,neutral,hi,0.4916666666666666,0.425,-0.0145833273728688,120
bigscience/bloom-1b7,1,side_aunt,12,1,en,informative,bn,0.5,0.85,0.2104166706403096,120
bigscience/bloom-1b7,1,side_aunt,12,1,en,informative,en,0.5,0.8916666666666667,0.0885416666666666,120
bigscience/bloom-1b7,1,side_aunt,12,1,en,informative,hi,0.5416666666666666,0.5583333333333333,0.0307291686534881,120
bigscience/bloom-1b7,1,side_aunt,12,1,en,neutral,bn,0.5,0.85,0.1322916587193807,120
bigscience/bloom-1b7,1,side_aunt,12,1,en,neutral,en,0.5,0.5,0.0,120
bigscience/bloom-1b7,1,side_aunt,12,1,en,neutral,hi,0.4916666666666666,0.4916666666666666,-0.0026041626930236,120
bigscience/bloom-1b7,1,side_aunt,12,4,en,informative,bn,0.5,0.85,0.2250000099341074,120
bigscience/bloom-1b7,1,side_aunt,12,4,en,informative,en,0.5,0.9083333333333332,0.0927083333333333,120
bigscience/bloom-1b7,1,side_aunt,12,4,en,informative,hi,0.5416666666666666,0.55,0.0338541646798451,120
bigscience/bloom-1b7,1,side_aunt,12,4,en,neutral,bn,0.5,0.8833333333333333,0.1442708353201548,120
bigscience/bloom-1b7,1,side_aunt,12,4,en,neutral,en,0.5,0.5,0.0,120
bigscience/bloom-1b7,1,side_aunt,12,4,en,neutral,hi,0.4833333333333333,0.45,-0.0093750079472859,120
bigscience/bloom-1b7,1,side_aunt,14,1,en,informative,bn,0.5,0.8416666666666667,0.207812496026357,120
bigscience/bloom-1b7,1,side_aunt,14,1,en,informative,en,0.5,0.9083333333333332,0.090625,120
bigscience/bloom-1b7,1,side_aunt,14,1,en,informative,hi,0.5416666666666666,0.5666666666666667,0.0395833412806193,120
bigscience/bloom-1b7,1,side_aunt,14,1,en,neutral,bn,0.5,0.8166666666666667,0.1213541686534881,120
bigscience/bloom-1b7,1,side_aunt,14,1,en,neutral,en,0.5,0.5,0.0,120
bigscience/bloom-1b7,1,side_aunt,14,1,en,neutral,hi,0.5,0.4916666666666666,-0.0036458373069763,120
bigscience/bloom-1b7,1,side_aunt,16,1,en,informative,bn,0.5083333333333333,0.8166666666666667,0.1869791686534881,120
bigscience/bloom-1b7,1,side_aunt,16,1,en,informative,en,0.5,0.95,0.0989583333333333,120
bigscience/bloom-1b7,1,side_aunt,16,1,en,informative,hi,0.5416666666666666,0.5583333333333333,0.0395833313465118,120
bigscience/bloom-1b7,1,side_aunt,16,1,en,neutral,bn,0.5,0.8166666666666667,0.1197916706403096,120
bigscience/bloom-1b7,1,side_aunt,16,1,en,neutral,en,0.5,0.5,0.0,120
bigscience/bloom-1b7,1,side_aunt,16,1,en,neutral,hi,0.4833333333333333,0.55,0.0036458293596903,120
bigscience/bloom-1b7,1,side_aunt,18,1,en,informative,bn,0.5083333333333333,0.8333333333333334,0.1942708373069763,120
bigscience/bloom-1b7,1,side_aunt,18,1,en,informative,en,0.5,0.9083333333333332,0.084375,120
bigscience/bloom-1b7,1,side_aunt,18,1,en,informative,hi,0.5416666666666666,0.55,0.0406250059604644,120
bigscience/bloom-1b7,1,side_aunt,18,1,en,neutral,bn,0.5,0.825,0.1213541626930236,120
bigscience/bloom-1b7,1,side_aunt,18,1,en,neutral,en,0.5,0.5,0.0,120
bigscience/bloom-1b7,1,side_aunt,18,1,en,neutral,hi,0.4916666666666666,0.55,-0.0057291527589162,120
bigscience/bloom-1b7,1,side_aunt,20,1,en,informative,bn,0.5083333333333333,0.825,0.1921875099341074,120
bigscience/bloom-1b7,1,side_aunt,20,1,en,informative,en,0.5,0.875,0.0791666666666666,120
bigscience/bloom-1b7,1,side_aunt,20,1,en,informative,hi,0.55,0.5583333333333333,0.0395833551883697,120
bigscience/bloom-1b7,1,side_aunt,20,1,en,neutral,bn,0.5,0.8,0.1270833333333333,120
bigscience/bloom-1b7,1,side_aunt,20,1,en,neutral,en,0.5,0.5,0.0,120
bigscience/bloom-1b7,1,side_aunt,20,1,en,neutral,hi,0.4916666666666666,0.45,-0.0130208492279052,120
bigscience/bloom-1b7,1,side_aunt,22,1,en,informative,bn,0.5,0.8416666666666667,0.2078125059604644,120
bigscience/bloom-1b7,1,side_aunt,22,1,en,informative,en,0.5,0.7916666666666666,0.0677083293596903,120
bigscience/bloom-1b7,1,side_aunt,22,1,en,informative,hi,0.5416666666666666,0.5416666666666666,0.0385416686534881,120
bigscience/bloom-1b7,1,side_aunt,22,1,en,neutral,bn,0.5,0.8333333333333334,0.1380208293596903,120
bigscience/bloom-1b7,1,side_aunt,22,1,en,neutral,en,0.5,0.5,0.0,120
bigscience/bloom-1b7,1,side_aunt,22,1,en,neutral,hi,0.4833333333333333,0.4583333333333333,-0.0145833532015482,120
bigscience/bloom-1b7,1,gender,0,1,bn,informative,bn,0.5,1.0,0.3635416527589162,120
bigscience/bloom-1b7,1,gender,0,1,bn,informative,en,0.8333333333333334,1.0,0.903125007947286,120
bigscience/bloom-1b7,1,gender,0,1,bn,informative,hi,0.5,0.5416666666666666,0.0041666666666666,120
bigscience/bloom-1b7,1,gender,0,1,bn,neutral,bn,0.5,1.0,0.2677083432674408,120
bigscience/bloom-1b7,1,gender,0,1,bn,neutral,en,0.8166666666666667,1.0,0.9020833333333332,120
bigscience/bloom-1b7,1,gender,0,1,bn,neutral,hi,0.5,1.0,0.1723958353201548,120
bigscience/bloom-1b7,1,gender,2,1,bn,informative,bn,0.5,1.0,0.4645833154519399,120
bigscience/bloom-1b7,1,gender,2,1,bn,informative,en,0.8416666666666667,1.0,0.9145833412806194,120
bigscience/bloom-1b7,1,gender,2,1,bn,informative,hi,0.5,0.5666666666666667,0.0088541666666666,120
bigscience/bloom-1b7,1,gender,2,1,bn,neutral,bn,0.5,1.0,0.3348958512147267,120
bigscience/bloom-1b7,1,gender,2,1,bn,neutral,en,0.8166666666666667,1.0,0.903124996026357,120
bigscience/bloom-1b7,1,gender,2,1,bn,neutral,hi,0.5,1.0,0.1713541686534881,120
bigscience/bloom-1b7,1,gender,4,1,bn,informative,bn,0.5,1.0,0.3046875039736429,120
bigscience/bloom-1b7,1,gender,4,1,bn,informative,en,0.8416666666666667,1.0,0.9260416587193808,120
bigscience/bloom-1b7,1,gender,4,1,bn,informative,hi,0.5,0.5916666666666667,0.0125,120
bigscience/bloom-1b7,1,gender,4,1,bn,neutral,bn,0.5,1.0,0.2020833194255828,120
bigscience/bloom-1b7,1,gender,4,1,bn,neutral,en,0.8166666666666667,1.0,0.9041666706403096,120
bigscience/bloom-1b7,1,gender,4,1,bn,neutral,hi,0.5,1.0,0.1765625,120
bigscience/bloom-1b7,1,gender,6,1,bn,informative,bn,0.5,1.0,0.3192708452542623,120
bigscience/bloom-1b7,1,gender,6,1,bn,informative,en,0.8416666666666667,1.0,0.903125007947286,120
bigscience/bloom-1b7,1,gender,6,1,bn,informative,hi,0.5,0.5833333333333334,0.0109375,120
bigscience/bloom-1b7,1,gender,6,1,bn,neutral,bn,0.5,1.0,0.2140625099341074,120
bigscience/bloom-1b7,1,gender,6,1,bn,neutral,en,0.825,1.0,0.8895833293596903,120
bigscience/bloom-1b7,1,gender,6,1,bn,neutral,hi,0.5,1.0,0.1723958313465118,120
bigscience/bloom-1b7,1,gender,8,1,bn,informative,bn,0.5,1.0,0.3854166845480601,120
bigscience/bloom-1b7,1,gender,8,1,bn,informative,en,0.8416666666666667,1.0,0.9197916626930236,120
bigscience/bloom-1b7,1,gender,8,1,bn,informative,hi,0.5,0.575,0.0135416666666666,120
bigscience/bloom-1b7,1,gender,8,1,bn,neutral,bn,0.5,1.0,0.2531250019868215,120
bigscience/bloom-1b7,1,gender,8,1,bn,neutral,en,0.8166666666666667,1.0,0.906250003973643,120
bigscience/bloom-1b7,1,gender,8,1,bn,neutral,hi,0.5,1.0,0.1692708333333333,120
bigscience/bloom-1b7,1,gender,10,1,bn,informative,bn,0.5,1.0,0.4072916646798452,120
bigscience/bloom-1b7,1,gender,10,1,bn,informative,en,0.825,1.0,0.9291666626930236,120
bigscience/bloom-1b7,1,gender,10,1,bn,informative,hi,0.5,0.525,-0.0010416666666666,120
bigscience/bloom-1b7,1,gender,10,1,bn,neutral,bn,0.5,1.0,0.2781249721844991,120
bigscience/bloom-1b7,1,gender,10,1,bn,neutral,en,0.825,1.0,0.9333333333333332,120
bigscience/bloom-1b7,1,gender,10,1,bn,neutral,hi,0.5,1.0,0.1703125019868215,120
bigscience/bloom-1b7,1,gender,12,1,bn,informative,bn,0.5,1.0,0.4166666865348816,120
bigscience/bloom-1b7,1,gender,12,1,bn,informative,en,0.8416666666666667,1.0,0.9416666666666668,120
bigscience/bloom-1b7,1,gender,12,1,bn,informative,hi,0.5,0.6,0.0130208353201548,120
bigscience/bloom-1b7,1,gender,12,1,bn,neutral,bn,0.5,1.0,0.290624988079071,120
bigscience/bloom-1b7,1,gender,12,1,bn,neutral,en,0.825,1.0,0.915625,120
bigscience/bloom-1b7,1,gender,12,1,bn,neutral,hi,0.5,1.0,0.1802083313465118,120
bigscience/bloom-1b7,1,gender,12,4,bn,informative,bn,0.5,1.0,0.4286458293596903,120
bigscience/bloom-1b7,1,gender,12,4,bn,informative,en,0.7916666666666666,1.0,0.9729166746139526,120
bigscience/bloom-1b7,1,gender,12,4,bn,informative,hi,0.5,0.55,0.0041666686534881,120
bigscience/bloom-1b7,1,gender,12,4,bn,neutral,bn,0.5,1.0,0.2979166845480601,120
bigscience/bloom-1b7,1,gender,12,4,bn,neutral,en,0.8083333333333333,1.0,0.9541666666666668,120
bigscience/bloom-1b7,1,gender,12,4,bn,neutral,hi,0.5,1.0,0.1734375019868214,120
bigscience/bloom-1b7,1,gender,14,1,bn,informative,bn,0.5,1.0,0.4401041706403096,120
bigscience/bloom-1b7,1,gender,14,1,bn,informative,en,0.8416666666666667,1.0,0.937499996026357,120
bigscience/bloom-1b7,1,gender,14,1,bn,informative,hi,0.5,0.5666666666666667,0.0145833353201548,120
bigscience/bloom-1b7,1,gender,14,1,bn,neutral,bn,0.5,1.0,0.3171875079472859,120
bigscience/bloom-1b7,1,gender,14,1,bn,neutral,en,0.8083333333333333,1.0,0.9072916706403096,120
bigscience/bloom-1b7,1,gender,14,1,bn,neutral,hi,0.5,1.0,0.1869791726271311,120
bigscience/bloom-1b7,1,gender,16,1,bn,informative,bn,0.5,1.0,0.371874992052714,120
bigscience/bloom-1b7,1,gender,16,1,bn,informative,en,0.8333333333333334,1.0,0.9208333412806192,120
bigscience/bloom-1b7,1,gender,16,1,bn,informative,hi,0.5,0.5583333333333333,0.0026041686534881,120
bigscience/bloom-1b7,1,gender,16,1,bn,neutral,bn,0.5,1.0,0.2447916865348816,120
bigscience/bloom-1b7,1,gender,16,1,bn,neutral,en,0.8166666666666667,1.0,0.9010416666666666,120
bigscience/bloom-1b7,1,gender,16,1,bn,neutral,hi,0.5,1.0,0.1635416626930236,120
bigscience/bloom-1b7,1,gender,18,1,bn,informative,bn,0.5,1.0,0.4145833293596903,120
bigscience/bloom-1b7,1,gender,18,1,bn,informative,en,0.8416666666666667,1.0,0.9177083412806192,120
bigscience/bloom-1b7,1,gender,18,1,bn,informative,hi,0.5,0.575,0.015625,120
bigscience/bloom-1b7,1,gender,18,1,bn,neutral,bn,0.5,1.0,0.2781250238418579,120
bigscience/bloom-1b7,1,gender,18,1,bn,neutral,en,0.8166666666666667,1.0,0.8854166746139527,120
bigscience/bloom-1b7,1,gender,18,1,bn,neutral,hi,0.5,1.0,0.175000003973643,120
bigscience/bloom-1b7,1,gender,20,1,bn,informative,bn,0.5,1.0,0.3786458532015482,120
bigscience/bloom-1b7,1,gender,20,1,bn,informative,en,0.825,1.0,0.8833333333333333,120
bigscience/bloom-1b7,1,gender,20,1,bn,informative,hi,0.5,0.5416666666666666,0.0072916686534881,120
bigscience/bloom-1b7,1,gender,20,1,bn,neutral,bn,0.5,1.0,0.2437499860922495,120
bigscience/bloom-1b7,1,gender,20,1,bn,neutral,en,0.8083333333333333,1.0,0.871874996026357,120
bigscience/bloom-1b7,1,gender,20,1,bn,neutral,hi,0.5,1.0,0.1786458333333333,120
bigscience/bloom-1b7,1,gender,22,1,bn,informative,bn,0.5,1.0,0.3661458512147267,120
bigscience/bloom-1b7,1,gender,22,1,bn,informative,en,0.8416666666666667,1.0,0.8833333333333333,120
bigscience/bloom-1b7,1,gender,22,1,bn,informative,hi,0.5,0.55,0.0052083333333333,120
bigscience/bloom-1b7,1,gender,22,1,bn,neutral,bn,0.5,1.0,0.2296874980131785,120
bigscience/bloom-1b7,1,gender,22,1,bn,neutral,en,0.8083333333333333,1.0,0.8635416587193807,120
bigscience/bloom-1b7,1,gender,22,1,bn,neutral,hi,0.5,1.0,0.1661458353201548,120
bigscience/bloom-1b7,1,gender,0,1,hi,informative,bn,0.5,1.0,0.4067708432674408,120
bigscience/bloom-1b7,1,gender,0,1,hi,informative,en,0.8416666666666667,1.0,0.909374992052714,120
bigscience/bloom-1b7,1,gender,0,1,hi,informative,hi,0.5,0.6333333333333333,0.01875,120
bigscience/bloom-1b7,1,gender,0,1,hi,neutral,bn,0.5,1.0,0.2822916666666666,120
bigscience/bloom-1b7,1,gender,0,1,hi,neutral,en,0.8166666666666667,1.0,0.8958333293596904,120
bigscience/bloom-1b7,1,gender,0,1,hi,neutral,hi,0.5,1.0,0.1848958353201548,120
bigscience/bloom-1b7,1,gender,2,1,hi,informative,bn,0.5,1.0,0.4171875198682149,120
bigscience/bloom-1b7,1,gender,2,1,hi,informative,en,0.8333333333333334,1.0,0.9041666626930236,120
bigscience/bloom-1b7,1,gender,2,1,hi,informative,hi,0.5,0.575,0.0125,120
bigscience/bloom-1b7,1,gender,2,1,hi,neutral,bn,0.5,1.0,0.2802083293596903,120
bigscience/bloom-1b7,1,gender,2,1,hi,neutral,en,0.8166666666666667,1.0,0.9010416666666666,120
bigscience/bloom-1b7,1,gender,2,1,hi,neutral,hi,0.5,1.0,0.171875,120
bigscience/bloom-1b7,1,gender,4,1,hi,informative,bn,0.5,1.0,0.4166666527589162,120
bigscience/bloom-1b7,1,gender,4,1,hi,informative,en,0.8333333333333334,1.0,0.9072916507720948,120
bigscience/bloom-1b7,1,gender,4,1,hi,informative,hi,0.5,0.7416666666666667,0.0447916666666666,120
bigscience/bloom-1b7,1,gender,4,1,hi,neutral,bn,0.5,1.0,0.2802083233992258,120
bigscience/bloom-1b7,1,gender,4,1,hi,neutral,en,0.8166666666666667,1.0,0.8875,120
bigscience/bloom-1b7,1,gender,4,1,hi,neutral,hi,0.5,1.0,0.2078125039736429,120
bigscience/bloom-1b7,1,gender,6,1,hi,informative,bn,0.5,1.0,0.4057291726271311,120
bigscience/bloom-1b7,1,gender,6,1,hi,informative,en,0.8416666666666667,1.0,0.9145833333333332,120
bigscience/bloom-1b7,1,gender,6,1,hi,informative,hi,0.5,0.6583333333333333,0.0322916666666666,120
bigscience/bloom-1b7,1,gender,6,1,hi,neutral,bn,0.5,1.0,0.281249984105428,120
bigscience/bloom-1b7,1,gender,6,1,hi,neutral,en,0.8333333333333334,1.0,0.906250003973643,120
bigscience/bloom-1b7,1,gender,6,1,hi,neutral,hi,0.5,1.0,0.1942708392937978,120
bigscience/bloom-1b7,1,gender,8,1,hi,informative,bn,0.5,1.0,0.406249996026357,120
bigscience/bloom-1b7,1,gender,8,1,hi,informative,en,0.8416666666666667,1.0,0.9197916666666668,120
bigscience/bloom-1b7,1,gender,8,1,hi,informative,hi,0.5,0.4916666666666666,-0.0057291666666666,120
bigscience/bloom-1b7,1,gender,8,1,hi,neutral,bn,0.5,1.0,0.2760416428248087,120
bigscience/bloom-1b7,1,gender,8,1,hi,neutral,en,0.8166666666666667,1.0,0.9010416706403096,120
bigscience/bloom-1b7,1,gender,8,1,hi,neutral,hi,0.5,1.0,0.1729166686534881,120
bigscience/bloom-1b7,1,gender,10,1,hi,informative,bn,0.5,1.0,0.4177083432674408,120
bigscience/bloom-1b7,1,gender,10,1,hi,informative,en,0.8416666666666667,1.0,0.9135416587193806,120
bigscience/bloom-1b7,1,gender,10,1,hi,informative,hi,0.5,0.6333333333333333,0.0182291666666666,120
bigscience/bloom-1b7,1,gender,10,1,hi,neutral,bn,0.5,1.0,0.2796874900658925,120
bigscience/bloom-1b7,1,gender,10,1,hi,neutral,en,0.8166666666666667,1.0,0.8947916666666667,120
bigscience/bloom-1b7,1,gender,10,1,hi,neutral,hi,0.5,1.0,0.1953125,120
bigscience/bloom-1b7,1,gender,12,1,hi,informative,bn,0.5,1.0,0.4119791726271311,120
bigscience/bloom-1b7,1,gender,12,1,hi,informative,en,0.8416666666666667,1.0,0.903125,120
bigscience/bloom-1b7,1,gender,12,1,hi,informative,hi,0.5,0.6916666666666667,0.0338541666666666,120
bigscience/bloom-1b7,1,gender,12,1,hi,neutral,bn,0.5,1.0,0.2770833412806193,120
bigscience/bloom-1b7,1,gender,12,1,hi,neutral,en,0.8166666666666667,1.0,0.8875,120
bigscience/bloom-1b7,1,gender,12,1,hi,neutral,hi,0.5,1.0,0.1916666646798451,120
bigscience/bloom-1b7,1,gender,12,4,hi,informative,bn,0.5,1.0,0.4124999980131785,120
bigscience/bloom-1b7,1,gender,12,4,hi,informative,en,0.8416666666666667,1.0,0.9239583293596904,120
bigscience/bloom-1b7,1,gender,12,4,hi,informative,hi,0.5,0.7166666666666667,0.046875,120
bigscience/bloom-1b7,1,gender,12,4,hi,neutral,bn,0.5,1.0,0.2828125139077505,120
bigscience/bloom-1b7,1,gender,12,4,hi,neutral,en,0.825,1.0,0.8916666626930236,120
bigscience/bloom-1b7,1,gender,12,4,hi,neutral,hi,0.5,1.0,0.2177083333333333,120
bigscience/bloom-1b7,1,gender,14,1,hi,informative,bn,0.5,1.0,0.4234375,120
bigscience/bloom-1b7,1,gender,14,1,hi,informative,en,0.8416666666666667,1.0,0.9041666626930236,120
bigscience/bloom-1b7,1,gender,14,1,hi,informative,hi,0.5,0.7416666666666667,0.0598958333333333,120
bigscience/bloom-1b7,1,gender,14,1,hi,neutral,bn,0.5,1.0,0.2760416785875956,120
bigscience/bloom-1b7,1,gender,14,1,hi,neutral,en,0.8416666666666667,1.0,0.8906249920527141,120
bigscience/bloom-1b7,1,gender,14,1,hi,neutral,hi,0.5,1.0,0.21875,120
bigscience/bloom-1b7,1,gender,16,1,hi,informative,bn,0.5,1.0,0.4203124980131785,120
bigscience/bloom-1b7,1,gender,16,1,hi,informative,en,0.8333333333333334,1.0,0.893750011920929,120
bigscience/bloom-1b7,1,gender,16,1,hi,informative,hi,0.5,0.6333333333333333,0.01875,120
bigscience/bloom-1b7,1,gender,16,1,hi,neutral,bn,0.5,1.0,0.2755208353201548,120
bigscience/bloom-1b7,1,gender,16,1,hi,neutral,en,0.825,1.0,0.86875,120
bigscience/bloom-1b7,1,gender,16,1,hi,neutral,hi,0.5,1.0,0.1796875,120
bigscience/bloom-1b7,1,gender,18,1,hi,informative,bn,0.5,1.0,0.4187499761581421,120
bigscience/bloom-1b7,1,gender,18,1,hi,informative,en,0.775,1.0,0.8458333452542622,120
bigscience/bloom-1b7,1,gender,18,1,hi,informative,hi,0.5,0.4833333333333333,-0.0140625,120
bigscience/bloom-1b7,1,gender,18,1,hi,neutral,bn,0.5,1.0,0.2786458432674408,120
bigscience/bloom-1b7,1,gender,18,1,hi,neutral,en,0.7916666666666666,1.0,0.8364583333333333,120
bigscience/bloom-1b7,1,gender,18,1,hi,neutral,hi,0.5,1.0,0.1395833333333333,120
bigscience/bloom-1b7,1,gender,20,1,hi,informative,bn,0.5,1.0,0.418750003973643,120
bigscience/bloom-1b7,1,gender,20,1,hi,informative,en,0.7416666666666667,1.0,0.7822916587193807,120
bigscience/bloom-1b7,1,gender,20,1,hi,informative,hi,0.5,0.3833333333333333,-0.0359375,120
bigscience/bloom-1b7,1,gender,20,1,hi,neutral,bn,0.5,1.0,0.2817708472410837,120
bigscience/bloom-1b7,1,gender,20,1,hi,neutral,en,0.75,1.0,0.7760416666666666,120
bigscience/bloom-1b7,1,gender,20,1,hi,neutral,hi,0.5,1.0,0.1380208333333333,120
bigscience/bloom-1b7,1,gender,22,1,hi,informative,bn,0.5,1.0,0.395312492052714,120
bigscience/bloom-1b7,1,gender,22,1,hi,informative,en,0.7583333333333333,1.0,0.8333333333333334,120
bigscience/bloom-1b7,1,gender,22,1,hi,informative,hi,0.5,0.3333333333333333,-0.0458333333333333,120
bigscience/bloom-1b7,1,gender,22,1,hi,neutral,bn,0.5,1.0,0.268749992052714,120
bigscience/bloom-1b7,1,gender,22,1,hi,neutral,en,0.7666666666666667,1.0,0.8197916666666667,120
bigscience/bloom-1b7,1,gender,22,1,hi,neutral,hi,0.5,0.975,0.1197916686534881,120
bigscience/bloom-1b7,1,gender,0,1,en,informative,bn,0.5,1.0,0.410937511920929,120
bigscience/bloom-1b7,1,gender,0,1,en,informative,en,0.8416666666666667,1.0,0.9104166547457376,120
bigscience/bloom-1b7,1,gender,0,1,en,informative,hi,0.5,0.5166666666666667,0.0072916646798451,120
bigscience/bloom-1b7,1,gender,0,1,en,neutral,bn,0.5,1.0,0.2786458412806193,120
bigscience/bloom-1b7,1,gender,0,1,en,neutral,en,0.8083333333333333,1.0,0.9010416666666666,120
bigscience/bloom-1b7,1,gender,0,1,en,neutral,hi,0.5,1.0,0.1666666686534881,120
bigscience/bloom-1b7,1,gender,2,1,en,informative,bn,0.5,1.0,0.4270833253860474,120
bigscience/bloom-1b7,1,gender,2,1,en,informative,en,0.8416666666666667,1.0,0.9697916547457376,120
bigscience/bloom-1b7,1,gender,2,1,en,informative,hi,0.5,0.5,0.0015625,120
bigscience/bloom-1b7,1,gender,2,1,en,neutral,bn,0.5,1.0,0.282812496026357,120
bigscience/bloom-1b7,1,gender,2,1,en,neutral,en,0.8416666666666667,1.0,0.937500003973643,120
bigscience/bloom-1b7,1,gender,2,1,en,neutral,hi,0.5,1.0,0.167187496026357,120
bigscience/bloom-1b7,1,gender,4,1,en,informative,bn,0.5,1.0,0.4281250218550364,120
bigscience/bloom-1b7,1,gender,4,1,en,informative,en,0.8583333333333333,1.0,0.934375007947286,120
bigscience/bloom-1b7,1,gender,4,1,en,informative,hi,0.5,0.5166666666666667,0.0015625,120
bigscience/bloom-1b7,1,gender,4,1,en,neutral,bn,0.5,1.0,0.2807291785875956,120
bigscience/bloom-1b7,1,gender,4,1,en,neutral,en,0.8333333333333334,1.0,0.9145833333333332,120
bigscience/bloom-1b7,1,gender,4,1,en,neutral,hi,0.5,1.0,0.1708333313465118,120
bigscience/bloom-1b7,1,gender,6,1,en,informative,bn,0.5,1.0,0.4489583412806193,120
bigscience/bloom-1b7,1,gender,6,1,en,informative,en,0.85,1.0,0.8645833293596904,120
bigscience/bloom-1b7,1,gender,6,1,en,informative,hi,0.5,0.6166666666666667,0.0177083333333333,120
bigscience/bloom-1b7,1,gender,6,1,en,neutral,bn,0.5,1.0,0.2822916726271311,120
bigscience/bloom-1b7,1,gender,6,1,en,neutral,en,0.7833333333333333,1.0,0.8489583333333334,120
bigscience/bloom-1b7,1,gender,6,1,en,neutral,hi,0.5,1.0,0.1770833313465118,120
bigscience/bloom-1b7,1,gender,8,1,en,informative,bn,0.5,1.0,0.4343750198682149,120
bigscience/bloom-1b7,1,gender,8,1,en,informative,en,0.85,1.0,0.887499996026357,120
bigscience/bloom-1b7,1,gender,8,1,en,informative,hi,0.5,0.5583333333333333,0.0151041666666666,120
bigscience/bloom-1b7,1,gender,8,1,en,neutral,bn,0.5,1.0,0.284375007947286,120
bigscience/bloom-1b7,1,gender,8,1,en,neutral,en,0.8166666666666667,1.0,0.8552083373069763,120
bigscience/bloom-1b7,1,gender,8,1,en,neutral,hi,0.5,1.0,0.1807291686534881,120
bigscience/bloom-1b7,1,gender,10,1,en,informative,bn,0.5,1.0,0.4312499940395355,120
bigscience/bloom-1b7,1,gender,10,1,en,informative,en,0.85,1.0,0.896875015894572,120
bigscience/bloom-1b7,1,gender,10,1,en,informative,hi,0.5,0.5583333333333333,0.0125,120
bigscience/bloom-1b7,1,gender,10,1,en,neutral,bn,0.5,1.0,0.2838541607062022,120
bigscience/bloom-1b7,1,gender,10,1,en,neutral,en,0.7833333333333333,1.0,0.8770833412806193,120
bigscience/bloom-1b7,1,gender,10,1,en,neutral,hi,0.5,1.0,0.1776041726271311,120
bigscience/bloom-1b7,1,gender,12,1,en,informative,bn,0.5,1.0,0.4276041646798452,120
bigscience/bloom-1b7,1,gender,12,1,en,informative,en,0.85,1.0,0.8635416547457377,120
bigscience/bloom-1b7,1,gender,12,1,en,informative,hi,0.5,0.5583333333333333,0.0057291686534881,120
bigscience/bloom-1b7,1,gender,12,1,en,neutral,bn,0.5,1.0,0.2833333412806193,120
bigscience/bloom-1b7,1,gender,12,1,en,neutral,en,0.8,1.0,0.8427083333333333,120
bigscience/bloom-1b7,1,gender,12,1,en,neutral,hi,0.5,1.0,0.1708333373069763,120
bigscience/bloom-1b7,1,gender,12,4,en,informative,bn,0.5,1.0,0.4348958214124044,120
bigscience/bloom-1b7,1,gender,12,4,en,informative,en,0.7666666666666667,1.0,0.662499996026357,120
bigscience/bloom-1b7,1,gender,12,4,en,informative,hi,0.5,0.5833333333333334,0.0208333333333333,120
bigscience/bloom-1b7,1,gender,12,4,en,neutral,bn,0.5,1.0,0.2781250139077504,120
bigscience/bloom-1b7,1,gender,12,4,en,neutral,en,0.7416666666666667,1.0,0.6041666666666666,120
bigscience/bloom-1b7,1,gender,12,4,en,neutral,hi,0.5,1.0,0.1776041666666666,120
bigscience/bloom-1b7,1,gender,14,1,en,informative,bn,0.5,1.0,0.4364583432674408,120
bigscience/bloom-1b7,1,gender,14,1,en,informative,en,0.8583333333333333,1.0,0.7854166666666667,120
bigscience/bloom-1b7,1,gender,14,1,en,informative,hi,0.5,0.5583333333333333,0.0125,120
bigscience/bloom-1b7,1,gender,14,1,en,neutral,bn,0.5,1.0,0.2817708174387613,120
bigscience/bloom-1b7,1,gender,14,1,en,neutral,en,0.8,1.0,0.7802083333333333,120
bigscience/bloom-1b7,1,gender,14,1,en,neutral,hi,0.5,1.0,0.1703124980131785,120
bigscience/bloom-1b7,1,gender,16,1,en,informative,bn,0.5,1.0,0.4062499801317851,120
bigscience/bloom-1b7,1,gender,16,1,en,informative,en,0.8416666666666667,1.0,0.7135416587193807,120
bigscience/bloom-1b7,1,gender,16,1,en,informative,hi,0.5,0.5416666666666666,0.0005208333333333,120
bigscience/bloom-1b7,1,gender,16,1,en,neutral,bn,0.5,1.0,0.2739583194255829,120
bigscience/bloom-1b7,1,gender,16,1,en,neutral,en,0.8083333333333333,1.0,0.7166666666666667,120
bigscience/bloom-1b7,1,gender,16,1,en,neutral,hi,0.5,1.0,0.1604166686534881,120
bigscience/bloom-1b7,1,gender,18,1,en,informative,bn,0.5,1.0,0.4130208333333333,120
bigscience/bloom-1b7,1,gender,18,1,en,informative,en,0.875,1.0,0.6822916626930237,120
bigscience/bloom-1b7,1,gender,18,1,en,informative,hi,0.5,0.4083333333333333,-0.0260416666666666,120
bigscience/bloom-1b7,1,gender,18,1,en,neutral,bn,0.5,1.0,0.2651041487852732,120
bigscience/bloom-1b7,1,gender,18,1,en,neutral,en,0.8666666666666667,1.0,0.7145833373069763,120
bigscience/bloom-1b7,1,gender,18,1,en,neutral,hi,0.5,1.0,0.1427083373069763,120
bigscience/bloom-1b7,1,gender,20,1,en,informative,bn,0.5,1.0,0.4046875158945719,120
bigscience/bloom-1b7,1,gender,20,1,en,informative,en,0.8416666666666667,1.0,0.75,120
bigscience/bloom-1b7,1,gender,20,1,en,informative,hi,0.5,0.5083333333333333,-0.0052083333333333,120
bigscience/bloom-1b7,1,gender,20,1,en,neutral,bn,0.5,1.0,0.2692708293596903,120
bigscience/bloom-1b7,1,gender,20,1,en,neutral,en,0.8166666666666667,1.0,0.740625,120
bigscience/bloom-1b7,1,gender,20,1,en,neutral,hi,0.5,1.0,0.1609375019868215,120
bigscience/bloom-1b7,1,gender,22,1,en,informative,bn,0.5,1.0,0.3786458313465118,120
bigscience/bloom-1b7,1,gender,22,1,en,informative,en,0.8333333333333334,1.0,0.768749992052714,120
bigscience/bloom-1b7,1,gender,22,1,en,informative,hi,0.5,0.525,0.003125,120
bigscience/bloom-1b7,1,gender,22,1,en,neutral,bn,0.5,1.0,0.2453125059604644,120
bigscience/bloom-1b7,1,gender,22,1,en,neutral,en,0.8166666666666667,1.0,0.7447916666666666,120
bigscience/bloom-1b7,1,gender,22,1,en,neutral,hi,0.5,0.9916666666666668,0.1645833293596903,120
bigscience/bloom-1b7,1,side_aunt,0,1,random,informative,bn,0.5083333333333333,0.8333333333333334,0.2104166785875956,120
bigscience/bloom-1b7,1,side_aunt,0,1,random,informative,en,0.5,0.8583333333333333,0.0770833333333333,120
bigscience/bloom-1b7,1,side_aunt,0,1,random,informative,hi,0.55,0.55,0.0354166766007741,120
bigscience/bloom-1b7,1,side_aunt,0,1,random,neutral,bn,0.5,0.8583333333333333,0.1416666507720947,120
bigscience/bloom-1b7,1,side_aunt,0,1,random,neutral,en,0.5,0.5,0.0,120
bigscience/bloom-1b7,1,side_aunt,0,1,random,neutral,hi,0.4833333333333333,0.5,-0.0041666527589162,120
bigscience/bloom-1b7,1,gender,0,1,random,informative,bn,0.5,1.0,0.4234375,120
bigscience/bloom-1b7,1,gender,0,1,random,informative,en,0.8416666666666667,1.0,0.9083333373069764,120
bigscience/bloom-1b7,1,gender,0,1,random,informative,hi,0.5,0.525,0.0046875,120
bigscience/bloom-1b7,1,gender,0,1,random,neutral,bn,0.5,1.0,0.2807291527589162,120
bigscience/bloom-1b7,1,gender,0,1,random,neutral,en,0.825,1.0,0.8947916706403096,120
bigscience/bloom-1b7,1,gender,0,1,random,neutral,hi,0.5,0.9916666666666668,0.1729166646798451,120
bigscience/bloom-1b7,1,side_aunt,2,1,random,informative,bn,0.5083333333333333,0.8416666666666667,0.2104166646798451,120
bigscience/bloom-1b7,1,side_aunt,2,1,random,informative,en,0.5,0.8583333333333333,0.0791666666666666,120
bigscience/bloom-1b7,1,side_aunt,2,1,random,informative,hi,0.5416666666666666,0.5333333333333333,0.0307291686534881,120
bigscience/bloom-1b7,1,side_aunt,2,1,random,neutral,bn,0.5,0.8666666666666667,0.1416666686534881,120
bigscience/bloom-1b7,1,side_aunt,2,1,random,neutral,en,0.5,0.5,0.0,120
bigscience/bloom-1b7,1,side_aunt,2,1,random,neutral,hi,0.4833333333333333,0.4416666666666666,-0.0119791805744171,120
bigscience/bloom-1b7,1,gender,2,1,random,informative,bn,0.5,1.0,0.4088541706403096,120
bigscience/bloom-1b7,1,gender,2,1,random,informative,en,0.8416666666666667,1.0,0.9177083333333332,120
bigscience/bloom-1b7,1,gender,2,1,random,informative,hi,0.5,0.5416666666666666,0.0119791666666666,120
bigscience/bloom-1b7,1,gender,2,1,random,neutral,bn,0.5,1.0,0.2786458432674408,120
bigscience/bloom-1b7,1,gender,2,1,random,neutral,en,0.8166666666666667,1.0,0.9072916666666668,120
bigscience/bloom-1b7,1,gender,2,1,random,neutral,hi,0.5,1.0,0.16875,120
bigscience/bloom-1b7,1,side_aunt,4,1,random,informative,bn,0.5083333333333333,0.8416666666666667,0.2166666766007741,120
bigscience/bloom-1b7,1,side_aunt,4,1,random,informative,en,0.5,0.8416666666666667,0.0729166706403096,120
bigscience/bloom-1b7,1,side_aunt,4,1,random,informative,hi,0.5416666666666666,0.525,0.0302083432674407,120
bigscience/bloom-1b7,1,side_aunt,4,1,random,neutral,bn,0.5,0.8833333333333333,0.1546875,120
bigscience/bloom-1b7,1,side_aunt,4,1,random,neutral,en,0.5,0.5,0.0,120
bigscience/bloom-1b7,1,side_aunt,4,1,random,neutral,hi,0.4833333333333333,0.425,-0.0135416805744171,120
bigscience/bloom-1b7,1,gender,4,1,random,informative,bn,0.5,1.0,0.4187499860922495,120
bigscience/bloom-1b7,1,gender,4,1,random,informative,en,0.8416666666666667,1.0,0.8958333373069763,120
bigscience/bloom-1b7,1,gender,4,1,random,informative,hi,0.5,0.5166666666666667,-0.0010416686534881,120
bigscience/bloom-1b7,1,gender,4,1,random,neutral,bn,0.5,1.0,0.2807291686534882,120
bigscience/bloom-1b7,1,gender,4,1,random,neutral,en,0.825,1.0,0.881249996026357,120
bigscience/bloom-1b7,1,gender,4,1,random,neutral,hi,0.5,0.9916666666666668,0.1718749980131785,120
bigscience/bloom-1b7,1,side_aunt,6,1,random,informative,bn,0.5083333333333333,0.8416666666666667,0.2161458313465118,120
bigscience/bloom-1b7,1,side_aunt,6,1,random,informative,en,0.5,0.8416666666666667,0.0791666666666666,120
bigscience/bloom-1b7,1,side_aunt,6,1,random,informative,hi,0.5416666666666666,0.5583333333333333,0.0406250039736429,120
bigscience/bloom-1b7,1,side_aunt,6,1,random,neutral,bn,0.5,0.8333333333333334,0.137499992052714,120
bigscience/bloom-1b7,1,side_aunt,6,1,random,neutral,en,0.5,0.5,0.0,120
bigscience/bloom-1b7,1,side_aunt,6,1,random,neutral,hi,0.4833333333333333,0.4166666666666667,-0.0187500079472859,120
bigscience/bloom-1b7,1,gender,6,1,random,informative,bn,0.5,1.0,0.4161458373069763,120
bigscience/bloom-1b7,1,gender,6,1,random,informative,en,0.8333333333333334,1.0,0.909375,120
bigscience/bloom-1b7,1,gender,6,1,random,informative,hi,0.5,0.5416666666666666,0.0052083333333333,120
bigscience/bloom-1b7,1,gender,6,1,random,neutral,bn,0.5,1.0,0.2802083313465118,120
bigscience/bloom-1b7,1,gender,6,1,random,neutral,en,0.825,1.0,0.8927083333333333,120
bigscience/bloom-1b7,1,gender,6,1,random,neutral,hi,0.5,1.0,0.1708333273728688,120
bigscience/bloom-1b7,1,side_aunt,8,1,random,informative,bn,0.5083333333333333,0.8333333333333334,0.224999988079071,120
bigscience/bloom-1b7,1,side_aunt,8,1,random,informative,en,0.5,0.8833333333333333,0.0822916666666666,120
bigscience/bloom-1b7,1,side_aunt,8,1,random,informative,hi,0.5333333333333333,0.5416666666666666,0.0333333233992258,120
bigscience/bloom-1b7,1,side_aunt,8,1,random,neutral,bn,0.5,0.875,0.1499999980131785,120
bigscience/bloom-1b7,1,side_aunt,8,1,random,neutral,en,0.5,0.5,0.0,120
bigscience/bloom-1b7,1,side_aunt,8,1,random,neutral,hi,0.4833333333333333,0.425,-0.0156249940395355,120
bigscience/bloom-1b7,1,gender,8,1,random,informative,bn,0.5,1.0,0.4145833273728688,120
bigscience/bloom-1b7,1,gender,8,1,random,informative,en,0.8333333333333334,1.0,0.9114583412806192,120
bigscience/bloom-1b7,1,gender,8,1,random,informative,hi,0.5,0.525,0.0015625,120
bigscience/bloom-1b7,1,gender,8,1,random,neutral,bn,0.5,1.0,0.282812488079071,120
bigscience/bloom-1b7,1,gender,8,1,random,neutral,en,0.825,1.0,0.9072916626930236,120
bigscience/bloom-1b7,1,gender,8,1,random,neutral,hi,0.5,1.0,0.1651041646798451,120
bigscience/bloom-1b7,1,side_aunt,10,1,random,informative,bn,0.5,0.85,0.2062500119209289,120
bigscience/bloom-1b7,1,side_aunt,10,1,random,informative,en,0.5,0.825,0.0739583373069763,120
bigscience/bloom-1b7,1,side_aunt,10,1,random,informative,hi,0.5416666666666666,0.55,0.034374980131785,120
bigscience/bloom-1b7,1,side_aunt,10,1,random,neutral,bn,0.5,0.8916666666666667,0.1473958333333333,120
bigscience/bloom-1b7,1,side_aunt,10,1,random,neutral,en,0.5,0.5,0.0,120
bigscience/bloom-1b7,1,side_aunt,10,1,random,neutral,hi,0.4833333333333333,0.4,-0.0203125,120
bigscience/bloom-1b7,1,gender,10,1,random,informative,bn,0.5,1.0,0.4166666666666667,120
bigscience/bloom-1b7,1,gender,10,1,random,informative,en,0.8333333333333334,1.0,0.906249992052714,120
bigscience/bloom-1b7,1,gender,10,1,random,informative,hi,0.5,0.625,0.0192708333333333,120
bigscience/bloom-1b7,1,gender,10,1,random,neutral,bn,0.5,1.0,0.270312496026357,120
bigscience/bloom-1b7,1,gender,10,1,random,neutral,en,0.8083333333333333,1.0,0.8947916587193807,120
bigscience/bloom-1b7,1,gender,10,1,random,neutral,hi,0.5,1.0,0.1791666646798451,120
bigscience/bloom-1b7,1,side_aunt,12,1,random,informative,bn,0.5,0.85,0.2130208313465118,120
bigscience/bloom-1b7,1,side_aunt,12,1,random,informative,en,0.5,0.8166666666666667,0.065624996026357,120
bigscience/bloom-1b7,1,side_aunt,12,1,random,informative,hi,0.5333333333333333,0.525,0.0260416607062021,120
bigscience/bloom-1b7,1,side_aunt,12,1,random,neutral,bn,0.5,0.8583333333333333,0.1427083293596903,120
bigscience/bloom-1b7,1,side_aunt,12,1,random,neutral,en,0.5,0.5,0.0,120
bigscience/bloom-1b7,1,side_aunt,12,1,random,neutral,hi,0.4833333333333333,0.3833333333333333,-0.0229166626930236,120
bigscience/bloom-1b7,1,gender,12,1,random,informative,bn,0.5,1.0,0.4187499900658925,120
bigscience/bloom-1b7,1,gender,12,1,random,informative,en,0.8416666666666667,1.0,0.9166666626930235,120
bigscience/bloom-1b7,1,gender,12,1,random,informative,hi,0.5,0.6,0.0088541666666666,120
bigscience/bloom-1b7,1,gender,12,1,random,neutral,bn,0.5,1.0,0.2854166905085246,120
bigscience/bloom-1b7,1,gender,12,1,random,neutral,en,0.8166666666666667,1.0,0.8947916666666667,120
bigscience/bloom-1b7,1,gender,12,1,random,neutral,hi,0.5,1.0,0.1729166706403096,120
bigscience/bloom-1b7,1,side_aunt,12,4,random,informative,bn,0.5083333333333333,0.85,0.2093750139077504,120
bigscience/bloom-1b7,1,side_aunt,12,4,random,informative,en,0.5,0.8,0.0697916666666666,120
bigscience/bloom-1b7,1,side_aunt,12,4,random,informative,hi,0.5416666666666666,0.4916666666666666,0.0041666567325592,120
bigscience/bloom-1b7,1,side_aunt,12,4,random,neutral,bn,0.5,0.8666666666666667,0.1411458392937978,120
bigscience/bloom-1b7,1,side_aunt,12,4,random,neutral,en,0.5,0.5,0.0,120
bigscience/bloom-1b7,1,side_aunt,12,4,random,neutral,hi,0.475,0.4166666666666667,-0.0187499821186065,120
bigscience/bloom-1b7,1,gender,12,4,random,informative,bn,0.5,1.0,0.4104166587193807,120
bigscience/bloom-1b7,1,gender,12,4,random,informative,en,0.8333333333333334,1.0,0.9104166706403096,120
bigscience/bloom-1b7,1,gender,12,4,random,informative,hi,0.5,0.5166666666666667,0.003125,120
bigscience/bloom-1b7,1,gender,12,4,random,neutral,bn,0.5,1.0,0.2786458313465118,120
bigscience/bloom-1b7,1,gender,12,4,random,neutral,en,0.8166666666666667,1.0,0.8979166626930237,120
bigscience/bloom-1b7,1,gender,12,4,random,neutral,hi,0.5,1.0,0.1588541686534881,120
bigscience/bloom-1b7,1,side_aunt,14,1,random,informative,bn,0.5083333333333333,0.8416666666666667,0.2036458353201548,120
bigscience/bloom-1b7,1,side_aunt,14,1,random,informative,en,0.5,0.825,0.0760416666666666,120
bigscience/bloom-1b7,1,side_aunt,14,1,random,informative,hi,0.5416666666666666,0.5666666666666667,0.0281250019868214,120
bigscience/bloom-1b7,1,side_aunt,14,1,random,neutral,bn,0.5,0.8333333333333334,0.1359374940395355,120
bigscience/bloom-1b7,1,side_aunt,14,1,random,neutral,en,0.5,0.5,0.0,120
bigscience/bloom-1b7,1,side_aunt,14,1,random,neutral,hi,0.475,0.375,-0.0192708273728688,120
bigscience/bloom-1b7,1,gender,14,1,random,informative,bn,0.5,1.0,0.4182291726271311,120
bigscience/bloom-1b7,1,gender,14,1,random,informative,en,0.85,1.0,0.9322916746139528,120
bigscience/bloom-1b7,1,gender,14,1,random,informative,hi,0.5,0.5666666666666667,0.0151041666666666,120
bigscience/bloom-1b7,1,gender,14,1,random,neutral,bn,0.5,1.0,0.2739583492279053,120
bigscience/bloom-1b7,1,gender,14,1,random,neutral,en,0.825,1.0,0.8989583373069763,120
bigscience/bloom-1b7,1,gender,14,1,random,neutral,hi,0.5,1.0,0.1723958293596903,120
bigscience/bloom-1b7,1,side_aunt,16,1,random,informative,bn,0.5083333333333333,0.8416666666666667,0.2088541666666666,120
bigscience/bloom-1b7,1,side_aunt,16,1,random,informative,en,0.5,0.8666666666666667,0.08125,120
bigscience/bloom-1b7,1,side_aunt,16,1,random,informative,hi,0.5416666666666666,0.5666666666666667,0.0260416785875956,120
bigscience/bloom-1b7,1,side_aunt,16,1,random,neutral,bn,0.5,0.9,0.145312496026357,120
bigscience/bloom-1b7,1,side_aunt,16,1,random,neutral,en,0.5,0.5,0.0,120
bigscience/bloom-1b7,1,side_aunt,16,1,random,neutral,hi,0.4833333333333333,0.45,-0.0093750099341074,120
bigscience/bloom-1b7,1,gender,16,1,random,informative,bn,0.5,1.0,0.4145833253860473,120
bigscience/bloom-1b7,1,gender,16,1,random,informative,en,0.8333333333333334,1.0,0.9041666666666668,120
bigscience/bloom-1b7,1,gender,16,1,random,informative,hi,0.5,0.5666666666666667,0.0125,120
bigscience/bloom-1b7,1,gender,16,1,random,neutral,bn,0.5,1.0,0.2760416726271311,120
bigscience/bloom-1b7,1,gender,16,1,random,neutral,en,0.8166666666666667,1.0,0.8916666666666667,120
bigscience/bloom-1b7,1,gender,16,1,random,neutral,hi,0.5,1.0,0.1734375,120
bigscience/bloom-1b7,1,side_aunt,18,1,random,informative,bn,0.5083333333333333,0.8416666666666667,0.2078124980131785,120
bigscience/bloom-1b7,1,side_aunt,18,1,random,informative,en,0.5,0.825,0.078125,120
bigscience/bloom-1b7,1,side_aunt,18,1,random,informative,hi,0.5416666666666666,0.575,0.0322916706403096,120
bigscience/bloom-1b7,1,side_aunt,18,1,random,neutral,bn,0.5,0.8416666666666667,0.1364583214124043,120
bigscience/bloom-1b7,1,side_aunt,18,1,random,neutral,en,0.5,0.5,0.0,120
bigscience/bloom-1b7,1,side_aunt,18,1,random,neutral,hi,0.4833333333333333,0.425,-0.0166666567325592,120
bigscience/bloom-1b7,1,gender,18,1,random,informative,bn,0.5,1.0,0.4244791944821676,120
bigscience/bloom-1b7,1,gender,18,1,random,informative,en,0.8416666666666667,1.0,0.9270833293596904,120
bigscience/bloom-1b7,1,gender,18,1,random,informative,hi,0.5,0.5916666666666667,0.0156250019868214,120
bigscience/bloom-1b7,1,gender,18,1,random,neutral,bn,0.5,1.0,0.2776041666666666,120
bigscience/bloom-1b7,1,gender,18,1,random,neutral,en,0.825,1.0,0.906249996026357,120
bigscience/bloom-1b7,1,gender,18,1,random,neutral,hi,0.5,1.0,0.1723958373069763,120
bigscience/bloom-1b7,1,side_aunt,20,1,random,informative,bn,0.5,0.8333333333333334,0.2078124940395355,120
bigscience/bloom-1b7,1,side_aunt,20,1,random,informative,en,0.5,0.8333333333333334,0.071875,120
bigscience/bloom-1b7,1,side_aunt,20,1,random,informative,hi,0.5416666666666666,0.5416666666666666,0.0291666607062021,120
bigscience/bloom-1b7,1,side_aunt,20,1,random,neutral,bn,0.5,0.8166666666666667,0.1354166726271311,120
bigscience/bloom-1b7,1,side_aunt,20,1,random,neutral,en,0.5,0.5,0.0,120
bigscience/bloom-1b7,1,side_aunt,20,1,random,neutral,hi,0.4833333333333333,0.4666666666666667,-0.0140625019868214,120
bigscience/bloom-1b7,1,gender,20,1,random,informative,bn,0.5,1.0,0.4177083293596903,120
bigscience/bloom-1b7,1,gender,20,1,random,informative,en,0.8416666666666667,1.0,0.9135416626930236,120
bigscience/bloom-1b7,1,gender,20,1,random,informative,hi,0.5,0.55,0.0052083333333333,120
bigscience/bloom-1b7,1,gender,20,1,random,neutral,bn,0.5,1.0,0.2817708253860473,120
bigscience/bloom-1b7,1,gender,20,1,random,neutral,en,0.8166666666666667,1.0,0.8927083373069763,120
bigscience/bloom-1b7,1,gender,20,1,random,neutral,hi,0.5,1.0,0.1718750079472859,120
bigscience/bloom-1b7,1,side_aunt,22,1,random,informative,bn,0.5083333333333333,0.85,0.2145833333333333,120
bigscience/bloom-1b7,1,side_aunt,22,1,random,informative,en,0.5,0.825,0.0739583333333333,120
bigscience/bloom-1b7,1,side_aunt,22,1,random,informative,hi,0.5416666666666666,0.5583333333333333,0.0390625079472859,120
bigscience/bloom-1b7,1,side_aunt,22,1,random,neutral,bn,0.5,0.8416666666666667,0.1375000059604644,120
bigscience/bloom-1b7,1,side_aunt,22,1,random,neutral,en,0.5,0.5,0.0,120
bigscience/bloom-1b7,1,side_aunt,22,1,random,neutral,hi,0.4833333333333333,0.45,-0.0166666706403096,120
bigscience/bloom-1b7,1,gender,22,1,random,informative,bn,0.5,1.0,0.4166666845480601,120
bigscience/bloom-1b7,1,gender,22,1,random,informative,en,0.8416666666666667,1.0,0.915624996026357,120
bigscience/bloom-1b7,1,gender,22,1,random,informative,hi,0.5,0.5666666666666667,0.0104166666666666,120
bigscience/bloom-1b7,1,gender,22,1,random,neutral,bn,0.5,1.0,0.2770833532015482,120
bigscience/bloom-1b7,1,gender,22,1,random,neutral,en,0.8333333333333334,1.0,0.8916666666666667,120
bigscience/bloom-1b7,1,gender,22,1,random,neutral,hi,0.5,1.0,0.1661458373069763,120
bigscience/bloom-1b7,2,side_aunt,-1,0,none,informative,bn,0.5,0.8416666666666667,0.1744791607062022,120
bigscience/bloom-1b7,2,side_aunt,-1,0,none,informative,en,0.5,0.9166666666666666,0.1125,120
bigscience/bloom-1b7,2,side_aunt,-1,0,none,informative,hi,0.5,0.4,-0.0218749900658925,120
bigscience/bloom-1b7,2,side_aunt,-1,0,none,neutral,bn,0.5,0.8333333333333334,0.1187500059604644,120
bigscience/bloom-1b7,2,side_aunt,-1,0,none,neutral,en,0.5,0.4916666666666666,-0.0010416666666666,120
bigscience/bloom-1b7,2,side_aunt,-1,0,none,neutral,hi,0.5,0.475,-0.0067708293596903,120
bigscience/bloom-1b7,2,gender,-1,0,none,informative,bn,0.5,1.0,0.4286458313465118,120
bigscience/bloom-1b7,2,gender,-1,0,none,informative,en,0.7416666666666667,1.0,0.8760416746139527,120
bigscience/bloom-1b7,2,gender,-1,0,none,informative,hi,0.5083333333333333,0.475,-0.0083333373069763,120
bigscience/bloom-1b7,2,gender,-1,0,none,neutral,bn,0.5,1.0,0.2786458392937978,120
bigscience/bloom-1b7,2,gender,-1,0,none,neutral,en,0.6833333333333333,1.0,0.8322916666666667,120
bigscience/bloom-1b7,2,gender,-1,0,none,neutral,hi,0.5,1.0,0.184375,120
bigscience/bloom-1b7,2,side_aunt,0,1,bn,informative,bn,0.5,0.8166666666666667,0.1557291547457377,120
bigscience/bloom-1b7,2,side_aunt,0,1,bn,informative,en,0.5,0.8916666666666667,0.1052083333333333,120
bigscience/bloom-1b7,2,side_aunt,0,1,bn,informative,hi,0.5,0.375,-0.0249999940395355,120
bigscience/bloom-1b7,2,side_aunt,0,1,bn,neutral,bn,0.5,0.85,0.1098958472410837,120
bigscience/bloom-1b7,2,side_aunt,0,1,bn,neutral,en,0.5,0.5,0.0,120
bigscience/bloom-1b7,2,side_aunt,0,1,bn,neutral,hi,0.5,0.5333333333333333,-0.003124996026357,120
bigscience/bloom-1b7,2,side_aunt,2,1,bn,informative,bn,0.5,0.7416666666666667,0.0932291626930236,120
bigscience/bloom-1b7,2,side_aunt,2,1,bn,informative,en,0.5,0.9,0.1052083333333333,120
bigscience/bloom-1b7,2,side_aunt,2,1,bn,informative,hi,0.5,0.3833333333333333,-0.0276041805744171,120
bigscience/bloom-1b7,2,side_aunt,2,1,bn,neutral,bn,0.5,0.7166666666666667,0.0625000178813934,120
bigscience/bloom-1b7,2,side_aunt,2,1,bn,neutral,en,0.5,0.5,0.0,120
bigscience/bloom-1b7,2,side_aunt,2,1,bn,neutral,hi,0.5,0.5,-0.0052083492279052,120
bigscience/bloom-1b7,2,side_aunt,4,1,bn,informative,bn,0.5083333333333333,0.875,0.1942708353201548,120
bigscience/bloom-1b7,2,side_aunt,4,1,bn,informative,en,0.5,0.9,0.109375,120
bigscience/bloom-1b7,2,side_aunt,4,1,bn,informative,hi,0.5,0.375,-0.0260416785875956,120
bigscience/bloom-1b7,2,side_aunt,4,1,bn,neutral,bn,0.5,0.8,0.1109375059604644,120
bigscience/bloom-1b7,2,side_aunt,4,1,bn,neutral,en,0.5,0.5,0.0,120
bigscience/bloom-1b7,2,side_aunt,4,1,bn,neutral,hi,0.5,0.55,0.0010416805744171,120
bigscience/bloom-1b7,2,side_aunt,6,1,bn,informative,bn,0.5,0.8,0.1421874940395355,120
bigscience/bloom-1b7,2,side_aunt,6,1,bn,informative,en,0.5,0.9166666666666666,0.1083333373069763,120
bigscience/bloom-1b7,2,side_aunt,6,1,bn,informative,hi,0.5,0.3833333333333333,-0.024999988079071,120
bigscience/bloom-1b7,2,side_aunt,6,1,bn,neutral,bn,0.5,0.75,0.1005208313465118,120
bigscience/bloom-1b7,2,side_aunt,6,1,bn,neutral,en,0.5,0.5,0.0,120
bigscience/bloom-1b7,2,side_aunt,6,1,bn,neutral,hi,0.5,0.5833333333333334,0.0020833293596903,120
bigscience/bloom-1b7,2,side_aunt,8,1,bn,informative,bn,0.5,0.7833333333333333,0.1156249781449635,120
bigscience/bloom-1b7,2,side_aunt,8,1,bn,informative,en,0.5,0.9,0.1072916666666666,120
bigscience/bloom-1b7,2,side_aunt,8,1,bn,informative,hi,0.5,0.4083333333333333,-0.0135416746139526,120
bigscience/bloom-1b7,2,side_aunt,8,1,bn,neutral,bn,0.5,0.7916666666666666,0.0791666587193807,120
bigscience/bloom-1b7,2,side_aunt,8,1,bn,neutral,en,0.5,0.5,0.0,120
bigscience/bloom-1b7,2,side_aunt,8,1,bn,neutral,hi,0.5,0.5416666666666666,0.0015624980131785,120
bigscience/bloom-1b7,2,side_aunt,10,1,bn,informative,bn,0.5083333333333333,0.8,0.1296875039736429,120
bigscience/bloom-1b7,2,side_aunt,10,1,bn,informative,en,0.5,0.875,0.1041666666666666,120
bigscience/bloom-1b7,2,side_aunt,10,1,bn,informative,hi,0.5,0.4083333333333333,-0.0098958373069763,120
bigscience/bloom-1b7,2,side_aunt,10,1,bn,neutral,bn,0.5,0.75,0.06875,120
bigscience/bloom-1b7,2,side_aunt,10,1,bn,neutral,en,0.5,0.5,0.0,120
bigscience/bloom-1b7,2,side_aunt,10,1,bn,neutral,hi,0.5,0.5583333333333333,0.0010416805744171,120
bigscience/bloom-1b7,2,side_aunt,12,1,bn,informative,bn,0.4916666666666666,0.65,0.0505208333333333,120
bigscience/bloom-1b7,2,side_aunt,12,1,bn,informative,en,0.5,0.9166666666666666,0.1020833333333333,120
bigscience/bloom-1b7,2,side_aunt,12,1,bn,informative,hi,0.5,0.3833333333333333,-0.0291666567325592,120
bigscience/bloom-1b7,2,side_aunt,12,1,bn,neutral,bn,0.5,0.4833333333333333,-0.0057291805744171,120
bigscience/bloom-1b7,2,side_aunt,12,1,bn,neutral,en,0.5,0.5,0.0,120
bigscience/bloom-1b7,2,side_aunt,12,1,bn,neutral,hi,0.5,0.4416666666666666,-0.0192708154519399,120
bigscience/bloom-1b7,2,side_aunt,12,4,bn,informative,bn,0.4916666666666666,0.3166666666666666,-0.085937492052714,120
bigscience/bloom-1b7,2,side_aunt,12,4,bn,informative,en,0.5,0.9083333333333332,0.1,120
bigscience/bloom-1b7,2,side_aunt,12,4,bn,informative,hi,0.4916666666666666,0.3666666666666666,-0.0307291587193806,120
bigscience/bloom-1b7,2,side_aunt,12,4,bn,neutral,bn,0.5,0.0583333333333333,-0.1588541626930237,120
bigscience/bloom-1b7,2,side_aunt,12,4,bn,neutral,en,0.5,0.5,0.0,120
bigscience/bloom-1b7,2,side_aunt,12,4,bn,neutral,hi,0.5,0.5333333333333333,-0.00416668454806,120
bigscience/bloom-1b7,2,side_aunt,14,1,bn,informative,bn,0.4916666666666666,0.5083333333333333,-0.0046875019868214,120
bigscience/bloom-1b7,2,side_aunt,14,1,bn,informative,en,0.5,0.875,0.0989583333333333,120
bigscience/bloom-1b7,2,side_aunt,14,1,bn,informative,hi,0.5,0.3583333333333333,-0.0479166746139526,120
bigscience/bloom-1b7,2,side_aunt,14,1,bn,neutral,bn,0.5,0.25,-0.0770833253860473,120
bigscience/bloom-1b7,2,side_aunt,14,1,bn,neutral,en,0.5,0.5,0.0,120
bigscience/bloom-1b7,2,side_aunt,14,1,bn,neutral,hi,0.5,0.3666666666666666,-0.0244791785875956,120
bigscience/bloom-1b7,2,side_aunt,16,1,bn,informative,bn,0.4916666666666666,0.6833333333333333,0.0744791547457377,120
bigscience/bloom-1b7,2,side_aunt,16,1,bn,informative,en,0.5,0.9,0.1083333333333333,120
bigscience/bloom-1b7,2,side_aunt,16,1,bn,informative,hi,0.5,0.35,-0.0338541607062021,120
bigscience/bloom-1b7,2,side_aunt,16,1,bn,neutral,bn,0.5,0.475,-0.0182291726271311,120
bigscience/bloom-1b7,2,side_aunt,16,1,bn,neutral,en,0.5,0.5,0.0,120
bigscience/bloom-1b7,2,side_aunt,16,1,bn,neutral,hi,0.5,0.4833333333333333,-0.0151041785875956,120
bigscience/bloom-1b7,2,side_aunt,18,1,bn,informative,bn,0.4916666666666666,0.7166666666666667,0.0927083253860473,120
bigscience/bloom-1b7,2,side_aunt,18,1,bn,informative,en,0.5,0.9,0.1114583333333333,120
bigscience/bloom-1b7,2,side_aunt,18,1,bn,informative,hi,0.4916666666666666,0.4,-0.0171875039736429,120
bigscience/bloom-1b7,2,side_aunt,18,1,bn,neutral,bn,0.5,0.5416666666666666,0.0223958214124043,120
bigscience/bloom-1b7,2,side_aunt,18,1,bn,neutral,en,0.5,0.5,0.0,120
bigscience/bloom-1b7,2,side_aunt,18,1,bn,neutral,hi,0.5,0.5416666666666666,-0.0062500059604644,120
bigscience/bloom-1b7,2,side_aunt,20,1,bn,informative,bn,0.5,0.7583333333333333,0.1104166666666666,120
bigscience/bloom-1b7,2,side_aunt,20,1,bn,informative,en,0.5,0.9166666666666666,0.0989583333333333,120
bigscience/bloom-1b7,2,side_aunt,20,1,bn,informative,hi,0.5,0.3916666666666666,-0.0177083333333333,120
bigscience/bloom-1b7,2,side_aunt,20,1,bn,neutral,bn,0.5,0.65,0.0635416766007741,120
bigscience/bloom-1b7,2,side_aunt,20,1,bn,neutral,en,0.5,0.5,0.0,120
bigscience/bloom-1b7,2,side_aunt,20,1,bn,neutral,hi,0.5,0.5166666666666667,-0.0067708293596903,120
bigscience/bloom-1b7,2,side_aunt,22,1,bn,informative,bn,0.5,0.825,0.142187503973643,120
bigscience/bloom-1b7,2,side_aunt,22,1,bn,informative,en,0.5,0.8333333333333334,0.0885416666666666,120
bigscience/bloom-1b7,2,side_aunt,22,1,bn,informative,hi,0.5,0.3916666666666666,-0.0208333392937978,120
bigscience/bloom-1b7,2,side_aunt,22,1,bn,neutral,bn,0.5,0.7083333333333334,0.0854166746139526,120
bigscience/bloom-1b7,2,side_aunt,22,1,bn,neutral,en,0.5,0.5,0.0,120
bigscience/bloom-1b7,2,side_aunt,22,1,bn,neutral,hi,0.5,0.5833333333333334,0.0046875099341074,120
bigscience/bloom-1b7,2,side_aunt,0,1,hi,informative,bn,0.5083333333333333,0.8416666666666667,0.1708333174387614,120
bigscience/bloom-1b7,2,side_aunt,0,1,hi,informative,en,0.5,0.9333333333333332,0.1114583293596903,120
bigscience/bloom-1b7,2,side_aunt,0,1,hi,informative,hi,0.5,0.4333333333333333,0.0114583313465118,120
bigscience/bloom-1b7,2,side_aunt,0,1,hi,neutral,bn,0.5,0.8083333333333333,0.1239583293596903,120
bigscience/bloom-1b7,2,side_aunt,0,1,hi,neutral,en,0.5,0.5,0.0,120
bigscience/bloom-1b7,2,side_aunt,0,1,hi,neutral,hi,0.5,0.7333333333333333,0.0479166626930236,120
bigscience/bloom-1b7,2,side_aunt,2,1,hi,informative,bn,0.5,0.85,0.1776041686534881,120
bigscience/bloom-1b7,2,side_aunt,2,1,hi,informative,en,0.5,0.9333333333333332,0.1052083333333333,120
bigscience/bloom-1b7,2,side_aunt,2,1,hi,informative,hi,0.5,0.45,0.0145833273728688,120
bigscience/bloom-1b7,2,side_aunt,2,1,hi,neutral,bn,0.5,0.8166666666666667,0.1182291666666666,120
bigscience/bloom-1b7,2,side_aunt,2,1,hi,neutral,en,0.5,0.5,0.0,120
bigscience/bloom-1b7,2,side_aunt,2,1,hi,neutral,hi,0.5,0.5916666666666667,0.0171875059604644,120
bigscience/bloom-1b7,2,side_aunt,4,1,hi,informative,bn,0.5083333333333333,0.85,0.1744791587193807,120
bigscience/bloom-1b7,2,side_aunt,4,1,hi,informative,en,0.5,0.9166666666666666,0.10625,120
bigscience/bloom-1b7,2,side_aunt,4,1,hi,informative,hi,0.4916666666666666,0.3666666666666666,-0.0421875019868214,120
bigscience/bloom-1b7,2,side_aunt,4,1,hi,neutral,bn,0.5,0.8416666666666667,0.1208333333333333,120
bigscience/bloom-1b7,2,side_aunt,4,1,hi,neutral,en,0.5,0.5,0.0,120
bigscience/bloom-1b7,2,side_aunt,4,1,hi,neutral,hi,0.5,0.45,-0.0104166785875956,120
bigscience/bloom-1b7,2,side_aunt,6,1,hi,informative,bn,0.4916666666666666,0.8333333333333334,0.1703125099341074,120
bigscience/bloom-1b7,2,side_aunt,6,1,hi,informative,en,0.5,0.9083333333333332,0.1041666666666666,120
bigscience/bloom-1b7,2,side_aunt,6,1,hi,informative,hi,0.5,0.4,-0.0062500099341074,120
bigscience/bloom-1b7,2,side_aunt,6,1,hi,neutral,bn,0.5,0.8083333333333333,0.1177083253860473,120
bigscience/bloom-1b7,2,side_aunt,6,1,hi,neutral,en,0.5,0.5,0.0,120
bigscience/bloom-1b7,2,side_aunt,6,1,hi,neutral,hi,0.5,0.6583333333333333,0.0218750059604644,120
bigscience/bloom-1b7,2,side_aunt,8,1,hi,informative,bn,0.5,0.8166666666666667,0.1677083412806193,120
bigscience/bloom-1b7,2,side_aunt,8,1,hi,informative,en,0.5,0.8916666666666667,0.1020833333333333,120
bigscience/bloom-1b7,2,side_aunt,8,1,hi,informative,hi,0.4916666666666666,0.4333333333333333,-0.0083333333333333,120
bigscience/bloom-1b7,2,side_aunt,8,1,hi,neutral,bn,0.5,0.825,0.1270833452542623,120
bigscience/bloom-1b7,2,side_aunt,8,1,hi,neutral,en,0.5,0.5,0.0,120
bigscience/bloom-1b7,2,side_aunt,8,1,hi,neutral,hi,0.5,0.6083333333333333,0.0130208392937978,120
bigscience/bloom-1b7,2,side_aunt,10,1,hi,informative,bn,0.5083333333333333,0.8416666666666667,0.1755208313465118,120
bigscience/bloom-1b7,2,side_aunt,10,1,hi,informative,en,0.5,0.9333333333333332,0.1052083373069763,120
bigscience/bloom-1b7,2,side_aunt,10,1,hi,informative,hi,0.5,0.4,0.0020833233992258,120
bigscience/bloom-1b7,2,side_aunt,10,1,hi,neutral,bn,0.5,0.8666666666666667,0.126562496026357,120
bigscience/bloom-1b7,2,side_aunt,10,1,hi,neutral,en,0.5,0.5,0.0,120
bigscience/bloom-1b7,2,side_aunt,10,1,hi,neutral,hi,0.5,0.6,0.0192708273728688,120
bigscience/bloom-1b7,2,side_aunt,12,1,hi,informative,bn,0.5083333333333333,0.85,0.179687496026357,120
bigscience/bloom-1b7,2,side_aunt,12,1,hi,informative,en,0.5,0.925,0.1072916666666666,120
bigscience/bloom-1b7,2,side_aunt,12,1,hi,informative,hi,0.5083333333333333,0.4833333333333333,0.0151041766007741,120
bigscience/bloom-1b7,2,side_aunt,12,1,hi,neutral,bn,0.5,0.8333333333333334,0.1333333214124043,120
bigscience/bloom-1b7,2,side_aunt,12,1,hi,neutral,en,0.5,0.5,0.0,120
bigscience/bloom-1b7,2,side_aunt,12,1,hi,neutral,hi,0.5,0.6833333333333333,0.032812488079071,120
bigscience/bloom-1b7,2,side_aunt,12,4,hi,informative,bn,0.5,0.8416666666666667,0.1713541666666666,120
bigscience/bloom-1b7,2,side_aunt,12,4,hi,informative,en,0.5,0.8916666666666667,0.09375,120
bigscience/bloom-1b7,2,side_aunt,12,4,hi,informative,hi,0.5,0.4,-0.0010416646798451,120
bigscience/bloom-1b7,2,side_aunt,12,4,hi,neutral,bn,0.5,0.8916666666666667,0.1406250079472859,120
bigscience/bloom-1b7,2,side_aunt,12,4,hi,neutral,en,0.5,0.5,0.0,120
bigscience/bloom-1b7,2,side_aunt,12,4,hi,neutral,hi,0.5,0.6,0.009375,120
bigscience/bloom-1b7,2,side_aunt,14,1,hi,informative,bn,0.5,0.8333333333333334,0.1796875079472859,120
bigscience/bloom-1b7,2,side_aunt,14,1,hi,informative,en,0.5,0.9333333333333332,0.115625,120
bigscience/bloom-1b7,2,side_aunt,14,1,hi,informative,hi,0.5083333333333333,0.5333333333333333,0.0463541547457377,120
bigscience/bloom-1b7,2,side_aunt,14,1,hi,neutral,bn,0.5,0.8666666666666667,0.1307291666666666,120
bigscience/bloom-1b7,2,side_aunt,14,1,hi,neutral,en,0.5,0.5,0.0,120
bigscience/bloom-1b7,2,side_aunt,14,1,hi,neutral,hi,0.5,0.7416666666666667,0.0598958313465118,120
bigscience/bloom-1b7,2,side_aunt,16,1,hi,informative,bn,0.5083333333333333,0.85,0.1713541666666666,120
bigscience/bloom-1b7,2,side_aunt,16,1,hi,informative,en,0.5,0.9333333333333332,0.1135416666666666,120
bigscience/bloom-1b7,2,side_aunt,16,1,hi,informative,hi,0.5083333333333333,0.3583333333333333,-0.0265625019868214,120
bigscience/bloom-1b7,2,side_aunt,16,1,hi,neutral,bn,0.5,0.8333333333333334,0.1192708373069763,120
bigscience/bloom-1b7,2,side_aunt,16,1,hi,neutral,en,0.5,0.5,0.0,120
bigscience/bloom-1b7,2,side_aunt,16,1,hi,neutral,hi,0.5,0.5166666666666667,-0.0078124980131785,120
bigscience/bloom-1b7,2,side_aunt,18,1,hi,informative,bn,0.5,0.8333333333333334,0.1609375079472859,120
bigscience/bloom-1b7,2,side_aunt,18,1,hi,informative,en,0.5,0.9,0.1072916666666666,120
bigscience/bloom-1b7,2,side_aunt,18,1,hi,informative,hi,0.4916666666666666,0.3583333333333333,-0.0401041547457377,120
bigscience/bloom-1b7,2,side_aunt,18,1,hi,neutral,bn,0.5,0.8,0.1083333253860473,120
bigscience/bloom-1b7,2,side_aunt,18,1,hi,neutral,en,0.5,0.5,0.0,120
bigscience/bloom-1b7,2,side_aunt,18,1,hi,neutral,hi,0.5,0.425,-0.0197916646798451,120
bigscience/bloom-1b7,2,side_aunt,20,1,hi,informative,bn,0.5,0.8333333333333334,0.1671875059604644,120
bigscience/bloom-1b7,2,side_aunt,20,1,hi,informative,en,0.5,0.9166666666666666,0.1114583333333333,120
bigscience/bloom-1b7,2,side_aunt,20,1,hi,informative,hi,0.5,0.3416666666666667,-0.0552083293596903,120
bigscience/bloom-1b7,2,side_aunt,20,1,hi,neutral,bn,0.5,0.825,0.1192708313465118,120
bigscience/bloom-1b7,2,side_aunt,20,1,hi,neutral,en,0.5,0.5,0.0,120
bigscience/bloom-1b7,2,side_aunt,20,1,hi,neutral,hi,0.5,0.4,-0.0218749821186065,120
bigscience/bloom-1b7,2,side_aunt,22,1,hi,informative,bn,0.5,0.8333333333333334,0.1760416527589162,120
bigscience/bloom-1b7,2,side_aunt,22,1,hi,informative,en,0.5,0.8583333333333333,0.1041666666666666,120
bigscience/bloom-1b7,2,side_aunt,22,1,hi,informative,hi,0.5,0.35,-0.0499999940395355,120
bigscience/bloom-1b7,2,side_aunt,22,1,hi,neutral,bn,0.5,0.85,0.1239583273728688,120
bigscience/bloom-1b7,2,side_aunt,22,1,hi,neutral,en,0.5,0.5,0.0,120
bigscience/bloom-1b7,2,side_aunt,22,1,hi,neutral,hi,0.5,0.4083333333333333,-0.0281249940395355,120
bigscience/bloom-1b7,2,side_aunt,0,1,en,informative,bn,0.5,0.8416666666666667,0.1781250039736429,120
bigscience/bloom-1b7,2,side_aunt,0,1,en,informative,en,0.5,0.875,0.1,120
bigscience/bloom-1b7,2,side_aunt,0,1,en,informative,hi,0.5,0.3916666666666666,-0.0291666746139526,120
bigscience/bloom-1b7,2,side_aunt,0,1,en,neutral,bn,0.5,0.825,0.1213541686534881,120
bigscience/bloom-1b7,2,side_aunt,0,1,en,neutral,en,0.5,0.5,0.0,120
bigscience/bloom-1b7,2,side_aunt,0,1,en,neutral,hi,0.5,0.5416666666666666,-0.0005208293596903,120
bigscience/bloom-1b7,2,side_aunt,2,1,en,informative,bn,0.5083333333333333,0.8333333333333334,0.1682291746139526,120
bigscience/bloom-1b7,2,side_aunt,2,1,en,informative,en,0.5,0.8916666666666667,0.103125,120
bigscience/bloom-1b7,2,side_aunt,2,1,en,informative,hi,0.5,0.3916666666666666,-0.0322916666666666,120
bigscience/bloom-1b7,2,side_aunt,2,1,en,neutral,bn,0.5,0.8416666666666667,0.1260416726271311,120
bigscience/bloom-1b7,2,side_aunt,2,1,en,neutral,en,0.5,0.5,0.0,120
bigscience/bloom-1b7,2,side_aunt,2,1,en,neutral,hi,0.5,0.525,0.0015625,120
bigscience/bloom-1b7,2,side_aunt,4,1,en,informative,bn,0.5083333333333333,0.825,0.1692708313465118,120
bigscience/bloom-1b7,2,side_aunt,4,1,en,informative,en,0.5,0.9333333333333332,0.109375,120
bigscience/bloom-1b7,2,side_aunt,4,1,en,informative,hi,0.5,0.3833333333333333,-0.0187499940395355,120
bigscience/bloom-1b7,2,side_aunt,4,1,en,neutral,bn,0.5,0.8333333333333334,0.1182291686534881,120
bigscience/bloom-1b7,2,side_aunt,4,1,en,neutral,en,0.5,0.5,0.0,120
bigscience/bloom-1b7,2,side_aunt,4,1,en,neutral,hi,0.5,0.525,0.0020833313465118,120
bigscience/bloom-1b7,2,side_aunt,6,1,en,informative,bn,0.5083333333333333,0.8666666666666667,0.2156250059604644,120
bigscience/bloom-1b7,2,side_aunt,6,1,en,informative,en,0.5,0.9166666666666666,0.109375,120
bigscience/bloom-1b7,2,side_aunt,6,1,en,informative,hi,0.5,0.4083333333333333,-0.0161458273728688,120
bigscience/bloom-1b7,2,side_aunt,6,1,en,neutral,bn,0.5,0.875,0.1390624900658925,120
bigscience/bloom-1b7,2,side_aunt,6,1,en,neutral,en,0.5,0.5,0.0,120
bigscience/bloom-1b7,2,side_aunt,6,1,en,neutral,hi,0.5,0.475,-0.0098958412806193,120
bigscience/bloom-1b7,2,side_aunt,8,1,en,informative,bn,0.5083333333333333,0.875,0.1958333412806193,120
bigscience/bloom-1b7,2,side_aunt,8,1,en,informative,en,0.5,0.9416666666666668,0.1229166666666666,120
bigscience/bloom-1b7,2,side_aunt,8,1,en,informative,hi,0.4916666666666666,0.4333333333333333,-0.0125000039736429,120
bigscience/bloom-1b7,2,side_aunt,8,1,en,neutral,bn,0.5,0.8666666666666667,0.1354166626930237,120
bigscience/bloom-1b7,2,side_aunt,8,1,en,neutral,en,0.5,0.5,0.0,120
bigscience/bloom-1b7,2,side_aunt,8,1,en,neutral,hi,0.5,0.55,0.0015624980131785,120
bigscience/bloom-1b7,2,side_aunt,10,1,en,informative,bn,0.5,0.8333333333333334,0.164062503973643,120
bigscience/bloom-1b7,2,side_aunt,10,1,en,informative,en,0.5,0.95,0.1302083333333333,120
bigscience/bloom-1b7,2,side_aunt,10,1,en,informative,hi,0.5083333333333333,0.4083333333333333,-0.0135416626930236,120
bigscience/bloom-1b7,2,side_aunt,10,1,en,neutral,bn,0.5,0.7833333333333333,0.098437496026357,120
bigscience/bloom-1b7,2,side_aunt,10,1,en,neutral,en,0.5,0.5,0.0,120
bigscience/bloom-1b7,2,side_aunt,10,1,en,neutral,hi,0.5,0.5583333333333333,0.0005208492279052,120
bigscience/bloom-1b7,2,side_aunt,12,1,en,informative,bn,0.5,0.8333333333333334,0.1739583512147267,120
bigscience/bloom-1b7,2,side_aunt,12,1,en,informative,en,0.5,0.9833333333333332,0.1354166666666666,120
bigscience/bloom-1b7,2,side_aunt,12,1,en,informative,hi,0.5,0.3833333333333333,-0.01510418454806,120
bigscience/bloom-1b7,2,side_aunt,12,1,en,neutral,bn,0.5,0.8083333333333333,0.1109374940395355,120
bigscience/bloom-1b7,2,side_aunt,12,1,en,neutral,en,0.5,0.5,0.0,120
bigscience/bloom-1b7,2,side_aunt,12,1,en,neutral,hi,0.5,0.5666666666666667,0.0114583492279052,120
bigscience/bloom-1b7,2,side_aunt,12,4,en,informative,bn,0.5083333333333333,0.85,0.1880208432674407,120
bigscience/bloom-1b7,2,side_aunt,12,4,en,informative,en,0.5,0.9583333333333334,0.1197916666666666,120
bigscience/bloom-1b7,2,side_aunt,12,4,en,informative,hi,0.4916666666666666,0.3916666666666666,-0.0140625,120
bigscience/bloom-1b7,2,side_aunt,12,4,en,neutral,bn,0.5,0.85,0.1265625,120
bigscience/bloom-1b7,2,side_aunt,12,4,en,neutral,en,0.5,0.5,0.0,120
bigscience/bloom-1b7,2,side_aunt,12,4,en,neutral,hi,0.5,0.5666666666666667,0.0161458313465118,120
bigscience/bloom-1b7,2,side_aunt,14,1,en,informative,bn,0.5,0.8166666666666667,0.1614583214124043,120
bigscience/bloom-1b7,2,side_aunt,14,1,en,informative,en,0.5,0.9416666666666668,0.1177083293596903,120
bigscience/bloom-1b7,2,side_aunt,14,1,en,informative,hi,0.5,0.3916666666666666,-0.0166666785875956,120
bigscience/bloom-1b7,2,side_aunt,14,1,en,neutral,bn,0.5,0.7916666666666666,0.1026041666666666,120
bigscience/bloom-1b7,2,side_aunt,14,1,en,neutral,en,0.5,0.5,0.0,120
bigscience/bloom-1b7,2,side_aunt,14,1,en,neutral,hi,0.5,0.5833333333333334,0.0177083233992258,120
bigscience/bloom-1b7,2,side_aunt,16,1,en,informative,bn,0.5,0.8333333333333334,0.1536458353201548,120
bigscience/bloom-1b7,2,side_aunt,16,1,en,informative,en,0.5,0.9583333333333334,0.125,120
bigscience/bloom-1b7,2,side_aunt,16,1,en,informative,hi,0.5,0.4083333333333333,-0.015625,120
bigscience/bloom-1b7,2,side_aunt,16,1,en,neutral,bn,0.5,0.825,0.1020833293596903,120
bigscience/bloom-1b7,2,side_aunt,16,1,en,neutral,en,0.5,0.5,0.0,120
bigscience/bloom-1b7,2,side_aunt,16,1,en,neutral,hi,0.5,0.6166666666666667,0.0166666726271311,120
bigscience/bloom-1b7,2,side_aunt,18,1,en,informative,bn,0.5083333333333333,0.825,0.1489583392937978,120
bigscience/bloom-1b7,2,side_aunt,18,1,en,informative,en,0.5,0.925,0.1145833333333333,120
bigscience/bloom-1b7,2,side_aunt,18,1,en,informative,hi,0.5,0.3833333333333333,-0.015624996026357,120
bigscience/bloom-1b7,2,side_aunt,18,1,en,neutral,bn,0.5,0.75,0.101562496026357,120
bigscience/bloom-1b7,2,side_aunt,18,1,en,neutral,en,0.5,0.5,0.0,120
bigscience/bloom-1b7,2,side_aunt,18,1,en,neutral,hi,0.5,0.6,0.0046875019868214,120
bigscience/bloom-1b7,2,side_aunt,20,1,en,informative,bn,0.5083333333333333,0.825,0.1546875079472859,120
bigscience/bloom-1b7,2,side_aunt,20,1,en,informative,en,0.5,0.9166666666666666,0.1135416666666666,120
bigscience/bloom-1b7,2,side_aunt,20,1,en,informative,hi,0.5,0.4083333333333333,-0.0067708214124043,120
bigscience/bloom-1b7,2,side_aunt,20,1,en,neutral,bn,0.5,0.8,0.1088541626930236,120
bigscience/bloom-1b7,2,side_aunt,20,1,en,neutral,en,0.5,0.5,0.0,120
bigscience/bloom-1b7,2,side_aunt,20,1,en,neutral,hi,0.5,0.55,0.0026041567325592,120
bigscience/bloom-1b7,2,side_aunt,22,1,en,informative,bn,0.5,0.8416666666666667,0.1697916706403096,120
bigscience/bloom-1b7,2,side_aunt,22,1,en,informative,en,0.5,0.8833333333333333,0.0958333333333333,120
bigscience/bloom-1b7,2,side_aunt,22,1,en,informative,hi,0.5,0.3916666666666666,-0.0250000079472859,120
bigscience/bloom-1b7,2,side_aunt,22,1,en,neutral,bn,0.5,0.825,0.1192708313465118,120
bigscience/bloom-1b7,2,side_aunt,22,1,en,neutral,en,0.5,0.5,0.0,120
bigscience/bloom-1b7,2,side_aunt,22,1,en,neutral,hi,0.5,0.5333333333333333,-1.9868214925130212e-09,120
bigscience/bloom-1b7,2,gender,0,1,bn,informative,bn,0.5,1.0,0.3729166706403096,120
bigscience/bloom-1b7,2,gender,0,1,bn,informative,en,0.7416666666666667,1.0,0.8739583412806193,120
bigscience/bloom-1b7,2,gender,0,1,bn,informative,hi,0.5083333333333333,0.4916666666666666,-0.0036458293596903,120
bigscience/bloom-1b7,2,gender,0,1,bn,neutral,bn,0.5,1.0,0.268750007947286,120
bigscience/bloom-1b7,2,gender,0,1,bn,neutral,en,0.6833333333333333,1.0,0.8354166706403097,120
bigscience/bloom-1b7,2,gender,0,1,bn,neutral,hi,0.5,1.0,0.1770833333333333,120
bigscience/bloom-1b7,2,gender,2,1,bn,informative,bn,0.5,1.0,0.4588541626930237,120
bigscience/bloom-1b7,2,gender,2,1,bn,informative,en,0.75,1.0,0.878125011920929,120
bigscience/bloom-1b7,2,gender,2,1,bn,informative,hi,0.5,0.525,0.0036458293596903,120
bigscience/bloom-1b7,2,gender,2,1,bn,neutral,bn,0.5,1.0,0.3354166666666666,120
bigscience/bloom-1b7,2,gender,2,1,bn,neutral,en,0.6833333333333333,1.0,0.837500003973643,120
bigscience/bloom-1b7,2,gender,2,1,bn,neutral,hi,0.5,0.9916666666666668,0.1770833373069763,120
bigscience/bloom-1b7,2,gender,4,1,bn,informative,bn,0.5,1.0,0.3291666626930237,120
bigscience/bloom-1b7,2,gender,4,1,bn,informative,en,0.7416666666666667,1.0,0.881250011920929,120
bigscience/bloom-1b7,2,gender,4,1,bn,informative,hi,0.5083333333333333,0.4916666666666666,-0.0005208253860473,120
bigscience/bloom-1b7,2,gender,4,1,bn,neutral,bn,0.5,1.0,0.2218750158945719,120
bigscience/bloom-1b7,2,gender,4,1,bn,neutral,en,0.6833333333333333,1.0,0.8395833373069763,120
bigscience/bloom-1b7,2,gender,4,1,bn,neutral,hi,0.5,1.0,0.179687492052714,120
bigscience/bloom-1b7,2,gender,6,1,bn,informative,bn,0.5,1.0,0.3375000158945719,120
bigscience/bloom-1b7,2,gender,6,1,bn,informative,en,0.7416666666666667,1.0,0.878124996026357,120
bigscience/bloom-1b7,2,gender,6,1,bn,informative,hi,0.5,0.475,-0.0010416785875956,120
bigscience/bloom-1b7,2,gender,6,1,bn,neutral,bn,0.5,1.0,0.2187500059604644,120
bigscience/bloom-1b7,2,gender,6,1,bn,neutral,en,0.6833333333333333,1.0,0.831250003973643,120
bigscience/bloom-1b7,2,gender,6,1,bn,neutral,hi,0.5,1.0,0.1859375039736429,120
bigscience/bloom-1b7,2,gender,8,1,bn,informative,bn,0.5,1.0,0.398437496026357,120
bigscience/bloom-1b7,2,gender,8,1,bn,informative,en,0.75,1.0,0.887499996026357,120
bigscience/bloom-1b7,2,gender,8,1,bn,informative,hi,0.5083333333333333,0.4916666666666666,-0.0020833373069763,120
bigscience/bloom-1b7,2,gender,8,1,bn,neutral,bn,0.5,1.0,0.2651041646798451,120
bigscience/bloom-1b7,2,gender,8,1,bn,neutral,en,0.6833333333333333,1.0,0.8489583333333334,120
bigscience/bloom-1b7,2,gender,8,1,bn,neutral,hi,0.5,1.0,0.1869791666666666,120
bigscience/bloom-1b7,2,gender,10,1,bn,informative,bn,0.5,1.0,0.4098958353201548,120
bigscience/bloom-1b7,2,gender,10,1,bn,informative,en,0.7583333333333333,1.0,0.9104166587193808,120
bigscience/bloom-1b7,2,gender,10,1,bn,informative,hi,0.5,0.4333333333333333,-0.0125,120
bigscience/bloom-1b7,2,gender,10,1,bn,neutral,bn,0.5,1.0,0.2765624980131785,120
bigscience/bloom-1b7,2,gender,10,1,bn,neutral,en,0.6833333333333333,1.0,0.865625003973643,120
bigscience/bloom-1b7,2,gender,10,1,bn,neutral,hi,0.5,1.0,0.1703125119209289,120
bigscience/bloom-1b7,2,gender,12,1,bn,informative,bn,0.5,1.0,0.4270833432674408,120
bigscience/bloom-1b7,2,gender,12,1,bn,informative,en,0.7416666666666667,1.0,0.8968750079472859,120
bigscience/bloom-1b7,2,gender,12,1,bn,informative,hi,0.5083333333333333,0.5083333333333333,-0.0020833293596903,120
bigscience/bloom-1b7,2,gender,12,1,bn,neutral,bn,0.5,1.0,0.2921875119209289,120
bigscience/bloom-1b7,2,gender,12,1,bn,neutral,en,0.675,1.0,0.8427083293596903,120
bigscience/bloom-1b7,2,gender,12,1,bn,neutral,hi,0.5,1.0,0.184375,120
bigscience/bloom-1b7,2,gender,12,4,bn,informative,bn,0.5,1.0,0.4276041626930237,120
bigscience/bloom-1b7,2,gender,12,4,bn,informative,en,0.7166666666666667,1.0,0.943750015894572,120
bigscience/bloom-1b7,2,gender,12,4,bn,informative,hi,0.5083333333333333,0.5333333333333333,0.0010416666666666,120
bigscience/bloom-1b7,2,gender,12,4,bn,neutral,bn,0.5,1.0,0.2786458512147268,120
bigscience/bloom-1b7,2,gender,12,4,bn,neutral,en,0.675,1.0,0.8958333333333334,120
bigscience/bloom-1b7,2,gender,12,4,bn,neutral,hi,0.5,1.0,0.1916666666666666,120
bigscience/bloom-1b7,2,gender,14,1,bn,informative,bn,0.5,1.0,0.4427083233992259,120
bigscience/bloom-1b7,2,gender,14,1,bn,informative,en,0.7416666666666667,1.0,0.8947916746139526,120
bigscience/bloom-1b7,2,gender,14,1,bn,informative,hi,0.5,0.5,0.004687496026357,120
bigscience/bloom-1b7,2,gender,14,1,bn,neutral,bn,0.5,1.0,0.3078124900658925,120
bigscience/bloom-1b7,2,gender,14,1,bn,neutral,en,0.6833333333333333,1.0,0.859375,120
bigscience/bloom-1b7,2,gender,14,1,bn,neutral,hi,0.5,1.0,0.1958333373069763,120
bigscience/bloom-1b7,2,gender,16,1,bn,informative,bn,0.5,1.0,0.3682291746139526,120
bigscience/bloom-1b7,2,gender,16,1,bn,informative,en,0.7416666666666667,1.0,0.9041666706403096,120
bigscience/bloom-1b7,2,gender,16,1,bn,informative,hi,0.5083333333333333,0.4833333333333333,-0.007812492052714,120
bigscience/bloom-1b7,2,gender,16,1,bn,neutral,bn,0.5,1.0,0.2359375,120
bigscience/bloom-1b7,2,gender,16,1,bn,neutral,en,0.6833333333333333,1.0,0.846875,120
bigscience/bloom-1b7,2,gender,16,1,bn,neutral,hi,0.5,1.0,0.1786458293596903,120
bigscience/bloom-1b7,2,gender,18,1,bn,informative,bn,0.5,1.0,0.4145833333333333,120
bigscience/bloom-1b7,2,gender,18,1,bn,informative,en,0.75,1.0,0.8812500079472859,120
bigscience/bloom-1b7,2,gender,18,1,bn,informative,hi,0.5,0.525,0.0052083373069763,120
bigscience/bloom-1b7,2,gender,18,1,bn,neutral,bn,0.5,1.0,0.2755208353201548,120
bigscience/bloom-1b7,2,gender,18,1,bn,neutral,en,0.6916666666666667,1.0,0.8354166666666667,120
bigscience/bloom-1b7,2,gender,18,1,bn,neutral,hi,0.5,1.0,0.1932291746139526,120
bigscience/bloom-1b7,2,gender,20,1,bn,informative,bn,0.5,1.0,0.3765624821186065,120
bigscience/bloom-1b7,2,gender,20,1,bn,informative,en,0.75,1.0,0.8510416666666667,120
bigscience/bloom-1b7,2,gender,20,1,bn,informative,hi,0.5,0.5,0.004687496026357,120
bigscience/bloom-1b7,2,gender,20,1,bn,neutral,bn,0.5,1.0,0.2369791666666666,120
bigscience/bloom-1b7,2,gender,20,1,bn,neutral,en,0.6916666666666667,1.0,0.8104166626930237,120
bigscience/bloom-1b7,2,gender,20,1,bn,neutral,hi,0.5,1.0,0.1854166706403096,120
bigscience/bloom-1b7,2,gender,22,1,bn,informative,bn,0.5,1.0,0.3739583293596903,120
bigscience/bloom-1b7,2,gender,22,1,bn,informative,en,0.725,1.0,0.840624996026357,120
bigscience/bloom-1b7,2,gender,22,1,bn,informative,hi,0.5,0.4416666666666666,-0.0052083253860473,120
bigscience/bloom-1b7,2,gender,22,1,bn,neutral,bn,0.5,1.0,0.228124984105428,120
bigscience/bloom-1b7,2,gender,22,1,bn,neutral,en,0.675,1.0,0.7947916706403096,120
bigscience/bloom-1b7,2,gender,22,1,bn,neutral,hi,0.5,1.0,0.1760416706403096,120
bigscience/bloom-1b7,2,gender,0,1,hi,informative,bn,0.5,1.0,0.4239583412806193,120
bigscience/bloom-1b7,2,gender,0,1,hi,informative,en,0.75,1.0,0.8666666666666667,120
bigscience/bloom-1b7,2,gender,0,1,hi,informative,hi,0.5,0.525,0.0078125039736429,120
bigscience/bloom-1b7,2,gender,0,1,hi,neutral,bn,0.5,1.0,0.2776041706403097,120
bigscience/bloom-1b7,2,gender,0,1,hi,neutral,en,0.6833333333333333,1.0,0.8375,120
bigscience/bloom-1b7,2,gender,0,1,hi,neutral,hi,0.5,1.0,0.1979166666666666,120
bigscience/bloom-1b7,2,gender,2,1,hi,informative,bn,0.5,1.0,0.4255208194255829,120
bigscience/bloom-1b7,2,gender,2,1,hi,informative,en,0.7416666666666667,1.0,0.8739583253860473,120
bigscience/bloom-1b7,2,gender,2,1,hi,informative,hi,0.5083333333333333,0.5,-0.0005208253860473,120
bigscience/bloom-1b7,2,gender,2,1,hi,neutral,bn,0.5,1.0,0.279687503973643,120
bigscience/bloom-1b7,2,gender,2,1,hi,neutral,en,0.6833333333333333,1.0,0.8364583293596903,120
bigscience/bloom-1b7,2,gender,2,1,hi,neutral,hi,0.5,1.0,0.1864583373069763,120
bigscience/bloom-1b7,2,gender,4,1,hi,informative,bn,0.5,1.0,0.4322916487852732,120
bigscience/bloom-1b7,2,gender,4,1,hi,informative,en,0.7416666666666667,1.0,0.8760416746139527,120
bigscience/bloom-1b7,2,gender,4,1,hi,informative,hi,0.5083333333333333,0.6666666666666666,0.0291666825612386,120
bigscience/bloom-1b7,2,gender,4,1,hi,neutral,bn,0.5,1.0,0.2703125258286794,120
bigscience/bloom-1b7,2,gender,4,1,hi,neutral,en,0.675,1.0,0.8322916666666667,120
bigscience/bloom-1b7,2,gender,4,1,hi,neutral,hi,0.5,1.0,0.218749996026357,120
bigscience/bloom-1b7,2,gender,6,1,hi,informative,bn,0.5,1.0,0.4166666448116302,120
bigscience/bloom-1b7,2,gender,6,1,hi,informative,en,0.7416666666666667,1.0,0.8833333134651185,120
bigscience/bloom-1b7,2,gender,6,1,hi,informative,hi,0.5083333333333333,0.6333333333333333,0.0270833373069763,120
bigscience/bloom-1b7,2,gender,6,1,hi,neutral,bn,0.5,1.0,0.2744791905085246,120
bigscience/bloom-1b7,2,gender,6,1,hi,neutral,en,0.6833333333333333,1.0,0.8458333214124044,120
bigscience/bloom-1b7,2,gender,6,1,hi,neutral,hi,0.5,1.0,0.204687503973643,120
bigscience/bloom-1b7,2,gender,8,1,hi,informative,bn,0.5,1.0,0.4229166507720947,120
bigscience/bloom-1b7,2,gender,8,1,hi,informative,en,0.75,1.0,0.8864583253860474,120
bigscience/bloom-1b7,2,gender,8,1,hi,informative,hi,0.5083333333333333,0.45,-0.01875,120
bigscience/bloom-1b7,2,gender,8,1,hi,neutral,bn,0.5,1.0,0.2744791467984517,120
bigscience/bloom-1b7,2,gender,8,1,hi,neutral,en,0.6833333333333333,1.0,0.840624996026357,120
bigscience/bloom-1b7,2,gender,8,1,hi,neutral,hi,0.5,1.0,0.1833333412806193,120
bigscience/bloom-1b7,2,gender,10,1,hi,informative,bn,0.5,1.0,0.4338541408379873,120
bigscience/bloom-1b7,2,gender,10,1,hi,informative,en,0.7416666666666667,1.0,0.8802083373069763,120
bigscience/bloom-1b7,2,gender,10,1,hi,informative,hi,0.5083333333333333,0.5833333333333334,0.0166666547457377,120
bigscience/bloom-1b7,2,gender,10,1,hi,neutral,bn,0.5,1.0,0.2786458472410837,120
bigscience/bloom-1b7,2,gender,10,1,hi,neutral,en,0.6833333333333333,1.0,0.8333333373069763,120
bigscience/bloom-1b7,2,gender,10,1,hi,neutral,hi,0.5,1.0,0.206249996026357,120
bigscience/bloom-1b7,2,gender,12,1,hi,informative,bn,0.5,1.0,0.4239583392937978,120
bigscience/bloom-1b7,2,gender,12,1,hi,informative,en,0.7416666666666667,1.0,0.86875,120
bigscience/bloom-1b7,2,gender,12,1,hi,informative,hi,0.5083333333333333,0.6416666666666667,0.0270833333333333,120
bigscience/bloom-1b7,2,gender,12,1,hi,neutral,bn,0.5,1.0,0.2729166567325592,120
bigscience/bloom-1b7,2,gender,12,1,hi,neutral,en,0.6833333333333333,1.0,0.8322916746139526,120
bigscience/bloom-1b7,2,gender,12,1,hi,neutral,hi,0.5,1.0,0.2072916626930236,120
bigscience/bloom-1b7,2,gender,12,4,hi,informative,bn,0.5,1.0,0.4244791706403096,120
bigscience/bloom-1b7,2,gender,12,4,hi,informative,en,0.725,1.0,0.8947916706403096,120
bigscience/bloom-1b7,2,gender,12,4,hi,informative,hi,0.5083333333333333,0.7333333333333333,0.0447916587193807,120
bigscience/bloom-1b7,2,gender,12,4,hi,neutral,bn,0.5,1.0,0.279687496026357,120
bigscience/bloom-1b7,2,gender,12,4,hi,neutral,en,0.675,1.0,0.837499996026357,120
bigscience/bloom-1b7,2,gender,12,4,hi,neutral,hi,0.5,1.0,0.2338541587193807,120
bigscience/bloom-1b7,2,gender,14,1,hi,informative,bn,0.5,1.0,0.432812488079071,120
bigscience/bloom-1b7,2,gender,14,1,hi,informative,en,0.7583333333333333,1.0,0.868749988079071,120
bigscience/bloom-1b7,2,gender,14,1,hi,informative,hi,0.5083333333333333,0.7333333333333333,0.0479166507720947,120
bigscience/bloom-1b7,2,gender,14,1,hi,neutral,bn,0.5,1.0,0.2776041626930237,120
bigscience/bloom-1b7,2,gender,14,1,hi,neutral,en,0.6833333333333333,1.0,0.837500007947286,120
bigscience/bloom-1b7,2,gender,14,1,hi,neutral,hi,0.5,1.0,0.23125,120
bigscience/bloom-1b7,2,gender,16,1,hi,informative,bn,0.5,1.0,0.4307291626930237,120
bigscience/bloom-1b7,2,gender,16,1,hi,informative,en,0.7416666666666667,1.0,0.8666666587193806,120
bigscience/bloom-1b7,2,gender,16,1,hi,informative,hi,0.5083333333333333,0.5583333333333333,0.0072916746139526,120
bigscience/bloom-1b7,2,gender,16,1,hi,neutral,bn,0.5,1.0,0.2770833233992258,120
bigscience/bloom-1b7,2,gender,16,1,hi,neutral,en,0.6833333333333333,1.0,0.8072916587193807,120
bigscience/bloom-1b7,2,gender,16,1,hi,neutral,hi,0.5,1.0,0.1875,120
bigscience/bloom-1b7,2,gender,18,1,hi,informative,bn,0.5,1.0,0.4286458273728689,120
bigscience/bloom-1b7,2,gender,18,1,hi,informative,en,0.7083333333333334,1.0,0.818749992052714,120
bigscience/bloom-1b7,2,gender,18,1,hi,informative,hi,0.475,0.3916666666666666,-0.0260416666666666,120
bigscience/bloom-1b7,2,gender,18,1,hi,neutral,bn,0.5,1.0,0.2807291666666666,120
bigscience/bloom-1b7,2,gender,18,1,hi,neutral,en,0.675,1.0,0.7802083373069764,120
bigscience/bloom-1b7,2,gender,18,1,hi,neutral,hi,0.5,1.0,0.1541666666666666,120
bigscience/bloom-1b7,2,gender,20,1,hi,informative,bn,0.5,1.0,0.4302083492279053,120
bigscience/bloom-1b7,2,gender,20,1,hi,informative,en,0.6916666666666667,1.0,0.7583333373069763,120
bigscience/bloom-1b7,2,gender,20,1,hi,informative,hi,0.5,0.325,-0.0401041706403096,120
bigscience/bloom-1b7,2,gender,20,1,hi,neutral,bn,0.5,1.0,0.2807291706403096,120
bigscience/bloom-1b7,2,gender,20,1,hi,neutral,en,0.6666666666666666,1.0,0.7177083253860473,120
bigscience/bloom-1b7,2,gender,20,1,hi,neutral,hi,0.5,0.9833333333333332,0.1442708253860473,120
bigscience/bloom-1b7,2,gender,22,1,hi,informative,bn,0.5,1.0,0.4083333333333333,120
bigscience/bloom-1b7,2,gender,22,1,hi,informative,en,0.725,1.0,0.806249996026357,120
bigscience/bloom-1b7,2,gender,22,1,hi,informative,hi,0.4833333333333333,0.275,-0.056249996026357,120
bigscience/bloom-1b7,2,gender,22,1,hi,neutral,bn,0.5,1.0,0.2708333313465118,120
bigscience/bloom-1b7,2,gender,22,1,hi,neutral,en,0.675,1.0,0.7666666626930236,120
bigscience/bloom-1b7,2,gender,22,1,hi,neutral,hi,0.5,0.9833333333333332,0.1302083333333333,120
bigscience/bloom-1b7,2,gender,0,1,en,informative,bn,0.5,1.0,0.4234375019868215,120
bigscience/bloom-1b7,2,gender,0,1,en,informative,en,0.75,1.0,0.8749999920527141,120
bigscience/bloom-1b7,2,gender,0,1,en,informative,hi,0.5,0.4916666666666666,-0.0052083373069763,120
bigscience/bloom-1b7,2,gender,0,1,en,neutral,bn,0.5,1.0,0.2770833333333333,120
bigscience/bloom-1b7,2,gender,0,1,en,neutral,en,0.6833333333333333,1.0,0.8427083333333333,120
bigscience/bloom-1b7,2,gender,0,1,en,neutral,hi,0.5,1.0,0.1755208293596903,120
bigscience/bloom-1b7,2,gender,2,1,en,informative,bn,0.5,1.0,0.4364583273728689,120
bigscience/bloom-1b7,2,gender,2,1,en,informative,en,0.7833333333333333,1.0,0.9479166507720947,120
bigscience/bloom-1b7,2,gender,2,1,en,informative,hi,0.5083333333333333,0.425,-0.0145833412806193,120
bigscience/bloom-1b7,2,gender,2,1,en,neutral,bn,0.5,1.0,0.2848958452542623,120
bigscience/bloom-1b7,2,gender,2,1,en,neutral,en,0.7166666666666667,1.0,0.890625,120
bigscience/bloom-1b7,2,gender,2,1,en,neutral,hi,0.5,1.0,0.1765625039736429,120
bigscience/bloom-1b7,2,gender,4,1,en,informative,bn,0.5,1.0,0.4317708392937978,120
bigscience/bloom-1b7,2,gender,4,1,en,informative,en,0.7833333333333333,1.0,0.931250007947286,120
bigscience/bloom-1b7,2,gender,4,1,en,informative,hi,0.5,0.4916666666666666,-0.003125,120
bigscience/bloom-1b7,2,gender,4,1,en,neutral,bn,0.5,1.0,0.2833333313465118,120
bigscience/bloom-1b7,2,gender,4,1,en,neutral,en,0.7333333333333333,1.0,0.865624996026357,120
bigscience/bloom-1b7,2,gender,4,1,en,neutral,hi,0.5,1.0,0.1822916706403096,120
bigscience/bloom-1b7,2,gender,6,1,en,informative,bn,0.5,1.0,0.4593750218550364,120
bigscience/bloom-1b7,2,gender,6,1,en,informative,en,0.7583333333333333,1.0,0.828125,120
bigscience/bloom-1b7,2,gender,6,1,en,informative,hi,0.5083333333333333,0.5583333333333333,0.0052083293596903,120
bigscience/bloom-1b7,2,gender,6,1,en,neutral,bn,0.5,1.0,0.2796875099341074,120
bigscience/bloom-1b7,2,gender,6,1,en,neutral,en,0.6833333333333333,1.0,0.793749996026357,120
bigscience/bloom-1b7,2,gender,6,1,en,neutral,hi,0.5,1.0,0.1786458333333333,120
bigscience/bloom-1b7,2,gender,8,1,en,informative,bn,0.5,1.0,0.4380208273728688,120
bigscience/bloom-1b7,2,gender,8,1,en,informative,en,0.775,1.0,0.8583333134651184,120
bigscience/bloom-1b7,2,gender,8,1,en,informative,hi,0.5,0.5083333333333333,0.0036458452542622,120
bigscience/bloom-1b7,2,gender,8,1,en,neutral,bn,0.5,1.0,0.2916666726271311,120
bigscience/bloom-1b7,2,gender,8,1,en,neutral,en,0.725,1.0,0.803124992052714,120
bigscience/bloom-1b7,2,gender,8,1,en,neutral,hi,0.5,1.0,0.1848958373069763,120
bigscience/bloom-1b7,2,gender,10,1,en,informative,bn,0.5,1.0,0.4479166666666667,120
bigscience/bloom-1b7,2,gender,10,1,en,informative,en,0.7583333333333333,1.0,0.8635416666666667,120
bigscience/bloom-1b7,2,gender,10,1,en,informative,hi,0.5083333333333333,0.525,-0.0005208373069763,120
bigscience/bloom-1b7,2,gender,10,1,en,neutral,bn,0.5,1.0,0.2786458412806193,120
bigscience/bloom-1b7,2,gender,10,1,en,neutral,en,0.7,1.0,0.8270833333333333,120
bigscience/bloom-1b7,2,gender,10,1,en,neutral,hi,0.5,1.0,0.1807291626930237,120
bigscience/bloom-1b7,2,gender,12,1,en,informative,bn,0.5,1.0,0.4395833194255829,120
bigscience/bloom-1b7,2,gender,12,1,en,informative,en,0.7583333333333333,1.0,0.8322916547457377,120
bigscience/bloom-1b7,2,gender,12,1,en,informative,hi,0.5083333333333333,0.5,0.001562496026357,120
bigscience/bloom-1b7,2,gender,12,1,en,neutral,bn,0.5,1.0,0.2760416587193807,120
bigscience/bloom-1b7,2,gender,12,1,en,neutral,en,0.6916666666666667,1.0,0.8,120
bigscience/bloom-1b7,2,gender,12,1,en,neutral,hi,0.5,1.0,0.1770833214124043,120
bigscience/bloom-1b7,2,gender,12,4,en,informative,bn,0.5,1.0,0.4541666626930237,120
bigscience/bloom-1b7,2,gender,12,4,en,informative,en,0.75,1.0,0.6229166626930237,120
bigscience/bloom-1b7,2,gender,12,4,en,informative,hi,0.5,0.4833333333333333,-0.001562496026357,120
bigscience/bloom-1b7,2,gender,12,4,en,neutral,bn,0.5,1.0,0.2744791567325592,120
bigscience/bloom-1b7,2,gender,12,4,en,neutral,en,0.6666666666666666,1.0,0.568749996026357,120
bigscience/bloom-1b7,2,gender,12,4,en,neutral,hi,0.5,1.0,0.1807291587193807,120
bigscience/bloom-1b7,2,gender,14,1,en,informative,bn,0.5,1.0,0.4453125039736429,120
bigscience/bloom-1b7,2,gender,14,1,en,informative,en,0.7916666666666666,1.0,0.7635416547457378,120
bigscience/bloom-1b7,2,gender,14,1,en,informative,hi,0.5083333333333333,0.475,-0.0046875,120
bigscience/bloom-1b7,2,gender,14,1,en,neutral,bn,0.5,1.0,0.2828124980131785,120
bigscience/bloom-1b7,2,gender,14,1,en,neutral,en,0.6833333333333333,1.0,0.7333333333333333,120
bigscience/bloom-1b7,2,gender,14,1,en,neutral,hi,0.5,1.0,0.1854166666666666,120
bigscience/bloom-1b7,2,gender,16,1,en,informative,bn,0.5,1.0,0.4182291666666666,120
bigscience/bloom-1b7,2,gender,16,1,en,informative,en,0.7333333333333333,1.0,0.681249984105428,120
bigscience/bloom-1b7,2,gender,16,1,en,informative,hi,0.5,0.4666666666666667,-0.0166666706403096,120
bigscience/bloom-1b7,2,gender,16,1,en,neutral,bn,0.5,1.0,0.278125,120
bigscience/bloom-1b7,2,gender,16,1,en,neutral,en,0.6833333333333333,1.0,0.662499996026357,120
bigscience/bloom-1b7,2,gender,16,1,en,neutral,hi,0.5,1.0,0.1703125039736429,120
bigscience/bloom-1b7,2,gender,18,1,en,informative,bn,0.5,1.0,0.424999992052714,120
bigscience/bloom-1b7,2,gender,18,1,en,informative,en,0.7916666666666666,1.0,0.6489583333333333,120
bigscience/bloom-1b7,2,gender,18,1,en,informative,hi,0.5083333333333333,0.4,-0.0328125039736429,120
bigscience/bloom-1b7,2,gender,18,1,en,neutral,bn,0.5,1.0,0.2734374900658925,120
bigscience/bloom-1b7,2,gender,18,1,en,neutral,en,0.7666666666666667,1.0,0.6572916666666667,120
bigscience/bloom-1b7,2,gender,18,1,en,neutral,hi,0.5,0.9916666666666668,0.1552083333333333,120
bigscience/bloom-1b7,2,gender,20,1,en,informative,bn,0.5,1.0,0.4203125,120
bigscience/bloom-1b7,2,gender,20,1,en,informative,en,0.7333333333333333,1.0,0.724999996026357,120
bigscience/bloom-1b7,2,gender,20,1,en,informative,hi,0.5,0.4166666666666667,-0.0182291626930236,120
bigscience/bloom-1b7,2,gender,20,1,en,neutral,bn,0.5,1.0,0.2692708472410838,120
bigscience/bloom-1b7,2,gender,20,1,en,neutral,en,0.6833333333333333,1.0,0.6895833293596904,120
bigscience/bloom-1b7,2,gender,20,1,en,neutral,hi,0.5,1.0,0.1708333412806193,120
bigscience/bloom-1b7,2,gender,22,1,en,informative,bn,0.5,1.0,0.3916666507720947,120
bigscience/bloom-1b7,2,gender,22,1,en,informative,en,0.7,1.0,0.7354166507720947,120
bigscience/bloom-1b7,2,gender,22,1,en,informative,hi,0.5,0.4666666666666667,-0.0046875039736429,120
bigscience/bloom-1b7,2,gender,22,1,en,neutral,bn,0.5,1.0,0.2432291746139526,120
bigscience/bloom-1b7,2,gender,22,1,en,neutral,en,0.6666666666666666,1.0,0.690625003973643,120
bigscience/bloom-1b7,2,gender,22,1,en,neutral,hi,0.5,0.9916666666666668,0.1744791626930237,120
bigscience/bloom-1b7,2,side_aunt,0,1,random,informative,bn,0.5083333333333333,0.8416666666666667,0.171875003973643,120
bigscience/bloom-1b7,2,side_aunt,0,1,random,informative,en,0.5,0.95,0.1072916666666666,120
bigscience/bloom-1b7,2,side_aunt,0,1,random,informative,hi,0.5,0.4083333333333333,-0.0255208373069763,120
bigscience/bloom-1b7,2,side_aunt,0,1,random,neutral,bn,0.5,0.8416666666666667,0.1223958392937978,120
bigscience/bloom-1b7,2,side_aunt,0,1,random,neutral,en,0.5,0.5,0.0,120
bigscience/bloom-1b7,2,side_aunt,0,1,random,neutral,hi,0.5,0.5583333333333333,-0.0005208333333333,120
bigscience/bloom-1b7,2,gender,0,1,random,informative,bn,0.5,1.0,0.4328124940395355,120
bigscience/bloom-1b7,2,gender,0,1,random,informative,en,0.7416666666666667,1.0,0.8770833532015483,120
bigscience/bloom-1b7,2,gender,0,1,random,informative,hi,0.5083333333333333,0.5,-0.0010416666666666,120
bigscience/bloom-1b7,2,gender,0,1,random,neutral,bn,0.5,1.0,0.2843750039736429,120
bigscience/bloom-1b7,2,gender,0,1,random,neutral,en,0.6833333333333333,1.0,0.84375,120
bigscience/bloom-1b7,2,gender,0,1,random,neutral,hi,0.5,1.0,0.1807291706403096,120
bigscience/bloom-1b7,2,side_aunt,2,1,random,informative,bn,0.5083333333333333,0.8333333333333334,0.1687500099341074,120
bigscience/bloom-1b7,2,side_aunt,2,1,random,informative,en,0.5,0.9083333333333332,0.103124996026357,120
bigscience/bloom-1b7,2,side_aunt,2,1,random,informative,hi,0.5,0.425,-0.0213541726271311,120
bigscience/bloom-1b7,2,side_aunt,2,1,random,neutral,bn,0.5,0.8083333333333333,0.1177083313465118,120
bigscience/bloom-1b7,2,side_aunt,2,1,random,neutral,en,0.5,0.5,0.0,120
bigscience/bloom-1b7,2,side_aunt,2,1,random,neutral,hi,0.5,0.525,0.0026041805744171,120
bigscience/bloom-1b7,2,gender,2,1,random,informative,bn,0.5,1.0,0.4276041726271311,120
bigscience/bloom-1b7,2,gender,2,1,random,informative,en,0.7416666666666667,1.0,0.8760416587193807,120
bigscience/bloom-1b7,2,gender,2,1,random,informative,hi,0.5,0.4583333333333333,-0.006249996026357,120
bigscience/bloom-1b7,2,gender,2,1,random,neutral,bn,0.5,1.0,0.2786458392937978,120
bigscience/bloom-1b7,2,gender,2,1,random,neutral,en,0.6833333333333333,1.0,0.8385416706403096,120
bigscience/bloom-1b7,2,gender,2,1,random,neutral,hi,0.5,1.0,0.178124996026357,120
bigscience/bloom-1b7,2,side_aunt,4,1,random,informative,bn,0.5083333333333333,0.8416666666666667,0.1796874980131785,120
bigscience/bloom-1b7,2,side_aunt,4,1,random,informative,en,0.5,0.8666666666666667,0.0958333333333333,120
bigscience/bloom-1b7,2,side_aunt,4,1,random,informative,hi,0.5,0.4,-0.0182291746139526,120
bigscience/bloom-1b7,2,side_aunt,4,1,random,neutral,bn,0.5,0.825,0.1239583333333333,120
bigscience/bloom-1b7,2,side_aunt,4,1,random,neutral,en,0.5,0.5,0.0,120
bigscience/bloom-1b7,2,side_aunt,4,1,random,neutral,hi,0.5,0.5416666666666666,-0.0020833373069763,120
bigscience/bloom-1b7,2,gender,4,1,random,informative,bn,0.5,1.0,0.4255208154519399,120
bigscience/bloom-1b7,2,gender,4,1,random,informative,en,0.7333333333333333,1.0,0.868749984105428,120
bigscience/bloom-1b7,2,gender,4,1,random,informative,hi,0.5083333333333333,0.4833333333333333,-0.0041666706403096,120
bigscience/bloom-1b7,2,gender,4,1,random,neutral,bn,0.5,1.0,0.2807291686534882,120
bigscience/bloom-1b7,2,gender,4,1,random,neutral,en,0.675,1.0,0.8260416626930237,120
bigscience/bloom-1b7,2,gender,4,1,random,neutral,hi,0.5,1.0,0.1807291706403096,120
bigscience/bloom-1b7,2,side_aunt,6,1,random,informative,bn,0.5,0.8083333333333333,0.1588541507720947,120
bigscience/bloom-1b7,2,side_aunt,6,1,random,informative,en,0.5,0.9,0.109375,120
bigscience/bloom-1b7,2,side_aunt,6,1,random,informative,hi,0.4916666666666666,0.3833333333333333,-0.0291666805744171,120
bigscience/bloom-1b7,2,side_aunt,6,1,random,neutral,bn,0.5,0.8333333333333334,0.1177083333333333,120
bigscience/bloom-1b7,2,side_aunt,6,1,random,neutral,en,0.5,0.5,0.0,120
bigscience/bloom-1b7,2,side_aunt,6,1,random,neutral,hi,0.5,0.5333333333333333,-0.0010416646798451,120
bigscience/bloom-1b7,2,gender,6,1,random,informative,bn,0.5,1.0,0.4182291428248088,120
bigscience/bloom-1b7,2,gender,6,1,random,informative,en,0.7416666666666667,1.0,0.871875011920929,120
bigscience/bloom-1b7,2,gender,6,1,random,informative,hi,0.5083333333333333,0.475,0.0020833253860473,120
bigscience/bloom-1b7,2,gender,6,1,random,neutral,bn,0.5,1.0,0.2776041726271311,120
bigscience/bloom-1b7,2,gender,6,1,random,neutral,en,0.6833333333333333,1.0,0.824999996026357,120
bigscience/bloom-1b7,2,gender,6,1,random,neutral,hi,0.5,1.0,0.1822916706403096,120
bigscience/bloom-1b7,2,side_aunt,8,1,random,informative,bn,0.5083333333333333,0.8333333333333334,0.170312496026357,120
bigscience/bloom-1b7,2,side_aunt,8,1,random,informative,en,0.5,0.925,0.1114583293596903,120
bigscience/bloom-1b7,2,side_aunt,8,1,random,informative,hi,0.5,0.35,-0.034374976158142,120
bigscience/bloom-1b7,2,side_aunt,8,1,random,neutral,bn,0.5,0.8166666666666667,0.1223958333333333,120
bigscience/bloom-1b7,2,side_aunt,8,1,random,neutral,en,0.5,0.5,0.0,120
bigscience/bloom-1b7,2,side_aunt,8,1,random,neutral,hi,0.5,0.5,-0.0124999900658925,120
bigscience/bloom-1b7,2,gender,8,1,random,informative,bn,0.5,1.0,0.4187500317891439,120
bigscience/bloom-1b7,2,gender,8,1,random,informative,en,0.7416666666666667,1.0,0.875000015894572,120
bigscience/bloom-1b7,2,gender,8,1,random,informative,hi,0.5,0.5166666666666667,-0.0015625039736429,120
bigscience/bloom-1b7,2,gender,8,1,random,neutral,bn,0.5,1.0,0.2755208671092987,120
bigscience/bloom-1b7,2,gender,8,1,random,neutral,en,0.6833333333333333,1.0,0.8354166706403097,120
bigscience/bloom-1b7,2,gender,8,1,random,neutral,hi,0.5,1.0,0.1864583412806193,120
bigscience/bloom-1b7,2,side_aunt,10,1,random,informative,bn,0.5,0.8333333333333334,0.1609375,120
bigscience/bloom-1b7,2,side_aunt,10,1,random,informative,en,0.5,0.9,0.0989583333333333,120
bigscience/bloom-1b7,2,side_aunt,10,1,random,informative,hi,0.4916666666666666,0.3916666666666666,-0.0223958293596903,120
bigscience/bloom-1b7,2,side_aunt,10,1,random,neutral,bn,0.5,0.8083333333333333,0.1125,120
bigscience/bloom-1b7,2,side_aunt,10,1,random,neutral,en,0.5,0.5,0.0,120
bigscience/bloom-1b7,2,side_aunt,10,1,random,neutral,hi,0.5,0.55,0.0020833512147267,120
bigscience/bloom-1b7,2,gender,10,1,random,informative,bn,0.5,1.0,0.4187500158945719,120
bigscience/bloom-1b7,2,gender,10,1,random,informative,en,0.75,1.0,0.8791666587193807,120
bigscience/bloom-1b7,2,gender,10,1,random,informative,hi,0.5083333333333333,0.4916666666666666,-0.0020833373069763,120
bigscience/bloom-1b7,2,gender,10,1,random,neutral,bn,0.5,1.0,0.2765625,120
bigscience/bloom-1b7,2,gender,10,1,random,neutral,en,0.675,1.0,0.8260416706403096,120
bigscience/bloom-1b7,2,gender,10,1,random,neutral,hi,0.5,1.0,0.1843750039736429,120
bigscience/bloom-1b7,2,side_aunt,12,1,random,informative,bn,0.5083333333333333,0.85,0.1786458472410838,120
bigscience/bloom-1b7,2,side_aunt,12,1,random,informative,en,0.5,0.8833333333333333,0.1010416666666666,120
bigscience/bloom-1b7,2,side_aunt,12,1,random,informative,hi,0.4916666666666666,0.3833333333333333,-0.0229166567325592,120
bigscience/bloom-1b7,2,side_aunt,12,1,random,neutral,bn,0.5,0.8666666666666667,0.1208333353201548,120
bigscience/bloom-1b7,2,side_aunt,12,1,random,neutral,en,0.5,0.5,0.0,120
bigscience/bloom-1b7,2,side_aunt,12,1,random,neutral,hi,0.5,0.5166666666666667,0.0,120
bigscience/bloom-1b7,2,gender,12,1,random,informative,bn,0.5,1.0,0.4317708273728688,120
bigscience/bloom-1b7,2,gender,12,1,random,informative,en,0.7416666666666667,1.0,0.884375003973643,120
bigscience/bloom-1b7,2,gender,12,1,random,informative,hi,0.5,0.5083333333333333,0.0041666587193806,120
bigscience/bloom-1b7,2,gender,12,1,random,neutral,bn,0.5,1.0,0.2812500139077504,120
bigscience/bloom-1b7,2,gender,12,1,random,neutral,en,0.6833333333333333,1.0,0.843750003973643,120
bigscience/bloom-1b7,2,gender,12,1,random,neutral,hi,0.5,1.0,0.18125,120
bigscience/bloom-1b7,2,side_aunt,12,4,random,informative,bn,0.5083333333333333,0.8416666666666667,0.198437488079071,120
bigscience/bloom-1b7,2,side_aunt,12,4,random,informative,en,0.5,0.9,0.1114583333333333,120
bigscience/bloom-1b7,2,side_aunt,12,4,random,informative,hi,0.5,0.4083333333333333,-0.0145833293596903,120
bigscience/bloom-1b7,2,side_aunt,12,4,random,neutral,bn,0.5,0.85,0.1286458412806193,120
bigscience/bloom-1b7,2,side_aunt,12,4,random,neutral,en,0.5,0.5,0.0,120
bigscience/bloom-1b7,2,side_aunt,12,4,random,neutral,hi,0.5,0.5333333333333333,0.0020833273728688,120
bigscience/bloom-1b7,2,gender,12,4,random,informative,bn,0.5,1.0,0.4052083253860473,120
bigscience/bloom-1b7,2,gender,12,4,random,informative,en,0.75,1.0,0.8885416507720947,120
bigscience/bloom-1b7,2,gender,12,4,random,informative,hi,0.5083333333333333,0.5,-0.0057291666666666,120
bigscience/bloom-1b7,2,gender,12,4,random,neutral,bn,0.5,1.0,0.2588541626930237,120
bigscience/bloom-1b7,2,gender,12,4,random,neutral,en,0.6916666666666667,1.0,0.8354166626930237,120
bigscience/bloom-1b7,2,gender,12,4,random,neutral,hi,0.5,1.0,0.1739583333333333,120
bigscience/bloom-1b7,2,side_aunt,14,1,random,informative,bn,0.5,0.8333333333333334,0.1755208233992258,120
bigscience/bloom-1b7,2,side_aunt,14,1,random,informative,en,0.5,0.9333333333333332,0.1145833333333333,120
bigscience/bloom-1b7,2,side_aunt,14,1,random,informative,hi,0.5083333333333333,0.4083333333333333,-0.0208333273728688,120
bigscience/bloom-1b7,2,side_aunt,14,1,random,neutral,bn,0.5,0.8666666666666667,0.1312500039736429,120
bigscience/bloom-1b7,2,side_aunt,14,1,random,neutral,en,0.5,0.5,0.0,120
bigscience/bloom-1b7,2,side_aunt,14,1,random,neutral,hi,0.5,0.5,-0.0020833194255828,120
bigscience/bloom-1b7,2,gender,14,1,random,informative,bn,0.5,1.0,0.4239583233992258,120
bigscience/bloom-1b7,2,gender,14,1,random,informative,en,0.7416666666666667,1.0,0.871875003973643,120
bigscience/bloom-1b7,2,gender,14,1,random,informative,hi,0.5083333333333333,0.475,-0.001562496026357,120
bigscience/bloom-1b7,2,gender,14,1,random,neutral,bn,0.5,1.0,0.2776041984558105,120
bigscience/bloom-1b7,2,gender,14,1,random,neutral,en,0.6833333333333333,1.0,0.8322916666666667,120
bigscience/bloom-1b7,2,gender,14,1,random,neutral,hi,0.5,1.0,0.1802083333333333,120
bigscience/bloom-1b7,2,side_aunt,16,1,random,informative,bn,0.5083333333333333,0.85,0.1661458233992258,120
bigscience/bloom-1b7,2,side_aunt,16,1,random,informative,en,0.5,0.8916666666666667,0.1072916666666666,120
bigscience/bloom-1b7,2,side_aunt,16,1,random,informative,hi,0.5083333333333333,0.4,-0.0244791567325592,120
bigscience/bloom-1b7,2,side_aunt,16,1,random,neutral,bn,0.5,0.8666666666666667,0.1171875039736429,120
bigscience/bloom-1b7,2,side_aunt,16,1,random,neutral,en,0.5,0.5,0.0,120
bigscience/bloom-1b7,2,side_aunt,16,1,random,neutral,hi,0.5,0.5,-0.0067708532015482,120
bigscience/bloom-1b7,2,gender,16,1,random,informative,bn,0.5,1.0,0.4260416686534881,120
bigscience/bloom-1b7,2,gender,16,1,random,informative,en,0.75,1.0,0.8677083373069763,120
bigscience/bloom-1b7,2,gender,16,1,random,informative,hi,0.5083333333333333,0.5333333333333333,0.0020833412806193,120
bigscience/bloom-1b7,2,gender,16,1,random,neutral,bn,0.5,1.0,0.2718750178813934,120
bigscience/bloom-1b7,2,gender,16,1,random,neutral,en,0.6833333333333333,1.0,0.821875003973643,120
bigscience/bloom-1b7,2,gender,16,1,random,neutral,hi,0.5,1.0,0.1828125,120
bigscience/bloom-1b7,2,side_aunt,18,1,random,informative,bn,0.5083333333333333,0.85,0.1739583273728688,120
bigscience/bloom-1b7,2,side_aunt,18,1,random,informative,en,0.5,0.9083333333333332,0.1041666666666666,120
bigscience/bloom-1b7,2,side_aunt,18,1,random,informative,hi,0.5,0.3916666666666666,-0.0218749940395355,120
bigscience/bloom-1b7,2,side_aunt,18,1,random,neutral,bn,0.5,0.8583333333333333,0.1192708373069763,120
bigscience/bloom-1b7,2,side_aunt,18,1,random,neutral,en,0.5,0.5,0.0,120
bigscience/bloom-1b7,2,side_aunt,18,1,random,neutral,hi,0.5,0.5166666666666667,-0.0067708373069763,120
bigscience/bloom-1b7,2,gender,18,1,random,informative,bn,0.5,1.0,0.4223958412806193,120
bigscience/bloom-1b7,2,gender,18,1,random,informative,en,0.7416666666666667,1.0,0.8708333452542623,120
bigscience/bloom-1b7,2,gender,18,1,random,informative,hi,0.5083333333333333,0.525,-0.0036458333333333,120
bigscience/bloom-1b7,2,gender,18,1,random,neutral,bn,0.5,1.0,0.2776041587193807,120
bigscience/bloom-1b7,2,gender,18,1,random,neutral,en,0.6833333333333333,1.0,0.828125,120
bigscience/bloom-1b7,2,gender,18,1,random,neutral,hi,0.5,1.0,0.1822916706403096,120
bigscience/bloom-1b7,2,side_aunt,20,1,random,informative,bn,0.5083333333333333,0.85,0.1708333273728688,120
bigscience/bloom-1b7,2,side_aunt,20,1,random,informative,en,0.5,0.8916666666666667,0.1020833333333333,120
bigscience/bloom-1b7,2,side_aunt,20,1,random,informative,hi,0.5,0.3666666666666666,-0.0265625019868214,120
bigscience/bloom-1b7,2,side_aunt,20,1,random,neutral,bn,0.5,0.8166666666666667,0.1182291607062022,120
bigscience/bloom-1b7,2,side_aunt,20,1,random,neutral,en,0.5,0.5,0.0,120
bigscience/bloom-1b7,2,side_aunt,20,1,random,neutral,hi,0.5,0.5666666666666667,0.0072916626930236,120
bigscience/bloom-1b7,2,gender,20,1,random,informative,bn,0.5,1.0,0.4239583333333333,120
bigscience/bloom-1b7,2,gender,20,1,random,informative,en,0.7416666666666667,1.0,0.884375007947286,120
bigscience/bloom-1b7,2,gender,20,1,random,informative,hi,0.5083333333333333,0.5166666666666667,-0.0026041706403096,120
bigscience/bloom-1b7,2,gender,20,1,random,neutral,bn,0.5,1.0,0.2791666905085245,120
bigscience/bloom-1b7,2,gender,20,1,random,neutral,en,0.6833333333333333,1.0,0.8291666666666667,120
bigscience/bloom-1b7,2,gender,20,1,random,neutral,hi,0.5,1.0,0.1760416666666666,120
bigscience/bloom-1b7,2,side_aunt,22,1,random,informative,bn,0.5,0.85,0.1713541686534881,120
bigscience/bloom-1b7,2,side_aunt,22,1,random,informative,en,0.5,0.9333333333333332,0.1125,120
bigscience/bloom-1b7,2,side_aunt,22,1,random,informative,hi,0.5,0.3833333333333333,-0.0296874980131785,120
bigscience/bloom-1b7,2,side_aunt,22,1,random,neutral,bn,0.5,0.8416666666666667,0.1182291666666666,120
bigscience/bloom-1b7,2,side_aunt,22,1,random,neutral,en,0.5,0.5,0.0,120
bigscience/bloom-1b7,2,side_aunt,22,1,random,neutral,hi,0.5,0.5166666666666667,-0.0015625039736429,120
bigscience/bloom-1b7,2,gender,22,1,random,informative,bn,0.5,1.0,0.4380208273728688,120
bigscience/bloom-1b7,2,gender,22,1,random,informative,en,0.75,1.0,0.8833333253860474,120
bigscience/bloom-1b7,2,gender,22,1,random,informative,hi,0.5083333333333333,0.4666666666666667,-0.0026041706403096,120
bigscience/bloom-1b7,2,gender,22,1,random,neutral,bn,0.5,1.0,0.2843750059604645,120
bigscience/bloom-1b7,2,gender,22,1,random,neutral,en,0.6833333333333333,1.0,0.8364583333333333,120
bigscience/bloom-1b7,2,gender,22,1,random,neutral,hi,0.5,1.0,0.184375,120
bigscience/bloom-1b7,3,side_aunt,-1,0,none,informative,bn,0.5,0.9916666666666668,0.2348958333333333,120
bigscience/bloom-1b7,3,side_aunt,-1,0,none,informative,en,0.5,0.7833333333333333,0.059375,120
bigscience/bloom-1b7,3,side_aunt,-1,0,none,informative,hi,0.5083333333333333,0.6083333333333333,0.0458333512147267,120
bigscience/bloom-1b7,3,side_aunt,-1,0,none,neutral,bn,0.5,0.95,0.1682291686534881,120
bigscience/bloom-1b7,3,side_aunt,-1,0,none,neutral,en,0.5,0.5,0.0,120
bigscience/bloom-1b7,3,side_aunt,-1,0,none,neutral,hi,0.4833333333333333,0.6916666666666667,0.0291666587193806,120
bigscience/bloom-1b7,3,gender,-1,0,none,informative,bn,0.5,1.0,0.4125000119209289,120
bigscience/bloom-1b7,3,gender,-1,0,none,informative,en,0.8083333333333333,1.0,0.806250003973643,120
bigscience/bloom-1b7,3,gender,-1,0,none,informative,hi,0.5,0.625,0.021874996026357,120
bigscience/bloom-1b7,3,gender,-1,0,none,neutral,bn,0.5,1.0,0.2723958432674408,120
bigscience/bloom-1b7,3,gender,-1,0,none,neutral,en,0.825,1.0,0.7802083333333333,120
bigscience/bloom-1b7,3,gender,-1,0,none,neutral,hi,0.5,1.0,0.1848958373069763,120
bigscience/bloom-1b7,3,side_aunt,0,1,bn,informative,bn,0.5083333333333333,0.9833333333333332,0.2197916766007741,120
bigscience/bloom-1b7,3,side_aunt,0,1,bn,informative,en,0.5,0.8,0.0604166666666666,120
bigscience/bloom-1b7,3,side_aunt,0,1,bn,informative,hi,0.5,0.6083333333333333,0.0390624940395355,120
bigscience/bloom-1b7,3,side_aunt,0,1,bn,neutral,bn,0.5,0.8583333333333333,0.1458333373069763,120
bigscience/bloom-1b7,3,side_aunt,0,1,bn,neutral,en,0.5,0.5,0.0,120
bigscience/bloom-1b7,3,side_aunt,0,1,bn,neutral,hi,0.475,0.6416666666666667,0.0281250039736429,120
bigscience/bloom-1b7,3,side_aunt,2,1,bn,informative,bn,0.5,0.95,0.1744791726271311,120
bigscience/bloom-1b7,3,side_aunt,2,1,bn,informative,en,0.5,0.825,0.0635416666666666,120
bigscience/bloom-1b7,3,side_aunt,2,1,bn,informative,hi,0.525,0.5916666666666667,0.0406249900658925,120
bigscience/bloom-1b7,3,side_aunt,2,1,bn,neutral,bn,0.5,0.75,0.0812499980131785,120
bigscience/bloom-1b7,3,side_aunt,2,1,bn,neutral,en,0.5,0.5,0.0,120
bigscience/bloom-1b7,3,side_aunt,2,1,bn,neutral,hi,0.4833333333333333,0.6583333333333333,0.034375,120
bigscience/bloom-1b7,3,side_aunt,4,1,bn,informative,bn,0.5083333333333333,1.0,0.2463541547457377,120
bigscience/bloom-1b7,3,side_aunt,4,1,bn,informative,en,0.5,0.7416666666666667,0.049999996026357,120
bigscience/bloom-1b7,3,side_aunt,4,1,bn,informative,hi,0.5166666666666667,0.5916666666666667,0.0468750357627868,120
bigscience/bloom-1b7,3,side_aunt,4,1,bn,neutral,bn,0.5,0.8916666666666667,0.1260416567325592,120
bigscience/bloom-1b7,3,side_aunt,4,1,bn,neutral,en,0.5,0.5,0.0,120
bigscience/bloom-1b7,3,side_aunt,4,1,bn,neutral,hi,0.4916666666666666,0.6416666666666667,0.0302083313465118,120
bigscience/bloom-1b7,3,side_aunt,6,1,bn,informative,bn,0.5083333333333333,0.9666666666666668,0.1911458253860473,120
bigscience/bloom-1b7,3,side_aunt,6,1,bn,informative,en,0.5,0.7666666666666667,0.0520833373069763,120
bigscience/bloom-1b7,3,side_aunt,6,1,bn,informative,hi,0.5083333333333333,0.5916666666666667,0.0442708373069763,120
bigscience/bloom-1b7,3,side_aunt,6,1,bn,neutral,bn,0.5,0.7916666666666666,0.1093750079472859,120
bigscience/bloom-1b7,3,side_aunt,6,1,bn,neutral,en,0.5,0.5,0.0,120
bigscience/bloom-1b7,3,side_aunt,6,1,bn,neutral,hi,0.4833333333333333,0.6666666666666666,0.0348958412806193,120
bigscience/bloom-1b7,3,side_aunt,8,1,bn,informative,bn,0.5,0.9,0.1729166487852732,120
bigscience/bloom-1b7,3,side_aunt,8,1,bn,informative,en,0.5,0.8166666666666667,0.065625,120
bigscience/bloom-1b7,3,side_aunt,8,1,bn,informative,hi,0.5083333333333333,0.6333333333333333,0.0520833333333333,120
bigscience/bloom-1b7,3,side_aunt,8,1,bn,neutral,bn,0.5,0.8583333333333333,0.1276041666666666,120
bigscience/bloom-1b7,3,side_aunt,8,1,bn,neutral,en,0.5,0.5,0.0,120
bigscience/bloom-1b7,3,side_aunt,8,1,bn,neutral,hi,0.4833333333333333,0.625,0.0249999980131785,120
bigscience/bloom-1b7,3,side_aunt,10,1,bn,informative,bn,0.4916666666666666,0.9,0.1791666646798451,120
bigscience/bloom-1b7,3,side_aunt,10,1,bn,informative,en,0.5,0.7333333333333333,0.053124996026357,120
bigscience/bloom-1b7,3,side_aunt,10,1,bn,informative,hi,0.5083333333333333,0.6583333333333333,0.0572916587193806,120
bigscience/bloom-1b7,3,side_aunt,10,1,bn,neutral,bn,0.5,0.8083333333333333,0.1192708253860473,120
bigscience/bloom-1b7,3,side_aunt,10,1,bn,neutral,en,0.5,0.5,0.0,120
bigscience/bloom-1b7,3,side_aunt,10,1,bn,neutral,hi,0.4833333333333333,0.6833333333333333,0.0338541825612386,120
bigscience/bloom-1b7,3,side_aunt,12,1,bn,informative,bn,0.4916666666666666,0.6666666666666666,0.115624992052714,120
bigscience/bloom-1b7,3,side_aunt,12,1,bn,informative,en,0.5,0.7666666666666667,0.0489583293596903,120
bigscience/bloom-1b7,3,side_aunt,12,1,bn,informative,hi,0.4916666666666666,0.5916666666666667,0.0281249980131785,120
bigscience/bloom-1b7,3,side_aunt,12,1,bn,neutral,bn,0.5,0.5416666666666666,0.037499996026357,120
bigscience/bloom-1b7,3,side_aunt,12,1,bn,neutral,en,0.5,0.5,0.0,120
bigscience/bloom-1b7,3,side_aunt,12,1,bn,neutral,hi,0.475,0.6,0.0187500099341074,120
bigscience/bloom-1b7,3,side_aunt,12,4,bn,informative,bn,0.4833333333333333,0.2833333333333333,-0.0536458313465118,120
bigscience/bloom-1b7,3,side_aunt,12,4,bn,informative,en,0.5,0.7416666666666667,0.0489583293596903,120
bigscience/bloom-1b7,3,side_aunt,12,4,bn,informative,hi,0.5083333333333333,0.6083333333333333,0.0395833333333333,120
bigscience/bloom-1b7,3,side_aunt,12,4,bn,neutral,bn,0.5,0.175,-0.1255208273728688,120
bigscience/bloom-1b7,3,side_aunt,12,4,bn,neutral,en,0.5,0.5,0.0,120
bigscience/bloom-1b7,3,side_aunt,12,4,bn,neutral,hi,0.4666666666666667,0.6,0.0140624980131785,120
bigscience/bloom-1b7,3,side_aunt,14,1,bn,informative,bn,0.4916666666666666,0.525,0.0526041726271311,120
bigscience/bloom-1b7,3,side_aunt,14,1,bn,informative,en,0.5,0.8166666666666667,0.0604166706403096,120
bigscience/bloom-1b7,3,side_aunt,14,1,bn,informative,hi,0.4916666666666666,0.575,0.0286458273728688,120
bigscience/bloom-1b7,3,side_aunt,14,1,bn,neutral,bn,0.5,0.3583333333333333,-0.0276041646798451,120
bigscience/bloom-1b7,3,side_aunt,14,1,bn,neutral,en,0.5,0.5,0.0,120
bigscience/bloom-1b7,3,side_aunt,14,1,bn,neutral,hi,0.4666666666666667,0.5666666666666667,0.0083333571751912,120
bigscience/bloom-1b7,3,side_aunt,16,1,bn,informative,bn,0.4916666666666666,0.7666666666666667,0.1369791726271311,120
bigscience/bloom-1b7,3,side_aunt,16,1,bn,informative,en,0.5,0.825,0.062499996026357,120
bigscience/bloom-1b7,3,side_aunt,16,1,bn,informative,hi,0.5166666666666667,0.625,0.0416666607062021,120
bigscience/bloom-1b7,3,side_aunt,16,1,bn,neutral,bn,0.5,0.5333333333333333,0.0229166646798451,120
bigscience/bloom-1b7,3,side_aunt,16,1,bn,neutral,en,0.5,0.5,0.0,120
bigscience/bloom-1b7,3,side_aunt,16,1,bn,neutral,hi,0.4833333333333333,0.6166666666666667,0.0203125139077504,120
bigscience/bloom-1b7,3,side_aunt,18,1,bn,informative,bn,0.4916666666666666,0.7666666666666667,0.1463541666666666,120
bigscience/bloom-1b7,3,side_aunt,18,1,bn,informative,en,0.5,0.8,0.0645833333333333,120
bigscience/bloom-1b7,3,side_aunt,18,1,bn,informative,hi,0.5166666666666667,0.6166666666666667,0.0489583233992258,120
bigscience/bloom-1b7,3,side_aunt,18,1,bn,neutral,bn,0.5,0.6,0.0614583174387613,120
bigscience/bloom-1b7,3,side_aunt,18,1,bn,neutral,en,0.5,0.5,0.0,120
bigscience/bloom-1b7,3,side_aunt,18,1,bn,neutral,hi,0.4833333333333333,0.6166666666666667,0.0203125039736429,120
bigscience/bloom-1b7,3,side_aunt,20,1,bn,informative,bn,0.5,0.875,0.1671874980131785,120
bigscience/bloom-1b7,3,side_aunt,20,1,bn,informative,en,0.5,0.8,0.056249996026357,120
bigscience/bloom-1b7,3,side_aunt,20,1,bn,informative,hi,0.4916666666666666,0.625,0.0505208273728688,120
bigscience/bloom-1b7,3,side_aunt,20,1,bn,neutral,bn,0.5,0.7166666666666667,0.1031249940395355,120
bigscience/bloom-1b7,3,side_aunt,20,1,bn,neutral,en,0.5,0.5,0.0,120
bigscience/bloom-1b7,3,side_aunt,20,1,bn,neutral,hi,0.4666666666666667,0.625,0.0229166785875956,120
bigscience/bloom-1b7,3,side_aunt,22,1,bn,informative,bn,0.4916666666666666,0.9666666666666668,0.2026041646798451,120
bigscience/bloom-1b7,3,side_aunt,22,1,bn,informative,en,0.5,0.7583333333333333,0.0520833373069763,120
bigscience/bloom-1b7,3,side_aunt,22,1,bn,informative,hi,0.5,0.6416666666666667,0.0515624860922495,120
bigscience/bloom-1b7,3,side_aunt,22,1,bn,neutral,bn,0.5,0.8833333333333333,0.1354166706403096,120
bigscience/bloom-1b7,3,side_aunt,22,1,bn,neutral,en,0.5,0.5,0.0,120
bigscience/bloom-1b7,3,side_aunt,22,1,bn,neutral,hi,0.4833333333333333,0.65,0.0328125139077504,120
bigscience/bloom-1b7,3,side_aunt,0,1,hi,informative,bn,0.5083333333333333,1.0,0.2328125079472859,120
bigscience/bloom-1b7,3,side_aunt,0,1,hi,informative,en,0.5,0.775,0.0572916666666666,120
bigscience/bloom-1b7,3,side_aunt,0,1,hi,informative,hi,0.5333333333333333,0.675,0.0765624940395355,120
bigscience/bloom-1b7,3,side_aunt,0,1,hi,neutral,bn,0.5,0.9416666666666668,0.1692708353201548,120
bigscience/bloom-1b7,3,side_aunt,0,1,hi,neutral,en,0.5,0.5,0.0,120
bigscience/bloom-1b7,3,side_aunt,0,1,hi,neutral,hi,0.4833333333333333,0.7916666666666666,0.0661458273728688,120
bigscience/bloom-1b7,3,side_aunt,2,1,hi,informative,bn,0.5083333333333333,1.0,0.2432291706403096,120
bigscience/bloom-1b7,3,side_aunt,2,1,hi,informative,en,0.5,0.7583333333333333,0.0510416626930236,120
bigscience/bloom-1b7,3,side_aunt,2,1,hi,informative,hi,0.5166666666666667,0.7416666666666667,0.1046875139077504,120
bigscience/bloom-1b7,3,side_aunt,2,1,hi,neutral,bn,0.5,0.9166666666666666,0.1604166746139526,120
bigscience/bloom-1b7,3,side_aunt,2,1,hi,neutral,en,0.5,0.5,0.0,120
bigscience/bloom-1b7,3,side_aunt,2,1,hi,neutral,hi,0.4833333333333333,0.7583333333333333,0.0552083233992258,120
bigscience/bloom-1b7,3,side_aunt,4,1,hi,informative,bn,0.5,1.0,0.2317708432674408,120
bigscience/bloom-1b7,3,side_aunt,4,1,hi,informative,en,0.5,0.7666666666666667,0.0510416666666666,120
bigscience/bloom-1b7,3,side_aunt,4,1,hi,informative,hi,0.5166666666666667,0.625,0.0526041408379872,120
bigscience/bloom-1b7,3,side_aunt,4,1,hi,neutral,bn,0.5,0.9166666666666666,0.1630208333333333,120
bigscience/bloom-1b7,3,side_aunt,4,1,hi,neutral,en,0.5,0.5,0.0,120
bigscience/bloom-1b7,3,side_aunt,4,1,hi,neutral,hi,0.475,0.6583333333333333,0.0343749980131785,120
bigscience/bloom-1b7,3,side_aunt,6,1,hi,informative,bn,0.5,0.9916666666666668,0.2270833333333333,120
bigscience/bloom-1b7,3,side_aunt,6,1,hi,informative,en,0.5,0.7583333333333333,0.0500000039736429,120
bigscience/bloom-1b7,3,side_aunt,6,1,hi,informative,hi,0.5,0.625,0.0489583273728688,120
bigscience/bloom-1b7,3,side_aunt,6,1,hi,neutral,bn,0.5,0.9166666666666666,0.1624999900658925,120
bigscience/bloom-1b7,3,side_aunt,6,1,hi,neutral,en,0.5,0.5,0.0,120
bigscience/bloom-1b7,3,side_aunt,6,1,hi,neutral,hi,0.4833333333333333,0.7083333333333334,0.0385416746139526,120
bigscience/bloom-1b7,3,side_aunt,8,1,hi,informative,bn,0.5083333333333333,1.0,0.2276041666666666,120
bigscience/bloom-1b7,3,side_aunt,8,1,hi,informative,en,0.5,0.7666666666666667,0.053124996026357,120
bigscience/bloom-1b7,3,side_aunt,8,1,hi,informative,hi,0.5166666666666667,0.6416666666666667,0.0666666766007741,120
bigscience/bloom-1b7,3,side_aunt,8,1,hi,neutral,bn,0.5,0.95,0.168749992052714,120
bigscience/bloom-1b7,3,side_aunt,8,1,hi,neutral,en,0.5,0.5,0.0,120
bigscience/bloom-1b7,3,side_aunt,8,1,hi,neutral,hi,0.4833333333333333,0.75,0.0526041726271311,120
bigscience/bloom-1b7,3,side_aunt,10,1,hi,informative,bn,0.5083333333333333,1.0,0.250000007947286,120
bigscience/bloom-1b7,3,side_aunt,10,1,hi,informative,en,0.5,0.7333333333333333,0.0489583333333333,120
bigscience/bloom-1b7,3,side_aunt,10,1,hi,informative,hi,0.525,0.65,0.0661458492279052,120
bigscience/bloom-1b7,3,side_aunt,10,1,hi,neutral,bn,0.5,0.9416666666666668,0.1718750059604644,120
bigscience/bloom-1b7,3,side_aunt,10,1,hi,neutral,en,0.5,0.5,0.0,120
bigscience/bloom-1b7,3,side_aunt,10,1,hi,neutral,hi,0.4833333333333333,0.725,0.0442708472410837,120
bigscience/bloom-1b7,3,side_aunt,12,1,hi,informative,bn,0.5083333333333333,1.0,0.2437500079472859,120
bigscience/bloom-1b7,3,side_aunt,12,1,hi,informative,en,0.5,0.775,0.05625,120
bigscience/bloom-1b7,3,side_aunt,12,1,hi,informative,hi,0.5333333333333333,0.6916666666666667,0.0739583333333333,120
bigscience/bloom-1b7,3,side_aunt,12,1,hi,neutral,bn,0.5,0.9666666666666668,0.1765624980131785,120
bigscience/bloom-1b7,3,side_aunt,12,1,hi,neutral,en,0.5,0.5,0.0,120
bigscience/bloom-1b7,3,side_aunt,12,1,hi,neutral,hi,0.4833333333333333,0.75,0.0624999940395355,120
bigscience/bloom-1b7,3,side_aunt,12,4,hi,informative,bn,0.5083333333333333,1.0,0.2354166726271311,120
bigscience/bloom-1b7,3,side_aunt,12,4,hi,informative,en,0.5,0.7833333333333333,0.0552083333333333,120
bigscience/bloom-1b7,3,side_aunt,12,4,hi,informative,hi,0.525,0.6666666666666666,0.0588541766007741,120
bigscience/bloom-1b7,3,side_aunt,12,4,hi,neutral,bn,0.5,0.9666666666666668,0.1843750039736429,120
bigscience/bloom-1b7,3,side_aunt,12,4,hi,neutral,en,0.5,0.5,0.0,120
bigscience/bloom-1b7,3,side_aunt,12,4,hi,neutral,hi,0.4916666666666666,0.7,0.048437496026357,120
bigscience/bloom-1b7,3,side_aunt,14,1,hi,informative,bn,0.5083333333333333,1.0,0.2401041666666666,120
bigscience/bloom-1b7,3,side_aunt,14,1,hi,informative,en,0.5,0.7166666666666667,0.046875,120
bigscience/bloom-1b7,3,side_aunt,14,1,hi,informative,hi,0.55,0.7416666666666667,0.1067708353201548,120
bigscience/bloom-1b7,3,side_aunt,14,1,hi,neutral,bn,0.5,0.95,0.1760416587193806,120
bigscience/bloom-1b7,3,side_aunt,14,1,hi,neutral,en,0.5,0.5,0.0,120
bigscience/bloom-1b7,3,side_aunt,14,1,hi,neutral,hi,0.4916666666666666,0.8666666666666667,0.0932291686534881,120
bigscience/bloom-1b7,3,side_aunt,16,1,hi,informative,bn,0.5083333333333333,1.0,0.2260416805744171,120
bigscience/bloom-1b7,3,side_aunt,16,1,hi,informative,en,0.5,0.8416666666666667,0.0604166666666666,120
bigscience/bloom-1b7,3,side_aunt,16,1,hi,informative,hi,0.5166666666666667,0.6166666666666667,0.0442708253860473,120
bigscience/bloom-1b7,3,side_aunt,16,1,hi,neutral,bn,0.5,0.9416666666666668,0.1677083273728688,120
bigscience/bloom-1b7,3,side_aunt,16,1,hi,neutral,en,0.5,0.5,0.0,120
bigscience/bloom-1b7,3,side_aunt,16,1,hi,neutral,hi,0.4916666666666666,0.6666666666666666,0.0307291547457377,120
bigscience/bloom-1b7,3,side_aunt,18,1,hi,informative,bn,0.5,0.9916666666666668,0.228125,120
bigscience/bloom-1b7,3,side_aunt,18,1,hi,informative,en,0.5,0.8333333333333334,0.0666666666666666,120
bigscience/bloom-1b7,3,side_aunt,18,1,hi,informative,hi,0.525,0.6083333333333333,0.0348958293596903,120
bigscience/bloom-1b7,3,side_aunt,18,1,hi,neutral,bn,0.5,0.9166666666666666,0.1609375099341074,120
bigscience/bloom-1b7,3,side_aunt,18,1,hi,neutral,en,0.5,0.5,0.0,120
bigscience/bloom-1b7,3,side_aunt,18,1,hi,neutral,hi,0.4833333333333333,0.625,0.0218750059604644,120
bigscience/bloom-1b7,3,side_aunt,20,1,hi,informative,bn,0.5,1.0,0.2401041666666666,120
bigscience/bloom-1b7,3,side_aunt,20,1,hi,informative,en,0.5,0.725,0.046874996026357,120
bigscience/bloom-1b7,3,side_aunt,20,1,hi,informative,hi,0.4833333333333333,0.55,0.0119791428248087,120
bigscience/bloom-1b7,3,side_aunt,20,1,hi,neutral,bn,0.5,0.95,0.1739583313465118,120
bigscience/bloom-1b7,3,side_aunt,20,1,hi,neutral,en,0.5,0.5,0.0,120
bigscience/bloom-1b7,3,side_aunt,20,1,hi,neutral,hi,0.45,0.525,0.0078125019868214,120
bigscience/bloom-1b7,3,side_aunt,22,1,hi,informative,bn,0.5,1.0,0.2437500099341074,120
bigscience/bloom-1b7,3,side_aunt,22,1,hi,informative,en,0.5,0.75,0.0552083333333333,120
bigscience/bloom-1b7,3,side_aunt,22,1,hi,informative,hi,0.4916666666666666,0.5666666666666667,0.0203125039736429,120
bigscience/bloom-1b7,3,side_aunt,22,1,hi,neutral,bn,0.5,0.95,0.1677083412806193,120
bigscience/bloom-1b7,3,side_aunt,22,1,hi,neutral,en,0.5,0.5,0.0,120
bigscience/bloom-1b7,3,side_aunt,22,1,hi,neutral,hi,0.4416666666666666,0.5166666666666667,0.0057291865348815,120
bigscience/bloom-1b7,3,side_aunt,0,1,en,informative,bn,0.5,1.0,0.2333333432674408,120
bigscience/bloom-1b7,3,side_aunt,0,1,en,informative,en,0.5,0.7166666666666667,0.040625,120
bigscience/bloom-1b7,3,side_aunt,0,1,en,informative,hi,0.4916666666666666,0.5916666666666667,0.0453124980131785,120
bigscience/bloom-1b7,3,side_aunt,0,1,en,neutral,bn,0.5,0.95,0.1723958373069763,120
bigscience/bloom-1b7,3,side_aunt,0,1,en,neutral,en,0.5,0.5,0.0,120
bigscience/bloom-1b7,3,side_aunt,0,1,en,neutral,hi,0.475,0.6166666666666667,0.0276041706403096,120
bigscience/bloom-1b7,3,side_aunt,2,1,en,informative,bn,0.5083333333333333,1.0,0.2322916825612386,120
bigscience/bloom-1b7,3,side_aunt,2,1,en,informative,en,0.5,0.7666666666666667,0.053125,120
bigscience/bloom-1b7,3,side_aunt,2,1,en,informative,hi,0.5,0.5916666666666667,0.0348958273728688,120
bigscience/bloom-1b7,3,side_aunt,2,1,en,neutral,bn,0.5,0.8833333333333333,0.1583333214124044,120
bigscience/bloom-1b7,3,side_aunt,2,1,en,neutral,en,0.5,0.5,0.0,120
bigscience/bloom-1b7,3,side_aunt,2,1,en,neutral,hi,0.4833333333333333,0.6583333333333333,0.0260416646798451,120
bigscience/bloom-1b7,3,side_aunt,4,1,en,informative,bn,0.5083333333333333,1.0,0.2333333293596903,120
bigscience/bloom-1b7,3,side_aunt,4,1,en,informative,en,0.5,0.7833333333333333,0.0645833373069763,120
bigscience/bloom-1b7,3,side_aunt,4,1,en,informative,hi,0.5,0.6166666666666667,0.0416666507720947,120
bigscience/bloom-1b7,3,side_aunt,4,1,en,neutral,bn,0.5,0.9083333333333332,0.1619791666666666,120
bigscience/bloom-1b7,3,side_aunt,4,1,en,neutral,en,0.5,0.5,0.0,120
bigscience/bloom-1b7,3,side_aunt,4,1,en,neutral,hi,0.4833333333333333,0.575,0.0223958571751912,120
bigscience/bloom-1b7,3,side_aunt,6,1,en,informative,bn,0.5083333333333333,1.0,0.2578124821186066,120
bigscience/bloom-1b7,3,side_aunt,6,1,en,informative,en,0.5,0.7916666666666666,0.059375,120
bigscience/bloom-1b7,3,side_aunt,6,1,en,informative,hi,0.5166666666666667,0.575,0.0395833432674408,120
bigscience/bloom-1b7,3,side_aunt,6,1,en,neutral,bn,0.5,0.9833333333333332,0.1895833412806193,120
bigscience/bloom-1b7,3,side_aunt,6,1,en,neutral,en,0.5,0.5,0.0,120
bigscience/bloom-1b7,3,side_aunt,6,1,en,neutral,hi,0.475,0.5833333333333334,0.0203125019868214,120
bigscience/bloom-1b7,3,side_aunt,8,1,en,informative,bn,0.5,1.0,0.2635416746139526,120
bigscience/bloom-1b7,3,side_aunt,8,1,en,informative,en,0.5,0.9083333333333332,0.0833333333333333,120
bigscience/bloom-1b7,3,side_aunt,8,1,en,informative,hi,0.5333333333333333,0.6416666666666667,0.0588541646798451,120
bigscience/bloom-1b7,3,side_aunt,8,1,en,neutral,bn,0.5,0.9666666666666668,0.1838541646798451,120
bigscience/bloom-1b7,3,side_aunt,8,1,en,neutral,en,0.5,0.5,0.0,120
bigscience/bloom-1b7,3,side_aunt,8,1,en,neutral,hi,0.4916666666666666,0.6583333333333333,0.0348958452542622,120
bigscience/bloom-1b7,3,side_aunt,10,1,en,informative,bn,0.5083333333333333,1.0,0.2427083214124043,120
bigscience/bloom-1b7,3,side_aunt,10,1,en,informative,en,0.5,0.8666666666666667,0.0760416706403096,120
bigscience/bloom-1b7,3,side_aunt,10,1,en,informative,hi,0.5333333333333333,0.6083333333333333,0.0567708214124043,120
bigscience/bloom-1b7,3,side_aunt,10,1,en,neutral,bn,0.5,0.8666666666666667,0.1484374940395355,120
bigscience/bloom-1b7,3,side_aunt,10,1,en,neutral,en,0.5,0.5,0.0,120
bigscience/bloom-1b7,3,side_aunt,10,1,en,neutral,hi,0.4916666666666666,0.6833333333333333,0.0385416746139526,120
bigscience/bloom-1b7,3,side_aunt,12,1,en,informative,bn,0.5,1.0,0.2479166666666666,120
bigscience/bloom-1b7,3,side_aunt,12,1,en,informative,en,0.5,0.8666666666666667,0.0770833333333333,120
bigscience/bloom-1b7,3,side_aunt,12,1,en,informative,hi,0.5333333333333333,0.6333333333333333,0.0536458233992258,120
bigscience/bloom-1b7,3,side_aunt,12,1,en,neutral,bn,0.5,0.9333333333333332,0.1692708293596903,120
bigscience/bloom-1b7,3,side_aunt,12,1,en,neutral,en,0.5,0.5,0.0,120
bigscience/bloom-1b7,3,side_aunt,12,1,en,neutral,hi,0.5,0.7333333333333333,0.0479166666666666,120
bigscience/bloom-1b7,3,side_aunt,12,4,en,informative,bn,0.5083333333333333,1.0,0.2546874841054281,120
bigscience/bloom-1b7,3,side_aunt,12,4,en,informative,en,0.5,0.9083333333333332,0.0875000039736429,120
bigscience/bloom-1b7,3,side_aunt,12,4,en,informative,hi,0.5333333333333333,0.6083333333333333,0.042187496026357,120
bigscience/bloom-1b7,3,side_aunt,12,4,en,neutral,bn,0.5,0.9333333333333332,0.1682291706403096,120
bigscience/bloom-1b7,3,side_aunt,12,4,en,neutral,en,0.5,0.5,0.0,120
bigscience/bloom-1b7,3,side_aunt,12,4,en,neutral,hi,0.4916666666666666,0.6833333333333333,0.0333333392937978,120
bigscience/bloom-1b7,3,side_aunt,14,1,en,informative,bn,0.5,1.0,0.2369791547457377,120
bigscience/bloom-1b7,3,side_aunt,14,1,en,informative,en,0.5,0.8333333333333334,0.0708333452542622,120
bigscience/bloom-1b7,3,side_aunt,14,1,en,informative,hi,0.5333333333333333,0.6,0.0437500059604644,120
bigscience/bloom-1b7,3,side_aunt,14,1,en,neutral,bn,0.5,0.925,0.1604166706403096,120
bigscience/bloom-1b7,3,side_aunt,14,1,en,neutral,en,0.5,0.5,0.0,120
bigscience/bloom-1b7,3,side_aunt,14,1,en,neutral,hi,0.4916666666666666,0.7333333333333333,0.0494791607062021,120
bigscience/bloom-1b7,3,side_aunt,16,1,en,informative,bn,0.5,0.9916666666666668,0.2151041666666666,120
bigscience/bloom-1b7,3,side_aunt,16,1,en,informative,en,0.5,0.925,0.0833333333333333,120
bigscience/bloom-1b7,3,side_aunt,16,1,en,informative,hi,0.5166666666666667,0.6416666666666667,0.0541666666666666,120
bigscience/bloom-1b7,3,side_aunt,16,1,en,neutral,bn,0.5,0.8083333333333333,0.1406249980131785,120
bigscience/bloom-1b7,3,side_aunt,16,1,en,neutral,en,0.5,0.5,0.0,120
bigscience/bloom-1b7,3,side_aunt,16,1,en,neutral,hi,0.4916666666666666,0.725,0.0468750039736429,120
bigscience/bloom-1b7,3,side_aunt,18,1,en,informative,bn,0.5083333333333333,1.0,0.2156249980131785,120
bigscience/bloom-1b7,3,side_aunt,18,1,en,informative,en,0.5,0.8416666666666667,0.0729166666666666,120
bigscience/bloom-1b7,3,side_aunt,18,1,en,informative,hi,0.5166666666666667,0.6166666666666667,0.046875,120
bigscience/bloom-1b7,3,side_aunt,18,1,en,neutral,bn,0.5,0.9,0.1515625019868215,120
bigscience/bloom-1b7,3,side_aunt,18,1,en,neutral,en,0.5,0.5,0.0,120
bigscience/bloom-1b7,3,side_aunt,18,1,en,neutral,hi,0.4833333333333333,0.7083333333333334,0.0369791567325592,120
bigscience/bloom-1b7,3,side_aunt,20,1,en,informative,bn,0.5083333333333333,1.0,0.215624996026357,120
bigscience/bloom-1b7,3,side_aunt,20,1,en,informative,en,0.5,0.8,0.0635416706403096,120
bigscience/bloom-1b7,3,side_aunt,20,1,en,informative,hi,0.5416666666666666,0.6166666666666667,0.0536458273728688,120
bigscience/bloom-1b7,3,side_aunt,20,1,en,neutral,bn,0.5,0.8666666666666667,0.1505208313465118,120
bigscience/bloom-1b7,3,side_aunt,20,1,en,neutral,en,0.5,0.5,0.0,120
bigscience/bloom-1b7,3,side_aunt,20,1,en,neutral,hi,0.4833333333333333,0.6416666666666667,0.0354166785875956,120
bigscience/bloom-1b7,3,side_aunt,22,1,en,informative,bn,0.5083333333333333,1.0,0.2328125,120
bigscience/bloom-1b7,3,side_aunt,22,1,en,informative,en,0.5,0.775,0.0583333333333333,120
bigscience/bloom-1b7,3,side_aunt,22,1,en,informative,hi,0.5166666666666667,0.6083333333333333,0.0473958472410837,120
bigscience/bloom-1b7,3,side_aunt,22,1,en,neutral,bn,0.5,0.9416666666666668,0.1697916766007741,120
bigscience/bloom-1b7,3,side_aunt,22,1,en,neutral,en,0.5,0.5,0.0,120
bigscience/bloom-1b7,3,side_aunt,22,1,en,neutral,hi,0.4916666666666666,0.7,0.0338541448116302,120
bigscience/bloom-1b7,3,gender,0,1,bn,informative,bn,0.5,1.0,0.3359375139077504,120
bigscience/bloom-1b7,3,gender,0,1,bn,informative,en,0.8,1.0,0.803124992052714,120
bigscience/bloom-1b7,3,gender,0,1,bn,informative,hi,0.5,0.6083333333333333,0.0171875,120
bigscience/bloom-1b7,3,gender,0,1,bn,neutral,bn,0.5,1.0,0.2692708313465118,120
bigscience/bloom-1b7,3,gender,0,1,bn,neutral,en,0.8083333333333333,1.0,0.781249996026357,120
bigscience/bloom-1b7,3,gender,0,1,bn,neutral,hi,0.5,1.0,0.1885416726271311,120
bigscience/bloom-1b7,3,gender,2,1,bn,informative,bn,0.5,1.0,0.4734375158945719,120
bigscience/bloom-1b7,3,gender,2,1,bn,informative,en,0.8083333333333333,1.0,0.818750003973643,120
bigscience/bloom-1b7,3,gender,2,1,bn,informative,hi,0.5,0.625,0.0239583333333333,120
bigscience/bloom-1b7,3,gender,2,1,bn,neutral,bn,0.5,1.0,0.3598958293596903,120
bigscience/bloom-1b7,3,gender,2,1,bn,neutral,en,0.8333333333333334,1.0,0.7895833333333333,120
bigscience/bloom-1b7,3,gender,2,1,bn,neutral,hi,0.5,1.0,0.189062503973643,120
bigscience/bloom-1b7,3,gender,4,1,bn,informative,bn,0.5,1.0,0.2739583313465118,120
bigscience/bloom-1b7,3,gender,4,1,bn,informative,en,0.8083333333333333,1.0,0.8208333412806194,120
bigscience/bloom-1b7,3,gender,4,1,bn,informative,hi,0.5,0.6583333333333333,0.0234375,120
bigscience/bloom-1b7,3,gender,4,1,bn,neutral,bn,0.5,1.0,0.2119791726271311,120
bigscience/bloom-1b7,3,gender,4,1,bn,neutral,en,0.8083333333333333,1.0,0.790624996026357,120
bigscience/bloom-1b7,3,gender,4,1,bn,neutral,hi,0.5,1.0,0.1911458412806193,120
bigscience/bloom-1b7,3,gender,6,1,bn,informative,bn,0.5,1.0,0.3015625079472859,120
bigscience/bloom-1b7,3,gender,6,1,bn,informative,en,0.8083333333333333,1.0,0.8135416785875956,120
bigscience/bloom-1b7,3,gender,6,1,bn,informative,hi,0.5,0.7,0.0302083373069763,120
bigscience/bloom-1b7,3,gender,6,1,bn,neutral,bn,0.5,1.0,0.2354166646798451,120
bigscience/bloom-1b7,3,gender,6,1,bn,neutral,en,0.8,1.0,0.7697916706403096,120
bigscience/bloom-1b7,3,gender,6,1,bn,neutral,hi,0.5,1.0,0.1880208313465118,120
bigscience/bloom-1b7,3,gender,8,1,bn,informative,bn,0.5,1.0,0.3526041607062022,120
bigscience/bloom-1b7,3,gender,8,1,bn,informative,en,0.8,1.0,0.8208333373069763,120
bigscience/bloom-1b7,3,gender,8,1,bn,informative,hi,0.5,0.6583333333333333,0.024999996026357,120
bigscience/bloom-1b7,3,gender,8,1,bn,neutral,bn,0.5,1.0,0.2578124801317851,120
bigscience/bloom-1b7,3,gender,8,1,bn,neutral,en,0.8,1.0,0.793750003973643,120
bigscience/bloom-1b7,3,gender,8,1,bn,neutral,hi,0.5,1.0,0.192187496026357,120
bigscience/bloom-1b7,3,gender,10,1,bn,informative,bn,0.5,1.0,0.4093749940395355,120
bigscience/bloom-1b7,3,gender,10,1,bn,informative,en,0.7916666666666666,1.0,0.8395833293596904,120
bigscience/bloom-1b7,3,gender,10,1,bn,informative,hi,0.5,0.5666666666666667,0.0140625059604644,120
bigscience/bloom-1b7,3,gender,10,1,bn,neutral,bn,0.5,1.0,0.2848958412806193,120
bigscience/bloom-1b7,3,gender,10,1,bn,neutral,en,0.8166666666666667,1.0,0.815625003973643,120
bigscience/bloom-1b7,3,gender,10,1,bn,neutral,hi,0.5,1.0,0.1848958313465118,120
bigscience/bloom-1b7,3,gender,12,1,bn,informative,bn,0.5,1.0,0.4052083333333333,120
bigscience/bloom-1b7,3,gender,12,1,bn,informative,en,0.775,1.0,0.825000003973643,120
bigscience/bloom-1b7,3,gender,12,1,bn,informative,hi,0.5,0.5916666666666667,0.0218750039736429,120
bigscience/bloom-1b7,3,gender,12,1,bn,neutral,bn,0.5,1.0,0.2817708253860473,120
bigscience/bloom-1b7,3,gender,12,1,bn,neutral,en,0.8,1.0,0.7864583373069763,120
bigscience/bloom-1b7,3,gender,12,1,bn,neutral,hi,0.5,1.0,0.2015624940395355,120
bigscience/bloom-1b7,3,gender,12,4,bn,informative,bn,0.5,1.0,0.415624996026357,120
bigscience/bloom-1b7,3,gender,12,4,bn,informative,en,0.75,1.0,0.8791666666666667,120
bigscience/bloom-1b7,3,gender,12,4,bn,informative,hi,0.5,0.6166666666666667,0.0213541666666666,120
bigscience/bloom-1b7,3,gender,12,4,bn,neutral,bn,0.5,1.0,0.2770833770434062,120
bigscience/bloom-1b7,3,gender,12,4,bn,neutral,en,0.775,1.0,0.8489583373069763,120
bigscience/bloom-1b7,3,gender,12,4,bn,neutral,hi,0.5,1.0,0.1901041626930237,120
bigscience/bloom-1b7,3,gender,14,1,bn,informative,bn,0.5,1.0,0.4312499841054281,120
bigscience/bloom-1b7,3,gender,14,1,bn,informative,en,0.7833333333333333,1.0,0.8302083373069763,120
bigscience/bloom-1b7,3,gender,14,1,bn,informative,hi,0.5,0.6416666666666667,0.0286458333333333,120
bigscience/bloom-1b7,3,gender,14,1,bn,neutral,bn,0.5,1.0,0.3041666467984517,120
bigscience/bloom-1b7,3,gender,14,1,bn,neutral,en,0.7916666666666666,1.0,0.7864583333333334,120
bigscience/bloom-1b7,3,gender,14,1,bn,neutral,hi,0.5,1.0,0.2036458392937978,120
bigscience/bloom-1b7,3,gender,16,1,bn,informative,bn,0.5,1.0,0.3572916587193807,120
bigscience/bloom-1b7,3,gender,16,1,bn,informative,en,0.8166666666666667,1.0,0.821875003973643,120
bigscience/bloom-1b7,3,gender,16,1,bn,informative,hi,0.5,0.6083333333333333,0.0192708313465118,120
bigscience/bloom-1b7,3,gender,16,1,bn,neutral,bn,0.5,1.0,0.2395833293596903,120
bigscience/bloom-1b7,3,gender,16,1,bn,neutral,en,0.8,1.0,0.78125,120
bigscience/bloom-1b7,3,gender,16,1,bn,neutral,hi,0.5,0.9916666666666668,0.1875,120
bigscience/bloom-1b7,3,gender,18,1,bn,informative,bn,0.5,1.0,0.4041666547457377,120
bigscience/bloom-1b7,3,gender,18,1,bn,informative,en,0.8166666666666667,1.0,0.8072916547457377,120
bigscience/bloom-1b7,3,gender,18,1,bn,informative,hi,0.5,0.675,0.0276041686534881,120
bigscience/bloom-1b7,3,gender,18,1,bn,neutral,bn,0.5,1.0,0.2770833353201548,120
bigscience/bloom-1b7,3,gender,18,1,bn,neutral,en,0.8166666666666667,1.0,0.7833333412806193,120
bigscience/bloom-1b7,3,gender,18,1,bn,neutral,hi,0.5,1.0,0.1994791746139526,120
bigscience/bloom-1b7,3,gender,20,1,bn,informative,bn,0.5,1.0,0.3703124980131785,120
bigscience/bloom-1b7,3,gender,20,1,bn,informative,en,0.825,1.0,0.7979166666666667,120
bigscience/bloom-1b7,3,gender,20,1,bn,informative,hi,0.5,0.6416666666666667,0.0213541686534881,120
bigscience/bloom-1b7,3,gender,20,1,bn,neutral,bn,0.5,1.0,0.2348958333333333,120
bigscience/bloom-1b7,3,gender,20,1,bn,neutral,en,0.85,1.0,0.7635416666666667,120
bigscience/bloom-1b7,3,gender,20,1,bn,neutral,hi,0.5,1.0,0.1921874940395355,120
bigscience/bloom-1b7,3,gender,22,1,bn,informative,bn,0.5,1.0,0.3635416527589162,120
bigscience/bloom-1b7,3,gender,22,1,bn,informative,en,0.825,1.0,0.7822916666666667,120
bigscience/bloom-1b7,3,gender,22,1,bn,informative,hi,0.5,0.625,0.0166666666666666,120
bigscience/bloom-1b7,3,gender,22,1,bn,neutral,bn,0.5,1.0,0.2177083492279052,120
bigscience/bloom-1b7,3,gender,22,1,bn,neutral,en,0.8083333333333333,1.0,0.7572916706403097,120
bigscience/bloom-1b7,3,gender,22,1,bn,neutral,hi,0.5,1.0,0.1869791726271311,120
bigscience/bloom-1b7,3,gender,0,1,hi,informative,bn,0.5,1.0,0.4125000019868215,120
bigscience/bloom-1b7,3,gender,0,1,hi,informative,en,0.8083333333333333,1.0,0.8041666706403097,120
bigscience/bloom-1b7,3,gender,0,1,hi,informative,hi,0.5,0.6416666666666667,0.0213541626930236,120
bigscience/bloom-1b7,3,gender,0,1,hi,neutral,bn,0.5,1.0,0.2718749900658925,120
bigscience/bloom-1b7,3,gender,0,1,hi,neutral,en,0.8166666666666667,1.0,0.771874996026357,120
bigscience/bloom-1b7,3,gender,0,1,hi,neutral,hi,0.5,1.0,0.201562496026357,120
bigscience/bloom-1b7,3,gender,2,1,hi,informative,bn,0.5,1.0,0.4109374841054281,120
bigscience/bloom-1b7,3,gender,2,1,hi,informative,en,0.8,1.0,0.7989583412806193,120
bigscience/bloom-1b7,3,gender,2,1,hi,informative,hi,0.5,0.6333333333333333,0.0229166626930236,120
bigscience/bloom-1b7,3,gender,2,1,hi,neutral,bn,0.5,1.0,0.2739583214124044,120
bigscience/bloom-1b7,3,gender,2,1,hi,neutral,en,0.8083333333333333,1.0,0.771875,120
bigscience/bloom-1b7,3,gender,2,1,hi,neutral,hi,0.5,1.0,0.1875000019868214,120
bigscience/bloom-1b7,3,gender,4,1,hi,informative,bn,0.5,1.0,0.4229166646798452,120
bigscience/bloom-1b7,3,gender,4,1,hi,informative,en,0.8166666666666667,1.0,0.8083333333333333,120
bigscience/bloom-1b7,3,gender,4,1,hi,informative,hi,0.5,0.7583333333333333,0.0479166626930236,120
bigscience/bloom-1b7,3,gender,4,1,hi,neutral,bn,0.5,1.0,0.2807291885217031,120
bigscience/bloom-1b7,3,gender,4,1,hi,neutral,en,0.8,1.0,0.7822916666666667,120
bigscience/bloom-1b7,3,gender,4,1,hi,neutral,hi,0.5,1.0,0.2182291626930236,120
bigscience/bloom-1b7,3,gender,6,1,hi,informative,bn,0.5,1.0,0.4005208253860474,120
bigscience/bloom-1b7,3,gender,6,1,hi,informative,en,0.8166666666666667,1.0,0.818749992052714,120
bigscience/bloom-1b7,3,gender,6,1,hi,informative,hi,0.5,0.725,0.0427083333333333,120
bigscience/bloom-1b7,3,gender,6,1,hi,neutral,bn,0.5,1.0,0.2744791587193807,120
bigscience/bloom-1b7,3,gender,6,1,hi,neutral,en,0.8333333333333334,1.0,0.7854166666666667,120
bigscience/bloom-1b7,3,gender,6,1,hi,neutral,hi,0.5,1.0,0.2088541547457377,120
bigscience/bloom-1b7,3,gender,8,1,hi,informative,bn,0.5,1.0,0.4088541607062022,120
bigscience/bloom-1b7,3,gender,8,1,hi,informative,en,0.8083333333333333,1.0,0.8208333333333333,120
bigscience/bloom-1b7,3,gender,8,1,hi,informative,hi,0.5,0.55,0.0020833333333333,120
bigscience/bloom-1b7,3,gender,8,1,hi,neutral,bn,0.5,1.0,0.2734374980131785,120
bigscience/bloom-1b7,3,gender,8,1,hi,neutral,en,0.8166666666666667,1.0,0.784375,120
bigscience/bloom-1b7,3,gender,8,1,hi,neutral,hi,0.5,1.0,0.1869791666666666,120
bigscience/bloom-1b7,3,gender,10,1,hi,informative,bn,0.5,1.0,0.4223958174387613,120
bigscience/bloom-1b7,3,gender,10,1,hi,informative,en,0.8166666666666667,1.0,0.803124996026357,120
bigscience/bloom-1b7,3,gender,10,1,hi,informative,hi,0.5,0.6416666666666667,0.023437496026357,120
bigscience/bloom-1b7,3,gender,10,1,hi,neutral,bn,0.5,1.0,0.2901041646798452,120
bigscience/bloom-1b7,3,gender,10,1,hi,neutral,en,0.8333333333333334,1.0,0.7854166706403096,120
bigscience/bloom-1b7,3,gender,10,1,hi,neutral,hi,0.5,1.0,0.2130208333333333,120
bigscience/bloom-1b7,3,gender,12,1,hi,informative,bn,0.5,1.0,0.4125000238418579,120
bigscience/bloom-1b7,3,gender,12,1,hi,informative,en,0.825,1.0,0.8010416626930237,120
bigscience/bloom-1b7,3,gender,12,1,hi,informative,hi,0.5,0.7166666666666667,0.0416666666666666,120
bigscience/bloom-1b7,3,gender,12,1,hi,neutral,bn,0.5,1.0,0.2723958273728689,120
bigscience/bloom-1b7,3,gender,12,1,hi,neutral,en,0.825,1.0,0.7697916626930237,120
bigscience/bloom-1b7,3,gender,12,1,hi,neutral,hi,0.5,1.0,0.2098958353201548,120
bigscience/bloom-1b7,3,gender,12,4,hi,informative,bn,0.5,1.0,0.407812496026357,120
bigscience/bloom-1b7,3,gender,12,4,hi,informative,en,0.8,1.0,0.8145833333333333,120
bigscience/bloom-1b7,3,gender,12,4,hi,informative,hi,0.5,0.8166666666666667,0.049999996026357,120
bigscience/bloom-1b7,3,gender,12,4,hi,neutral,bn,0.5,1.0,0.281250007947286,120
bigscience/bloom-1b7,3,gender,12,4,hi,neutral,en,0.775,1.0,0.7697916626930237,120
bigscience/bloom-1b7,3,gender,12,4,hi,neutral,hi,0.5,1.0,0.2270833353201548,120
bigscience/bloom-1b7,3,gender,14,1,hi,informative,bn,0.5,1.0,0.4187499841054281,120
bigscience/bloom-1b7,3,gender,14,1,hi,informative,en,0.825,1.0,0.8052083333333333,120
bigscience/bloom-1b7,3,gender,14,1,hi,informative,hi,0.5,0.8333333333333334,0.0692708373069763,120
bigscience/bloom-1b7,3,gender,14,1,hi,neutral,bn,0.5,1.0,0.2703124980131785,120
bigscience/bloom-1b7,3,gender,14,1,hi,neutral,en,0.825,1.0,0.7802083333333333,120
bigscience/bloom-1b7,3,gender,14,1,hi,neutral,hi,0.5,1.0,0.2348958313465118,120
bigscience/bloom-1b7,3,gender,16,1,hi,informative,bn,0.5,1.0,0.4166666587193807,120
bigscience/bloom-1b7,3,gender,16,1,hi,informative,en,0.8166666666666667,1.0,0.790625,120
bigscience/bloom-1b7,3,gender,16,1,hi,informative,hi,0.5,0.6583333333333333,0.0234375,120
bigscience/bloom-1b7,3,gender,16,1,hi,neutral,bn,0.5,1.0,0.2723958373069763,120
bigscience/bloom-1b7,3,gender,16,1,hi,neutral,en,0.8166666666666667,1.0,0.7541666706403096,120
bigscience/bloom-1b7,3,gender,16,1,hi,neutral,hi,0.5,1.0,0.1921874980131785,120
bigscience/bloom-1b7,3,gender,18,1,hi,informative,bn,0.5,1.0,0.4192708353201548,120
bigscience/bloom-1b7,3,gender,18,1,hi,informative,en,0.7166666666666667,1.0,0.740624996026357,120
bigscience/bloom-1b7,3,gender,18,1,hi,informative,hi,0.5,0.5666666666666667,0.0088541666666666,120
bigscience/bloom-1b7,3,gender,18,1,hi,neutral,bn,0.5,1.0,0.2739583512147268,120
bigscience/bloom-1b7,3,gender,18,1,hi,neutral,en,0.7583333333333333,1.0,0.7354166666666667,120
bigscience/bloom-1b7,3,gender,18,1,hi,neutral,hi,0.5,1.0,0.1640625,120
bigscience/bloom-1b7,3,gender,20,1,hi,informative,bn,0.5,1.0,0.4119791666666667,120
bigscience/bloom-1b7,3,gender,20,1,hi,informative,en,0.7,1.0,0.6895833293596904,120
bigscience/bloom-1b7,3,gender,20,1,hi,informative,hi,0.5,0.375,-0.0265625,120
bigscience/bloom-1b7,3,gender,20,1,hi,neutral,bn,0.5,1.0,0.2713541666666667,120
bigscience/bloom-1b7,3,gender,20,1,hi,neutral,en,0.75,1.0,0.6729166626930236,120
bigscience/bloom-1b7,3,gender,20,1,hi,neutral,hi,0.5,1.0,0.1526041666666666,120
bigscience/bloom-1b7,3,gender,22,1,hi,informative,bn,0.5,1.0,0.3989583313465118,120
bigscience/bloom-1b7,3,gender,22,1,hi,informative,en,0.725,1.0,0.7458333373069763,120
bigscience/bloom-1b7,3,gender,22,1,hi,informative,hi,0.5,0.3833333333333333,-0.0260416666666666,120
bigscience/bloom-1b7,3,gender,22,1,hi,neutral,bn,0.5,1.0,0.2661458333333333,120
bigscience/bloom-1b7,3,gender,22,1,hi,neutral,en,0.775,1.0,0.718750003973643,120
bigscience/bloom-1b7,3,gender,22,1,hi,neutral,hi,0.5,0.9833333333333332,0.1406249940395355,120
bigscience/bloom-1b7,3,gender,0,1,en,informative,bn,0.5,1.0,0.407812488079071,120
bigscience/bloom-1b7,3,gender,0,1,en,informative,en,0.825,1.0,0.8125,120
bigscience/bloom-1b7,3,gender,0,1,en,informative,hi,0.5,0.6,0.0182291666666666,120
bigscience/bloom-1b7,3,gender,0,1,en,neutral,bn,0.5,1.0,0.2729166726271311,120
bigscience/bloom-1b7,3,gender,0,1,en,neutral,en,0.8416666666666667,1.0,0.784374996026357,120
bigscience/bloom-1b7,3,gender,0,1,en,neutral,hi,0.5,1.0,0.1869791666666666,120
bigscience/bloom-1b7,3,gender,2,1,en,informative,bn,0.5,1.0,0.4208333412806193,120
bigscience/bloom-1b7,3,gender,2,1,en,informative,en,0.9166666666666666,1.0,0.8802083293596904,120
bigscience/bloom-1b7,3,gender,2,1,en,informative,hi,0.5,0.55,0.0098958293596903,120
bigscience/bloom-1b7,3,gender,2,1,en,neutral,bn,0.5,1.0,0.2786458452542623,120
bigscience/bloom-1b7,3,gender,2,1,en,neutral,en,0.8583333333333333,1.0,0.8270833333333333,120
bigscience/bloom-1b7,3,gender,2,1,en,neutral,hi,0.5,1.0,0.1838541567325592,120
bigscience/bloom-1b7,3,gender,4,1,en,informative,bn,0.5,1.0,0.4218749940395355,120
bigscience/bloom-1b7,3,gender,4,1,en,informative,en,0.875,1.0,0.8552083333333333,120
bigscience/bloom-1b7,3,gender,4,1,en,informative,hi,0.5,0.625,0.0244791706403096,120
bigscience/bloom-1b7,3,gender,4,1,en,neutral,bn,0.5,1.0,0.2812500039736429,120
bigscience/bloom-1b7,3,gender,4,1,en,neutral,en,0.85,1.0,0.8104166626930237,120
bigscience/bloom-1b7,3,gender,4,1,en,neutral,hi,0.5,1.0,0.1864583353201548,120
bigscience/bloom-1b7,3,gender,6,1,en,informative,bn,0.5,1.0,0.4364583273728689,120
bigscience/bloom-1b7,3,gender,6,1,en,informative,en,0.825,1.0,0.796874996026357,120
bigscience/bloom-1b7,3,gender,6,1,en,informative,hi,0.5,0.65,0.0302083293596903,120
bigscience/bloom-1b7,3,gender,6,1,en,neutral,bn,0.5,1.0,0.276562484105428,120
bigscience/bloom-1b7,3,gender,6,1,en,neutral,en,0.8,1.0,0.7416666706403097,120
bigscience/bloom-1b7,3,gender,6,1,en,neutral,hi,0.5,1.0,0.1901041607062022,120
bigscience/bloom-1b7,3,gender,8,1,en,informative,bn,0.5,1.0,0.4276041626930237,120
bigscience/bloom-1b7,3,gender,8,1,en,informative,en,0.8333333333333334,1.0,0.8020833253860473,120
bigscience/bloom-1b7,3,gender,8,1,en,informative,hi,0.5,0.6833333333333333,0.0338541706403096,120
bigscience/bloom-1b7,3,gender,8,1,en,neutral,bn,0.5,1.0,0.2859374980131785,120
bigscience/bloom-1b7,3,gender,8,1,en,neutral,en,0.7833333333333333,1.0,0.7270833333333333,120
bigscience/bloom-1b7,3,gender,8,1,en,neutral,hi,0.5,1.0,0.1968750059604644,120
bigscience/bloom-1b7,3,gender,10,1,en,informative,bn,0.5,1.0,0.4281249761581421,120
bigscience/bloom-1b7,3,gender,10,1,en,informative,en,0.8333333333333334,1.0,0.7979166706403097,120
bigscience/bloom-1b7,3,gender,10,1,en,informative,hi,0.5,0.6333333333333333,0.0229166686534881,120
bigscience/bloom-1b7,3,gender,10,1,en,neutral,bn,0.5,1.0,0.2739583313465118,120
bigscience/bloom-1b7,3,gender,10,1,en,neutral,en,0.8,1.0,0.775000003973643,120
bigscience/bloom-1b7,3,gender,10,1,en,neutral,hi,0.5,1.0,0.1901041706403096,120
bigscience/bloom-1b7,3,gender,12,1,en,informative,bn,0.5,1.0,0.414062496026357,120
bigscience/bloom-1b7,3,gender,12,1,en,informative,en,0.8416666666666667,1.0,0.76875,120
bigscience/bloom-1b7,3,gender,12,1,en,informative,hi,0.5,0.675,0.028124992052714,120
bigscience/bloom-1b7,3,gender,12,1,en,neutral,bn,0.5,1.0,0.2749999980131785,120
bigscience/bloom-1b7,3,gender,12,1,en,neutral,en,0.7916666666666666,1.0,0.721874996026357,120
bigscience/bloom-1b7,3,gender,12,1,en,neutral,hi,0.5,1.0,0.1895833293596903,120
bigscience/bloom-1b7,3,gender,12,4,en,informative,bn,0.5,1.0,0.4239583452542623,120
bigscience/bloom-1b7,3,gender,12,4,en,informative,en,0.8083333333333333,1.0,0.5854166706403097,120
bigscience/bloom-1b7,3,gender,12,4,en,informative,hi,0.5,0.625,0.0213541567325592,120
bigscience/bloom-1b7,3,gender,12,4,en,neutral,bn,0.5,1.0,0.2656250139077504,120
bigscience/bloom-1b7,3,gender,12,4,en,neutral,en,0.7583333333333333,1.0,0.51875,120
bigscience/bloom-1b7,3,gender,12,4,en,neutral,hi,0.5,1.0,0.1942708273728688,120
bigscience/bloom-1b7,3,gender,14,1,en,informative,bn,0.5,1.0,0.4286458512147267,120
bigscience/bloom-1b7,3,gender,14,1,en,informative,en,0.8833333333333333,1.0,0.6854166626930237,120
bigscience/bloom-1b7,3,gender,14,1,en,informative,hi,0.5,0.6333333333333333,0.0218750039736429,120
bigscience/bloom-1b7,3,gender,14,1,en,neutral,bn,0.5,1.0,0.274999992052714,120
bigscience/bloom-1b7,3,gender,14,1,en,neutral,en,0.8,1.0,0.665625,120
bigscience/bloom-1b7,3,gender,14,1,en,neutral,hi,0.5,1.0,0.1901041646798451,120
bigscience/bloom-1b7,3,gender,16,1,en,informative,bn,0.5,1.0,0.3942708353201548,120
bigscience/bloom-1b7,3,gender,16,1,en,informative,en,0.8,1.0,0.6166666587193806,120
bigscience/bloom-1b7,3,gender,16,1,en,informative,hi,0.5,0.6083333333333333,0.01875,120
bigscience/bloom-1b7,3,gender,16,1,en,neutral,bn,0.5,1.0,0.2744791607062022,120
bigscience/bloom-1b7,3,gender,16,1,en,neutral,en,0.8166666666666667,1.0,0.6145833333333334,120
bigscience/bloom-1b7,3,gender,16,1,en,neutral,hi,0.5,1.0,0.1822916626930237,120
bigscience/bloom-1b7,3,gender,18,1,en,informative,bn,0.5,1.0,0.4083333412806193,120
bigscience/bloom-1b7,3,gender,18,1,en,informative,en,0.9333333333333332,1.0,0.5687500079472859,120
bigscience/bloom-1b7,3,gender,18,1,en,informative,hi,0.5,0.475,-0.0072916686534881,120
bigscience/bloom-1b7,3,gender,18,1,en,neutral,bn,0.5,1.0,0.2697916805744171,120
bigscience/bloom-1b7,3,gender,18,1,en,neutral,en,0.9166666666666666,1.0,0.5875,120
bigscience/bloom-1b7,3,gender,18,1,en,neutral,hi,0.5,1.0,0.1703125019868215,120
bigscience/bloom-1b7,3,gender,20,1,en,informative,bn,0.5,1.0,0.4005208512147267,120
bigscience/bloom-1b7,3,gender,20,1,en,informative,en,0.85,1.0,0.6729166666666667,120
bigscience/bloom-1b7,3,gender,20,1,en,informative,hi,0.5,0.5333333333333333,0.0052083333333333,120
bigscience/bloom-1b7,3,gender,20,1,en,neutral,bn,0.5,1.0,0.2697916567325592,120
bigscience/bloom-1b7,3,gender,20,1,en,neutral,en,0.825,1.0,0.6604166666666667,120
bigscience/bloom-1b7,3,gender,20,1,en,neutral,hi,0.5,1.0,0.174999992052714,120
bigscience/bloom-1b7,3,gender,22,1,en,informative,bn,0.5,1.0,0.3776041706403096,120
bigscience/bloom-1b7,3,gender,22,1,en,informative,en,0.8083333333333333,1.0,0.678125003973643,120
bigscience/bloom-1b7,3,gender,22,1,en,informative,hi,0.5,0.6083333333333333,0.0213541666666666,120
bigscience/bloom-1b7,3,gender,22,1,en,neutral,bn,0.5,1.0,0.2458333353201548,120
bigscience/bloom-1b7,3,gender,22,1,en,neutral,en,0.7666666666666667,1.0,0.6510416666666666,120
bigscience/bloom-1b7,3,gender,22,1,en,neutral,hi,0.5,1.0,0.1869791607062021,120
bigscience/bloom-1b7,3,side_aunt,0,1,random,informative,bn,0.5083333333333333,1.0,0.2364583174387614,120
bigscience/bloom-1b7,3,side_aunt,0,1,random,informative,en,0.5,0.7916666666666666,0.05625,120
bigscience/bloom-1b7,3,side_aunt,0,1,random,informative,hi,0.5166666666666667,0.6416666666666667,0.0520833353201548,120
bigscience/bloom-1b7,3,side_aunt,0,1,random,neutral,bn,0.5,0.9333333333333332,0.167187488079071,120
bigscience/bloom-1b7,3,side_aunt,0,1,random,neutral,en,0.5,0.5,0.0,120
bigscience/bloom-1b7,3,side_aunt,0,1,random,neutral,hi,0.4833333333333333,0.65,0.0348958214124043,120
bigscience/bloom-1b7,3,gender,0,1,random,informative,bn,0.5,1.0,0.4104166607062022,120
bigscience/bloom-1b7,3,gender,0,1,random,informative,en,0.8083333333333333,1.0,0.8010416706403096,120
bigscience/bloom-1b7,3,gender,0,1,random,informative,hi,0.5,0.6,0.0192708373069763,120
bigscience/bloom-1b7,3,gender,0,1,random,neutral,bn,0.5,1.0,0.2786458353201548,120
bigscience/bloom-1b7,3,gender,0,1,random,neutral,en,0.8166666666666667,1.0,0.7739583333333333,120
bigscience/bloom-1b7,3,gender,0,1,random,neutral,hi,0.5,1.0,0.1916666666666666,120
bigscience/bloom-1b7,3,side_aunt,2,1,random,informative,bn,0.5083333333333333,0.9916666666666668,0.2375,120
bigscience/bloom-1b7,3,side_aunt,2,1,random,informative,en,0.5,0.7166666666666667,0.04375,120
bigscience/bloom-1b7,3,side_aunt,2,1,random,informative,hi,0.5083333333333333,0.6083333333333333,0.0447916706403096,120
bigscience/bloom-1b7,3,side_aunt,2,1,random,neutral,bn,0.5,0.8833333333333333,0.1598958273728688,120
bigscience/bloom-1b7,3,side_aunt,2,1,random,neutral,en,0.5,0.5,0.0,120
bigscience/bloom-1b7,3,side_aunt,2,1,random,neutral,hi,0.4833333333333333,0.6916666666666667,0.0307291626930236,120
bigscience/bloom-1b7,3,gender,2,1,random,informative,bn,0.5,1.0,0.4182291408379873,120
bigscience/bloom-1b7,3,gender,2,1,random,informative,en,0.8333333333333334,1.0,0.809375007947286,120
bigscience/bloom-1b7,3,gender,2,1,random,informative,hi,0.5,0.6666666666666666,0.0364583373069763,120
bigscience/bloom-1b7,3,gender,2,1,random,neutral,bn,0.5,1.0,0.2796874721844991,120
bigscience/bloom-1b7,3,gender,2,1,random,neutral,en,0.8083333333333333,1.0,0.775,120
bigscience/bloom-1b7,3,gender,2,1,random,neutral,hi,0.5,1.0,0.1937500039736429,120
bigscience/bloom-1b7,3,side_aunt,4,1,random,informative,bn,0.5083333333333333,1.0,0.2364583293596903,120
bigscience/bloom-1b7,3,side_aunt,4,1,random,informative,en,0.5,0.7916666666666666,0.056249996026357,120
bigscience/bloom-1b7,3,side_aunt,4,1,random,informative,hi,0.5166666666666667,0.6333333333333333,0.0630207975705464,120
bigscience/bloom-1b7,3,side_aunt,4,1,random,neutral,bn,0.5,0.9083333333333332,0.1583333273728688,120
bigscience/bloom-1b7,3,side_aunt,4,1,random,neutral,en,0.5,0.5,0.0,120
bigscience/bloom-1b7,3,side_aunt,4,1,random,neutral,hi,0.4916666666666666,0.725,0.0442708392937978,120
bigscience/bloom-1b7,3,gender,4,1,random,informative,bn,0.5,1.0,0.412499996026357,120
bigscience/bloom-1b7,3,gender,4,1,random,informative,en,0.8166666666666667,1.0,0.8083333253860474,120
bigscience/bloom-1b7,3,gender,4,1,random,informative,hi,0.5,0.6416666666666667,0.026562496026357,120
bigscience/bloom-1b7,3,gender,4,1,random,neutral,bn,0.5,1.0,0.2791666706403096,120
bigscience/bloom-1b7,3,gender,4,1,random,neutral,en,0.8166666666666667,1.0,0.781250003973643,120
bigscience/bloom-1b7,3,gender,4,1,random,neutral,hi,0.5,1.0,0.1854166706403096,120
bigscience/bloom-1b7,3,side_aunt,6,1,random,informative,bn,0.5083333333333333,1.0,0.2270833233992258,120
bigscience/bloom-1b7,3,side_aunt,6,1,random,informative,en,0.5,0.8333333333333334,0.0645833253860473,120
bigscience/bloom-1b7,3,side_aunt,6,1,random,informative,hi,0.4916666666666666,0.5833333333333334,0.0416666587193806,120
bigscience/bloom-1b7,3,side_aunt,6,1,random,neutral,bn,0.5,0.9333333333333332,0.1713541686534881,120
bigscience/bloom-1b7,3,side_aunt,6,1,random,neutral,en,0.5,0.5,0.0,120
bigscience/bloom-1b7,3,side_aunt,6,1,random,neutral,hi,0.4833333333333333,0.6333333333333333,0.034374992052714,120
bigscience/bloom-1b7,3,gender,6,1,random,informative,bn,0.5,1.0,0.4234374900658925,120
bigscience/bloom-1b7,3,gender,6,1,random,informative,en,0.8166666666666667,1.0,0.8145833293596904,120
bigscience/bloom-1b7,3,gender,6,1,random,informative,hi,0.5,0.6083333333333333,0.0229166666666666,120
bigscience/bloom-1b7,3,gender,6,1,random,neutral,bn,0.5,1.0,0.2838541746139526,120
bigscience/bloom-1b7,3,gender,6,1,random,neutral,en,0.825,1.0,0.7927083373069763,120
bigscience/bloom-1b7,3,gender,6,1,random,neutral,hi,0.5,1.0,0.1906250019868215,120
bigscience/bloom-1b7,3,side_aunt,8,1,random,informative,bn,0.5083333333333333,1.0,0.235937488079071,120
bigscience/bloom-1b7,3,side_aunt,8,1,random,informative,en,0.5,0.825,0.0635416626930236,120
bigscience/bloom-1b7,3,side_aunt,8,1,random,informative,hi,0.5083333333333333,0.625,0.0463541626930236,120
bigscience/bloom-1b7,3,side_aunt,8,1,random,neutral,bn,0.5,0.9333333333333332,0.1661458333333333,120
bigscience/bloom-1b7,3,side_aunt,8,1,random,neutral,en,0.5,0.5,0.0,120
bigscience/bloom-1b7,3,side_aunt,8,1,random,neutral,hi,0.4833333333333333,0.675,0.0312500019868214,120
bigscience/bloom-1b7,3,gender,8,1,random,informative,bn,0.5,1.0,0.4093749940395355,120
bigscience/bloom-1b7,3,gender,8,1,random,informative,en,0.8166666666666667,1.0,0.8083333253860474,120
bigscience/bloom-1b7,3,gender,8,1,random,informative,hi,0.5,0.6666666666666666,0.0322916746139526,120
bigscience/bloom-1b7,3,gender,8,1,random,neutral,bn,0.5,1.0,0.2776041626930237,120
bigscience/bloom-1b7,3,gender,8,1,random,neutral,en,0.825,1.0,0.7916666666666666,120
bigscience/bloom-1b7,3,gender,8,1,random,neutral,hi,0.5,1.0,0.1932291607062022,120
bigscience/bloom-1b7,3,side_aunt,10,1,random,informative,bn,0.5083333333333333,0.9916666666666668,0.2322916646798451,120
bigscience/bloom-1b7,3,side_aunt,10,1,random,informative,en,0.5,0.7833333333333333,0.0552083373069763,120
bigscience/bloom-1b7,3,side_aunt,10,1,random,informative,hi,0.5166666666666667,0.6,0.0369791666666666,120
bigscience/bloom-1b7,3,side_aunt,10,1,random,neutral,bn,0.5,0.925,0.1651041746139526,120
bigscience/bloom-1b7,3,side_aunt,10,1,random,neutral,en,0.5,0.5,0.0,120
bigscience/bloom-1b7,3,side_aunt,10,1,random,neutral,hi,0.4833333333333333,0.65,0.0260416607062021,120
bigscience/bloom-1b7,3,gender,10,1,random,informative,bn,0.5,1.0,0.4145833353201548,120
bigscience/bloom-1b7,3,gender,10,1,random,informative,en,0.8083333333333333,1.0,0.803125003973643,120
bigscience/bloom-1b7,3,gender,10,1,random,informative,hi,0.5,0.5833333333333334,0.0130208293596903,120
bigscience/bloom-1b7,3,gender,10,1,random,neutral,bn,0.5,1.0,0.2786458194255828,120
bigscience/bloom-1b7,3,gender,10,1,random,neutral,en,0.8416666666666667,1.0,0.7895833333333333,120
bigscience/bloom-1b7,3,gender,10,1,random,neutral,hi,0.5,1.0,0.1864583273728688,120
bigscience/bloom-1b7,3,side_aunt,12,1,random,informative,bn,0.5083333333333333,1.0,0.2359375119209289,120
bigscience/bloom-1b7,3,side_aunt,12,1,random,informative,en,0.5,0.8166666666666667,0.062499996026357,120
bigscience/bloom-1b7,3,side_aunt,12,1,random,informative,hi,0.4916666666666666,0.6333333333333333,0.0494791646798451,120
bigscience/bloom-1b7,3,side_aunt,12,1,random,neutral,bn,0.5,0.9083333333333332,0.1713541607062021,120
bigscience/bloom-1b7,3,side_aunt,12,1,random,neutral,en,0.5,0.5,0.0,120
bigscience/bloom-1b7,3,side_aunt,12,1,random,neutral,hi,0.4916666666666666,0.6916666666666667,0.0302083154519399,120
bigscience/bloom-1b7,3,gender,12,1,random,informative,bn,0.5,1.0,0.4322916805744171,120
bigscience/bloom-1b7,3,gender,12,1,random,informative,en,0.8,1.0,0.8208333452542623,120
bigscience/bloom-1b7,3,gender,12,1,random,informative,hi,0.5,0.5916666666666667,0.0166666666666666,120
bigscience/bloom-1b7,3,gender,12,1,random,neutral,bn,0.5,1.0,0.2765624761581421,120
bigscience/bloom-1b7,3,gender,12,1,random,neutral,en,0.8,1.0,0.7895833412806194,120
bigscience/bloom-1b7,3,gender,12,1,random,neutral,hi,0.5,1.0,0.1854166686534881,120
bigscience/bloom-1b7,3,side_aunt,12,4,random,informative,bn,0.5083333333333333,0.9833333333333332,0.2265624821186065,120
bigscience/bloom-1b7,3,side_aunt,12,4,random,informative,en,0.5,0.7333333333333333,0.0489583333333333,120
bigscience/bloom-1b7,3,side_aunt,12,4,random,informative,hi,0.5083333333333333,0.5916666666666667,0.0401041607062021,120
bigscience/bloom-1b7,3,side_aunt,12,4,random,neutral,bn,0.5,0.95,0.1677083313465118,120
bigscience/bloom-1b7,3,side_aunt,12,4,random,neutral,en,0.5,0.5,0.0,120
bigscience/bloom-1b7,3,side_aunt,12,4,random,neutral,hi,0.4666666666666667,0.675,0.0302083373069763,120
bigscience/bloom-1b7,3,gender,12,4,random,informative,bn,0.5,1.0,0.4182291785875956,120
bigscience/bloom-1b7,3,gender,12,4,random,informative,en,0.8083333333333333,1.0,0.7968750079472859,120
bigscience/bloom-1b7,3,gender,12,4,random,informative,hi,0.5,0.6333333333333333,0.0229166686534881,120
bigscience/bloom-1b7,3,gender,12,4,random,neutral,bn,0.5,1.0,0.260937492052714,120
bigscience/bloom-1b7,3,gender,12,4,random,neutral,en,0.8083333333333333,1.0,0.759375003973643,120
bigscience/bloom-1b7,3,gender,12,4,random,neutral,hi,0.5,1.0,0.1859375019868215,120
bigscience/bloom-1b7,3,side_aunt,14,1,random,informative,bn,0.5083333333333333,1.0,0.2421874940395355,120
bigscience/bloom-1b7,3,side_aunt,14,1,random,informative,en,0.5,0.8333333333333334,0.071874996026357,120
bigscience/bloom-1b7,3,side_aunt,14,1,random,informative,hi,0.5333333333333333,0.625,0.0552083492279052,120
bigscience/bloom-1b7,3,side_aunt,14,1,random,neutral,bn,0.5,0.925,0.1619791746139526,120
bigscience/bloom-1b7,3,side_aunt,14,1,random,neutral,en,0.5,0.5,0.0,120
bigscience/bloom-1b7,3,side_aunt,14,1,random,neutral,hi,0.4916666666666666,0.5916666666666667,0.0208333373069763,120
bigscience/bloom-1b7,3,gender,14,1,random,informative,bn,0.5,1.0,0.4213541646798451,120
bigscience/bloom-1b7,3,gender,14,1,random,informative,en,0.8416666666666667,1.0,0.8333333333333334,120
bigscience/bloom-1b7,3,gender,14,1,random,informative,hi,0.5,0.6916666666666667,0.0338541686534881,120
bigscience/bloom-1b7,3,gender,14,1,random,neutral,bn,0.5,1.0,0.2854166746139526,120
bigscience/bloom-1b7,3,gender,14,1,random,neutral,en,0.825,1.0,0.800000003973643,120
bigscience/bloom-1b7,3,gender,14,1,random,neutral,hi,0.5,1.0,0.1916666706403096,120
bigscience/bloom-1b7,3,side_aunt,16,1,random,informative,bn,0.5083333333333333,1.0,0.2489583373069763,120
bigscience/bloom-1b7,3,side_aunt,16,1,random,informative,en,0.5,0.7833333333333333,0.0604166666666666,120
bigscience/bloom-1b7,3,side_aunt,16,1,random,informative,hi,0.5083333333333333,0.6083333333333333,0.0458333353201548,120
bigscience/bloom-1b7,3,side_aunt,16,1,random,neutral,bn,0.5,0.9416666666666668,0.1677083214124043,120
bigscience/bloom-1b7,3,side_aunt,16,1,random,neutral,en,0.5,0.5,0.0,120
bigscience/bloom-1b7,3,side_aunt,16,1,random,neutral,hi,0.4833333333333333,0.6,0.0234374940395355,120
bigscience/bloom-1b7,3,gender,16,1,random,informative,bn,0.5,1.0,0.4156249900658925,120
bigscience/bloom-1b7,3,gender,16,1,random,informative,en,0.8,1.0,0.8072916666666666,120
bigscience/bloom-1b7,3,gender,16,1,random,informative,hi,0.5,0.6083333333333333,0.018749996026357,120
bigscience/bloom-1b7,3,gender,16,1,random,neutral,bn,0.5,1.0,0.2729166746139526,120
bigscience/bloom-1b7,3,gender,16,1,random,neutral,en,0.8,1.0,0.7822916626930236,120
bigscience/bloom-1b7,3,gender,16,1,random,neutral,hi,0.5,1.0,0.1864583392937978,120
bigscience/bloom-1b7,3,side_aunt,18,1,random,informative,bn,0.5083333333333333,1.0,0.2322916686534881,120
bigscience/bloom-1b7,3,side_aunt,18,1,random,informative,en,0.5,0.8083333333333333,0.0572916587193806,120
bigscience/bloom-1b7,3,side_aunt,18,1,random,informative,hi,0.4916666666666666,0.6083333333333333,0.0494791666666666,120
bigscience/bloom-1b7,3,side_aunt,18,1,random,neutral,bn,0.5,0.9,0.1651041706403096,120
bigscience/bloom-1b7,3,side_aunt,18,1,random,neutral,en,0.5,0.5,0.0,120
bigscience/bloom-1b7,3,side_aunt,18,1,random,neutral,hi,0.4833333333333333,0.6583333333333333,0.0307291487852732,120
bigscience/bloom-1b7,3,gender,18,1,random,informative,bn,0.5,1.0,0.4088541527589162,120
bigscience/bloom-1b7,3,gender,18,1,random,informative,en,0.8083333333333333,1.0,0.81875,120
bigscience/bloom-1b7,3,gender,18,1,random,informative,hi,0.5,0.6333333333333333,0.0223958253860473,120
bigscience/bloom-1b7,3,gender,18,1,random,neutral,bn,0.5,1.0,0.2729166448116302,120
bigscience/bloom-1b7,3,gender,18,1,random,neutral,en,0.8166666666666667,1.0,0.7770833333333333,120
bigscience/bloom-1b7,3,gender,18,1,random,neutral,hi,0.5,1.0,0.187499988079071,120
bigscience/bloom-1b7,3,side_aunt,20,1,random,informative,bn,0.5,1.0,0.2307291567325592,120
bigscience/bloom-1b7,3,side_aunt,20,1,random,informative,en,0.5,0.775,0.056249996026357,120
bigscience/bloom-1b7,3,side_aunt,20,1,random,informative,hi,0.5083333333333333,0.6166666666666667,0.0515625119209289,120
bigscience/bloom-1b7,3,side_aunt,20,1,random,neutral,bn,0.5,0.9416666666666668,0.1666666686534881,120
bigscience/bloom-1b7,3,side_aunt,20,1,random,neutral,en,0.5,0.5,0.0,120
bigscience/bloom-1b7,3,side_aunt,20,1,random,neutral,hi,0.4833333333333333,0.6916666666666667,0.0354166686534881,120
bigscience/bloom-1b7,3,gender,20,1,random,informative,bn,0.5,1.0,0.4208333293596903,120
bigscience/bloom-1b7,3,gender,20,1,random,informative,en,0.8083333333333333,1.0,0.8114583293596903,120
bigscience/bloom-1b7,3,gender,20,1,random,informative,hi,0.5,0.6083333333333333,0.0197916587193806,120
bigscience/bloom-1b7,3,gender,20,1,random,neutral,bn,0.5,1.0,0.2854166607062022,120
bigscience/bloom-1b7,3,gender,20,1,random,neutral,en,0.8166666666666667,1.0,0.7854166666666667,120
bigscience/bloom-1b7,3,gender,20,1,random,neutral,hi,0.5,1.0,0.184375,120
bigscience/bloom-1b7,3,side_aunt,22,1,random,informative,bn,0.5,1.0,0.2364583373069763,120
bigscience/bloom-1b7,3,side_aunt,22,1,random,informative,en,0.5,0.8083333333333333,0.065624992052714,120
bigscience/bloom-1b7,3,side_aunt,22,1,random,informative,hi,0.5083333333333333,0.625,0.0447916587193807,120
bigscience/bloom-1b7,3,side_aunt,22,1,random,neutral,bn,0.5,0.9416666666666668,0.1666666646798451,120
bigscience/bloom-1b7,3,side_aunt,22,1,random,neutral,en,0.5,0.5,0.0,120
bigscience/bloom-1b7,3,side_aunt,22,1,random,neutral,hi,0.4833333333333333,0.6916666666666667,0.0333333512147267,120
bigscience/bloom-1b7,3,gender,22,1,random,informative,bn,0.5,1.0,0.4083333293596903,120
bigscience/bloom-1b7,3,gender,22,1,random,informative,en,0.8083333333333333,1.0,0.815624996026357,120
bigscience/bloom-1b7,3,gender,22,1,random,informative,hi,0.5,0.5666666666666667,0.0098958333333333,120
bigscience/bloom-1b7,3,gender,22,1,random,neutral,bn,0.5,1.0,0.267187488079071,120
bigscience/bloom-1b7,3,gender,22,1,random,neutral,en,0.7916666666666666,1.0,0.784375,120
bigscience/bloom-1b7,3,gender,22,1,random,neutral,hi,0.5,1.0,0.1770833412806193,120
bigscience/bloom-1b7,4,side_aunt,-1,0,none,informative,bn,0.5,0.9833333333333332,0.1901041547457377,120
bigscience/bloom-1b7,4,side_aunt,-1,0,none,informative,en,0.5,0.875,0.0864583333333333,120
bigscience/bloom-1b7,4,side_aunt,-1,0,none,informative,hi,0.4666666666666667,0.525,0.0072916686534881,120
bigscience/bloom-1b7,4,side_aunt,-1,0,none,neutral,bn,0.5,0.9583333333333334,0.1505208373069763,120
bigscience/bloom-1b7,4,side_aunt,-1,0,none,neutral,en,0.5,0.5,0.0,120
bigscience/bloom-1b7,4,side_aunt,-1,0,none,neutral,hi,0.5,0.5583333333333333,0.0088541527589162,120
bigscience/bloom-1b7,4,gender,-1,0,none,informative,bn,0.5,1.0,0.4166666626930236,120
bigscience/bloom-1b7,4,gender,-1,0,none,informative,en,0.6833333333333333,1.0,0.8656250079472859,120
bigscience/bloom-1b7,4,gender,-1,0,none,informative,hi,0.5,0.7166666666666667,0.0723958293596903,120
bigscience/bloom-1b7,4,gender,-1,0,none,neutral,bn,0.5,1.0,0.2656250139077504,120
bigscience/bloom-1b7,4,gender,-1,0,none,neutral,en,0.6916666666666667,1.0,0.840625003973643,120
bigscience/bloom-1b7,4,gender,-1,0,none,neutral,hi,0.5,1.0,0.2427083412806193,120
bigscience/bloom-1b7,4,side_aunt,0,1,bn,informative,bn,0.5,0.9833333333333332,0.1739583233992258,120
bigscience/bloom-1b7,4,side_aunt,0,1,bn,informative,en,0.5,0.875,0.0843750039736429,120
bigscience/bloom-1b7,4,side_aunt,0,1,bn,informative,hi,0.4583333333333333,0.5,0.0057291626930236,120
bigscience/bloom-1b7,4,side_aunt,0,1,bn,neutral,bn,0.5,0.9166666666666666,0.1218750119209289,120
bigscience/bloom-1b7,4,side_aunt,0,1,bn,neutral,en,0.5,0.5,0.0,120
bigscience/bloom-1b7,4,side_aunt,0,1,bn,neutral,hi,0.4916666666666666,0.575,0.0119791607062021,120
bigscience/bloom-1b7,4,side_aunt,2,1,bn,informative,bn,0.5,0.9083333333333332,0.1296875079472859,120
bigscience/bloom-1b7,4,side_aunt,2,1,bn,informative,en,0.5,0.8583333333333333,0.08125,120
bigscience/bloom-1b7,4,side_aunt,2,1,bn,informative,hi,0.4583333333333333,0.5,0.0036458472410837,120
bigscience/bloom-1b7,4,side_aunt,2,1,bn,neutral,bn,0.5,0.775,0.0723958293596903,120
bigscience/bloom-1b7,4,side_aunt,2,1,bn,neutral,en,0.5,0.5,0.0,120
bigscience/bloom-1b7,4,side_aunt,2,1,bn,neutral,hi,0.5,0.575,0.0104166467984517,120
bigscience/bloom-1b7,4,side_aunt,4,1,bn,informative,bn,0.5083333333333333,1.0,0.2197916587193807,120
bigscience/bloom-1b7,4,side_aunt,4,1,bn,informative,en,0.5,0.875,0.087499996026357,120
bigscience/bloom-1b7,4,side_aunt,4,1,bn,informative,hi,0.4833333333333333,0.525,0.0072916626930236,120
bigscience/bloom-1b7,4,side_aunt,4,1,bn,neutral,bn,0.5,0.8666666666666667,0.1255208194255828,120
bigscience/bloom-1b7,4,side_aunt,4,1,bn,neutral,en,0.5,0.5,0.0,120
bigscience/bloom-1b7,4,side_aunt,4,1,bn,neutral,hi,0.5,0.5666666666666667,0.012499984105428,120
bigscience/bloom-1b7,4,side_aunt,6,1,bn,informative,bn,0.5,0.975,0.1640624821186065,120
bigscience/bloom-1b7,4,side_aunt,6,1,bn,informative,en,0.5,0.8666666666666667,0.0833333333333333,120
bigscience/bloom-1b7,4,side_aunt,6,1,bn,informative,hi,0.475,0.575,0.0083333313465118,120
bigscience/bloom-1b7,4,side_aunt,6,1,bn,neutral,bn,0.5,0.8916666666666667,0.121874996026357,120
bigscience/bloom-1b7,4,side_aunt,6,1,bn,neutral,en,0.5,0.5,0.0,120
bigscience/bloom-1b7,4,side_aunt,6,1,bn,neutral,hi,0.5,0.5833333333333334,0.0135416746139526,120
bigscience/bloom-1b7,4,side_aunt,8,1,bn,informative,bn,0.5,0.8916666666666667,0.1249999900658925,120
bigscience/bloom-1b7,4,side_aunt,8,1,bn,informative,en,0.5,0.8916666666666667,0.084374996026357,120
bigscience/bloom-1b7,4,side_aunt,8,1,bn,informative,hi,0.4666666666666667,0.5083333333333333,0.0026041567325592,120
bigscience/bloom-1b7,4,side_aunt,8,1,bn,neutral,bn,0.5,0.8833333333333333,0.1026041587193807,120
bigscience/bloom-1b7,4,side_aunt,8,1,bn,neutral,en,0.5,0.5,0.0,120
bigscience/bloom-1b7,4,side_aunt,8,1,bn,neutral,hi,0.5,0.5333333333333333,0.0098958492279052,120
bigscience/bloom-1b7,4,side_aunt,10,1,bn,informative,bn,0.5,0.925,0.1432291726271311,120
bigscience/bloom-1b7,4,side_aunt,10,1,bn,informative,en,0.5,0.8333333333333334,0.0760416706403096,120
bigscience/bloom-1b7,4,side_aunt,10,1,bn,informative,hi,0.4666666666666667,0.5583333333333333,0.0197916607062021,120
bigscience/bloom-1b7,4,side_aunt,10,1,bn,neutral,bn,0.5,0.825,0.0864583194255828,120
bigscience/bloom-1b7,4,side_aunt,10,1,bn,neutral,en,0.5,0.5,0.0,120
bigscience/bloom-1b7,4,side_aunt,10,1,bn,neutral,hi,0.5,0.5833333333333334,0.0135416507720947,120
bigscience/bloom-1b7,4,side_aunt,12,1,bn,informative,bn,0.4916666666666666,0.6916666666666667,0.0723958373069763,120
bigscience/bloom-1b7,4,side_aunt,12,1,bn,informative,en,0.5,0.775,0.068749996026357,120
bigscience/bloom-1b7,4,side_aunt,12,1,bn,informative,hi,0.45,0.4833333333333333,-0.0020833273728688,120
bigscience/bloom-1b7,4,side_aunt,12,1,bn,neutral,bn,0.5,0.6583333333333333,0.0239583353201548,120
bigscience/bloom-1b7,4,side_aunt,12,1,bn,neutral,en,0.5,0.5,0.0,120
bigscience/bloom-1b7,4,side_aunt,12,1,bn,neutral,hi,0.5,0.5583333333333333,0.0062500059604644,120
bigscience/bloom-1b7,4,side_aunt,12,4,bn,informative,bn,0.4916666666666666,0.1833333333333333,-0.0973958174387614,120
bigscience/bloom-1b7,4,side_aunt,12,4,bn,informative,en,0.5,0.8333333333333334,0.0770833333333333,120
bigscience/bloom-1b7,4,side_aunt,12,4,bn,informative,hi,0.4583333333333333,0.525,0.0062499900658925,120
bigscience/bloom-1b7,4,side_aunt,12,4,bn,neutral,bn,0.5,0.05,-0.134374992052714,120
bigscience/bloom-1b7,4,side_aunt,12,4,bn,neutral,en,0.5,0.5,0.0,120
bigscience/bloom-1b7,4,side_aunt,12,4,bn,neutral,hi,0.4916666666666666,0.5583333333333333,0.0046875,120
bigscience/bloom-1b7,4,side_aunt,14,1,bn,informative,bn,0.4916666666666666,0.4916666666666666,0.0161458432674407,120
bigscience/bloom-1b7,4,side_aunt,14,1,bn,informative,en,0.5,0.8666666666666667,0.0802083333333333,120
bigscience/bloom-1b7,4,side_aunt,14,1,bn,informative,hi,0.4583333333333333,0.4666666666666667,-0.0135416547457377,120
bigscience/bloom-1b7,4,side_aunt,14,1,bn,neutral,bn,0.5,0.325,-0.046875,120
bigscience/bloom-1b7,4,side_aunt,14,1,bn,neutral,en,0.5,0.5,0.0,120
bigscience/bloom-1b7,4,side_aunt,14,1,bn,neutral,hi,0.4916666666666666,0.4916666666666666,-0.0088541666666666,120
bigscience/bloom-1b7,4,side_aunt,16,1,bn,informative,bn,0.4916666666666666,0.7333333333333333,0.0838541527589162,120
bigscience/bloom-1b7,4,side_aunt,16,1,bn,informative,en,0.5,0.8416666666666667,0.078125,120
bigscience/bloom-1b7,4,side_aunt,16,1,bn,informative,hi,0.475,0.5083333333333333,0.0036458313465118,120
bigscience/bloom-1b7,4,side_aunt,16,1,bn,neutral,bn,0.5,0.5583333333333333,0.0041666646798451,120
bigscience/bloom-1b7,4,side_aunt,16,1,bn,neutral,en,0.5,0.5,0.0,120
bigscience/bloom-1b7,4,side_aunt,16,1,bn,neutral,hi,0.5,0.5333333333333333,-0.0005208412806193,120
bigscience/bloom-1b7,4,side_aunt,18,1,bn,informative,bn,0.4916666666666666,0.7416666666666667,0.0906249980131785,120
bigscience/bloom-1b7,4,side_aunt,18,1,bn,informative,en,0.5,0.875,0.0822916746139526,120
bigscience/bloom-1b7,4,side_aunt,18,1,bn,informative,hi,0.4916666666666666,0.5333333333333333,0.0140625079472859,120
bigscience/bloom-1b7,4,side_aunt,18,1,bn,neutral,bn,0.5,0.6083333333333333,0.0395833432674408,120
bigscience/bloom-1b7,4,side_aunt,18,1,bn,neutral,en,0.5,0.5,0.0,120
bigscience/bloom-1b7,4,side_aunt,18,1,bn,neutral,hi,0.5,0.5083333333333333,0.0031249980131785,120
bigscience/bloom-1b7,4,side_aunt,20,1,bn,informative,bn,0.5,0.8916666666666667,0.1317708333333333,120
bigscience/bloom-1b7,4,side_aunt,20,1,bn,informative,en,0.5,0.8166666666666667,0.0687500039736429,120
bigscience/bloom-1b7,4,side_aunt,20,1,bn,informative,hi,0.45,0.525,0.0104166785875956,120
bigscience/bloom-1b7,4,side_aunt,20,1,bn,neutral,bn,0.5,0.7833333333333333,0.0864583293596903,120
bigscience/bloom-1b7,4,side_aunt,20,1,bn,neutral,en,0.5,0.5,0.0,120
bigscience/bloom-1b7,4,side_aunt,20,1,bn,neutral,hi,0.4916666666666666,0.575,0.0093750019868214,120
bigscience/bloom-1b7,4,side_aunt,22,1,bn,informative,bn,0.5,0.975,0.1625000139077504,120
bigscience/bloom-1b7,4,side_aunt,22,1,bn,informative,en,0.5,0.8416666666666667,0.0750000039736429,120
bigscience/bloom-1b7,4,side_aunt,22,1,bn,informative,hi,0.4666666666666667,0.5666666666666667,0.0166666666666666,120
bigscience/bloom-1b7,4,side_aunt,22,1,bn,neutral,bn,0.5,0.8833333333333333,0.1192708233992258,120
bigscience/bloom-1b7,4,side_aunt,22,1,bn,neutral,en,0.5,0.5,0.0,120
bigscience/bloom-1b7,4,side_aunt,22,1,bn,neutral,hi,0.5,0.5583333333333333,0.0114583412806193,120
bigscience/bloom-1b7,4,side_aunt,0,1,hi,informative,bn,0.5083333333333333,0.9833333333333332,0.1984374980131785,120
bigscience/bloom-1b7,4,side_aunt,0,1,hi,informative,en,0.5,0.8666666666666667,0.0822916626930236,120
bigscience/bloom-1b7,4,side_aunt,0,1,hi,informative,hi,0.475,0.625,0.0473958373069763,120
bigscience/bloom-1b7,4,side_aunt,0,1,hi,neutral,bn,0.5,0.9583333333333334,0.1520833214124043,120
bigscience/bloom-1b7,4,side_aunt,0,1,hi,neutral,en,0.5,0.5,0.0,120
bigscience/bloom-1b7,4,side_aunt,0,1,hi,neutral,hi,0.5,0.7166666666666667,0.0541666567325592,120
bigscience/bloom-1b7,4,side_aunt,2,1,hi,informative,bn,0.5083333333333333,0.9916666666666668,0.2015625119209289,120
bigscience/bloom-1b7,4,side_aunt,2,1,hi,informative,en,0.5,0.8583333333333333,0.075,120
bigscience/bloom-1b7,4,side_aunt,2,1,hi,informative,hi,0.4833333333333333,0.625,0.0593750039736429,120
bigscience/bloom-1b7,4,side_aunt,2,1,hi,neutral,bn,0.5,0.9583333333333334,0.1442708194255829,120
bigscience/bloom-1b7,4,side_aunt,2,1,hi,neutral,en,0.5,0.5,0.0,120
bigscience/bloom-1b7,4,side_aunt,2,1,hi,neutral,hi,0.5,0.6666666666666666,0.0338541805744171,120
bigscience/bloom-1b7,4,side_aunt,4,1,hi,informative,bn,0.5,0.9833333333333332,0.1958333253860473,120
bigscience/bloom-1b7,4,side_aunt,4,1,hi,informative,en,0.5,0.8583333333333333,0.081249996026357,120
bigscience/bloom-1b7,4,side_aunt,4,1,hi,informative,hi,0.4833333333333333,0.5333333333333333,0.0093749940395355,120
bigscience/bloom-1b7,4,side_aunt,4,1,hi,neutral,bn,0.5,0.9583333333333334,0.143750003973643,120
bigscience/bloom-1b7,4,side_aunt,4,1,hi,neutral,en,0.5,0.5,0.0,120
bigscience/bloom-1b7,4,side_aunt,4,1,hi,neutral,hi,0.5,0.6083333333333333,0.0109375119209289,120
bigscience/bloom-1b7,4,side_aunt,6,1,hi,informative,bn,0.5083333333333333,0.9833333333333332,0.1911458353201548,120
bigscience/bloom-1b7,4,side_aunt,6,1,hi,informative,en,0.5,0.825,0.0708333333333333,120
bigscience/bloom-1b7,4,side_aunt,6,1,hi,informative,hi,0.4666666666666667,0.5416666666666666,0.0177083233992258,120
bigscience/bloom-1b7,4,side_aunt,6,1,hi,neutral,bn,0.5,0.9666666666666668,0.1473958273728688,120
bigscience/bloom-1b7,4,side_aunt,6,1,hi,neutral,en,0.5,0.5,0.0,120
bigscience/bloom-1b7,4,side_aunt,6,1,hi,neutral,hi,0.5,0.6333333333333333,0.0255208273728688,120
bigscience/bloom-1b7,4,side_aunt,8,1,hi,informative,bn,0.5,0.9833333333333332,0.1848958313465118,120
bigscience/bloom-1b7,4,side_aunt,8,1,hi,informative,en,0.5,0.85,0.0708333293596903,120
bigscience/bloom-1b7,4,side_aunt,8,1,hi,informative,hi,0.4666666666666667,0.575,0.0291666587193806,120
bigscience/bloom-1b7,4,side_aunt,8,1,hi,neutral,bn,0.5,0.9416666666666668,0.1473958273728688,120
bigscience/bloom-1b7,4,side_aunt,8,1,hi,neutral,en,0.5,0.5,0.0,120
bigscience/bloom-1b7,4,side_aunt,8,1,hi,neutral,hi,0.5,0.6416666666666667,0.0281250079472859,120
bigscience/bloom-1b7,4,side_aunt,10,1,hi,informative,bn,0.5083333333333333,1.0,0.2020833313465118,120
bigscience/bloom-1b7,4,side_aunt,10,1,hi,informative,en,0.5,0.85,0.0812500039736429,120
bigscience/bloom-1b7,4,side_aunt,10,1,hi,informative,hi,0.475,0.5833333333333334,0.0270833214124043,120
bigscience/bloom-1b7,4,side_aunt,10,1,hi,neutral,bn,0.5,0.975,0.1562500099341074,120
bigscience/bloom-1b7,4,side_aunt,10,1,hi,neutral,en,0.5,0.5,0.0,120
bigscience/bloom-1b7,4,side_aunt,10,1,hi,neutral,hi,0.5,0.625,0.0239583392937978,120
bigscience/bloom-1b7,4,side_aunt,12,1,hi,informative,bn,0.5083333333333333,1.0,0.2005208114782969,120
bigscience/bloom-1b7,4,side_aunt,12,1,hi,informative,en,0.5,0.8583333333333333,0.078124996026357,120
bigscience/bloom-1b7,4,side_aunt,12,1,hi,informative,hi,0.4916666666666666,0.6166666666666667,0.0463541686534881,120
bigscience/bloom-1b7,4,side_aunt,12,1,hi,neutral,bn,0.5,0.9666666666666668,0.1526041646798451,120
bigscience/bloom-1b7,4,side_aunt,12,1,hi,neutral,en,0.5,0.5,0.0,120
bigscience/bloom-1b7,4,side_aunt,12,1,hi,neutral,hi,0.5,0.6916666666666667,0.0395833214124043,120
bigscience/bloom-1b7,4,side_aunt,12,4,hi,informative,bn,0.5,1.0,0.1994791746139526,120
bigscience/bloom-1b7,4,side_aunt,12,4,hi,informative,en,0.5,0.8166666666666667,0.0791666666666666,120
bigscience/bloom-1b7,4,side_aunt,12,4,hi,informative,hi,0.4833333333333333,0.625,0.0385416706403096,120
bigscience/bloom-1b7,4,side_aunt,12,4,hi,neutral,bn,0.5,0.975,0.1625000099341074,120
bigscience/bloom-1b7,4,side_aunt,12,4,hi,neutral,en,0.5,0.5,0.0,120
bigscience/bloom-1b7,4,side_aunt,12,4,hi,neutral,hi,0.5,0.6166666666666667,0.0229166666666666,120
bigscience/bloom-1b7,4,side_aunt,14,1,hi,informative,bn,0.5,0.9916666666666668,0.1994791785875956,120
bigscience/bloom-1b7,4,side_aunt,14,1,hi,informative,en,0.5,0.8416666666666667,0.0791666706403096,120
bigscience/bloom-1b7,4,side_aunt,14,1,hi,informative,hi,0.5083333333333333,0.7,0.0796875059604644,120
bigscience/bloom-1b7,4,side_aunt,14,1,hi,neutral,bn,0.5,0.975,0.1630208353201548,120
bigscience/bloom-1b7,4,side_aunt,14,1,hi,neutral,en,0.5,0.5,0.0,120
bigscience/bloom-1b7,4,side_aunt,14,1,hi,neutral,hi,0.5,0.7916666666666666,0.0671875,120
bigscience/bloom-1b7,4,side_aunt,16,1,hi,informative,bn,0.5,0.9833333333333332,0.1864583492279052,120
bigscience/bloom-1b7,4,side_aunt,16,1,hi,informative,en,0.5,0.925,0.0947916666666666,120
bigscience/bloom-1b7,4,side_aunt,16,1,hi,informative,hi,0.475,0.5166666666666667,0.0020833273728688,120
bigscience/bloom-1b7,4,side_aunt,16,1,hi,neutral,bn,0.5,0.9416666666666668,0.1427083313465118,120
bigscience/bloom-1b7,4,side_aunt,16,1,hi,neutral,en,0.5,0.5,0.0,120
bigscience/bloom-1b7,4,side_aunt,16,1,hi,neutral,hi,0.5,0.55,0.0036458392937978,120
bigscience/bloom-1b7,4,side_aunt,18,1,hi,informative,bn,0.5,0.9833333333333332,0.1755208273728688,120
bigscience/bloom-1b7,4,side_aunt,18,1,hi,informative,en,0.5,0.875,0.0802083333333333,120
bigscience/bloom-1b7,4,side_aunt,18,1,hi,informative,hi,0.4833333333333333,0.4833333333333333,-0.012499996026357,120
bigscience/bloom-1b7,4,side_aunt,18,1,hi,neutral,bn,0.5,0.9583333333333334,0.145312492052714,120
bigscience/bloom-1b7,4,side_aunt,18,1,hi,neutral,en,0.5,0.5,0.0,120
bigscience/bloom-1b7,4,side_aunt,18,1,hi,neutral,hi,0.5,0.525,-0.0020833373069763,120
bigscience/bloom-1b7,4,side_aunt,20,1,hi,informative,bn,0.5,0.9916666666666668,0.1885416587193807,120
bigscience/bloom-1b7,4,side_aunt,20,1,hi,informative,en,0.5,0.8333333333333334,0.0708333373069763,120
bigscience/bloom-1b7,4,side_aunt,20,1,hi,informative,hi,0.45,0.4083333333333333,-0.020312488079071,120
bigscience/bloom-1b7,4,side_aunt,20,1,hi,neutral,bn,0.5,0.95,0.1494791666666666,120
bigscience/bloom-1b7,4,side_aunt,20,1,hi,neutral,en,0.5,0.5,0.0,120
bigscience/bloom-1b7,4,side_aunt,20,1,hi,neutral,hi,0.4666666666666667,0.4666666666666667,-0.0098958432674407,120
bigscience/bloom-1b7,4,side_aunt,22,1,hi,informative,bn,0.5,0.9916666666666668,0.1932291686534881,120
bigscience/bloom-1b7,4,side_aunt,22,1,hi,informative,en,0.5,0.85,0.0791666706403096,120
bigscience/bloom-1b7,4,side_aunt,22,1,hi,informative,hi,0.45,0.4416666666666666,-0.0161458194255828,120
bigscience/bloom-1b7,4,side_aunt,22,1,hi,neutral,bn,0.5,0.9583333333333334,0.1562499940395355,120
bigscience/bloom-1b7,4,side_aunt,22,1,hi,neutral,en,0.5,0.5,0.0,120
bigscience/bloom-1b7,4,side_aunt,22,1,hi,neutral,hi,0.4666666666666667,0.45,-0.0171875,120
bigscience/bloom-1b7,4,side_aunt,0,1,en,informative,bn,0.5,0.9916666666666668,0.1953125,120
bigscience/bloom-1b7,4,side_aunt,0,1,en,informative,en,0.5,0.7583333333333333,0.0656250039736429,120
bigscience/bloom-1b7,4,side_aunt,0,1,en,informative,hi,0.4583333333333333,0.5,0.0010416785875956,120
bigscience/bloom-1b7,4,side_aunt,0,1,en,neutral,bn,0.5,0.9666666666666668,0.1494791706403096,120
bigscience/bloom-1b7,4,side_aunt,0,1,en,neutral,en,0.5,0.5,0.0,120
bigscience/bloom-1b7,4,side_aunt,0,1,en,neutral,hi,0.4916666666666666,0.525,0.0088541726271311,120
bigscience/bloom-1b7,4,side_aunt,2,1,en,informative,bn,0.5083333333333333,1.0,0.198437484105428,120
bigscience/bloom-1b7,4,side_aunt,2,1,en,informative,en,0.5,0.85,0.0750000039736429,120
bigscience/bloom-1b7,4,side_aunt,2,1,en,informative,hi,0.4666666666666667,0.5083333333333333,-0.0083333512147267,120
bigscience/bloom-1b7,4,side_aunt,2,1,en,neutral,bn,0.5,0.95,0.1505208194255828,120
bigscience/bloom-1b7,4,side_aunt,2,1,en,neutral,en,0.5,0.5,0.0,120
bigscience/bloom-1b7,4,side_aunt,2,1,en,neutral,hi,0.5,0.5666666666666667,0.0078125059604644,120
bigscience/bloom-1b7,4,side_aunt,4,1,en,informative,bn,0.5083333333333333,0.9833333333333332,0.1942708313465118,120
bigscience/bloom-1b7,4,side_aunt,4,1,en,informative,en,0.5,0.875,0.0864583412806193,120
bigscience/bloom-1b7,4,side_aunt,4,1,en,informative,hi,0.4666666666666667,0.525,0.0104166448116302,120
bigscience/bloom-1b7,4,side_aunt,4,1,en,neutral,bn,0.5,0.925,0.145312484105428,120
bigscience/bloom-1b7,4,side_aunt,4,1,en,neutral,en,0.5,0.5,0.0,120
bigscience/bloom-1b7,4,side_aunt,4,1,en,neutral,hi,0.5,0.5666666666666667,0.010937492052714,120
bigscience/bloom-1b7,4,side_aunt,6,1,en,informative,bn,0.5083333333333333,1.0,0.2322916567325592,120
bigscience/bloom-1b7,4,side_aunt,6,1,en,informative,en,0.5,0.875,0.0822916626930236,120
bigscience/bloom-1b7,4,side_aunt,6,1,en,informative,hi,0.4583333333333333,0.5666666666666667,0.0187500059604644,120
bigscience/bloom-1b7,4,side_aunt,6,1,en,neutral,bn,0.5,0.9833333333333332,0.1697916567325592,120
bigscience/bloom-1b7,4,side_aunt,6,1,en,neutral,en,0.5,0.5,0.0,120
bigscience/bloom-1b7,4,side_aunt,6,1,en,neutral,hi,0.5,0.55,0.0072916805744171,120
bigscience/bloom-1b7,4,side_aunt,8,1,en,informative,bn,0.5083333333333333,1.0,0.2276041626930237,120
bigscience/bloom-1b7,4,side_aunt,8,1,en,informative,en,0.5,0.9833333333333332,0.0989583373069763,120
bigscience/bloom-1b7,4,side_aunt,8,1,en,informative,hi,0.4916666666666666,0.5416666666666666,0.0166666666666666,120
bigscience/bloom-1b7,4,side_aunt,8,1,en,neutral,bn,0.5,0.9833333333333332,0.1588541905085246,120
bigscience/bloom-1b7,4,side_aunt,8,1,en,neutral,en,0.5,0.5,0.0,120
bigscience/bloom-1b7,4,side_aunt,8,1,en,neutral,hi,0.5,0.575,0.0088542024294535,120
bigscience/bloom-1b7,4,side_aunt,10,1,en,informative,bn,0.5083333333333333,0.9833333333333332,0.1963541746139526,120
bigscience/bloom-1b7,4,side_aunt,10,1,en,informative,en,0.5,0.9416666666666668,0.1031250039736429,120
bigscience/bloom-1b7,4,side_aunt,10,1,en,informative,hi,0.4833333333333333,0.5416666666666666,0.0145833432674407,120
bigscience/bloom-1b7,4,side_aunt,10,1,en,neutral,bn,0.5,0.9166666666666666,0.1338541527589162,120
bigscience/bloom-1b7,4,side_aunt,10,1,en,neutral,en,0.5,0.5,0.0,120
bigscience/bloom-1b7,4,side_aunt,10,1,en,neutral,hi,0.5,0.575,0.0197916726271311,120
bigscience/bloom-1b7,4,side_aunt,12,1,en,informative,bn,0.5,0.9916666666666668,0.2052083373069763,120
bigscience/bloom-1b7,4,side_aunt,12,1,en,informative,en,0.5,0.9416666666666668,0.1020833333333333,120
bigscience/bloom-1b7,4,side_aunt,12,1,en,informative,hi,0.4916666666666666,0.5,0.0026041587193806,120
bigscience/bloom-1b7,4,side_aunt,12,1,en,neutral,bn,0.5,0.9333333333333332,0.143750003973643,120
bigscience/bloom-1b7,4,side_aunt,12,1,en,neutral,en,0.5,0.5,0.0,120
bigscience/bloom-1b7,4,side_aunt,12,1,en,neutral,hi,0.5,0.6416666666666667,0.0260416547457377,120
bigscience/bloom-1b7,4,side_aunt,12,4,en,informative,bn,0.5083333333333333,1.0,0.2354166626930237,120
bigscience/bloom-1b7,4,side_aunt,12,4,en,informative,en,0.5,0.8916666666666667,0.1062500119209289,120
bigscience/bloom-1b7,4,side_aunt,12,4,en,informative,hi,0.4916666666666666,0.5166666666666667,0.0130208333333333,120
bigscience/bloom-1b7,4,side_aunt,12,4,en,neutral,bn,0.5,0.9666666666666668,0.1609375059604644,120
bigscience/bloom-1b7,4,side_aunt,12,4,en,neutral,en,0.5,0.5,0.0,120
bigscience/bloom-1b7,4,side_aunt,12,4,en,neutral,hi,0.5,0.5916666666666667,0.0166666527589162,120
bigscience/bloom-1b7,4,side_aunt,14,1,en,informative,bn,0.5,0.9916666666666668,0.1958333253860473,120
bigscience/bloom-1b7,4,side_aunt,14,1,en,informative,en,0.5,0.9083333333333332,0.1010416785875956,120
bigscience/bloom-1b7,4,side_aunt,14,1,en,informative,hi,0.4833333333333333,0.5416666666666666,0.0098958253860473,120
bigscience/bloom-1b7,4,side_aunt,14,1,en,neutral,bn,0.5,0.9083333333333332,0.1322916766007741,120
bigscience/bloom-1b7,4,side_aunt,14,1,en,neutral,en,0.5,0.5,0.0,120
bigscience/bloom-1b7,4,side_aunt,14,1,en,neutral,hi,0.5,0.6,0.0281250059604644,120
bigscience/bloom-1b7,4,side_aunt,16,1,en,informative,bn,0.5,0.9916666666666668,0.1703125099341074,120
bigscience/bloom-1b7,4,side_aunt,16,1,en,informative,en,0.5,0.9333333333333332,0.1010416626930236,120
bigscience/bloom-1b7,4,side_aunt,16,1,en,informative,hi,0.4916666666666666,0.6,0.0218750059604644,120
bigscience/bloom-1b7,4,side_aunt,16,1,en,neutral,bn,0.5,0.8916666666666667,0.1156250139077504,120
bigscience/bloom-1b7,4,side_aunt,16,1,en,neutral,en,0.5,0.5,0.0,120
bigscience/bloom-1b7,4,side_aunt,16,1,en,neutral,hi,0.5,0.6333333333333333,0.0276041706403096,120
bigscience/bloom-1b7,4,side_aunt,18,1,en,informative,bn,0.5083333333333333,0.9833333333333332,0.1744791646798451,120
bigscience/bloom-1b7,4,side_aunt,18,1,en,informative,en,0.5,0.9166666666666666,0.0916666706403096,120
bigscience/bloom-1b7,4,side_aunt,18,1,en,informative,hi,0.4833333333333333,0.525,0.0177083333333333,120
bigscience/bloom-1b7,4,side_aunt,18,1,en,neutral,bn,0.5,0.9333333333333332,0.1286458333333333,120
bigscience/bloom-1b7,4,side_aunt,18,1,en,neutral,en,0.5,0.5,0.0,120
bigscience/bloom-1b7,4,side_aunt,18,1,en,neutral,hi,0.5,0.575,0.0156250119209289,120
bigscience/bloom-1b7,4,side_aunt,20,1,en,informative,bn,0.5083333333333333,0.9916666666666668,0.1802083373069763,120
bigscience/bloom-1b7,4,side_aunt,20,1,en,informative,en,0.5,0.8916666666666667,0.0812500039736429,120
bigscience/bloom-1b7,4,side_aunt,20,1,en,informative,hi,0.4833333333333333,0.5166666666666667,0.0151041785875956,120
bigscience/bloom-1b7,4,side_aunt,20,1,en,neutral,bn,0.5,0.9333333333333332,0.1432291527589162,120
bigscience/bloom-1b7,4,side_aunt,20,1,en,neutral,en,0.5,0.5,0.0,120
bigscience/bloom-1b7,4,side_aunt,20,1,en,neutral,hi,0.5,0.6333333333333333,0.0249999940395355,120
bigscience/bloom-1b7,4,side_aunt,22,1,en,informative,bn,0.5083333333333333,1.0,0.1916666746139526,120
bigscience/bloom-1b7,4,side_aunt,22,1,en,informative,en,0.5,0.875,0.0750000039736429,120
bigscience/bloom-1b7,4,side_aunt,22,1,en,informative,hi,0.475,0.4916666666666666,0.006249984105428,120
bigscience/bloom-1b7,4,side_aunt,22,1,en,neutral,bn,0.5,0.975,0.1526041607062022,120
bigscience/bloom-1b7,4,side_aunt,22,1,en,neutral,en,0.5,0.5,0.0,120
bigscience/bloom-1b7,4,side_aunt,22,1,en,neutral,hi,0.5,0.5666666666666667,0.0093749980131785,120
bigscience/bloom-1b7,4,gender,0,1,bn,informative,bn,0.5,1.0,0.3479166567325592,120
bigscience/bloom-1b7,4,gender,0,1,bn,informative,en,0.6833333333333333,1.0,0.865625,120
bigscience/bloom-1b7,4,gender,0,1,bn,informative,hi,0.5,0.7,0.0661458353201548,120
bigscience/bloom-1b7,4,gender,0,1,bn,neutral,bn,0.5,1.0,0.248437496026357,120
bigscience/bloom-1b7,4,gender,0,1,bn,neutral,en,0.6833333333333333,1.0,0.8354166666666667,120
bigscience/bloom-1b7,4,gender,0,1,bn,neutral,hi,0.5,1.0,0.2354166686534881,120
bigscience/bloom-1b7,4,gender,2,1,bn,informative,bn,0.5,1.0,0.4645833293596903,120
bigscience/bloom-1b7,4,gender,2,1,bn,informative,en,0.6833333333333333,1.0,0.8697916587193807,120
bigscience/bloom-1b7,4,gender,2,1,bn,informative,hi,0.5,0.7333333333333333,0.0723958353201548,120
bigscience/bloom-1b7,4,gender,2,1,bn,neutral,bn,0.5,1.0,0.3463541626930236,120
bigscience/bloom-1b7,4,gender,2,1,bn,neutral,en,0.6833333333333333,1.0,0.837500003973643,120
bigscience/bloom-1b7,4,gender,2,1,bn,neutral,hi,0.5,1.0,0.2374999980131785,120
bigscience/bloom-1b7,4,gender,4,1,bn,informative,bn,0.5,1.0,0.2994791487852732,120
bigscience/bloom-1b7,4,gender,4,1,bn,informative,en,0.675,1.0,0.8791666746139526,120
bigscience/bloom-1b7,4,gender,4,1,bn,informative,hi,0.5,0.7166666666666667,0.0723958253860473,120
bigscience/bloom-1b7,4,gender,4,1,bn,neutral,bn,0.5,1.0,0.2041666626930237,120
bigscience/bloom-1b7,4,gender,4,1,bn,neutral,en,0.675,1.0,0.8541666746139527,120
bigscience/bloom-1b7,4,gender,4,1,bn,neutral,hi,0.5,1.0,0.2432291666666666,120
bigscience/bloom-1b7,4,gender,6,1,bn,informative,bn,0.5,1.0,0.3213541885217031,120
bigscience/bloom-1b7,4,gender,6,1,bn,informative,en,0.6833333333333333,1.0,0.862499996026357,120
bigscience/bloom-1b7,4,gender,6,1,bn,informative,hi,0.5,0.7416666666666667,0.0828125019868215,120
bigscience/bloom-1b7,4,gender,6,1,bn,neutral,bn,0.5,1.0,0.221875,120
bigscience/bloom-1b7,4,gender,6,1,bn,neutral,en,0.6833333333333333,1.0,0.837500003973643,120
bigscience/bloom-1b7,4,gender,6,1,bn,neutral,hi,0.5,1.0,0.2401041646798451,120
bigscience/bloom-1b7,4,gender,8,1,bn,informative,bn,0.5,1.0,0.3479166726271311,120
bigscience/bloom-1b7,4,gender,8,1,bn,informative,en,0.6833333333333333,1.0,0.868750007947286,120
bigscience/bloom-1b7,4,gender,8,1,bn,informative,hi,0.5,0.725,0.074999996026357,120
bigscience/bloom-1b7,4,gender,8,1,bn,neutral,bn,0.5,1.0,0.2312499980131785,120
bigscience/bloom-1b7,4,gender,8,1,bn,neutral,en,0.6833333333333333,1.0,0.8520833333333333,120
bigscience/bloom-1b7,4,gender,8,1,bn,neutral,hi,0.5,1.0,0.2395833333333333,120
bigscience/bloom-1b7,4,gender,10,1,bn,informative,bn,0.5,1.0,0.3984375059604644,120
bigscience/bloom-1b7,4,gender,10,1,bn,informative,en,0.6833333333333333,1.0,0.8864583452542623,120
bigscience/bloom-1b7,4,gender,10,1,bn,informative,hi,0.5,0.7083333333333334,0.0645833293596903,120
bigscience/bloom-1b7,4,gender,10,1,bn,neutral,bn,0.5,1.0,0.2604166587193807,120
bigscience/bloom-1b7,4,gender,10,1,bn,neutral,en,0.675,1.0,0.8666666706403097,120
bigscience/bloom-1b7,4,gender,10,1,bn,neutral,hi,0.5,1.0,0.2354166646798451,120
bigscience/bloom-1b7,4,gender,12,1,bn,informative,bn,0.5,1.0,0.3854166686534881,120
bigscience/bloom-1b7,4,gender,12,1,bn,informative,en,0.675,1.0,0.8770833214124044,120
bigscience/bloom-1b7,4,gender,12,1,bn,informative,hi,0.5,0.6916666666666667,0.0682291686534881,120
bigscience/bloom-1b7,4,gender,12,1,bn,neutral,bn,0.5,1.0,0.2598958452542623,120
bigscience/bloom-1b7,4,gender,12,1,bn,neutral,en,0.675,1.0,0.8510416706403097,120
bigscience/bloom-1b7,4,gender,12,1,bn,neutral,hi,0.5,1.0,0.2505208333333333,120
bigscience/bloom-1b7,4,gender,12,4,bn,informative,bn,0.5,1.0,0.384374988079071,120
bigscience/bloom-1b7,4,gender,12,4,bn,informative,en,0.675,1.0,0.9354166746139526,120
bigscience/bloom-1b7,4,gender,12,4,bn,informative,hi,0.5,0.7583333333333333,0.0786458313465118,120
bigscience/bloom-1b7,4,gender,12,4,bn,neutral,bn,0.5,1.0,0.2437500059604644,120
bigscience/bloom-1b7,4,gender,12,4,bn,neutral,en,0.675,1.0,0.9104166587193808,120
bigscience/bloom-1b7,4,gender,12,4,bn,neutral,hi,0.5,1.0,0.2473958373069763,120
bigscience/bloom-1b7,4,gender,14,1,bn,informative,bn,0.5,1.0,0.4223958313465118,120
bigscience/bloom-1b7,4,gender,14,1,bn,informative,en,0.6833333333333333,1.0,0.8822916706403097,120
bigscience/bloom-1b7,4,gender,14,1,bn,informative,hi,0.5,0.725,0.0786458313465118,120
bigscience/bloom-1b7,4,gender,14,1,bn,neutral,bn,0.5,1.0,0.279687507947286,120
bigscience/bloom-1b7,4,gender,14,1,bn,neutral,en,0.675,1.0,0.8583333333333333,120
bigscience/bloom-1b7,4,gender,14,1,bn,neutral,hi,0.5,1.0,0.2557291626930237,120
bigscience/bloom-1b7,4,gender,16,1,bn,informative,bn,0.5,1.0,0.3526041726271311,120
bigscience/bloom-1b7,4,gender,16,1,bn,informative,en,0.6833333333333333,1.0,0.875000015894572,120
bigscience/bloom-1b7,4,gender,16,1,bn,informative,hi,0.5,0.675,0.0723958333333333,120
bigscience/bloom-1b7,4,gender,16,1,bn,neutral,bn,0.5,1.0,0.2171874900658925,120
bigscience/bloom-1b7,4,gender,16,1,bn,neutral,en,0.6833333333333333,1.0,0.834374996026357,120
bigscience/bloom-1b7,4,gender,16,1,bn,neutral,hi,0.5,1.0,0.2364583353201548,120
bigscience/bloom-1b7,4,gender,18,1,bn,informative,bn,0.5,1.0,0.3989583134651184,120
bigscience/bloom-1b7,4,gender,18,1,bn,informative,en,0.6833333333333333,1.0,0.8572916785875956,120
bigscience/bloom-1b7,4,gender,18,1,bn,informative,hi,0.5,0.7166666666666667,0.0828124940395355,120
bigscience/bloom-1b7,4,gender,18,1,bn,neutral,bn,0.5,1.0,0.2520833432674408,120
bigscience/bloom-1b7,4,gender,18,1,bn,neutral,en,0.6833333333333333,1.0,0.8447916666666667,120
bigscience/bloom-1b7,4,gender,18,1,bn,neutral,hi,0.5,1.0,0.2484374940395355,120
bigscience/bloom-1b7,4,gender,20,1,bn,informative,bn,0.5,1.0,0.3687500158945719,120
bigscience/bloom-1b7,4,gender,20,1,bn,informative,en,0.6916666666666667,1.0,0.8385416547457377,120
bigscience/bloom-1b7,4,gender,20,1,bn,informative,hi,0.5,0.7083333333333334,0.0776041646798451,120
bigscience/bloom-1b7,4,gender,20,1,bn,neutral,bn,0.5,0.9916666666666668,0.2197916587193807,120
bigscience/bloom-1b7,4,gender,20,1,bn,neutral,en,0.6916666666666667,1.0,0.8177083333333334,120
bigscience/bloom-1b7,4,gender,20,1,bn,neutral,hi,0.5,1.0,0.2494791607062021,120
bigscience/bloom-1b7,4,gender,22,1,bn,informative,bn,0.5,1.0,0.3588541666666666,120
bigscience/bloom-1b7,4,gender,22,1,bn,informative,en,0.6833333333333333,1.0,0.8416666746139526,120
bigscience/bloom-1b7,4,gender,22,1,bn,informative,hi,0.5,0.6833333333333333,0.0703125,120
bigscience/bloom-1b7,4,gender,22,1,bn,neutral,bn,0.5,0.9916666666666668,0.2119791607062021,120
bigscience/bloom-1b7,4,gender,22,1,bn,neutral,en,0.675,1.0,0.8177083373069763,120
bigscience/bloom-1b7,4,gender,22,1,bn,neutral,hi,0.5,1.0,0.237500003973643,120
bigscience/bloom-1b7,4,gender,0,1,hi,informative,bn,0.5,1.0,0.4119791726271311,120
bigscience/bloom-1b7,4,gender,0,1,hi,informative,en,0.6833333333333333,1.0,0.8552083333333333,120
bigscience/bloom-1b7,4,gender,0,1,hi,informative,hi,0.5,0.7416666666666667,0.0854166547457377,120
bigscience/bloom-1b7,4,gender,0,1,hi,neutral,bn,0.5,1.0,0.270312496026357,120
bigscience/bloom-1b7,4,gender,0,1,hi,neutral,en,0.6916666666666667,1.0,0.8427083373069764,120
bigscience/bloom-1b7,4,gender,0,1,hi,neutral,hi,0.5,1.0,0.2572916646798451,120
bigscience/bloom-1b7,4,gender,2,1,hi,informative,bn,0.5,1.0,0.4151041845480601,120
bigscience/bloom-1b7,4,gender,2,1,hi,informative,en,0.6916666666666667,1.0,0.8614583412806193,120
bigscience/bloom-1b7,4,gender,2,1,hi,informative,hi,0.5,0.7166666666666667,0.0770833293596903,120
bigscience/bloom-1b7,4,gender,2,1,hi,neutral,bn,0.5,1.0,0.2640625019868215,120
bigscience/bloom-1b7,4,gender,2,1,hi,neutral,en,0.675,1.0,0.840625003973643,120
bigscience/bloom-1b7,4,gender,2,1,hi,neutral,hi,0.5,1.0,0.2416666666666666,120
bigscience/bloom-1b7,4,gender,4,1,hi,informative,bn,0.5,1.0,0.4213541785875956,120
bigscience/bloom-1b7,4,gender,4,1,hi,informative,en,0.675,1.0,0.8666666587193806,120
bigscience/bloom-1b7,4,gender,4,1,hi,informative,hi,0.5,0.7416666666666667,0.1005208432674407,120
bigscience/bloom-1b7,4,gender,4,1,hi,neutral,bn,0.5,1.0,0.2666666845480601,120
bigscience/bloom-1b7,4,gender,4,1,hi,neutral,en,0.6916666666666667,1.0,0.846874984105428,120
bigscience/bloom-1b7,4,gender,4,1,hi,neutral,hi,0.5,1.0,0.2671875019868215,120
bigscience/bloom-1b7,4,gender,6,1,hi,informative,bn,0.5,1.0,0.4041666626930237,120
bigscience/bloom-1b7,4,gender,6,1,hi,informative,en,0.6833333333333333,1.0,0.871875007947286,120
bigscience/bloom-1b7,4,gender,6,1,hi,informative,hi,0.5,0.7666666666666667,0.0958333273728688,120
bigscience/bloom-1b7,4,gender,6,1,hi,neutral,bn,0.5,1.0,0.2677083134651184,120
bigscience/bloom-1b7,4,gender,6,1,hi,neutral,en,0.7,1.0,0.8614583412806193,120
bigscience/bloom-1b7,4,gender,6,1,hi,neutral,hi,0.5,1.0,0.2619791666666666,120
bigscience/bloom-1b7,4,gender,8,1,hi,informative,bn,0.5,1.0,0.4135416885217031,120
bigscience/bloom-1b7,4,gender,8,1,hi,informative,en,0.6833333333333333,1.0,0.8729166666666667,120
bigscience/bloom-1b7,4,gender,8,1,hi,informative,hi,0.5,0.6666666666666666,0.0567708313465118,120
bigscience/bloom-1b7,4,gender,8,1,hi,neutral,bn,0.5,1.0,0.2682291567325592,120
bigscience/bloom-1b7,4,gender,8,1,hi,neutral,en,0.6916666666666667,1.0,0.840625,120
bigscience/bloom-1b7,4,gender,8,1,hi,neutral,hi,0.5,1.0,0.2458333373069763,120
bigscience/bloom-1b7,4,gender,10,1,hi,informative,bn,0.5,1.0,0.4203125158945719,120
bigscience/bloom-1b7,4,gender,10,1,hi,informative,en,0.6916666666666667,1.0,0.878124996026357,120
bigscience/bloom-1b7,4,gender,10,1,hi,informative,hi,0.5,0.7583333333333333,0.0885416686534881,120
bigscience/bloom-1b7,4,gender,10,1,hi,neutral,bn,0.5,1.0,0.2687500059604645,120
bigscience/bloom-1b7,4,gender,10,1,hi,neutral,en,0.7,1.0,0.8354166666666667,120
bigscience/bloom-1b7,4,gender,10,1,hi,neutral,hi,0.5,1.0,0.2666666706403096,120
bigscience/bloom-1b7,4,gender,12,1,hi,informative,bn,0.5,1.0,0.4083333333333333,120
bigscience/bloom-1b7,4,gender,12,1,hi,informative,en,0.6916666666666667,1.0,0.8614583333333333,120
bigscience/bloom-1b7,4,gender,12,1,hi,informative,hi,0.5,0.7666666666666667,0.0958333353201548,120
bigscience/bloom-1b7,4,gender,12,1,hi,neutral,bn,0.5,1.0,0.2630208233992259,120
bigscience/bloom-1b7,4,gender,12,1,hi,neutral,en,0.6833333333333333,1.0,0.83125,120
bigscience/bloom-1b7,4,gender,12,1,hi,neutral,hi,0.5,1.0,0.2645833333333333,120
bigscience/bloom-1b7,4,gender,12,4,hi,informative,bn,0.5,1.0,0.4067708492279053,120
bigscience/bloom-1b7,4,gender,12,4,hi,informative,en,0.675,1.0,0.878125,120
bigscience/bloom-1b7,4,gender,12,4,hi,informative,hi,0.5,0.8083333333333333,0.1151041706403096,120
bigscience/bloom-1b7,4,gender,12,4,hi,neutral,bn,0.5,1.0,0.2708333253860474,120
bigscience/bloom-1b7,4,gender,12,4,hi,neutral,en,0.675,1.0,0.853124996026357,120
bigscience/bloom-1b7,4,gender,12,4,hi,neutral,hi,0.5,1.0,0.2833333333333333,120
bigscience/bloom-1b7,4,gender,14,1,hi,informative,bn,0.5,1.0,0.4229166666666666,120
bigscience/bloom-1b7,4,gender,14,1,hi,informative,en,0.7,1.0,0.8583333174387614,120
bigscience/bloom-1b7,4,gender,14,1,hi,informative,hi,0.5,0.8583333333333333,0.1286458392937978,120
bigscience/bloom-1b7,4,gender,14,1,hi,neutral,bn,0.5,1.0,0.2645833214124043,120
bigscience/bloom-1b7,4,gender,14,1,hi,neutral,en,0.7166666666666667,1.0,0.8427083373069764,120
bigscience/bloom-1b7,4,gender,14,1,hi,neutral,hi,0.5,1.0,0.2854166706403097,120
bigscience/bloom-1b7,4,gender,16,1,hi,informative,bn,0.5,1.0,0.424999996026357,120
bigscience/bloom-1b7,4,gender,16,1,hi,informative,en,0.6833333333333333,1.0,0.8354166706403097,120
bigscience/bloom-1b7,4,gender,16,1,hi,informative,hi,0.5,0.7666666666666667,0.0869791626930236,120
bigscience/bloom-1b7,4,gender,16,1,hi,neutral,bn,0.5,1.0,0.2645833353201548,120
bigscience/bloom-1b7,4,gender,16,1,hi,neutral,en,0.6916666666666667,1.0,0.8208333333333333,120
bigscience/bloom-1b7,4,gender,16,1,hi,neutral,hi,0.5,1.0,0.2499999980131785,120
bigscience/bloom-1b7,4,gender,18,1,hi,informative,bn,0.5,1.0,0.4192708373069763,120
bigscience/bloom-1b7,4,gender,18,1,hi,informative,en,0.6666666666666666,1.0,0.8145833253860474,120
bigscience/bloom-1b7,4,gender,18,1,hi,informative,hi,0.5,0.6666666666666666,0.0520833253860473,120
bigscience/bloom-1b7,4,gender,18,1,hi,neutral,bn,0.5,1.0,0.2682291547457377,120
bigscience/bloom-1b7,4,gender,18,1,hi,neutral,en,0.675,1.0,0.800000003973643,120
bigscience/bloom-1b7,4,gender,18,1,hi,neutral,hi,0.5,1.0,0.2088541666666666,120
bigscience/bloom-1b7,4,gender,20,1,hi,informative,bn,0.5,1.0,0.4203125337759654,120
bigscience/bloom-1b7,4,gender,20,1,hi,informative,en,0.6666666666666666,1.0,0.7458333293596904,120
bigscience/bloom-1b7,4,gender,20,1,hi,informative,hi,0.5,0.575,0.0359375059604644,120
bigscience/bloom-1b7,4,gender,20,1,hi,neutral,bn,0.5,1.0,0.271875,120
bigscience/bloom-1b7,4,gender,20,1,hi,neutral,en,0.6666666666666666,1.0,0.740625003973643,120
bigscience/bloom-1b7,4,gender,20,1,hi,neutral,hi,0.5,1.0,0.2072916646798451,120
bigscience/bloom-1b7,4,gender,22,1,hi,informative,bn,0.5,1.0,0.3994791646798452,120
bigscience/bloom-1b7,4,gender,22,1,hi,informative,en,0.6666666666666666,1.0,0.7968749920527141,120
bigscience/bloom-1b7,4,gender,22,1,hi,informative,hi,0.5,0.6083333333333333,0.0296874980131785,120
bigscience/bloom-1b7,4,gender,22,1,hi,neutral,bn,0.5,1.0,0.2536458253860473,120
bigscience/bloom-1b7,4,gender,22,1,hi,neutral,en,0.675,1.0,0.7791666666666667,120
bigscience/bloom-1b7,4,gender,22,1,hi,neutral,hi,0.5,1.0,0.1958333293596903,120
bigscience/bloom-1b7,4,gender,0,1,en,informative,bn,0.5,1.0,0.4119791507720947,120
bigscience/bloom-1b7,4,gender,0,1,en,informative,en,0.6833333333333333,1.0,0.874999984105428,120
bigscience/bloom-1b7,4,gender,0,1,en,informative,hi,0.5,0.7166666666666667,0.0770833313465118,120
bigscience/bloom-1b7,4,gender,0,1,en,neutral,bn,0.5,1.0,0.2635416845480601,120
bigscience/bloom-1b7,4,gender,0,1,en,neutral,en,0.6833333333333333,1.0,0.853125,120
bigscience/bloom-1b7,4,gender,0,1,en,neutral,hi,0.5,1.0,0.2369791686534881,120
bigscience/bloom-1b7,4,gender,2,1,en,informative,bn,0.5,1.0,0.4255208214124044,120
bigscience/bloom-1b7,4,gender,2,1,en,informative,en,0.7166666666666667,1.0,0.9166666666666666,120
bigscience/bloom-1b7,4,gender,2,1,en,informative,hi,0.5,0.675,0.0677083373069763,120
bigscience/bloom-1b7,4,gender,2,1,en,neutral,bn,0.5,1.0,0.2692708333333333,120
bigscience/bloom-1b7,4,gender,2,1,en,neutral,en,0.75,1.0,0.8822916626930237,120
bigscience/bloom-1b7,4,gender,2,1,en,neutral,hi,0.5,1.0,0.2385416626930236,120
bigscience/bloom-1b7,4,gender,4,1,en,informative,bn,0.5,1.0,0.4239583532015482,120
bigscience/bloom-1b7,4,gender,4,1,en,informative,en,0.725,1.0,0.912499996026357,120
bigscience/bloom-1b7,4,gender,4,1,en,informative,hi,0.5,0.725,0.0718750059604644,120
bigscience/bloom-1b7,4,gender,4,1,en,neutral,bn,0.5,1.0,0.2697916766007741,120
bigscience/bloom-1b7,4,gender,4,1,en,neutral,en,0.7166666666666667,1.0,0.874999996026357,120
bigscience/bloom-1b7,4,gender,4,1,en,neutral,hi,0.5,1.0,0.2401041726271311,120
bigscience/bloom-1b7,4,gender,6,1,en,informative,bn,0.5,1.0,0.4411458750565847,120
bigscience/bloom-1b7,4,gender,6,1,en,informative,en,0.6916666666666667,1.0,0.8260416547457378,120
bigscience/bloom-1b7,4,gender,6,1,en,informative,hi,0.5,0.7,0.0786458333333333,120
bigscience/bloom-1b7,4,gender,6,1,en,neutral,bn,0.5,1.0,0.271354188521703,120
bigscience/bloom-1b7,4,gender,6,1,en,neutral,en,0.6833333333333333,1.0,0.7812499880790711,120
bigscience/bloom-1b7,4,gender,6,1,en,neutral,hi,0.5,1.0,0.2442708313465118,120
bigscience/bloom-1b7,4,gender,8,1,en,informative,bn,0.5,1.0,0.426562503973643,120
bigscience/bloom-1b7,4,gender,8,1,en,informative,en,0.7083333333333334,1.0,0.8458333373069763,120
bigscience/bloom-1b7,4,gender,8,1,en,informative,hi,0.5,0.75,0.0796875,120
bigscience/bloom-1b7,4,gender,8,1,en,neutral,bn,0.5,1.0,0.2770833214124044,120
bigscience/bloom-1b7,4,gender,8,1,en,neutral,en,0.7083333333333334,1.0,0.7895833333333333,120
bigscience/bloom-1b7,4,gender,8,1,en,neutral,hi,0.5,1.0,0.2463541646798451,120
bigscience/bloom-1b7,4,gender,10,1,en,informative,bn,0.5,1.0,0.4359375218550364,120
bigscience/bloom-1b7,4,gender,10,1,en,informative,en,0.7,1.0,0.8416666785875956,120
bigscience/bloom-1b7,4,gender,10,1,en,informative,hi,0.5,0.7083333333333334,0.0781250019868215,120
bigscience/bloom-1b7,4,gender,10,1,en,neutral,bn,0.5,1.0,0.2692708333333333,120
bigscience/bloom-1b7,4,gender,10,1,en,neutral,en,0.6833333333333333,1.0,0.8239583333333333,120
bigscience/bloom-1b7,4,gender,10,1,en,neutral,hi,0.5,1.0,0.2416666666666666,120
bigscience/bloom-1b7,4,gender,12,1,en,informative,bn,0.5,1.0,0.4218750059604644,120
bigscience/bloom-1b7,4,gender,12,1,en,informative,en,0.7,1.0,0.8114583333333333,120
bigscience/bloom-1b7,4,gender,12,1,en,informative,hi,0.5,0.7083333333333334,0.0786458313465118,120
bigscience/bloom-1b7,4,gender,12,1,en,neutral,bn,0.5,1.0,0.2671875397364298,120
bigscience/bloom-1b7,4,gender,12,1,en,neutral,en,0.675,1.0,0.7770833293596904,120
bigscience/bloom-1b7,4,gender,12,1,en,neutral,hi,0.5,1.0,0.2432291646798451,120
bigscience/bloom-1b7,4,gender,12,4,en,informative,bn,0.5,1.0,0.4343749940395355,120
bigscience/bloom-1b7,4,gender,12,4,en,informative,en,0.675,1.0,0.5770833333333333,120
bigscience/bloom-1b7,4,gender,12,4,en,informative,hi,0.5,0.7166666666666667,0.0807291666666666,120
bigscience/bloom-1b7,4,gender,12,4,en,neutral,bn,0.5,1.0,0.2692708392937978,120
bigscience/bloom-1b7,4,gender,12,4,en,neutral,en,0.6583333333333333,1.0,0.521874996026357,120
bigscience/bloom-1b7,4,gender,12,4,en,neutral,hi,0.5,1.0,0.2411458313465118,120
bigscience/bloom-1b7,4,gender,14,1,en,informative,bn,0.5,1.0,0.4364583114782969,120
bigscience/bloom-1b7,4,gender,14,1,en,informative,en,0.75,1.0,0.7239583214124043,120
bigscience/bloom-1b7,4,gender,14,1,en,informative,hi,0.5,0.6666666666666666,0.0697916626930236,120
bigscience/bloom-1b7,4,gender,14,1,en,neutral,bn,0.5,1.0,0.2687500238418579,120
bigscience/bloom-1b7,4,gender,14,1,en,neutral,en,0.675,1.0,0.7083333333333334,120
bigscience/bloom-1b7,4,gender,14,1,en,neutral,hi,0.5,1.0,0.2333333273728688,120
bigscience/bloom-1b7,4,gender,16,1,en,informative,bn,0.5,1.0,0.3979166626930236,120
bigscience/bloom-1b7,4,gender,16,1,en,informative,en,0.6833333333333333,1.0,0.653124996026357,120
bigscience/bloom-1b7,4,gender,16,1,en,informative,hi,0.5,0.6916666666666667,0.0666666626930236,120
bigscience/bloom-1b7,4,gender,16,1,en,neutral,bn,0.5,1.0,0.2640625119209289,120
bigscience/bloom-1b7,4,gender,16,1,en,neutral,en,0.6833333333333333,1.0,0.6635416706403097,120
bigscience/bloom-1b7,4,gender,16,1,en,neutral,hi,0.5,1.0,0.2317708293596903,120
bigscience/bloom-1b7,4,gender,18,1,en,informative,bn,0.5,1.0,0.4083333373069763,120
bigscience/bloom-1b7,4,gender,18,1,en,informative,en,0.75,1.0,0.621875015894572,120
bigscience/bloom-1b7,4,gender,18,1,en,informative,hi,0.5,0.6166666666666667,0.0401041646798451,120
bigscience/bloom-1b7,4,gender,18,1,en,neutral,bn,0.5,1.0,0.2578125198682149,120
bigscience/bloom-1b7,4,gender,18,1,en,neutral,en,0.7333333333333333,1.0,0.6333333373069763,120
bigscience/bloom-1b7,4,gender,18,1,en,neutral,hi,0.5,1.0,0.2187499980131785,120
bigscience/bloom-1b7,4,gender,20,1,en,informative,bn,0.5,1.0,0.3994791805744171,120
bigscience/bloom-1b7,4,gender,20,1,en,informative,en,0.6916666666666667,1.0,0.7104166587193806,120
bigscience/bloom-1b7,4,gender,20,1,en,informative,hi,0.5,0.6666666666666666,0.0578125,120
bigscience/bloom-1b7,4,gender,20,1,en,neutral,bn,0.5,1.0,0.2583333591620127,120
bigscience/bloom-1b7,4,gender,20,1,en,neutral,en,0.7,1.0,0.7020833333333333,120
bigscience/bloom-1b7,4,gender,20,1,en,neutral,hi,0.5,1.0,0.2291666646798451,120
bigscience/bloom-1b7,4,gender,22,1,en,informative,bn,0.5,1.0,0.3791666607062022,120
bigscience/bloom-1b7,4,gender,22,1,en,informative,en,0.6916666666666667,1.0,0.731250003973643,120
bigscience/bloom-1b7,4,gender,22,1,en,informative,hi,0.5,0.7083333333333334,0.0729166607062021,120
bigscience/bloom-1b7,4,gender,22,1,en,neutral,bn,0.5,0.9916666666666668,0.2364583313465118,120
bigscience/bloom-1b7,4,gender,22,1,en,neutral,en,0.6916666666666667,1.0,0.696875,120
bigscience/bloom-1b7,4,gender,22,1,en,neutral,hi,0.5,1.0,0.2354166686534881,120
bigscience/bloom-1b7,4,side_aunt,0,1,random,informative,bn,0.5083333333333333,1.0,0.1916666845480601,120
bigscience/bloom-1b7,4,side_aunt,0,1,random,informative,en,0.5,0.8666666666666667,0.0802083373069763,120
bigscience/bloom-1b7,4,side_aunt,0,1,random,informative,hi,0.4666666666666667,0.475,-0.0010416547457377,120
bigscience/bloom-1b7,4,side_aunt,0,1,random,neutral,bn,0.5,0.9583333333333334,0.1515625,120
bigscience/bloom-1b7,4,side_aunt,0,1,random,neutral,en,0.5,0.5,0.0,120
bigscience/bloom-1b7,4,side_aunt,0,1,random,neutral,hi,0.5,0.55,0.0098958472410837,120
bigscience/bloom-1b7,4,gender,0,1,random,informative,bn,0.5,1.0,0.4182291567325592,120
bigscience/bloom-1b7,4,gender,0,1,random,informative,en,0.6833333333333333,1.0,0.8802083293596904,120
bigscience/bloom-1b7,4,gender,0,1,random,informative,hi,0.5,0.7166666666666667,0.0776041646798451,120
bigscience/bloom-1b7,4,gender,0,1,random,neutral,bn,0.5,1.0,0.2734374940395355,120
bigscience/bloom-1b7,4,gender,0,1,random,neutral,en,0.6916666666666667,1.0,0.846875003973643,120
bigscience/bloom-1b7,4,gender,0,1,random,neutral,hi,0.5,1.0,0.2395833353201548,120
bigscience/bloom-1b7,4,side_aunt,2,1,random,informative,bn,0.5,0.9833333333333332,0.1921875099341074,120
bigscience/bloom-1b7,4,side_aunt,2,1,random,informative,en,0.5,0.8,0.0750000039736429,120
bigscience/bloom-1b7,4,side_aunt,2,1,random,informative,hi,0.4583333333333333,0.5166666666666667,0.0026041666666666,120
bigscience/bloom-1b7,4,side_aunt,2,1,random,neutral,bn,0.5,0.95,0.151562492052714,120
bigscience/bloom-1b7,4,side_aunt,2,1,random,neutral,en,0.5,0.5,0.0,120
bigscience/bloom-1b7,4,side_aunt,2,1,random,neutral,hi,0.5,0.575,0.0135416547457377,120
bigscience/bloom-1b7,4,gender,2,1,random,informative,bn,0.5,1.0,0.4119791487852732,120
bigscience/bloom-1b7,4,gender,2,1,random,informative,en,0.6833333333333333,1.0,0.8635416785875957,120
bigscience/bloom-1b7,4,gender,2,1,random,informative,hi,0.5,0.725,0.0729166686534881,120
bigscience/bloom-1b7,4,gender,2,1,random,neutral,bn,0.5,1.0,0.2625000099341074,120
bigscience/bloom-1b7,4,gender,2,1,random,neutral,en,0.6833333333333333,1.0,0.8385416706403096,120
bigscience/bloom-1b7,4,gender,2,1,random,neutral,hi,0.5,1.0,0.2354166666666666,120
bigscience/bloom-1b7,4,side_aunt,4,1,random,informative,bn,0.5083333333333333,0.9833333333333332,0.2062499980131785,120
bigscience/bloom-1b7,4,side_aunt,4,1,random,informative,en,0.5,0.85,0.0812500079472859,120
bigscience/bloom-1b7,4,side_aunt,4,1,random,informative,hi,0.4833333333333333,0.5083333333333333,0.0130208512147267,120
bigscience/bloom-1b7,4,side_aunt,4,1,random,neutral,bn,0.5,0.9583333333333334,0.1567708353201548,120
bigscience/bloom-1b7,4,side_aunt,4,1,random,neutral,en,0.5,0.5,0.0,120
bigscience/bloom-1b7,4,side_aunt,4,1,random,neutral,hi,0.5,0.5833333333333334,0.0140624900658925,120
bigscience/bloom-1b7,4,gender,4,1,random,informative,bn,0.5,1.0,0.4135416666666666,120
bigscience/bloom-1b7,4,gender,4,1,random,informative,en,0.6833333333333333,1.0,0.8729166666666667,120
bigscience/bloom-1b7,4,gender,4,1,random,informative,hi,0.5,0.7333333333333333,0.0765625039736429,120
bigscience/bloom-1b7,4,gender,4,1,random,neutral,bn,0.5,1.0,0.2651041587193807,120
bigscience/bloom-1b7,4,gender,4,1,random,neutral,en,0.675,1.0,0.834374996026357,120
bigscience/bloom-1b7,4,gender,4,1,random,neutral,hi,0.5,1.0,0.2385416706403096,120
bigscience/bloom-1b7,4,side_aunt,6,1,random,informative,bn,0.5083333333333333,0.9833333333333332,0.1942708333333333,120
bigscience/bloom-1b7,4,side_aunt,6,1,random,informative,en,0.5,0.8166666666666667,0.0677083293596903,120
bigscience/bloom-1b7,4,side_aunt,6,1,random,informative,hi,0.4666666666666667,0.4916666666666666,-0.0010416587193806,120
bigscience/bloom-1b7,4,side_aunt,6,1,random,neutral,bn,0.5,0.95,0.1515625099341074,120
bigscience/bloom-1b7,4,side_aunt,6,1,random,neutral,en,0.5,0.5,0.0,120
bigscience/bloom-1b7,4,side_aunt,6,1,random,neutral,hi,0.5,0.5666666666666667,0.0156250079472859,120
bigscience/bloom-1b7,4,gender,6,1,random,informative,bn,0.5,1.0,0.4140625198682149,120
bigscience/bloom-1b7,4,gender,6,1,random,informative,en,0.6916666666666667,1.0,0.8770833293596904,120
bigscience/bloom-1b7,4,gender,6,1,random,informative,hi,0.5,0.7083333333333334,0.0734375,120
bigscience/bloom-1b7,4,gender,6,1,random,neutral,bn,0.5,1.0,0.2692708154519399,120
bigscience/bloom-1b7,4,gender,6,1,random,neutral,en,0.6833333333333333,1.0,0.840625,120
bigscience/bloom-1b7,4,gender,6,1,random,neutral,hi,0.5,1.0,0.237500003973643,120
bigscience/bloom-1b7,4,side_aunt,8,1,random,informative,bn,0.5083333333333333,0.9833333333333332,0.193749992052714,120
bigscience/bloom-1b7,4,side_aunt,8,1,random,informative,en,0.5,0.875,0.0833333333333333,120
bigscience/bloom-1b7,4,side_aunt,8,1,random,informative,hi,0.475,0.475,-0.0026041666666666,120
bigscience/bloom-1b7,4,side_aunt,8,1,random,neutral,bn,0.5,0.9666666666666668,0.1526041666666666,120
bigscience/bloom-1b7,4,side_aunt,8,1,random,neutral,en,0.5,0.5,0.0,120
bigscience/bloom-1b7,4,side_aunt,8,1,random,neutral,hi,0.5,0.5333333333333333,0.010937484105428,120
bigscience/bloom-1b7,4,gender,8,1,random,informative,bn,0.5,1.0,0.4265625,120
bigscience/bloom-1b7,4,gender,8,1,random,informative,en,0.6833333333333333,1.0,0.8593750119209289,120
bigscience/bloom-1b7,4,gender,8,1,random,informative,hi,0.5,0.7083333333333334,0.0718749940395355,120
bigscience/bloom-1b7,4,gender,8,1,random,neutral,bn,0.5,1.0,0.2651041607062022,120
bigscience/bloom-1b7,4,gender,8,1,random,neutral,en,0.6833333333333333,1.0,0.8437499920527141,120
bigscience/bloom-1b7,4,gender,8,1,random,neutral,hi,0.5,1.0,0.2432291646798451,120
bigscience/bloom-1b7,4,side_aunt,10,1,random,informative,bn,0.5083333333333333,0.9916666666666668,0.2057291646798451,120
bigscience/bloom-1b7,4,side_aunt,10,1,random,informative,en,0.5,0.85,0.0802083373069763,120
bigscience/bloom-1b7,4,side_aunt,10,1,random,informative,hi,0.4583333333333333,0.525,0.0145833512147267,120
bigscience/bloom-1b7,4,side_aunt,10,1,random,neutral,bn,0.5,0.9583333333333334,0.1546874900658925,120
bigscience/bloom-1b7,4,side_aunt,10,1,random,neutral,en,0.5,0.5,0.0,120
bigscience/bloom-1b7,4,side_aunt,10,1,random,neutral,hi,0.5,0.575,0.0140625,120
bigscience/bloom-1b7,4,gender,10,1,random,informative,bn,0.5,1.0,0.4151041805744171,120
bigscience/bloom-1b7,4,gender,10,1,random,informative,en,0.6833333333333333,1.0,0.871875015894572,120
bigscience/bloom-1b7,4,gender,10,1,random,informative,hi,0.5,0.6916666666666667,0.0750000039736429,120
bigscience/bloom-1b7,4,gender,10,1,random,neutral,bn,0.5,1.0,0.2598958313465118,120
bigscience/bloom-1b7,4,gender,10,1,random,neutral,en,0.675,1.0,0.8416666666666667,120
bigscience/bloom-1b7,4,gender,10,1,random,neutral,hi,0.5,1.0,0.2416666626930236,120
bigscience/bloom-1b7,4,side_aunt,12,1,random,informative,bn,0.5083333333333333,0.9916666666666668,0.2036458373069763,120
bigscience/bloom-1b7,4,side_aunt,12,1,random,informative,en,0.5,0.8416666666666667,0.0750000039736429,120
bigscience/bloom-1b7,4,side_aunt,12,1,random,informative,hi,0.4583333333333333,0.5333333333333333,0.0177083214124043,120
bigscience/bloom-1b7,4,side_aunt,12,1,random,neutral,bn,0.5,0.9583333333333334,0.1531250059604644,120
bigscience/bloom-1b7,4,side_aunt,12,1,random,neutral,en,0.5,0.5,0.0,120
bigscience/bloom-1b7,4,side_aunt,12,1,random,neutral,hi,0.5,0.5583333333333333,0.005729192495346,120
bigscience/bloom-1b7,4,gender,12,1,random,informative,bn,0.5,1.0,0.4135416547457377,120
bigscience/bloom-1b7,4,gender,12,1,random,informative,en,0.6833333333333333,1.0,0.8614583333333333,120
bigscience/bloom-1b7,4,gender,12,1,random,informative,hi,0.5,0.7,0.0703124980131785,120
bigscience/bloom-1b7,4,gender,12,1,random,neutral,bn,0.5,1.0,0.2619791547457377,120
bigscience/bloom-1b7,4,gender,12,1,random,neutral,en,0.6833333333333333,1.0,0.840625007947286,120
bigscience/bloom-1b7,4,gender,12,1,random,neutral,hi,0.5,1.0,0.2380208313465118,120
bigscience/bloom-1b7,4,side_aunt,12,4,random,informative,bn,0.5083333333333333,0.9833333333333332,0.2020833273728688,120
bigscience/bloom-1b7,4,side_aunt,12,4,random,informative,en,0.5,0.8583333333333333,0.0770833253860473,120
bigscience/bloom-1b7,4,side_aunt,12,4,random,informative,hi,0.4833333333333333,0.4916666666666666,0.0041666706403096,120
bigscience/bloom-1b7,4,side_aunt,12,4,random,neutral,bn,0.5,0.975,0.1531249860922495,120
bigscience/bloom-1b7,4,side_aunt,12,4,random,neutral,en,0.5,0.5,0.0,120
bigscience/bloom-1b7,4,side_aunt,12,4,random,neutral,hi,0.5,0.5833333333333334,0.0052083432674407,120
bigscience/bloom-1b7,4,gender,12,4,random,informative,bn,0.5,1.0,0.4062499980131785,120
bigscience/bloom-1b7,4,gender,12,4,random,informative,en,0.6833333333333333,1.0,0.8729166587193807,120
bigscience/bloom-1b7,4,gender,12,4,random,informative,hi,0.5,0.7,0.0718749980131785,120
bigscience/bloom-1b7,4,gender,12,4,random,neutral,bn,0.5,1.0,0.2614583373069763,120
bigscience/bloom-1b7,4,gender,12,4,random,neutral,en,0.675,1.0,0.846875,120
bigscience/bloom-1b7,4,gender,12,4,random,neutral,hi,0.5,1.0,0.2520833273728688,120
bigscience/bloom-1b7,4,side_aunt,14,1,random,informative,bn,0.5,0.975,0.1817708392937978,120
bigscience/bloom-1b7,4,side_aunt,14,1,random,informative,en,0.5,0.9083333333333332,0.0916666666666666,120
bigscience/bloom-1b7,4,side_aunt,14,1,random,informative,hi,0.4583333333333333,0.4916666666666666,0.0005208373069763,120
bigscience/bloom-1b7,4,side_aunt,14,1,random,neutral,bn,0.5,0.975,0.1494791706403096,120
bigscience/bloom-1b7,4,side_aunt,14,1,random,neutral,en,0.5,0.5,0.0,120
bigscience/bloom-1b7,4,side_aunt,14,1,random,neutral,hi,0.5,0.55,0.0119791865348815,120
bigscience/bloom-1b7,4,gender,14,1,random,informative,bn,0.5,1.0,0.4151041825612386,120
bigscience/bloom-1b7,4,gender,14,1,random,informative,en,0.6833333333333333,1.0,0.8708333253860474,120
bigscience/bloom-1b7,4,gender,14,1,random,informative,hi,0.5,0.7333333333333333,0.070312496026357,120
bigscience/bloom-1b7,4,gender,14,1,random,neutral,bn,0.5,0.9916666666666668,0.2666666944821675,120
bigscience/bloom-1b7,4,gender,14,1,random,neutral,en,0.6833333333333333,1.0,0.8500000079472859,120
bigscience/bloom-1b7,4,gender,14,1,random,neutral,hi,0.5,1.0,0.2369791746139526,120
bigscience/bloom-1b7,4,side_aunt,16,1,random,informative,bn,0.5083333333333333,0.9916666666666668,0.1958333412806193,120
bigscience/bloom-1b7,4,side_aunt,16,1,random,informative,en,0.5,0.8333333333333334,0.0770833333333333,120
bigscience/bloom-1b7,4,side_aunt,16,1,random,informative,hi,0.4833333333333333,0.4833333333333333,0.0062500139077504,120
bigscience/bloom-1b7,4,side_aunt,16,1,random,neutral,bn,0.5,0.9666666666666668,0.1510416726271311,120
bigscience/bloom-1b7,4,side_aunt,16,1,random,neutral,en,0.5,0.5,0.0,120
bigscience/bloom-1b7,4,side_aunt,16,1,random,neutral,hi,0.5,0.55,0.0088541646798451,120
bigscience/bloom-1b7,4,gender,16,1,random,informative,bn,0.5,1.0,0.4223958472410837,120
bigscience/bloom-1b7,4,gender,16,1,random,informative,en,0.6833333333333333,1.0,0.871874996026357,120
bigscience/bloom-1b7,4,gender,16,1,random,informative,hi,0.5,0.7,0.0765624980131785,120
bigscience/bloom-1b7,4,gender,16,1,random,neutral,bn,0.5,1.0,0.2666666785875956,120
bigscience/bloom-1b7,4,gender,16,1,random,neutral,en,0.675,1.0,0.8447916587193807,120
bigscience/bloom-1b7,4,gender,16,1,random,neutral,hi,0.5,1.0,0.2395833432674408,120
bigscience/bloom-1b7,4,side_aunt,18,1,random,informative,bn,0.5083333333333333,1.0,0.1869791726271311,120
bigscience/bloom-1b7,4,side_aunt,18,1,random,informative,en,0.5,0.8666666666666667,0.078124996026357,120
bigscience/bloom-1b7,4,side_aunt,18,1,random,informative,hi,0.475,0.4916666666666666,0.0109375,120
bigscience/bloom-1b7,4,side_aunt,18,1,random,neutral,bn,0.5,0.9416666666666668,0.1510416726271311,120
bigscience/bloom-1b7,4,side_aunt,18,1,random,neutral,en,0.5,0.5,0.0,120
bigscience/bloom-1b7,4,side_aunt,18,1,random,neutral,hi,0.5,0.575,0.0104166706403096,120
bigscience/bloom-1b7,4,gender,18,1,random,informative,bn,0.5,1.0,0.4171874940395355,120
bigscience/bloom-1b7,4,gender,18,1,random,informative,en,0.6833333333333333,1.0,0.874999980131785,120
bigscience/bloom-1b7,4,gender,18,1,random,informative,hi,0.5,0.7083333333333334,0.0729166646798451,120
bigscience/bloom-1b7,4,gender,18,1,random,neutral,bn,0.5,1.0,0.2635416587193807,120
bigscience/bloom-1b7,4,gender,18,1,random,neutral,en,0.7,1.0,0.8458333293596904,120
bigscience/bloom-1b7,4,gender,18,1,random,neutral,hi,0.5,1.0,0.2442708293596903,120
bigscience/bloom-1b7,4,side_aunt,20,1,random,informative,bn,0.5083333333333333,1.0,0.1984375079472859,120
bigscience/bloom-1b7,4,side_aunt,20,1,random,informative,en,0.5,0.8583333333333333,0.0781250039736429,120
bigscience/bloom-1b7,4,side_aunt,20,1,random,informative,hi,0.4666666666666667,0.5166666666666667,0.0098958293596903,120
bigscience/bloom-1b7,4,side_aunt,20,1,random,neutral,bn,0.5,0.95,0.1552083273728688,120
bigscience/bloom-1b7,4,side_aunt,20,1,random,neutral,en,0.5,0.5,0.0,120
bigscience/bloom-1b7,4,side_aunt,20,1,random,neutral,hi,0.5,0.5333333333333333,0.0052083392937978,120
bigscience/bloom-1b7,4,gender,20,1,random,informative,bn,0.5,1.0,0.4156249781449636,120
bigscience/bloom-1b7,4,gender,20,1,random,informative,en,0.7083333333333334,1.0,0.8833333094914754,120
bigscience/bloom-1b7,4,gender,20,1,random,informative,hi,0.5,0.7083333333333334,0.0765624940395355,120
bigscience/bloom-1b7,4,gender,20,1,random,neutral,bn,0.5,1.0,0.2651041845480601,120
bigscience/bloom-1b7,4,gender,20,1,random,neutral,en,0.7,1.0,0.856250007947286,120
bigscience/bloom-1b7,4,gender,20,1,random,neutral,hi,0.5,1.0,0.2348958333333333,120
bigscience/bloom-1b7,4,side_aunt,22,1,random,informative,bn,0.5083333333333333,0.9833333333333332,0.1869791666666666,120
bigscience/bloom-1b7,4,side_aunt,22,1,random,informative,en,0.5,0.7916666666666666,0.068749996026357,120
bigscience/bloom-1b7,4,side_aunt,22,1,random,informative,hi,0.45,0.5333333333333333,0.0119791646798451,120
bigscience/bloom-1b7,4,side_aunt,22,1,random,neutral,bn,0.5,0.9416666666666668,0.1458333293596903,120
bigscience/bloom-1b7,4,side_aunt,22,1,random,neutral,en,0.5,0.5,0.0,120
bigscience/bloom-1b7,4,side_aunt,22,1,random,neutral,hi,0.4916666666666666,0.55,0.0093750158945719,120
bigscience/bloom-1b7,4,gender,22,1,random,informative,bn,0.5,1.0,0.4151041487852732,120
bigscience/bloom-1b7,4,gender,22,1,random,informative,en,0.6916666666666667,1.0,0.868750003973643,120
bigscience/bloom-1b7,4,gender,22,1,random,informative,hi,0.5,0.7083333333333334,0.0755208373069763,120
bigscience/bloom-1b7,4,gender,22,1,random,neutral,bn,0.5,1.0,0.2651041706403096,120
bigscience/bloom-1b7,4,gender,22,1,random,neutral,en,0.6833333333333333,1.0,0.8416666626930237,120
bigscience/bloom-1b7,4,gender,22,1,random,neutral,hi,0.5,1.0,0.2401041666666666,120
bigscience/bloom-560m,0,side_aunt,-1,0,none,informative,bn,0.6666666666666666,1.0,1.2953679402669271,120
bigscience/bloom-560m,0,side_aunt,-1,0,none,informative,en,0.5,0.6166666666666667,0.0146575927734375,120
bigscience/bloom-560m,0,side_aunt,-1,0,none,informative,hi,0.825,1.0,0.9598173767328262,120
bigscience/bloom-560m,0,side_aunt,-1,0,none,neutral,bn,0.5083333333333333,1.0,0.6388139625390371,120
bigscience/bloom-560m,0,side_aunt,-1,0,none,neutral,en,0.5,0.5,0.0,120
bigscience/bloom-560m,0,side_aunt,-1,0,none,neutral,hi,0.7666666666666667,1.0,0.6440671543280284,120
bigscience/bloom-560m,0,gender,-1,0,none,informative,bn,0.5,1.0,0.58680885831515,120
bigscience/bloom-560m,0,gender,-1,0,none,informative,en,0.9583333333333334,1.0,0.5642776489257812,120
bigscience/bloom-560m,0,gender,-1,0,none,informative,hi,0.725,1.0,0.4452760974566142,120
bigscience/bloom-560m,0,gender,-1,0,none,neutral,bn,0.5,0.6333333333333333,0.0450117051601409,120
bigscience/bloom-560m,0,gender,-1,0,none,neutral,en,0.85,1.0,0.5204607645670573,120
bigscience/bloom-560m,0,gender,-1,0,none,neutral,hi,0.55,1.0,0.1890127182006836,120
bigscience/bloom-560m,0,side_aunt,0,1,bn,informative,bn,0.6666666666666666,1.0,1.2956767678260803,120
bigscience/bloom-560m,0,side_aunt,0,1,bn,informative,en,0.5,0.6166666666666667,0.0135406494140625,120
bigscience/bloom-560m,0,side_aunt,0,1,bn,informative,hi,0.825,1.0,0.950225536028544,120
bigscience/bloom-560m,0,side_aunt,0,1,bn,neutral,bn,0.5083333333333333,1.0,0.637319827079773,120
bigscience/bloom-560m,0,side_aunt,0,1,bn,neutral,en,0.5,0.5,0.0,120
bigscience/bloom-560m,0,side_aunt,0,1,bn,neutral,hi,0.7583333333333333,1.0,0.6403700600067774,120
bigscience/bloom-560m,0,side_aunt,2,1,bn,informative,bn,0.6583333333333333,1.0,1.1727126439412434,120
bigscience/bloom-560m,0,side_aunt,2,1,bn,informative,en,0.5,0.6166666666666667,0.0167386372884114,120
bigscience/bloom-560m,0,side_aunt,2,1,bn,informative,hi,0.825,1.0,0.965292532245318,120
bigscience/bloom-560m,0,side_aunt,2,1,bn,neutral,bn,0.5,1.0,0.5205699721972148,120
bigscience/bloom-560m,0,side_aunt,2,1,bn,neutral,en,0.5,0.5,0.0,120
bigscience/bloom-560m,0,side_aunt,2,1,bn,neutral,hi,0.7583333333333333,1.0,0.6453570355971654,120
bigscience/bloom-560m,0,side_aunt,4,1,bn,informative,bn,0.675,1.0,1.1557890594005584,120
bigscience/bloom-560m,0,side_aunt,4,1,bn,informative,en,0.5,0.6166666666666667,0.0141270955403645,120
bigscience/bloom-560m,0,side_aunt,4,1,bn,informative,hi,0.8333333333333334,1.0,0.9656691829363504,120
bigscience/bloom-560m,0,side_aunt,4,1,bn,neutral,bn,0.5083333333333333,1.0,0.4952578683694204,120
bigscience/bloom-560m,0,side_aunt,4,1,bn,neutral,en,0.5,0.5,0.0,120
bigscience/bloom-560m,0,side_aunt,4,1,bn,neutral,hi,0.7666666666666667,1.0,0.6446834087371827,120
bigscience/bloom-560m,0,side_aunt,6,1,bn,informative,bn,0.6583333333333333,1.0,1.1738301813602448,120
bigscience/bloom-560m,0,side_aunt,6,1,bn,informative,en,0.5,0.7333333333333333,0.027734375,120
bigscience/bloom-560m,0,side_aunt,6,1,bn,informative,hi,0.8333333333333334,1.0,0.9637632807095844,120
bigscience/bloom-560m,0,side_aunt,6,1,bn,neutral,bn,0.5083333333333333,1.0,0.5172467112541199,120
bigscience/bloom-560m,0,side_aunt,6,1,bn,neutral,en,0.5,0.5,0.0,120
bigscience/bloom-560m,0,side_aunt,6,1,bn,neutral,hi,0.7583333333333333,1.0,0.6435568660497666,120
bigscience/bloom-560m,0,side_aunt,8,1,bn,informative,bn,0.675,1.0,1.2021761735280354,120
bigscience/bloom-560m,0,side_aunt,8,1,bn,informative,en,0.5,0.65,0.0144953409830729,120
bigscience/bloom-560m,0,side_aunt,8,1,bn,informative,hi,0.825,1.0,0.9567079563935598,120
bigscience/bloom-560m,0,side_aunt,8,1,bn,neutral,bn,0.5083333333333333,1.0,0.5258315006891886,120
bigscience/bloom-560m,0,side_aunt,8,1,bn,neutral,en,0.5,0.5,0.0,120
bigscience/bloom-560m,0,side_aunt,8,1,bn,neutral,hi,0.75,1.0,0.6356664001941681,120
bigscience/bloom-560m,0,side_aunt,10,1,bn,informative,bn,0.6416666666666667,1.0,1.1564674913883208,120
bigscience/bloom-560m,0,side_aunt,10,1,bn,informative,en,0.5,0.6666666666666666,0.0163363138834635,120
bigscience/bloom-560m,0,side_aunt,10,1,bn,informative,hi,0.8166666666666667,1.0,0.9517737170060476,120
bigscience/bloom-560m,0,side_aunt,10,1,bn,neutral,bn,0.5,1.0,0.5035192370414734,120
bigscience/bloom-560m,0,side_aunt,10,1,bn,neutral,en,0.5,0.5,0.0,120
bigscience/bloom-560m,0,side_aunt,10,1,bn,neutral,hi,0.7583333333333333,1.0,0.6332633942365646,120
bigscience/bloom-560m,0,side_aunt,12,1,bn,informative,bn,0.6666666666666666,1.0,1.2074222028255464,120
bigscience/bloom-560m,0,side_aunt,12,1,bn,informative,en,0.5,0.6166666666666667,0.0090548197428385,120
bigscience/bloom-560m,0,side_aunt,12,1,bn,informative,hi,0.8166666666666667,1.0,0.9454895168542862,120
bigscience/bloom-560m,0,side_aunt,12,1,bn,neutral,bn,0.5,1.0,0.5816363394260406,120
bigscience/bloom-560m,0,side_aunt,12,1,bn,neutral,en,0.5,0.5,0.0,120
bigscience/bloom-560m,0,side_aunt,12,1,bn,neutral,hi,0.75,1.0,0.6279946674903234,120
bigscience/bloom-560m,0,side_aunt,12,4,bn,informative,bn,0.6833333333333333,1.0,1.0950547178586325,120
bigscience/bloom-560m,0,side_aunt,12,4,bn,informative,en,0.5,0.6666666666666666,0.0135035196940104,120
bigscience/bloom-560m,0,side_aunt,12,4,bn,informative,hi,0.8083333333333333,1.0,0.9582235842943192,120
bigscience/bloom-560m,0,side_aunt,12,4,bn,neutral,bn,0.5,1.0,0.4818621337413787,120
bigscience/bloom-560m,0,side_aunt,12,4,bn,neutral,en,0.5,0.5,0.0,120
bigscience/bloom-560m,0,side_aunt,12,4,bn,neutral,hi,0.75,1.0,0.616688248515129,120
bigscience/bloom-560m,0,side_aunt,14,1,bn,informative,bn,0.675,1.0,1.2726163387298584,120
bigscience/bloom-560m,0,side_aunt,14,1,bn,informative,en,0.5,0.6666666666666666,0.0175338745117187,120
bigscience/bloom-560m,0,side_aunt,14,1,bn,informative,hi,0.8333333333333334,1.0,0.9519173681735992,120
bigscience/bloom-560m,0,side_aunt,14,1,bn,neutral,bn,0.5083333333333333,1.0,0.6244845012823741,120
bigscience/bloom-560m,0,side_aunt,14,1,bn,neutral,en,0.5,0.5,0.0,120
bigscience/bloom-560m,0,side_aunt,14,1,bn,neutral,hi,0.7583333333333333,1.0,0.6299606670935949,120
bigscience/bloom-560m,0,side_aunt,16,1,bn,informative,bn,0.7083333333333334,1.0,1.3109596133232118,120
bigscience/bloom-560m,0,side_aunt,16,1,bn,informative,en,0.5,0.6166666666666667,0.0149876912434895,120
bigscience/bloom-560m,0,side_aunt,16,1,bn,informative,hi,0.8083333333333333,1.0,0.9746801137924196,120
bigscience/bloom-560m,0,side_aunt,16,1,bn,neutral,bn,0.5083333333333333,1.0,0.6346020023028056,120
bigscience/bloom-560m,0,side_aunt,16,1,bn,neutral,en,0.5,0.5,0.0,120
bigscience/bloom-560m,0,side_aunt,16,1,bn,neutral,hi,0.75,1.0,0.6524611045916875,120
bigscience/bloom-560m,0,side_aunt,18,1,bn,informative,bn,0.675,1.0,1.2634129583835605,120
bigscience/bloom-560m,0,side_aunt,18,1,bn,informative,en,0.5,0.6166666666666667,0.0144274393717447,120
bigscience/bloom-560m,0,side_aunt,18,1,bn,informative,hi,0.8,1.0,0.9816851769884428,120
bigscience/bloom-560m,0,side_aunt,18,1,bn,neutral,bn,0.5083333333333333,1.0,0.5951794743537903,120
bigscience/bloom-560m,0,side_aunt,18,1,bn,neutral,en,0.5,0.5,0.0,120
bigscience/bloom-560m,0,side_aunt,18,1,bn,neutral,hi,0.725,1.0,0.6475903064012527,120
bigscience/bloom-560m,0,side_aunt,20,1,bn,informative,bn,0.6583333333333333,1.0,1.2297251164913177,120
bigscience/bloom-560m,0,side_aunt,20,1,bn,informative,en,0.5,0.6166666666666667,0.0111643473307291,120
bigscience/bloom-560m,0,side_aunt,20,1,bn,informative,hi,0.8333333333333334,1.0,0.9481013278166454,120
bigscience/bloom-560m,0,side_aunt,20,1,bn,neutral,bn,0.5,1.0,0.5732098162174225,120
bigscience/bloom-560m,0,side_aunt,20,1,bn,neutral,en,0.5,0.5,0.0,120
bigscience/bloom-560m,0,side_aunt,20,1,bn,neutral,hi,0.7583333333333333,1.0,0.6152011583248774,120
bigscience/bloom-560m,0,side_aunt,22,1,bn,informative,bn,0.65,1.0,1.238609824577967,120
bigscience/bloom-560m,0,side_aunt,22,1,bn,informative,en,0.5,0.6166666666666667,0.0142097473144531,120
bigscience/bloom-560m,0,side_aunt,22,1,bn,informative,hi,0.8416666666666667,1.0,0.9504990071058274,120
bigscience/bloom-560m,0,side_aunt,22,1,bn,neutral,bn,0.5,1.0,0.5939520756403606,120
bigscience/bloom-560m,0,side_aunt,22,1,bn,neutral,en,0.5,0.5,0.0,120
bigscience/bloom-560m,0,side_aunt,22,1,bn,neutral,hi,0.775,1.0,0.6356750925381979,120
bigscience/bloom-560m,0,side_aunt,0,1,hi,informative,bn,0.6583333333333333,1.0,1.282460109392802,120
bigscience/bloom-560m,0,side_aunt,0,1,hi,informative,en,0.5,0.6166666666666667,0.0147224426269531,120
bigscience/bloom-560m,0,side_aunt,0,1,hi,informative,hi,0.825,1.0,0.9627501785755156,120
bigscience/bloom-560m,0,side_aunt,0,1,hi,neutral,bn,0.5,1.0,0.6255301713943482,120
bigscience/bloom-560m,0,side_aunt,0,1,hi,neutral,en,0.5,0.5,0.0,120
bigscience/bloom-560m,0,side_aunt,0,1,hi,neutral,hi,0.7583333333333333,1.0,0.6620339244604111,120
bigscience/bloom-560m,0,side_aunt,2,1,hi,informative,bn,0.6666666666666666,1.0,1.2924449265003204,120
bigscience/bloom-560m,0,side_aunt,2,1,hi,informative,en,0.5,0.6,0.0112513224283854,120
bigscience/bloom-560m,0,side_aunt,2,1,hi,informative,hi,0.825,1.0,0.9606793165206908,120
bigscience/bloom-560m,0,side_aunt,2,1,hi,neutral,bn,0.5,1.0,0.640337594350179,120
bigscience/bloom-560m,0,side_aunt,2,1,hi,neutral,en,0.5,0.5,0.0,120
bigscience/bloom-560m,0,side_aunt,2,1,hi,neutral,hi,0.775,1.0,0.6455694615840912,120
bigscience/bloom-560m,0,side_aunt,4,1,hi,informative,bn,0.6666666666666666,1.0,1.2756758391857148,120
bigscience/bloom-560m,0,side_aunt,4,1,hi,informative,en,0.5,0.6,0.0117113749186197,120
bigscience/bloom-560m,0,side_aunt,4,1,hi,informative,hi,0.8416666666666667,1.0,0.984232258796692,120
bigscience/bloom-560m,0,side_aunt,4,1,hi,neutral,bn,0.5083333333333333,1.0,0.6327312548955282,120
bigscience/bloom-560m,0,side_aunt,4,1,hi,neutral,en,0.5,0.5,0.0,120
bigscience/bloom-560m,0,side_aunt,4,1,hi,neutral,hi,0.775,1.0,0.7058379123608272,120
bigscience/bloom-560m,0,side_aunt,6,1,hi,informative,bn,0.6666666666666666,1.0,1.273002380132675,120
bigscience/bloom-560m,0,side_aunt,6,1,hi,informative,en,0.5,0.6,0.010620625813802,120
bigscience/bloom-560m,0,side_aunt,6,1,hi,informative,hi,0.825,1.0,0.9185920715332032,120
bigscience/bloom-560m,0,side_aunt,6,1,hi,neutral,bn,0.5,1.0,0.6352439224720001,120
bigscience/bloom-560m,0,side_aunt,6,1,hi,neutral,en,0.5,0.5,0.0,120
bigscience/bloom-560m,0,side_aunt,6,1,hi,neutral,hi,0.75,1.0,0.6062421520551046,120
bigscience/bloom-560m,0,side_aunt,8,1,hi,informative,bn,0.675,1.0,1.2923509657382966,120
bigscience/bloom-560m,0,side_aunt,8,1,hi,informative,en,0.5,0.6333333333333333,0.0195833841959635,120
bigscience/bloom-560m,0,side_aunt,8,1,hi,informative,hi,0.85,1.0,1.017970871925354,120
bigscience/bloom-560m,0,side_aunt,8,1,hi,neutral,bn,0.5083333333333333,1.0,0.6367622673511505,120
bigscience/bloom-560m,0,side_aunt,8,1,hi,neutral,en,0.5,0.5,0.0,120
bigscience/bloom-560m,0,side_aunt,8,1,hi,neutral,hi,0.7666666666666667,1.0,0.6400273342927297,120
bigscience/bloom-560m,0,side_aunt,10,1,hi,informative,bn,0.6833333333333333,1.0,1.2928865134716034,120
bigscience/bloom-560m,0,side_aunt,10,1,hi,informative,en,0.5,0.6166666666666667,0.0127268473307291,120
bigscience/bloom-560m,0,side_aunt,10,1,hi,informative,hi,0.8333333333333334,1.0,0.9972047557433448,120
bigscience/bloom-560m,0,side_aunt,10,1,hi,neutral,bn,0.5083333333333333,1.0,0.6416763027509054,120
bigscience/bloom-560m,0,side_aunt,10,1,hi,neutral,en,0.5,0.5,0.0,120
bigscience/bloom-560m,0,side_aunt,10,1,hi,neutral,hi,0.7583333333333333,1.0,0.6421625306208928,120
bigscience/bloom-560m,0,side_aunt,12,1,hi,informative,bn,0.675,1.0,1.3064206182956697,120
bigscience/bloom-560m,0,side_aunt,12,1,hi,informative,en,0.5,0.6166666666666667,0.012573750813802,120
bigscience/bloom-560m,0,side_aunt,12,1,hi,informative,hi,0.8083333333333333,1.0,0.9087733993927638,120
bigscience/bloom-560m,0,side_aunt,12,1,hi,neutral,bn,0.5083333333333333,1.0,0.6436224142710368,120
bigscience/bloom-560m,0,side_aunt,12,1,hi,neutral,en,0.5,0.5,0.0,120
bigscience/bloom-560m,0,side_aunt,12,1,hi,neutral,hi,0.7416666666666667,1.0,0.5969316403071085,120
bigscience/bloom-560m,0,side_aunt,12,4,hi,informative,bn,0.6666666666666666,1.0,1.2761703789234162,120
bigscience/bloom-560m,0,side_aunt,12,4,hi,informative,en,0.5,0.5666666666666667,0.0081436157226562,120
bigscience/bloom-560m,0,side_aunt,12,4,hi,informative,hi,0.8083333333333333,1.0,0.8872305730978648,120
bigscience/bloom-560m,0,side_aunt,12,4,hi,neutral,bn,0.5083333333333333,1.0,0.6279797335465749,120
bigscience/bloom-560m,0,side_aunt,12,4,hi,neutral,en,0.5,0.5,0.0,120
bigscience/bloom-560m,0,side_aunt,12,4,hi,neutral,hi,0.7416666666666667,1.0,0.5643123189608256,120
bigscience/bloom-560m,0,side_aunt,14,1,hi,informative,bn,0.6833333333333333,1.0,1.3025780697663625,120
bigscience/bloom-560m,0,side_aunt,14,1,hi,informative,en,0.5,0.6166666666666667,0.0130566914876302,120
bigscience/bloom-560m,0,side_aunt,14,1,hi,informative,hi,0.825,1.0,0.9442432026068368,120
bigscience/bloom-560m,0,side_aunt,14,1,hi,neutral,bn,0.5083333333333333,1.0,0.6507374207178752,120
bigscience/bloom-560m,0,side_aunt,14,1,hi,neutral,en,0.5,0.5,0.0,120
bigscience/bloom-560m,0,side_aunt,14,1,hi,neutral,hi,0.7583333333333333,1.0,0.626818988720576,120
bigscience/bloom-560m,0,side_aunt,16,1,hi,informative,bn,0.6666666666666666,1.0,1.2866801202297211,120
bigscience/bloom-560m,0,side_aunt,16,1,hi,informative,en,0.5,0.6166666666666667,0.0154314676920572,120
bigscience/bloom-560m,0,side_aunt,16,1,hi,informative,hi,0.825,1.0,0.9489437719186148,120
bigscience/bloom-560m,0,side_aunt,16,1,hi,neutral,bn,0.5083333333333333,1.0,0.6409213304519653,120
bigscience/bloom-560m,0,side_aunt,16,1,hi,neutral,en,0.5,0.5,0.0,120
bigscience/bloom-560m,0,side_aunt,16,1,hi,neutral,hi,0.7583333333333333,1.0,0.6318538039922714,120
bigscience/bloom-560m,0,side_aunt,18,1,hi,informative,bn,0.6666666666666666,1.0,1.2998436053593954,120
bigscience/bloom-560m,0,side_aunt,18,1,hi,informative,en,0.5,0.6166666666666667,0.0148287455240885,120
bigscience/bloom-560m,0,side_aunt,18,1,hi,informative,hi,0.825,1.0,0.9712999602158864,120
bigscience/bloom-560m,0,side_aunt,18,1,hi,neutral,bn,0.5083333333333333,1.0,0.6391922235488892,120
bigscience/bloom-560m,0,side_aunt,18,1,hi,neutral,en,0.5,0.5,0.0,120
bigscience/bloom-560m,0,side_aunt,18,1,hi,neutral,hi,0.775,1.0,0.6596600274244945,120
bigscience/bloom-560m,0,side_aunt,20,1,hi,informative,bn,0.675,1.0,1.292553581794103,120
bigscience/bloom-560m,0,side_aunt,20,1,hi,informative,en,0.5,0.6333333333333333,0.0185328165690104,120
bigscience/bloom-560m,0,side_aunt,20,1,hi,informative,hi,0.8166666666666667,1.0,0.9300539821386338,120
bigscience/bloom-560m,0,side_aunt,20,1,hi,neutral,bn,0.5,1.0,0.6322179992993673,120
bigscience/bloom-560m,0,side_aunt,20,1,hi,neutral,en,0.5,0.5,0.0,120
bigscience/bloom-560m,0,side_aunt,20,1,hi,neutral,hi,0.7666666666666667,1.0,0.619280978043874,120
bigscience/bloom-560m,0,side_aunt,22,1,hi,informative,bn,0.6666666666666666,1.0,1.2924661993980409,120
bigscience/bloom-560m,0,side_aunt,22,1,hi,informative,en,0.5,0.6166666666666667,0.015790303548177,120
bigscience/bloom-560m,0,side_aunt,22,1,hi,informative,hi,0.8,1.0,0.8841524481773376,120
bigscience/bloom-560m,0,side_aunt,22,1,hi,neutral,bn,0.5083333333333333,1.0,0.6369872470696767,120
bigscience/bloom-560m,0,side_aunt,22,1,hi,neutral,en,0.5,0.5,0.0,120
bigscience/bloom-560m,0,side_aunt,22,1,hi,neutral,hi,0.7583333333333333,1.0,0.5847453773021698,120
bigscience/bloom-560m,0,side_aunt,0,1,en,informative,bn,0.6666666666666666,1.0,1.2849998871485393,120
bigscience/bloom-560m,0,side_aunt,0,1,en,informative,en,0.5,0.5833333333333334,0.0080894470214843,120
bigscience/bloom-560m,0,side_aunt,0,1,en,informative,hi,0.8333333333333334,1.0,0.982991749048233,120
bigscience/bloom-560m,0,side_aunt,0,1,en,neutral,bn,0.5,1.0,0.6208637992540995,120
bigscience/bloom-560m,0,side_aunt,0,1,en,neutral,en,0.5,0.5,0.0,120
bigscience/bloom-560m,0,side_aunt,0,1,en,neutral,hi,0.7583333333333333,1.0,0.6527984042962393,120
bigscience/bloom-560m,0,side_aunt,2,1,en,informative,bn,0.6666666666666666,1.0,1.2796349287033082,120
bigscience/bloom-560m,0,side_aunt,2,1,en,informative,en,0.5,0.6166666666666667,0.015966796875,120
bigscience/bloom-560m,0,side_aunt,2,1,en,informative,hi,0.8333333333333334,1.0,0.97852576871713,120
bigscience/bloom-560m,0,side_aunt,2,1,en,neutral,bn,0.5,1.0,0.6330622057120006,120
bigscience/bloom-560m,0,side_aunt,2,1,en,neutral,en,0.5,0.5,0.0,120
bigscience/bloom-560m,0,side_aunt,2,1,en,neutral,hi,0.7583333333333333,1.0,0.646373822291692,120
bigscience/bloom-560m,0,side_aunt,4,1,en,informative,bn,0.6666666666666666,1.0,1.2936257859071096,120
bigscience/bloom-560m,0,side_aunt,4,1,en,informative,en,0.5,0.5833333333333334,0.007947031656901,120
bigscience/bloom-560m,0,side_aunt,4,1,en,informative,hi,0.8416666666666667,1.0,0.9908272127310436,120
bigscience/bloom-560m,0,side_aunt,4,1,en,neutral,bn,0.5,1.0,0.6456499814987182,120
bigscience/bloom-560m,0,side_aunt,4,1,en,neutral,en,0.5,0.5,0.0,120
bigscience/bloom-560m,0,side_aunt,4,1,en,neutral,hi,0.775,1.0,0.6474386682113011,120
bigscience/bloom-560m,0,side_aunt,6,1,en,informative,bn,0.675,1.0,1.3080484330654143,120
bigscience/bloom-560m,0,side_aunt,6,1,en,informative,en,0.5,0.65,0.0186360677083333,120
bigscience/bloom-560m,0,side_aunt,6,1,en,informative,hi,0.8333333333333334,1.0,0.9721541623274486,120
bigscience/bloom-560m,0,side_aunt,6,1,en,neutral,bn,0.5083333333333333,1.0,0.633804444471995,120
bigscience/bloom-560m,0,side_aunt,6,1,en,neutral,en,0.5,0.5,0.0,120
bigscience/bloom-560m,0,side_aunt,6,1,en,neutral,hi,0.7583333333333333,1.0,0.6551595578591028,120
bigscience/bloom-560m,0,side_aunt,8,1,en,informative,bn,0.675,1.0,1.2493845780690511,120
bigscience/bloom-560m,0,side_aunt,8,1,en,informative,en,0.5,0.8,0.0334391276041666,120
bigscience/bloom-560m,0,side_aunt,8,1,en,informative,hi,0.85,1.0,0.9856372435887656,120
bigscience/bloom-560m,0,side_aunt,8,1,en,neutral,bn,0.5083333333333333,1.0,0.5762701233228048,120
bigscience/bloom-560m,0,side_aunt,8,1,en,neutral,en,0.5,0.5,0.0,120
bigscience/bloom-560m,0,side_aunt,8,1,en,neutral,hi,0.7833333333333333,1.0,0.6571013043324153,120
bigscience/bloom-560m,0,side_aunt,10,1,en,informative,bn,0.6833333333333333,1.0,1.2816387792428334,120
bigscience/bloom-560m,0,side_aunt,10,1,en,informative,en,0.5,0.7166666666666667,0.0239913940429687,120
bigscience/bloom-560m,0,side_aunt,10,1,en,informative,hi,0.8416666666666667,1.0,0.998792752623558,120
bigscience/bloom-560m,0,side_aunt,10,1,en,neutral,bn,0.5083333333333333,1.0,0.6062383969624837,120
bigscience/bloom-560m,0,side_aunt,10,1,en,neutral,en,0.5,0.5,0.0,120
bigscience/bloom-560m,0,side_aunt,10,1,en,neutral,hi,0.7666666666666667,1.0,0.6620509564876557,120
bigscience/bloom-560m,0,side_aunt,12,1,en,informative,bn,0.7416666666666667,1.0,1.319740515947342,120
bigscience/bloom-560m,0,side_aunt,12,1,en,informative,en,0.5,0.75,0.0298861185709635,120
bigscience/bloom-560m,0,side_aunt,12,1,en,informative,hi,0.8333333333333334,1.0,0.9868947962919872,120
bigscience/bloom-560m,0,side_aunt,12,1,en,neutral,bn,0.5083333333333333,1.0,0.643401966492335,120
bigscience/bloom-560m,0,side_aunt,12,1,en,neutral,en,0.5,0.5,0.0,120
bigscience/bloom-560m,0,side_aunt,12,1,en,neutral,hi,0.7583333333333333,1.0,0.6501061767339706,120
bigscience/bloom-560m,0,side_aunt,12,4,en,informative,bn,0.7583333333333333,1.0,1.3263147175312042,120
bigscience/bloom-560m,0,side_aunt,12,4,en,informative,en,0.5,0.8166666666666667,0.0397814432779947,120
bigscience/bloom-560m,0,side_aunt,12,4,en,informative,hi,0.8416666666666667,1.0,0.978329383333524,120
bigscience/bloom-560m,0,side_aunt,12,4,en,neutral,bn,0.5333333333333333,1.0,0.656478363275528,120
bigscience/bloom-560m,0,side_aunt,12,4,en,neutral,en,0.5,0.5,0.0,120
bigscience/bloom-560m,0,side_aunt,12,4,en,neutral,hi,0.7583333333333333,1.0,0.6450115938981374,120
bigscience/bloom-560m,0,side_aunt,14,1,en,informative,bn,0.75,1.0,1.2950432042280833,120
bigscience/bloom-560m,0,side_aunt,14,1,en,informative,en,0.5,0.8333333333333334,0.0415234883626302,120
bigscience/bloom-560m,0,side_aunt,14,1,en,informative,hi,0.8333333333333334,1.0,1.0250378499428432,120
bigscience/bloom-560m,0,side_aunt,14,1,en,neutral,bn,0.5083333333333333,1.0,0.613076760371526,120
bigscience/bloom-560m,0,side_aunt,14,1,en,neutral,en,0.5,0.5,0.0,120
bigscience/bloom-560m,0,side_aunt,14,1,en,neutral,hi,0.775,1.0,0.6523299952348073,120
bigscience/bloom-560m,0,side_aunt,16,1,en,informative,bn,0.7166666666666667,1.0,1.2772617280483245,120
bigscience/bloom-560m,0,side_aunt,16,1,en,informative,en,0.5,0.7666666666666667,0.0285776774088541,120
bigscience/bloom-560m,0,side_aunt,16,1,en,informative,hi,0.8333333333333334,1.0,1.005944421887398,120
bigscience/bloom-560m,0,side_aunt,16,1,en,neutral,bn,0.525,1.0,0.6161194344361623,120
bigscience/bloom-560m,0,side_aunt,16,1,en,neutral,en,0.5,0.5,0.0,120
bigscience/bloom-560m,0,side_aunt,16,1,en,neutral,hi,0.775,1.0,0.6549845447142919,120
bigscience/bloom-560m,0,side_aunt,18,1,en,informative,bn,0.7083333333333334,1.0,1.273348734776179,120
bigscience/bloom-560m,0,side_aunt,18,1,en,informative,en,0.5,0.7333333333333333,0.0260157267252604,120
bigscience/bloom-560m,0,side_aunt,18,1,en,informative,hi,0.8333333333333334,1.0,1.005242865284284,120
bigscience/bloom-560m,0,side_aunt,18,1,en,neutral,bn,0.525,1.0,0.6253266175587971,120
bigscience/bloom-560m,0,side_aunt,18,1,en,neutral,en,0.5,0.5,0.0,120
bigscience/bloom-560m,0,side_aunt,18,1,en,neutral,hi,0.7833333333333333,1.0,0.6635486990213394,120
bigscience/bloom-560m,0,side_aunt,20,1,en,informative,bn,0.6833333333333333,1.0,1.2545798659324645,120
bigscience/bloom-560m,0,side_aunt,20,1,en,informative,en,0.5,0.7333333333333333,0.0260373433430989,120
bigscience/bloom-560m,0,side_aunt,20,1,en,informative,hi,0.8083333333333333,1.0,0.944200366238753,120
bigscience/bloom-560m,0,side_aunt,20,1,en,neutral,bn,0.525,1.0,0.6089006543159485,120
bigscience/bloom-560m,0,side_aunt,20,1,en,neutral,en,0.5,0.5,0.0,120
bigscience/bloom-560m,0,side_aunt,20,1,en,neutral,hi,0.775,1.0,0.6322042932113011,120
bigscience/bloom-560m,0,side_aunt,22,1,en,informative,bn,0.675,1.0,1.2958543797334034,120
bigscience/bloom-560m,0,side_aunt,22,1,en,informative,en,0.5,0.7,0.021368408203125,120
bigscience/bloom-560m,0,side_aunt,22,1,en,informative,hi,0.825,1.0,0.960021514693896,120
bigscience/bloom-560m,0,side_aunt,22,1,en,neutral,bn,0.5083333333333333,1.0,0.638436351219813,120
bigscience/bloom-560m,0,side_aunt,22,1,en,neutral,en,0.5,0.5,0.0,120
bigscience/bloom-560m,0,side_aunt,22,1,en,neutral,hi,0.7583333333333333,1.0,0.6460114081700643,120
bigscience/bloom-560m,0,gender,0,1,bn,informative,bn,0.5,1.0,0.5968674053748448,120
bigscience/bloom-560m,0,gender,0,1,bn,informative,en,0.9666666666666668,1.0,0.567053476969401,120
bigscience/bloom-560m,0,gender,0,1,bn,informative,hi,0.725,1.0,0.4423449675242106,120
bigscience/bloom-560m,0,gender,0,1,bn,neutral,bn,0.5,0.6,0.0486905167500178,120
bigscience/bloom-560m,0,gender,0,1,bn,neutral,en,0.8583333333333333,1.0,0.5214271545410156,120
bigscience/bloom-560m,0,gender,0,1,bn,neutral,hi,0.55,1.0,0.1883613506952921,120
bigscience/bloom-560m,0,gender,2,1,bn,informative,bn,0.5,1.0,0.3155618816614151,120
bigscience/bloom-560m,0,gender,2,1,bn,informative,en,0.975,1.0,0.5657307942708333,120
bigscience/bloom-560m,0,gender,2,1,bn,informative,hi,0.725,1.0,0.4462952574094136,120
bigscience/bloom-560m,0,gender,2,1,bn,neutral,bn,0.5,0.0,-0.2906552106142044,120
bigscience/bloom-560m,0,gender,2,1,bn,neutral,en,0.85,1.0,0.5206372578938802,120
bigscience/bloom-560m,0,gender,2,1,bn,neutral,hi,0.5416666666666666,1.0,0.1870260755221049,120
bigscience/bloom-560m,0,gender,4,1,bn,informative,bn,0.5,1.0,0.6162313471237818,120
bigscience/bloom-560m,0,gender,4,1,bn,informative,en,0.95,1.0,0.5523971557617188,120
bigscience/bloom-560m,0,gender,4,1,bn,informative,hi,0.725,1.0,0.4409415245056152,120
bigscience/bloom-560m,0,gender,4,1,bn,neutral,bn,0.5,0.65,0.0479319930076599,120
bigscience/bloom-560m,0,gender,4,1,bn,neutral,en,0.85,1.0,0.5196100870768229,120
bigscience/bloom-560m,0,gender,4,1,bn,neutral,hi,0.5583333333333333,1.0,0.1801774660746256,120
bigscience/bloom-560m,0,gender,6,1,bn,informative,bn,0.5,1.0,0.6174492518107096,120
bigscience/bloom-560m,0,gender,6,1,bn,informative,en,0.9666666666666668,1.0,0.5733787536621093,120
bigscience/bloom-560m,0,gender,6,1,bn,informative,hi,0.7083333333333334,1.0,0.4588861942291259,120
bigscience/bloom-560m,0,gender,6,1,bn,neutral,bn,0.5,0.7166666666666667,0.0631367673476537,120
bigscience/bloom-560m,0,gender,6,1,bn,neutral,en,0.85,1.0,0.5279454549153646,120
bigscience/bloom-560m,0,gender,6,1,bn,neutral,hi,0.5416666666666666,1.0,0.2042010307312011,120
bigscience/bloom-560m,0,gender,8,1,bn,informative,bn,0.5,1.0,0.6430102616548539,120
bigscience/bloom-560m,0,gender,8,1,bn,informative,en,0.9666666666666668,1.0,0.5718516031901042,120
bigscience/bloom-560m,0,gender,8,1,bn,informative,hi,0.7,1.0,0.4410031636555989,120
bigscience/bloom-560m,0,gender,8,1,bn,neutral,bn,0.5,0.8,0.0930760691563288,120
bigscience/bloom-560m,0,gender,8,1,bn,neutral,en,0.8583333333333333,1.0,0.5232882181803385,120
bigscience/bloom-560m,0,gender,8,1,bn,neutral,hi,0.5333333333333333,1.0,0.1895595868428548,120
bigscience/bloom-560m,0,gender,10,1,bn,informative,bn,0.5,1.0,0.6274186472098032,120
bigscience/bloom-560m,0,gender,10,1,bn,informative,en,0.9833333333333332,1.0,0.5982315063476562,120
bigscience/bloom-560m,0,gender,10,1,bn,informative,hi,0.7,1.0,0.4369089007377624,120
bigscience/bloom-560m,0,gender,10,1,bn,neutral,bn,0.5,0.7666666666666667,0.0789198676745096,120
bigscience/bloom-560m,0,gender,10,1,bn,neutral,en,0.8666666666666667,1.0,0.5476585388183594,120
bigscience/bloom-560m,0,gender,10,1,bn,neutral,hi,0.5333333333333333,1.0,0.1851984858512878,120
bigscience/bloom-560m,0,gender,12,1,bn,informative,bn,0.5,1.0,0.5154051542282104,120
bigscience/bloom-560m,0,gender,12,1,bn,informative,en,0.975,1.0,0.5890813191731771,120
bigscience/bloom-560m,0,gender,12,1,bn,informative,hi,0.6666666666666666,1.0,0.4432104110717773,120
bigscience/bloom-560m,0,gender,12,1,bn,neutral,bn,0.5,0.55,0.0121098240216573,120
bigscience/bloom-560m,0,gender,12,1,bn,neutral,en,0.85,1.0,0.5288604736328125,120
bigscience/bloom-560m,0,gender,12,1,bn,neutral,hi,0.5333333333333333,1.0,0.1791004061698913,120
bigscience/bloom-560m,0,gender,12,4,bn,informative,bn,0.5,1.0,0.5769535809755325,120
bigscience/bloom-560m,0,gender,12,4,bn,informative,en,0.9166666666666666,1.0,0.5680623372395833,120
bigscience/bloom-560m,0,gender,12,4,bn,informative,hi,0.675,1.0,0.4409034927686056,120
bigscience/bloom-560m,0,gender,12,4,bn,neutral,bn,0.5,0.7666666666666667,0.072518041729927,120
bigscience/bloom-560m,0,gender,12,4,bn,neutral,en,0.8666666666666667,1.0,0.517736307779948,120
bigscience/bloom-560m,0,gender,12,4,bn,neutral,hi,0.5333333333333333,1.0,0.1873487909634908,120
bigscience/bloom-560m,0,gender,14,1,bn,informative,bn,0.5,1.0,0.5657091736793518,120
bigscience/bloom-560m,0,gender,14,1,bn,informative,en,0.95,1.0,0.5700754801432292,120
bigscience/bloom-560m,0,gender,14,1,bn,informative,hi,0.7,1.0,0.3961308201154073,120
bigscience/bloom-560m,0,gender,14,1,bn,neutral,bn,0.5,0.75,0.0686277250448862,120
bigscience/bloom-560m,0,gender,14,1,bn,neutral,en,0.85,1.0,0.5131668090820313,120
bigscience/bloom-560m,0,gender,14,1,bn,neutral,hi,0.5333333333333333,1.0,0.1614496072133382,120
bigscience/bloom-560m,0,gender,16,1,bn,informative,bn,0.5,1.0,0.6304984162251155,120
bigscience/bloom-560m,0,gender,16,1,bn,informative,en,0.9583333333333334,1.0,0.5805814107259114,120
bigscience/bloom-560m,0,gender,16,1,bn,informative,hi,0.725,1.0,0.4548741539319356,120
bigscience/bloom-560m,0,gender,16,1,bn,neutral,bn,0.5,0.65,0.047844577829043,120
bigscience/bloom-560m,0,gender,16,1,bn,neutral,en,0.8916666666666667,1.0,0.5318766276041667,120
bigscience/bloom-560m,0,gender,16,1,bn,neutral,hi,0.55,1.0,0.1848671317100524,120
bigscience/bloom-560m,0,gender,18,1,bn,informative,bn,0.5,1.0,0.6373788595199585,120
bigscience/bloom-560m,0,gender,18,1,bn,informative,en,0.95,1.0,0.6104337056477864,120
bigscience/bloom-560m,0,gender,18,1,bn,informative,hi,0.7333333333333333,1.0,0.5186070521672567,120
bigscience/bloom-560m,0,gender,18,1,bn,neutral,bn,0.5,0.5333333333333333,0.0037687748670578,120
bigscience/bloom-560m,0,gender,18,1,bn,neutral,en,0.9166666666666666,1.0,0.5753865559895833,120
bigscience/bloom-560m,0,gender,18,1,bn,neutral,hi,0.5833333333333334,1.0,0.2258482972780863,120
bigscience/bloom-560m,0,gender,20,1,bn,informative,bn,0.5,1.0,0.5708500365416209,120
bigscience/bloom-560m,0,gender,20,1,bn,informative,en,0.9416666666666668,1.0,0.5326822916666667,120
bigscience/bloom-560m,0,gender,20,1,bn,informative,hi,0.7333333333333333,1.0,0.4567392945289611,120
bigscience/bloom-560m,0,gender,20,1,bn,neutral,bn,0.5,0.6333333333333333,0.0288054724534352,120
bigscience/bloom-560m,0,gender,20,1,bn,neutral,en,0.8583333333333333,1.0,0.4901636759440104,120
bigscience/bloom-560m,0,gender,20,1,bn,neutral,hi,0.6,1.0,0.2026219328244527,120
bigscience/bloom-560m,0,gender,22,1,bn,informative,bn,0.5,1.0,0.5509470750888189,120
bigscience/bloom-560m,0,gender,22,1,bn,informative,en,0.975,1.0,0.5529505411783854,120
bigscience/bloom-560m,0,gender,22,1,bn,informative,hi,0.725,1.0,0.4168665289878845,120
bigscience/bloom-560m,0,gender,22,1,bn,neutral,bn,0.5,0.5666666666666667,0.0150982866684595,120
bigscience/bloom-560m,0,gender,22,1,bn,neutral,en,0.85,1.0,0.5088676452636719,120
bigscience/bloom-560m,0,gender,22,1,bn,neutral,hi,0.575,0.9833333333333332,0.160660974184672,120
bigscience/bloom-560m,0,gender,0,1,hi,informative,bn,0.5,1.0,0.5698129892349243,120
bigscience/bloom-560m,0,gender,0,1,hi,informative,en,0.95,1.0,0.5572420756022135,120
bigscience/bloom-560m,0,gender,0,1,hi,informative,hi,0.7166666666666667,1.0,0.4350775798161824,120
bigscience/bloom-560m,0,gender,0,1,hi,neutral,bn,0.5,0.6166666666666667,0.0337984611590703,120
bigscience/bloom-560m,0,gender,0,1,hi,neutral,en,0.85,1.0,0.5190711975097656,120
bigscience/bloom-560m,0,gender,0,1,hi,neutral,hi,0.5416666666666666,1.0,0.1806533892949422,120
bigscience/bloom-560m,0,gender,2,1,hi,informative,bn,0.5,1.0,0.5781239221493403,120
bigscience/bloom-560m,0,gender,2,1,hi,informative,en,0.9666666666666668,1.0,0.5614260355631511,120
bigscience/bloom-560m,0,gender,2,1,hi,informative,hi,0.725,1.0,0.4696793834368388,120
bigscience/bloom-560m,0,gender,2,1,hi,neutral,bn,0.5,0.6166666666666667,0.0378063231706619,120
bigscience/bloom-560m,0,gender,2,1,hi,neutral,en,0.8583333333333333,1.0,0.5191261291503906,120
bigscience/bloom-560m,0,gender,2,1,hi,neutral,hi,0.5583333333333333,1.0,0.2095046440760294,120
bigscience/bloom-560m,0,gender,4,1,hi,informative,bn,0.5,1.0,0.5842440843582153,120
bigscience/bloom-560m,0,gender,4,1,hi,informative,en,0.9666666666666668,1.0,0.5584431966145833,120
bigscience/bloom-560m,0,gender,4,1,hi,informative,hi,0.7083333333333334,1.0,0.442316456635793,120
bigscience/bloom-560m,0,gender,4,1,hi,neutral,bn,0.5,0.65,0.0437929977973302,120
bigscience/bloom-560m,0,gender,4,1,hi,neutral,en,0.85,1.0,0.5163663228352865,120
bigscience/bloom-560m,0,gender,4,1,hi,neutral,hi,0.5416666666666666,1.0,0.1787285685539245,120
bigscience/bloom-560m,0,gender,6,1,hi,informative,bn,0.5,1.0,0.5893000652392705,120
bigscience/bloom-560m,0,gender,6,1,hi,informative,en,0.9666666666666668,1.0,0.5598017374674479,120
bigscience/bloom-560m,0,gender,6,1,hi,informative,hi,0.7083333333333334,1.0,0.4232311010360717,120
bigscience/bloom-560m,0,gender,6,1,hi,neutral,bn,0.5,0.6333333333333333,0.042609480023384,120
bigscience/bloom-560m,0,gender,6,1,hi,neutral,en,0.85,1.0,0.5179962158203125,120
bigscience/bloom-560m,0,gender,6,1,hi,neutral,hi,0.5416666666666666,0.9833333333333332,0.1662923057874043,120
bigscience/bloom-560m,0,gender,8,1,hi,informative,bn,0.5,1.0,0.5875822474559148,120
bigscience/bloom-560m,0,gender,8,1,hi,informative,en,0.9833333333333332,1.0,0.5651850382486979,120
bigscience/bloom-560m,0,gender,8,1,hi,informative,hi,0.7083333333333334,1.0,0.4478383819262186,120
bigscience/bloom-560m,0,gender,8,1,hi,neutral,bn,0.5,0.6333333333333333,0.0428159515062967,120
bigscience/bloom-560m,0,gender,8,1,hi,neutral,en,0.8583333333333333,1.0,0.5192067464192708,120
bigscience/bloom-560m,0,gender,8,1,hi,neutral,hi,0.55,1.0,0.1870205839474996,120
bigscience/bloom-560m,0,gender,10,1,hi,informative,bn,0.5,1.0,0.5978225231170654,120
bigscience/bloom-560m,0,gender,10,1,hi,informative,en,0.9833333333333332,1.0,0.5669520060221355,120
bigscience/bloom-560m,0,gender,10,1,hi,informative,hi,0.7083333333333334,1.0,0.4288903832435607,120
bigscience/bloom-560m,0,gender,10,1,hi,neutral,bn,0.5,0.6666666666666666,0.0523776978254318,120
bigscience/bloom-560m,0,gender,10,1,hi,neutral,en,0.85,1.0,0.5170753479003907,120
bigscience/bloom-560m,0,gender,10,1,hi,neutral,hi,0.5416666666666666,1.0,0.1677521030108134,120
bigscience/bloom-560m,0,gender,12,1,hi,informative,bn,0.5,1.0,0.5658167123794555,120
bigscience/bloom-560m,0,gender,12,1,hi,informative,en,0.9583333333333334,1.0,0.5597946166992187,120
bigscience/bloom-560m,0,gender,12,1,hi,informative,hi,0.7083333333333334,1.0,0.4049680709838867,120
bigscience/bloom-560m,0,gender,12,1,hi,neutral,bn,0.5,0.65,0.045219803849856,120
bigscience/bloom-560m,0,gender,12,1,hi,neutral,en,0.8666666666666667,1.0,0.516290028889974,120
bigscience/bloom-560m,0,gender,12,1,hi,neutral,hi,0.5333333333333333,0.9833333333333332,0.1520242849985758,120
bigscience/bloom-560m,0,gender,12,4,hi,informative,bn,0.5,1.0,0.5732498794794083,120
bigscience/bloom-560m,0,gender,12,4,hi,informative,en,0.9666666666666668,1.0,0.5166333516438802,120
bigscience/bloom-560m,0,gender,12,4,hi,informative,hi,0.65,1.0,0.3267349004745483,120
bigscience/bloom-560m,0,gender,12,4,hi,neutral,bn,0.5,0.6333333333333333,0.0479145099719365,120
bigscience/bloom-560m,0,gender,12,4,hi,neutral,en,0.8583333333333333,1.0,0.4766510009765625,120
bigscience/bloom-560m,0,gender,12,4,hi,neutral,hi,0.5166666666666667,0.8833333333333333,0.1011265595753987,120
bigscience/bloom-560m,0,gender,14,1,hi,informative,bn,0.5,1.0,0.5803795993328095,120
bigscience/bloom-560m,0,gender,14,1,hi,informative,en,0.9416666666666668,1.0,0.553997294108073,120
bigscience/bloom-560m,0,gender,14,1,hi,informative,hi,0.725,1.0,0.4365691701571146,120
bigscience/bloom-560m,0,gender,14,1,hi,neutral,bn,0.5,0.6666666666666666,0.0578137427568435,120
bigscience/bloom-560m,0,gender,14,1,hi,neutral,en,0.8583333333333333,1.0,0.5078628540039063,120
bigscience/bloom-560m,0,gender,14,1,hi,neutral,hi,0.55,1.0,0.187234338124593,120
bigscience/bloom-560m,0,gender,16,1,hi,informative,bn,0.5,1.0,0.5722323258717855,120
bigscience/bloom-560m,0,gender,16,1,hi,informative,en,0.95,1.0,0.534423828125,120
bigscience/bloom-560m,0,gender,16,1,hi,informative,hi,0.7166666666666667,1.0,0.3834148009618123,120
bigscience/bloom-560m,0,gender,16,1,hi,neutral,bn,0.5,0.6166666666666667,0.0386391848325729,120
bigscience/bloom-560m,0,gender,16,1,hi,neutral,en,0.8583333333333333,1.0,0.4951032002766927,120
bigscience/bloom-560m,0,gender,16,1,hi,neutral,hi,0.5333333333333333,0.9166666666666666,0.1314445734024047,120
bigscience/bloom-560m,0,gender,18,1,hi,informative,bn,0.5,1.0,0.5673815766970317,120
bigscience/bloom-560m,0,gender,18,1,hi,informative,en,0.9416666666666668,1.0,0.5046165466308594,120
bigscience/bloom-560m,0,gender,18,1,hi,informative,hi,0.6416666666666667,1.0,0.335493000348409,120
bigscience/bloom-560m,0,gender,18,1,hi,neutral,bn,0.5,0.65,0.0482537060976028,120
bigscience/bloom-560m,0,gender,18,1,hi,neutral,en,0.8583333333333333,1.0,0.4518788655598958,120
bigscience/bloom-560m,0,gender,18,1,hi,neutral,hi,0.5166666666666667,0.8,0.077748954296112,120
bigscience/bloom-560m,0,gender,20,1,hi,informative,bn,0.5,1.0,0.5897560209035874,120
bigscience/bloom-560m,0,gender,20,1,hi,informative,en,0.8416666666666667,1.0,0.4841079711914062,120
bigscience/bloom-560m,0,gender,20,1,hi,informative,hi,0.7083333333333334,1.0,0.2845130562782287,120
bigscience/bloom-560m,0,gender,20,1,hi,neutral,bn,0.5,0.6333333333333333,0.0472554345925649,120
bigscience/bloom-560m,0,gender,20,1,hi,neutral,en,0.8333333333333334,1.0,0.4500048319498698,120
bigscience/bloom-560m,0,gender,20,1,hi,neutral,hi,0.5,0.65,0.0256165504455566,120
bigscience/bloom-560m,0,gender,22,1,hi,informative,bn,0.5,1.0,0.5804385095834732,120
bigscience/bloom-560m,0,gender,22,1,hi,informative,en,0.8666666666666667,1.0,0.4990643819173177,120
bigscience/bloom-560m,0,gender,22,1,hi,informative,hi,0.7083333333333334,1.0,0.3529539783795675,120
bigscience/bloom-560m,0,gender,22,1,hi,neutral,bn,0.5,0.6333333333333333,0.0419500102599461,120
bigscience/bloom-560m,0,gender,22,1,hi,neutral,en,0.8583333333333333,1.0,0.4584869384765625,120
bigscience/bloom-560m,0,gender,22,1,hi,neutral,hi,0.5416666666666666,0.9,0.1002217690149943,120
bigscience/bloom-560m,0,gender,0,1,en,informative,bn,0.5,1.0,0.584408571322759,120
bigscience/bloom-560m,0,gender,0,1,en,informative,en,0.9333333333333332,1.0,0.5388659159342448,120
bigscience/bloom-560m,0,gender,0,1,en,informative,hi,0.725,1.0,0.429050886631012,120
bigscience/bloom-560m,0,gender,0,1,en,neutral,bn,0.5,0.65,0.0512565106153488,120
bigscience/bloom-560m,0,gender,0,1,en,neutral,en,0.8416666666666667,1.0,0.5062484741210938,120
bigscience/bloom-560m,0,gender,0,1,en,neutral,hi,0.55,1.0,0.1787476698557535,120
bigscience/bloom-560m,0,gender,2,1,en,informative,bn,0.5,1.0,0.5777556409438451,120
bigscience/bloom-560m,0,gender,2,1,en,informative,en,0.95,1.0,0.5654131571451823,120
bigscience/bloom-560m,0,gender,2,1,en,informative,hi,0.725,1.0,0.4603038469950358,120
bigscience/bloom-560m,0,gender,2,1,en,neutral,bn,0.5,0.6166666666666667,0.0310087859630584,120
bigscience/bloom-560m,0,gender,2,1,en,neutral,en,0.8416666666666667,1.0,0.5084752400716146,120
bigscience/bloom-560m,0,gender,2,1,en,neutral,hi,0.5583333333333333,1.0,0.1963267683982849,120
bigscience/bloom-560m,0,gender,4,1,en,informative,bn,0.5,1.0,0.5904091686010361,120
bigscience/bloom-560m,0,gender,4,1,en,informative,en,0.9416666666666668,1.0,0.5722012837727865,120
bigscience/bloom-560m,0,gender,4,1,en,informative,hi,0.725,1.0,0.4542546908060709,120
bigscience/bloom-560m,0,gender,4,1,en,neutral,bn,0.5,0.6333333333333333,0.044496085246404,120
bigscience/bloom-560m,0,gender,4,1,en,neutral,en,0.8416666666666667,1.0,0.5267275492350261,120
bigscience/bloom-560m,0,gender,4,1,en,neutral,hi,0.5416666666666666,1.0,0.1877336819966634,120
bigscience/bloom-560m,0,gender,6,1,en,informative,bn,0.5,1.0,0.5783931523561477,120
bigscience/bloom-560m,0,gender,6,1,en,informative,en,0.8833333333333333,1.0,0.5224512736002604,120
bigscience/bloom-560m,0,gender,6,1,en,informative,hi,0.725,1.0,0.4508790850639343,120
bigscience/bloom-560m,0,gender,6,1,en,neutral,bn,0.5,0.6666666666666666,0.0478569865226745,120
bigscience/bloom-560m,0,gender,6,1,en,neutral,en,0.8333333333333334,1.0,0.4712331136067708,120
bigscience/bloom-560m,0,gender,6,1,en,neutral,hi,0.55,1.0,0.1870289802551269,120
bigscience/bloom-560m,0,gender,8,1,en,informative,bn,0.5,1.0,0.5828170617421468,120
bigscience/bloom-560m,0,gender,8,1,en,informative,en,0.85,1.0,0.4820114135742187,120
bigscience/bloom-560m,0,gender,8,1,en,informative,hi,0.725,1.0,0.4484559059143066,120
bigscience/bloom-560m,0,gender,8,1,en,neutral,bn,0.5,0.6666666666666666,0.0510473390420277,120
bigscience/bloom-560m,0,gender,8,1,en,neutral,en,0.8416666666666667,1.0,0.4426902770996094,120
bigscience/bloom-560m,0,gender,8,1,en,neutral,hi,0.55,1.0,0.1847222566604614,120
bigscience/bloom-560m,0,gender,10,1,en,informative,bn,0.5,1.0,0.5707527935504914,120
bigscience/bloom-560m,0,gender,10,1,en,informative,en,0.8666666666666667,1.0,0.4798993428548177,120
bigscience/bloom-560m,0,gender,10,1,en,informative,hi,0.725,1.0,0.4109645048777262,120
bigscience/bloom-560m,0,gender,10,1,en,neutral,bn,0.5,0.6333333333333333,0.0474182287851969,120
bigscience/bloom-560m,0,gender,10,1,en,neutral,en,0.825,1.0,0.4471422831217448,120
bigscience/bloom-560m,0,gender,10,1,en,neutral,hi,0.575,1.0,0.1568901062011718,120
bigscience/bloom-560m,0,gender,12,1,en,informative,bn,0.5,1.0,0.5827156374851863,120
bigscience/bloom-560m,0,gender,12,1,en,informative,en,0.9,1.0,0.5061147054036458,120
bigscience/bloom-560m,0,gender,12,1,en,informative,hi,0.7166666666666667,1.0,0.3881393591562906,120
bigscience/bloom-560m,0,gender,12,1,en,neutral,bn,0.5,0.6333333333333333,0.0388105909029642,120
bigscience/bloom-560m,0,gender,12,1,en,neutral,en,0.8333333333333334,1.0,0.4811408996582031,120
bigscience/bloom-560m,0,gender,12,1,en,neutral,hi,0.5583333333333333,0.9833333333333332,0.1559077103932698,120
bigscience/bloom-560m,0,gender,12,4,en,informative,bn,0.5,1.0,0.6134450962146123,120
bigscience/bloom-560m,0,gender,12,4,en,informative,en,0.6416666666666667,1.0,0.3047826131184896,120
bigscience/bloom-560m,0,gender,12,4,en,informative,hi,0.7166666666666667,1.0,0.3630147178967793,120
bigscience/bloom-560m,0,gender,12,4,en,neutral,bn,0.5,0.7666666666666667,0.0792278289794921,120
bigscience/bloom-560m,0,gender,12,4,en,neutral,en,0.75,1.0,0.3134256998697917,120
bigscience/bloom-560m,0,gender,12,4,en,neutral,hi,0.575,0.9666666666666668,0.1374235153198242,120
bigscience/bloom-560m,0,gender,14,1,en,informative,bn,0.5,1.0,0.5833556562662124,120
bigscience/bloom-560m,0,gender,14,1,en,informative,en,0.9333333333333332,1.0,0.5401568094889323,120
bigscience/bloom-560m,0,gender,14,1,en,informative,hi,0.7416666666666667,1.0,0.4159468054771423,120
bigscience/bloom-560m,0,gender,14,1,en,neutral,bn,0.5,0.65,0.0492674161990483,120
bigscience/bloom-560m,0,gender,14,1,en,neutral,en,0.85,1.0,0.5202679951985677,120
bigscience/bloom-560m,0,gender,14,1,en,neutral,hi,0.5833333333333334,1.0,0.175341518719991,120
bigscience/bloom-560m,0,gender,16,1,en,informative,bn,0.5,1.0,0.5836594104766846,120
bigscience/bloom-560m,0,gender,16,1,en,informative,en,0.8583333333333333,1.0,0.5423431396484375,120
bigscience/bloom-560m,0,gender,16,1,en,informative,hi,0.75,1.0,0.4546997785568237,120
bigscience/bloom-560m,0,gender,16,1,en,neutral,bn,0.5,0.6666666666666666,0.0513389567534128,120
bigscience/bloom-560m,0,gender,16,1,en,neutral,en,0.8333333333333334,1.0,0.5134353637695312,120
bigscience/bloom-560m,0,gender,16,1,en,neutral,hi,0.5833333333333334,1.0,0.1881882150967916,120
bigscience/bloom-560m,0,gender,18,1,en,informative,bn,0.5,1.0,0.5419931828975677,120
bigscience/bloom-560m,0,gender,18,1,en,informative,en,0.8333333333333334,1.0,0.4841715494791667,120
bigscience/bloom-560m,0,gender,18,1,en,informative,hi,0.7583333333333333,1.0,0.4262200713157654,120
bigscience/bloom-560m,0,gender,18,1,en,neutral,bn,0.5,0.6,0.0299806167682011,120
bigscience/bloom-560m,0,gender,18,1,en,neutral,en,0.8083333333333333,1.0,0.4494036356608072,120
bigscience/bloom-560m,0,gender,18,1,en,neutral,hi,0.6,1.0,0.1689021348953247,120
bigscience/bloom-560m,0,gender,20,1,en,informative,bn,0.5,1.0,0.536044172445933,120
bigscience/bloom-560m,0,gender,20,1,en,informative,en,0.8833333333333333,1.0,0.4775871276855469,120
bigscience/bloom-560m,0,gender,20,1,en,informative,hi,0.7166666666666667,1.0,0.3769962310791016,120
bigscience/bloom-560m,0,gender,20,1,en,neutral,bn,0.5,0.6166666666666667,0.0285735001166661,120
bigscience/bloom-560m,0,gender,20,1,en,neutral,en,0.8583333333333333,1.0,0.4493896484375,120
bigscience/bloom-560m,0,gender,20,1,en,neutral,hi,0.5416666666666666,0.9833333333333332,0.1090347488721211,120
bigscience/bloom-560m,0,gender,22,1,en,informative,bn,0.5,1.0,0.5633202066024144,120
bigscience/bloom-560m,0,gender,22,1,en,informative,en,0.85,1.0,0.4460344950358073,120
bigscience/bloom-560m,0,gender,22,1,en,informative,hi,0.7083333333333334,1.0,0.3752625425656636,120
bigscience/bloom-560m,0,gender,22,1,en,neutral,bn,0.5,0.6166666666666667,0.0316429773966471,120
bigscience/bloom-560m,0,gender,22,1,en,neutral,en,0.8666666666666667,1.0,0.4102734883626302,120
bigscience/bloom-560m,0,gender,22,1,en,neutral,hi,0.5333333333333333,0.9333333333333332,0.1239050189654032,120
bigscience/bloom-560m,0,side_aunt,0,1,random,informative,bn,0.6666666666666666,1.0,1.289002960920334,120
bigscience/bloom-560m,0,side_aunt,0,1,random,informative,en,0.5,0.6166666666666667,0.0155797322591145,120
bigscience/bloom-560m,0,side_aunt,0,1,random,informative,hi,0.8333333333333334,1.0,0.962903556227684,120
bigscience/bloom-560m,0,side_aunt,0,1,random,neutral,bn,0.5,1.0,0.631105097134908,120
bigscience/bloom-560m,0,side_aunt,0,1,random,neutral,en,0.5,0.5,0.0,120
bigscience/bloom-560m,0,side_aunt,0,1,random,neutral,hi,0.7666666666666667,1.0,0.6473297258218129,120
bigscience/bloom-560m,0,gender,0,1,random,informative,bn,0.5,1.0,0.5903814911842347,120
bigscience/bloom-560m,0,gender,0,1,random,informative,en,0.9666666666666668,1.0,0.5603129069010416,120
bigscience/bloom-560m,0,gender,0,1,random,informative,hi,0.725,1.0,0.4460042556126912,120
bigscience/bloom-560m,0,gender,0,1,random,neutral,bn,0.5,0.6833333333333333,0.0571192602316538,120
bigscience/bloom-560m,0,gender,0,1,random,neutral,en,0.85,1.0,0.5175641377766927,120
bigscience/bloom-560m,0,gender,0,1,random,neutral,hi,0.5416666666666666,1.0,0.1877190311749776,120
bigscience/bloom-560m,0,side_aunt,2,1,random,informative,bn,0.675,1.0,1.2900325238704682,120
bigscience/bloom-560m,0,side_aunt,2,1,random,informative,en,0.5,0.6166666666666667,0.0123100280761718,120
bigscience/bloom-560m,0,side_aunt,2,1,random,informative,hi,0.8333333333333334,1.0,0.9577833692232768,120
bigscience/bloom-560m,0,side_aunt,2,1,random,neutral,bn,0.5083333333333333,1.0,0.6279594361782074,120
bigscience/bloom-560m,0,side_aunt,2,1,random,neutral,en,0.5,0.5,0.0,120
bigscience/bloom-560m,0,side_aunt,2,1,random,neutral,hi,0.775,1.0,0.6370644440253576,120
bigscience/bloom-560m,0,gender,2,1,random,informative,bn,0.5,1.0,0.5725739081700643,120
bigscience/bloom-560m,0,gender,2,1,random,informative,en,0.9666666666666668,1.0,0.5550707499186198,120
bigscience/bloom-560m,0,gender,2,1,random,informative,hi,0.7166666666666667,1.0,0.4463445901870727,120
bigscience/bloom-560m,0,gender,2,1,random,neutral,bn,0.5,0.6333333333333333,0.0429429988066355,120
bigscience/bloom-560m,0,gender,2,1,random,neutral,en,0.8583333333333333,1.0,0.5146794637044271,120
bigscience/bloom-560m,0,gender,2,1,random,neutral,hi,0.5416666666666666,1.0,0.1902140895525614,120
bigscience/bloom-560m,0,side_aunt,4,1,random,informative,bn,0.6666666666666666,1.0,1.2996960322062174,120
bigscience/bloom-560m,0,side_aunt,4,1,random,informative,en,0.5,0.6166666666666667,0.0150680541992187,120
bigscience/bloom-560m,0,side_aunt,4,1,random,informative,hi,0.8333333333333334,1.0,0.964296833674113,120
bigscience/bloom-560m,0,side_aunt,4,1,random,neutral,bn,0.5,1.0,0.6364201923211416,120
bigscience/bloom-560m,0,side_aunt,4,1,random,neutral,en,0.5,0.5,0.0,120
bigscience/bloom-560m,0,side_aunt,4,1,random,neutral,hi,0.775,1.0,0.6500469624996186,120
bigscience/bloom-560m,0,gender,4,1,random,informative,bn,0.5,1.0,0.5834708422422409,120
bigscience/bloom-560m,0,gender,4,1,random,informative,en,0.9666666666666668,1.0,0.560266621907552,120
bigscience/bloom-560m,0,gender,4,1,random,informative,hi,0.725,1.0,0.4472570935885111,120
bigscience/bloom-560m,0,gender,4,1,random,neutral,bn,0.5,0.6333333333333333,0.0456709514061609,120
bigscience/bloom-560m,0,gender,4,1,random,neutral,en,0.8583333333333333,1.0,0.517693837483724,120
bigscience/bloom-560m,0,gender,4,1,random,neutral,hi,0.55,1.0,0.1906063119570414,120
bigscience/bloom-560m,0,side_aunt,6,1,random,informative,bn,0.6916666666666667,1.0,1.2783691843350729,120
bigscience/bloom-560m,0,side_aunt,6,1,random,informative,en,0.5,0.6166666666666667,0.0137118021647135,120
bigscience/bloom-560m,0,side_aunt,6,1,random,informative,hi,0.825,1.0,0.9479014863570532,120
bigscience/bloom-560m,0,side_aunt,6,1,random,neutral,bn,0.5166666666666667,1.0,0.6343211094538371,120
bigscience/bloom-560m,0,side_aunt,6,1,random,neutral,en,0.5,0.5,0.0,120
bigscience/bloom-560m,0,side_aunt,6,1,random,neutral,hi,0.7583333333333333,1.0,0.6326860219240189,120
bigscience/bloom-560m,0,gender,6,1,random,informative,bn,0.5,1.0,0.5865868518749873,120
bigscience/bloom-560m,0,gender,6,1,random,informative,en,0.9666666666666668,1.0,0.5681358337402344,120
bigscience/bloom-560m,0,gender,6,1,random,informative,hi,0.725,1.0,0.4442339022954305,120
bigscience/bloom-560m,0,gender,6,1,random,neutral,bn,0.5,0.6166666666666667,0.0444561392068862,120
bigscience/bloom-560m,0,gender,6,1,random,neutral,en,0.85,1.0,0.5217885335286458,120
bigscience/bloom-560m,0,gender,6,1,random,neutral,hi,0.5416666666666666,1.0,0.189383578300476,120
bigscience/bloom-560m,0,side_aunt,8,1,random,informative,bn,0.675,1.0,1.297283558050791,120
bigscience/bloom-560m,0,side_aunt,8,1,random,informative,en,0.5,0.6166666666666667,0.0124603271484375,120
bigscience/bloom-560m,0,side_aunt,8,1,random,informative,hi,0.825,1.0,0.9746441046396892,120
bigscience/bloom-560m,0,side_aunt,8,1,random,neutral,bn,0.5083333333333333,1.0,0.6363707462946574,120
bigscience/bloom-560m,0,side_aunt,8,1,random,neutral,en,0.5,0.5,0.0,120
bigscience/bloom-560m,0,side_aunt,8,1,random,neutral,hi,0.7666666666666667,1.0,0.6504328489303589,120
bigscience/bloom-560m,0,gender,8,1,random,informative,bn,0.5,1.0,0.5806885063648224,120
bigscience/bloom-560m,0,gender,8,1,random,informative,en,0.9583333333333334,1.0,0.556994374593099,120
bigscience/bloom-560m,0,gender,8,1,random,informative,hi,0.725,1.0,0.4412911295890808,120
bigscience/bloom-560m,0,gender,8,1,random,neutral,bn,0.5,0.65,0.0459014862775802,120
bigscience/bloom-560m,0,gender,8,1,random,neutral,en,0.85,1.0,0.5129086812337239,120
bigscience/bloom-560m,0,gender,8,1,random,neutral,hi,0.55,1.0,0.1821538805961609,120
bigscience/bloom-560m,0,side_aunt,10,1,random,informative,bn,0.6666666666666666,1.0,1.305375572045644,120
bigscience/bloom-560m,0,side_aunt,10,1,random,informative,en,0.5,0.6166666666666667,0.0134178161621093,120
bigscience/bloom-560m,0,side_aunt,10,1,random,informative,hi,0.825,1.0,0.9541861146688462,120
bigscience/bloom-560m,0,side_aunt,10,1,random,neutral,bn,0.5,1.0,0.6377117296059926,120
bigscience/bloom-560m,0,side_aunt,10,1,random,neutral,en,0.5,0.5,0.0,120
bigscience/bloom-560m,0,side_aunt,10,1,random,neutral,hi,0.7583333333333333,1.0,0.6434803773959478,120
bigscience/bloom-560m,0,gender,10,1,random,informative,bn,0.5,1.0,0.5875913192828496,120
bigscience/bloom-560m,0,gender,10,1,random,informative,en,0.9833333333333332,1.0,0.567969004313151,120
bigscience/bloom-560m,0,gender,10,1,random,informative,hi,0.7083333333333334,1.0,0.446215275923411,120
bigscience/bloom-560m,0,gender,10,1,random,neutral,bn,0.5,0.65,0.0495646625757217,120
bigscience/bloom-560m,0,gender,10,1,random,neutral,en,0.8583333333333333,1.0,0.5251912434895833,120
bigscience/bloom-560m,0,gender,10,1,random,neutral,hi,0.5416666666666666,1.0,0.1955293377240498,120
bigscience/bloom-560m,0,side_aunt,12,1,random,informative,bn,0.675,1.0,1.2969201862812043,120
bigscience/bloom-560m,0,side_aunt,12,1,random,informative,en,0.5,0.6166666666666667,0.0120203653971354,120
bigscience/bloom-560m,0,side_aunt,12,1,random,informative,hi,0.8166666666666667,1.0,0.9617675364017486,120
bigscience/bloom-560m,0,side_aunt,12,1,random,neutral,bn,0.5083333333333333,1.0,0.648453813791275,120
bigscience/bloom-560m,0,side_aunt,12,1,random,neutral,en,0.5,0.5,0.0,120
bigscience/bloom-560m,0,side_aunt,12,1,random,neutral,hi,0.7583333333333333,1.0,0.6458768020073573,120
bigscience/bloom-560m,0,gender,12,1,random,informative,bn,0.5,1.0,0.5942676623662313,120
bigscience/bloom-560m,0,gender,12,1,random,informative,en,0.95,1.0,0.553185780843099,120
bigscience/bloom-560m,0,gender,12,1,random,informative,hi,0.7166666666666667,1.0,0.4429646015167236,120
bigscience/bloom-560m,0,gender,12,1,random,neutral,bn,0.5,0.6333333333333333,0.0471526483694712,120
bigscience/bloom-560m,0,gender,12,1,random,neutral,en,0.85,1.0,0.5100781758626302,120
bigscience/bloom-560m,0,gender,12,1,random,neutral,hi,0.5416666666666666,1.0,0.187402335802714,120
bigscience/bloom-560m,0,side_aunt,12,4,random,informative,bn,0.6583333333333333,1.0,1.3009464641412098,120
bigscience/bloom-560m,0,side_aunt,12,4,random,informative,en,0.5,0.6833333333333333,0.0185554504394531,120
bigscience/bloom-560m,0,side_aunt,12,4,random,informative,hi,0.8166666666666667,1.0,0.9769361108541488,120
bigscience/bloom-560m,0,side_aunt,12,4,random,neutral,bn,0.5,1.0,0.6405014216899871,120
bigscience/bloom-560m,0,side_aunt,12,4,random,neutral,en,0.5,0.5,0.0,120
bigscience/bloom-560m,0,side_aunt,12,4,random,neutral,hi,0.775,1.0,0.6496587187051773,120
bigscience/bloom-560m,0,gender,12,4,random,informative,bn,0.5,1.0,0.5907774647076924,120
bigscience/bloom-560m,0,gender,12,4,random,informative,en,0.975,1.0,0.5540163675944011,120
bigscience/bloom-560m,0,gender,12,4,random,informative,hi,0.725,1.0,0.4507087786992391,120
bigscience/bloom-560m,0,gender,12,4,random,neutral,bn,0.5,0.6333333333333333,0.0456088423728942,120
bigscience/bloom-560m,0,gender,12,4,random,neutral,en,0.8583333333333333,1.0,0.5027793884277344,120
bigscience/bloom-560m,0,gender,12,4,random,neutral,hi,0.55,1.0,0.1816694974899292,120
bigscience/bloom-560m,0,side_aunt,14,1,random,informative,bn,0.675,1.0,1.3024553060531616,120
bigscience/bloom-560m,0,side_aunt,14,1,random,informative,en,0.5,0.65,0.0179517110188802,120
bigscience/bloom-560m,0,side_aunt,14,1,random,informative,hi,0.825,1.0,0.9515168676773708,120
bigscience/bloom-560m,0,side_aunt,14,1,random,neutral,bn,0.5083333333333333,1.0,0.6441488722960155,120
bigscience/bloom-560m,0,side_aunt,14,1,random,neutral,en,0.5,0.5,0.0,120
bigscience/bloom-560m,0,side_aunt,14,1,random,neutral,hi,0.7583333333333333,1.0,0.6371160825093587,120
bigscience/bloom-560m,0,gender,14,1,random,informative,bn,0.5,1.0,0.5886746138334275,120
bigscience/bloom-560m,0,gender,14,1,random,informative,en,0.975,1.0,0.5560735066731771,120
bigscience/bloom-560m,0,gender,14,1,random,informative,hi,0.7083333333333334,1.0,0.4468667944272359,120
bigscience/bloom-560m,0,gender,14,1,random,neutral,bn,0.5,0.6333333333333333,0.0449619859457015,120
bigscience/bloom-560m,0,gender,14,1,random,neutral,en,0.85,1.0,0.509905751546224,120
bigscience/bloom-560m,0,gender,14,1,random,neutral,hi,0.55,1.0,0.189520255724589,120
bigscience/bloom-560m,0,side_aunt,16,1,random,informative,bn,0.65,1.0,1.2808813770612082,120
bigscience/bloom-560m,0,side_aunt,16,1,random,informative,en,0.5,0.6833333333333333,0.0207018534342447,120
bigscience/bloom-560m,0,side_aunt,16,1,random,informative,hi,0.8166666666666667,1.0,0.9514353801806767,120
bigscience/bloom-560m,0,side_aunt,16,1,random,neutral,bn,0.5,1.0,0.6234695672988891,120
bigscience/bloom-560m,0,side_aunt,16,1,random,neutral,en,0.5,0.5,0.0,120
bigscience/bloom-560m,0,side_aunt,16,1,random,neutral,hi,0.775,1.0,0.6366283516089122,120
bigscience/bloom-560m,0,gender,16,1,random,informative,bn,0.5,1.0,0.5878081013758977,120
bigscience/bloom-560m,0,gender,16,1,random,informative,en,0.9666666666666668,1.0,0.5647880554199218,120
bigscience/bloom-560m,0,gender,16,1,random,informative,hi,0.7083333333333334,1.0,0.4440381606419881,120
bigscience/bloom-560m,0,gender,16,1,random,neutral,bn,0.5,0.6333333333333333,0.0483684380849202,120
bigscience/bloom-560m,0,gender,16,1,random,neutral,en,0.8583333333333333,1.0,0.5195892333984375,120
bigscience/bloom-560m,0,gender,16,1,random,neutral,hi,0.5416666666666666,1.0,0.1882328828175862,120
bigscience/bloom-560m,0,side_aunt,18,1,random,informative,bn,0.675,1.0,1.2882269660631815,120
bigscience/bloom-560m,0,side_aunt,18,1,random,informative,en,0.5,0.6166666666666667,0.0106165568033854,120
bigscience/bloom-560m,0,side_aunt,18,1,random,informative,hi,0.8166666666666667,1.0,0.9424330105384192,120
bigscience/bloom-560m,0,side_aunt,18,1,random,neutral,bn,0.5083333333333333,1.0,0.6404312988122304,120
bigscience/bloom-560m,0,side_aunt,18,1,random,neutral,en,0.5,0.5,0.0,120
bigscience/bloom-560m,0,side_aunt,18,1,random,neutral,hi,0.7666666666666667,1.0,0.6406028191248576,120
bigscience/bloom-560m,0,gender,18,1,random,informative,bn,0.5,1.0,0.5783148467540741,120
bigscience/bloom-560m,0,gender,18,1,random,informative,en,0.9666666666666668,1.0,0.5594868977864583,120
bigscience/bloom-560m,0,gender,18,1,random,informative,hi,0.725,1.0,0.4403520623842875,120
bigscience/bloom-560m,0,gender,18,1,random,neutral,bn,0.5,0.6333333333333333,0.0455794831116994,120
bigscience/bloom-560m,0,gender,18,1,random,neutral,en,0.85,1.0,0.5171948750813802,120
bigscience/bloom-560m,0,gender,18,1,random,neutral,hi,0.55,1.0,0.1819670677185058,120
bigscience/bloom-560m,0,side_aunt,20,1,random,informative,bn,0.675,1.0,1.2996447344621025,120
bigscience/bloom-560m,0,side_aunt,20,1,random,informative,en,0.5,0.6166666666666667,0.0162162780761718,120
bigscience/bloom-560m,0,side_aunt,20,1,random,informative,hi,0.8166666666666667,1.0,0.9421983887751896,120
bigscience/bloom-560m,0,side_aunt,20,1,random,neutral,bn,0.5083333333333333,1.0,0.6431574881076813,120
bigscience/bloom-560m,0,side_aunt,20,1,random,neutral,en,0.5,0.5,0.0,120
bigscience/bloom-560m,0,side_aunt,20,1,random,neutral,hi,0.7583333333333333,1.0,0.6291157156229019,120
bigscience/bloom-560m,0,gender,20,1,random,informative,bn,0.5,1.0,0.5856574237346649,120
bigscience/bloom-560m,0,gender,20,1,random,informative,en,0.975,1.0,0.5643750508626302,120
bigscience/bloom-560m,0,gender,20,1,random,informative,hi,0.725,1.0,0.4576158920923869,120
bigscience/bloom-560m,0,gender,20,1,random,neutral,bn,0.5,0.6333333333333333,0.0464709341526031,120
bigscience/bloom-560m,0,gender,20,1,random,neutral,en,0.85,1.0,0.5206247965494791,120
bigscience/bloom-560m,0,gender,20,1,random,neutral,hi,0.55,1.0,0.1975932995478312,120
bigscience/bloom-560m,0,side_aunt,22,1,random,informative,bn,0.6666666666666666,1.0,1.3228962202866872,120
bigscience/bloom-560m,0,side_aunt,22,1,random,informative,en,0.5,0.6166666666666667,0.0145296732584635,120
bigscience/bloom-560m,0,side_aunt,22,1,random,informative,hi,0.825,1.0,0.9391167223453522,120
bigscience/bloom-560m,0,side_aunt,22,1,random,neutral,bn,0.5,1.0,0.6613463123639425,120
bigscience/bloom-560m,0,side_aunt,22,1,random,neutral,en,0.5,0.5,0.0,120
bigscience/bloom-560m,0,side_aunt,22,1,random,neutral,hi,0.7583333333333333,1.0,0.6308842162291209,120
bigscience/bloom-560m,0,gender,22,1,random,informative,bn,0.5,1.0,0.586270147562027,120
bigscience/bloom-560m,0,gender,22,1,random,informative,en,0.9583333333333334,1.0,0.5626785278320312,120
bigscience/bloom-560m,0,gender,22,1,random,informative,hi,0.725,1.0,0.4447281718254089,120
bigscience/bloom-560m,0,gender,22,1,random,neutral,bn,0.5,0.6666666666666666,0.0545427868763605,120
bigscience/bloom-560m,0,gender,22,1,random,neutral,en,0.8583333333333333,1.0,0.5202730814615886,120
bigscience/bloom-560m,0,gender,22,1,random,neutral,hi,0.55,1.0,0.188261326154073,120
bigscience/bloom-560m,1,side_aunt,-1,0,none,informative,bn,0.55,1.0,1.0795612017313638,120
bigscience/bloom-560m,1,side_aunt,-1,0,none,informative,en,0.5,0.5333333333333333,0.0064249674479166,120
bigscience/bloom-560m,1,side_aunt,-1,0,none,informative,hi,0.8333333333333334,1.0,0.8906248221794765,120
bigscience/bloom-560m,1,side_aunt,-1,0,none,neutral,bn,0.5,1.0,0.6090485155582428,120
bigscience/bloom-560m,1,side_aunt,-1,0,none,neutral,en,0.5,0.5,0.0,120
bigscience/bloom-560m,1,side_aunt,-1,0,none,neutral,hi,0.7666666666666667,1.0,0.6395149737596512,120
bigscience/bloom-560m,1,gender,-1,0,none,informative,bn,0.5,1.0,0.5976706008116405,120
bigscience/bloom-560m,1,gender,-1,0,none,informative,en,0.85,1.0,0.561114501953125,120
bigscience/bloom-560m,1,gender,-1,0,none,informative,hi,0.6083333333333333,1.0,0.5312920371691386,120
bigscience/bloom-560m,1,gender,-1,0,none,neutral,bn,0.5,0.6,0.0438461949427922,120
bigscience/bloom-560m,1,gender,-1,0,none,neutral,en,0.875,1.0,0.5513359069824219,120
bigscience/bloom-560m,1,gender,-1,0,none,neutral,hi,0.5083333333333333,1.0,0.228276518980662,120
bigscience/bloom-560m,1,side_aunt,0,1,bn,informative,bn,0.5416666666666666,1.0,1.077992864449819,120
bigscience/bloom-560m,1,side_aunt,0,1,bn,informative,en,0.5,0.5333333333333333,0.0057200113932291,120
bigscience/bloom-560m,1,side_aunt,0,1,bn,informative,hi,0.8083333333333333,1.0,0.8814089258511861,120
bigscience/bloom-560m,1,side_aunt,0,1,bn,neutral,bn,0.5,1.0,0.597085964679718,120
bigscience/bloom-560m,1,side_aunt,0,1,bn,neutral,en,0.5,0.5,0.0,120
bigscience/bloom-560m,1,side_aunt,0,1,bn,neutral,hi,0.775,1.0,0.6362705131371816,120
bigscience/bloom-560m,1,side_aunt,2,1,bn,informative,bn,0.55,1.0,0.9793287813663484,120
bigscience/bloom-560m,1,side_aunt,2,1,bn,informative,en,0.5,0.5166666666666667,0.0084144592285156,120
bigscience/bloom-560m,1,side_aunt,2,1,bn,informative,hi,0.8083333333333333,1.0,0.8932026217381159,120
bigscience/bloom-560m,1,side_aunt,2,1,bn,neutral,bn,0.5,1.0,0.5203518331050873,120
bigscience/bloom-560m,1,side_aunt,2,1,bn,neutral,en,0.5,0.5,0.0,120
bigscience/bloom-560m,1,side_aunt,2,1,bn,neutral,hi,0.7583333333333333,1.0,0.641416942079862,120
bigscience/bloom-560m,1,side_aunt,4,1,bn,informative,bn,0.5583333333333333,1.0,0.960883371035258,120
bigscience/bloom-560m,1,side_aunt,4,1,bn,informative,en,0.5,0.5166666666666667,0.0049418131510416,120
bigscience/bloom-560m,1,side_aunt,4,1,bn,informative,hi,0.8333333333333334,1.0,0.8920809894800186,120
bigscience/bloom-560m,1,side_aunt,4,1,bn,neutral,bn,0.5,1.0,0.4772160629431407,120
bigscience/bloom-560m,1,side_aunt,4,1,bn,neutral,en,0.5,0.5,0.0,120
bigscience/bloom-560m,1,side_aunt,4,1,bn,neutral,hi,0.7666666666666667,1.0,0.6406106511751811,120
bigscience/bloom-560m,1,side_aunt,6,1,bn,informative,bn,0.5583333333333333,1.0,0.9777342637379964,120
bigscience/bloom-560m,1,side_aunt,6,1,bn,informative,en,0.5,0.6166666666666667,0.0171470642089843,120
bigscience/bloom-560m,1,side_aunt,6,1,bn,informative,hi,0.8333333333333334,1.0,0.8939564327398936,120
bigscience/bloom-560m,1,side_aunt,6,1,bn,neutral,bn,0.5,1.0,0.4959846218427022,120
bigscience/bloom-560m,1,side_aunt,6,1,bn,neutral,en,0.5,0.5,0.0,120
bigscience/bloom-560m,1,side_aunt,6,1,bn,neutral,hi,0.7666666666666667,1.0,0.6349983284870784,120
bigscience/bloom-560m,1,side_aunt,8,1,bn,informative,bn,0.5666666666666667,1.0,0.9886358916759492,120
bigscience/bloom-560m,1,side_aunt,8,1,bn,informative,en,0.5,0.5333333333333333,0.0072931925455729,120
bigscience/bloom-560m,1,side_aunt,8,1,bn,informative,hi,0.825,1.0,0.8890197177728018,120
bigscience/bloom-560m,1,side_aunt,8,1,bn,neutral,bn,0.5,1.0,0.4945685187975565,120
bigscience/bloom-560m,1,side_aunt,8,1,bn,neutral,en,0.5,0.5,0.0,120
bigscience/bloom-560m,1,side_aunt,8,1,bn,neutral,hi,0.7666666666666667,1.0,0.6275625924269358,120
bigscience/bloom-560m,1,side_aunt,10,1,bn,informative,bn,0.5333333333333333,1.0,0.9257588466008504,120
bigscience/bloom-560m,1,side_aunt,10,1,bn,informative,en,0.5,0.5333333333333333,0.0078147888183593,120
bigscience/bloom-560m,1,side_aunt,10,1,bn,informative,hi,0.8416666666666667,1.0,0.8845526466766993,120
bigscience/bloom-560m,1,side_aunt,10,1,bn,neutral,bn,0.5,1.0,0.4704986790815989,120
bigscience/bloom-560m,1,side_aunt,10,1,bn,neutral,en,0.5,0.5,0.0,120
bigscience/bloom-560m,1,side_aunt,10,1,bn,neutral,hi,0.7666666666666667,1.0,0.6262669682502746,120
bigscience/bloom-560m,1,side_aunt,12,1,bn,informative,bn,0.55,1.0,0.9819415986537934,120
bigscience/bloom-560m,1,side_aunt,12,1,bn,informative,en,0.5,0.55,0.0043848673502604,120
bigscience/bloom-560m,1,side_aunt,12,1,bn,informative,hi,0.825,1.0,0.8846758822600047,120
bigscience/bloom-560m,1,side_aunt,12,1,bn,neutral,bn,0.5,1.0,0.5436032533645629,120
bigscience/bloom-560m,1,side_aunt,12,1,bn,neutral,en,0.5,0.5,0.0,120
bigscience/bloom-560m,1,side_aunt,12,1,bn,neutral,hi,0.7666666666666667,1.0,0.6282725602388382,120
bigscience/bloom-560m,1,side_aunt,12,4,bn,informative,bn,0.5666666666666667,1.0,0.8593391338984172,120
bigscience/bloom-560m,1,side_aunt,12,4,bn,informative,en,0.5,0.6166666666666667,0.017737070719401,120
bigscience/bloom-560m,1,side_aunt,12,4,bn,informative,hi,0.7833333333333333,1.0,0.909324699640274,120
bigscience/bloom-560m,1,side_aunt,12,4,bn,neutral,bn,0.5,1.0,0.4351458072662353,120
bigscience/bloom-560m,1,side_aunt,12,4,bn,neutral,en,0.5,0.5,0.0,120
bigscience/bloom-560m,1,side_aunt,12,4,bn,neutral,hi,0.6916666666666667,1.0,0.6154466370741526,120
bigscience/bloom-560m,1,side_aunt,14,1,bn,informative,bn,0.5666666666666667,1.0,1.0412404974301657,120
bigscience/bloom-560m,1,side_aunt,14,1,bn,informative,en,0.5,0.5833333333333334,0.01070556640625,120
bigscience/bloom-560m,1,side_aunt,14,1,bn,informative,hi,0.7916666666666666,1.0,0.8827250738938649,120
bigscience/bloom-560m,1,side_aunt,14,1,bn,neutral,bn,0.5,1.0,0.5781514783700307,120
bigscience/bloom-560m,1,side_aunt,14,1,bn,neutral,en,0.5,0.5,0.0,120
bigscience/bloom-560m,1,side_aunt,14,1,bn,neutral,hi,0.75,1.0,0.6217969477176666,120
bigscience/bloom-560m,1,side_aunt,16,1,bn,informative,bn,0.575,1.0,1.0809274355570475,120
bigscience/bloom-560m,1,side_aunt,16,1,bn,informative,en,0.5,0.5333333333333333,0.0070587158203125,120
bigscience/bloom-560m,1,side_aunt,16,1,bn,informative,hi,0.775,1.0,0.9017194439967472,120
bigscience/bloom-560m,1,side_aunt,16,1,bn,neutral,bn,0.5,1.0,0.5919021010398865,120
bigscience/bloom-560m,1,side_aunt,16,1,bn,neutral,en,0.5,0.5,0.0,120
bigscience/bloom-560m,1,side_aunt,16,1,bn,neutral,hi,0.7166666666666667,1.0,0.6439271281162898,120
bigscience/bloom-560m,1,side_aunt,18,1,bn,informative,bn,0.5666666666666667,1.0,1.0449720442295074,120
bigscience/bloom-560m,1,side_aunt,18,1,bn,informative,en,0.5,0.5166666666666667,0.0061253865559895,120
bigscience/bloom-560m,1,side_aunt,18,1,bn,informative,hi,0.7666666666666667,1.0,0.9097188939650852,120
bigscience/bloom-560m,1,side_aunt,18,1,bn,neutral,bn,0.5,1.0,0.5669171055157979,120
bigscience/bloom-560m,1,side_aunt,18,1,bn,neutral,en,0.5,0.5,0.0,120
bigscience/bloom-560m,1,side_aunt,18,1,bn,neutral,hi,0.6666666666666666,1.0,0.6380757540464401,120
bigscience/bloom-560m,1,side_aunt,20,1,bn,informative,bn,0.55,1.0,1.0036473631858829,120
bigscience/bloom-560m,1,side_aunt,20,1,bn,informative,en,0.5,0.5166666666666667,0.0030843098958333,120
bigscience/bloom-560m,1,side_aunt,20,1,bn,informative,hi,0.8083333333333333,1.0,0.8792140354712804,120
bigscience/bloom-560m,1,side_aunt,20,1,bn,neutral,bn,0.5,1.0,0.5387336591879527,120
bigscience/bloom-560m,1,side_aunt,20,1,bn,neutral,en,0.5,0.5,0.0,120
bigscience/bloom-560m,1,side_aunt,20,1,bn,neutral,hi,0.7583333333333333,1.0,0.6114075124263764,120
bigscience/bloom-560m,1,side_aunt,22,1,bn,informative,bn,0.5416666666666666,1.0,1.0327379246552786,120
bigscience/bloom-560m,1,side_aunt,22,1,bn,informative,en,0.5,0.5333333333333333,0.0063222249348958,120
bigscience/bloom-560m,1,side_aunt,22,1,bn,informative,hi,0.8333333333333334,1.0,0.8836515098810196,120
bigscience/bloom-560m,1,side_aunt,22,1,bn,neutral,bn,0.5,1.0,0.5740027964115143,120
bigscience/bloom-560m,1,side_aunt,22,1,bn,neutral,en,0.5,0.5,0.0,120
bigscience/bloom-560m,1,side_aunt,22,1,bn,neutral,hi,0.7916666666666666,1.0,0.632773314913114,120
bigscience/bloom-560m,1,side_aunt,0,1,hi,informative,bn,0.5416666666666666,1.0,1.0698416392008463,120
bigscience/bloom-560m,1,side_aunt,0,1,hi,informative,en,0.5,0.55,0.0066070556640625,120
bigscience/bloom-560m,1,side_aunt,0,1,hi,informative,hi,0.8166666666666667,1.0,0.8931984186172486,120
bigscience/bloom-560m,1,side_aunt,0,1,hi,neutral,bn,0.5,1.0,0.5973351856072744,120
bigscience/bloom-560m,1,side_aunt,0,1,hi,neutral,en,0.5,0.5,0.0,120
bigscience/bloom-560m,1,side_aunt,0,1,hi,neutral,hi,0.7666666666666667,1.0,0.6581037133932114,120
bigscience/bloom-560m,1,side_aunt,2,1,hi,informative,bn,0.55,1.0,1.0788662314414978,120
bigscience/bloom-560m,1,side_aunt,2,1,hi,informative,en,0.5,0.5,0.0030204772949218,120
bigscience/bloom-560m,1,side_aunt,2,1,hi,informative,hi,0.8083333333333333,1.0,0.8813976953426997,120
bigscience/bloom-560m,1,side_aunt,2,1,hi,neutral,bn,0.5,1.0,0.6166952113310497,120
bigscience/bloom-560m,1,side_aunt,2,1,hi,neutral,en,0.5,0.5,0.0,120
bigscience/bloom-560m,1,side_aunt,2,1,hi,neutral,hi,0.7666666666666667,1.0,0.6306645701328913,120
bigscience/bloom-560m,1,side_aunt,4,1,hi,informative,bn,0.55,1.0,1.0627476712067925,120
bigscience/bloom-560m,1,side_aunt,4,1,hi,informative,en,0.5,0.5,0.0031723022460937,120
bigscience/bloom-560m,1,side_aunt,4,1,hi,informative,hi,0.8416666666666667,1.0,0.9068860620260238,120
bigscience/bloom-560m,1,side_aunt,4,1,hi,neutral,bn,0.5,1.0,0.6026902735233307,120
bigscience/bloom-560m,1,side_aunt,4,1,hi,neutral,en,0.5,0.5,0.0,120
bigscience/bloom-560m,1,side_aunt,4,1,hi,neutral,hi,0.7916666666666666,1.0,0.6963035772244136,120
bigscience/bloom-560m,1,side_aunt,6,1,hi,informative,bn,0.5416666666666666,1.0,1.063827242453893,120
bigscience/bloom-560m,1,side_aunt,6,1,hi,informative,en,0.5,0.5333333333333333,0.0034421284993489,120
bigscience/bloom-560m,1,side_aunt,6,1,hi,informative,hi,0.7916666666666666,1.0,0.8384471933046976,120
bigscience/bloom-560m,1,side_aunt,6,1,hi,neutral,bn,0.5,1.0,0.6064062019189199,120
bigscience/bloom-560m,1,side_aunt,6,1,hi,neutral,en,0.5,0.5,0.0,120
bigscience/bloom-560m,1,side_aunt,6,1,hi,neutral,hi,0.7583333333333333,1.0,0.5944442162911098,120
bigscience/bloom-560m,1,side_aunt,8,1,hi,informative,bn,0.55,1.0,1.0755559901396434,120
bigscience/bloom-560m,1,side_aunt,8,1,hi,informative,en,0.5,0.5666666666666667,0.0116160074869791,120
bigscience/bloom-560m,1,side_aunt,8,1,hi,informative,hi,0.8416666666666667,1.0,0.9502294401327768,120
bigscience/bloom-560m,1,side_aunt,8,1,hi,neutral,bn,0.5,1.0,0.6086138705412547,120
bigscience/bloom-560m,1,side_aunt,8,1,hi,neutral,en,0.5,0.5,0.0,120
bigscience/bloom-560m,1,side_aunt,8,1,hi,neutral,hi,0.7583333333333333,1.0,0.6332032601038615,120
bigscience/bloom-560m,1,side_aunt,10,1,hi,informative,bn,0.5666666666666667,1.0,1.0761918306350708,120
bigscience/bloom-560m,1,side_aunt,10,1,hi,informative,en,0.5,0.4833333333333333,0.0041763305664062,120
bigscience/bloom-560m,1,side_aunt,10,1,hi,informative,hi,0.825,1.0,0.9364567150672276,120
bigscience/bloom-560m,1,side_aunt,10,1,hi,neutral,bn,0.5,1.0,0.6091780066490173,120
bigscience/bloom-560m,1,side_aunt,10,1,hi,neutral,en,0.5,0.5,0.0,120
bigscience/bloom-560m,1,side_aunt,10,1,hi,neutral,hi,0.775,1.0,0.6475880295038223,120
bigscience/bloom-560m,1,side_aunt,12,1,hi,informative,bn,0.5583333333333333,1.0,1.091543976465861,120
bigscience/bloom-560m,1,side_aunt,12,1,hi,informative,en,0.5,0.5333333333333333,0.0052833557128906,120
bigscience/bloom-560m,1,side_aunt,12,1,hi,informative,hi,0.8083333333333333,1.0,0.8446021258831025,120
bigscience/bloom-560m,1,side_aunt,12,1,hi,neutral,bn,0.5,1.0,0.6160194317499796,120
bigscience/bloom-560m,1,side_aunt,12,1,hi,neutral,en,0.5,0.5,0.0,120
bigscience/bloom-560m,1,side_aunt,12,1,hi,neutral,hi,0.7416666666666667,1.0,0.5925047169129054,120
bigscience/bloom-560m,1,side_aunt,12,4,hi,informative,bn,0.5583333333333333,1.0,1.072260675827662,120
bigscience/bloom-560m,1,side_aunt,12,4,hi,informative,en,0.5,0.4,-0.006836191813151,120
bigscience/bloom-560m,1,side_aunt,12,4,hi,informative,hi,0.7666666666666667,1.0,0.7833193709452947,120
bigscience/bloom-560m,1,side_aunt,12,4,hi,neutral,bn,0.5,1.0,0.6158188839753469,120
bigscience/bloom-560m,1,side_aunt,12,4,hi,neutral,en,0.5,0.5,0.0,120
bigscience/bloom-560m,1,side_aunt,12,4,hi,neutral,hi,0.6916666666666667,1.0,0.5243017216523488,120
bigscience/bloom-560m,1,side_aunt,14,1,hi,informative,bn,0.5666666666666667,1.0,1.0839867015679678,120
bigscience/bloom-560m,1,side_aunt,14,1,hi,informative,en,0.5,0.5333333333333333,0.0075070699055989,120
bigscience/bloom-560m,1,side_aunt,14,1,hi,informative,hi,0.8083333333333333,1.0,0.8648927986621857,120
bigscience/bloom-560m,1,side_aunt,14,1,hi,neutral,bn,0.5,1.0,0.6187597155570984,120
bigscience/bloom-560m,1,side_aunt,14,1,hi,neutral,en,0.5,0.5,0.0,120
bigscience/bloom-560m,1,side_aunt,14,1,hi,neutral,hi,0.75,1.0,0.6121168176333109,120
bigscience/bloom-560m,1,side_aunt,16,1,hi,informative,bn,0.5416666666666666,1.0,1.0685290932655334,120
bigscience/bloom-560m,1,side_aunt,16,1,hi,informative,en,0.5,0.5666666666666667,0.0080640157063802,120
bigscience/bloom-560m,1,side_aunt,16,1,hi,informative,hi,0.8083333333333333,1.0,0.8625130305687586,120
bigscience/bloom-560m,1,side_aunt,16,1,hi,neutral,bn,0.5,1.0,0.6100312113761902,120
bigscience/bloom-560m,1,side_aunt,16,1,hi,neutral,en,0.5,0.5,0.0,120
bigscience/bloom-560m,1,side_aunt,16,1,hi,neutral,hi,0.7583333333333333,1.0,0.6114431311686833,120
bigscience/bloom-560m,1,side_aunt,18,1,hi,informative,bn,0.5583333333333333,1.0,1.0836232999960582,120
bigscience/bloom-560m,1,side_aunt,18,1,hi,informative,en,0.5,0.55,0.0065088907877604,120
bigscience/bloom-560m,1,side_aunt,18,1,hi,informative,hi,0.825,1.0,0.8919630140066147,120
bigscience/bloom-560m,1,side_aunt,18,1,hi,neutral,bn,0.5,1.0,0.6088926295439402,120
bigscience/bloom-560m,1,side_aunt,18,1,hi,neutral,en,0.5,0.5,0.0,120
bigscience/bloom-560m,1,side_aunt,18,1,hi,neutral,hi,0.7666666666666667,1.0,0.6422945966323217,120
bigscience/bloom-560m,1,side_aunt,20,1,hi,informative,bn,0.5583333333333333,1.0,1.0701004564762115,120
bigscience/bloom-560m,1,side_aunt,20,1,hi,informative,en,0.5,0.5666666666666667,0.0097259521484375,120
bigscience/bloom-560m,1,side_aunt,20,1,hi,informative,hi,0.8166666666666667,1.0,0.8591811547676722,120
bigscience/bloom-560m,1,side_aunt,20,1,hi,neutral,bn,0.5,1.0,0.5985571424166362,120
bigscience/bloom-560m,1,side_aunt,20,1,hi,neutral,en,0.5,0.5,0.0,120
bigscience/bloom-560m,1,side_aunt,20,1,hi,neutral,hi,0.75,1.0,0.6133537282546361,120
bigscience/bloom-560m,1,side_aunt,22,1,hi,informative,bn,0.55,1.0,1.0791318198045097,120
bigscience/bloom-560m,1,side_aunt,22,1,hi,informative,en,0.5,0.5666666666666667,0.0080210367838541,120
bigscience/bloom-560m,1,side_aunt,22,1,hi,informative,hi,0.8083333333333333,1.0,0.8138282209634781,120
bigscience/bloom-560m,1,side_aunt,22,1,hi,neutral,bn,0.5,1.0,0.6091039717197418,120
bigscience/bloom-560m,1,side_aunt,22,1,hi,neutral,en,0.5,0.5,0.0,120
bigscience/bloom-560m,1,side_aunt,22,1,hi,neutral,hi,0.75,1.0,0.5797880550225576,120
bigscience/bloom-560m,1,side_aunt,0,1,en,informative,bn,0.55,1.0,1.0616488397121429,120
bigscience/bloom-560m,1,side_aunt,0,1,en,informative,en,0.5,0.4833333333333333,0.0019373575846354,120
bigscience/bloom-560m,1,side_aunt,0,1,en,informative,hi,0.8333333333333334,1.0,0.915105864405632,120
bigscience/bloom-560m,1,side_aunt,0,1,en,neutral,bn,0.5,1.0,0.5952688912550609,120
bigscience/bloom-560m,1,side_aunt,0,1,en,neutral,en,0.5,0.5,0.0,120
bigscience/bloom-560m,1,side_aunt,0,1,en,neutral,hi,0.775,1.0,0.6469548265139262,120
bigscience/bloom-560m,1,side_aunt,2,1,en,informative,bn,0.55,1.0,1.0609402020772298,120
bigscience/bloom-560m,1,side_aunt,2,1,en,informative,en,0.5,0.45,0.0004877726236979,120
bigscience/bloom-560m,1,side_aunt,2,1,en,informative,hi,0.8416666666666667,1.0,0.8998410920302073,120
bigscience/bloom-560m,1,side_aunt,2,1,en,neutral,bn,0.5,1.0,0.6000961303710938,120
bigscience/bloom-560m,1,side_aunt,2,1,en,neutral,en,0.5,0.5,0.0,120
bigscience/bloom-560m,1,side_aunt,2,1,en,neutral,hi,0.7583333333333333,1.0,0.6352962017059326,120
bigscience/bloom-560m,1,side_aunt,4,1,en,informative,bn,0.5416666666666666,1.0,1.0823585430781046,120
bigscience/bloom-560m,1,side_aunt,4,1,en,informative,en,0.5,0.45,0.0001429239908854,120
bigscience/bloom-560m,1,side_aunt,4,1,en,informative,hi,0.8416666666666667,1.0,0.9284742812315624,120
bigscience/bloom-560m,1,side_aunt,4,1,en,neutral,bn,0.5,1.0,0.6138801515102387,120
bigscience/bloom-560m,1,side_aunt,4,1,en,neutral,en,0.5,0.5,0.0,120
bigscience/bloom-560m,1,side_aunt,4,1,en,neutral,hi,0.775,1.0,0.6369728535413742,120
bigscience/bloom-560m,1,side_aunt,6,1,en,informative,bn,0.5666666666666667,1.0,1.100606562693914,120
bigscience/bloom-560m,1,side_aunt,6,1,en,informative,en,0.5,0.6,0.0117268880208333,120
bigscience/bloom-560m,1,side_aunt,6,1,en,informative,hi,0.825,1.0,0.9207314680020016,120
bigscience/bloom-560m,1,side_aunt,6,1,en,neutral,bn,0.5,1.0,0.6133557001749674,120
bigscience/bloom-560m,1,side_aunt,6,1,en,neutral,en,0.5,0.5,0.0,120
bigscience/bloom-560m,1,side_aunt,6,1,en,neutral,hi,0.7583333333333333,1.0,0.6570075531800588,120
bigscience/bloom-560m,1,side_aunt,8,1,en,informative,bn,0.55,1.0,1.002007794380188,120
bigscience/bloom-560m,1,side_aunt,8,1,en,informative,en,0.5,0.6166666666666667,0.0164952596028645,120
bigscience/bloom-560m,1,side_aunt,8,1,en,informative,hi,0.8166666666666667,1.0,0.9187446941932044,120
bigscience/bloom-560m,1,side_aunt,8,1,en,neutral,bn,0.5,1.0,0.5347257097562154,120
bigscience/bloom-560m,1,side_aunt,8,1,en,neutral,en,0.5,0.5,0.0,120
bigscience/bloom-560m,1,side_aunt,8,1,en,neutral,hi,0.7666666666666667,1.0,0.6485695312420527,120
bigscience/bloom-560m,1,side_aunt,10,1,en,informative,bn,0.5583333333333333,1.0,1.048425324757894,120
bigscience/bloom-560m,1,side_aunt,10,1,en,informative,en,0.5,0.5833333333333334,0.009534200032552,120
bigscience/bloom-560m,1,side_aunt,10,1,en,informative,hi,0.8333333333333334,1.0,0.9207324713468552,120
bigscience/bloom-560m,1,side_aunt,10,1,en,neutral,bn,0.5,1.0,0.5730207006136576,120
bigscience/bloom-560m,1,side_aunt,10,1,en,neutral,en,0.5,0.5,0.0,120
bigscience/bloom-560m,1,side_aunt,10,1,en,neutral,hi,0.775,1.0,0.6583387951056162,120
bigscience/bloom-560m,1,side_aunt,12,1,en,informative,bn,0.575,1.0,1.079207315047582,120
bigscience/bloom-560m,1,side_aunt,12,1,en,informative,en,0.5,0.65,0.0221361796061197,120
bigscience/bloom-560m,1,side_aunt,12,1,en,informative,hi,0.8333333333333334,1.0,0.8982258836428324,120
bigscience/bloom-560m,1,side_aunt,12,1,en,neutral,bn,0.5,1.0,0.6077087104320527,120
bigscience/bloom-560m,1,side_aunt,12,1,en,neutral,en,0.5,0.5,0.0,120
bigscience/bloom-560m,1,side_aunt,12,1,en,neutral,hi,0.7666666666666667,1.0,0.6461747020483017,120
bigscience/bloom-560m,1,side_aunt,12,4,en,informative,bn,0.5583333333333333,1.0,1.0810001969337464,120
bigscience/bloom-560m,1,side_aunt,12,4,en,informative,en,0.5,0.4333333333333333,0.0023689270019531,120
bigscience/bloom-560m,1,side_aunt,12,4,en,informative,hi,0.8083333333333333,1.0,0.871819211045901,120
bigscience/bloom-560m,1,side_aunt,12,4,en,neutral,bn,0.5,1.0,0.6036565403143564,120
bigscience/bloom-560m,1,side_aunt,12,4,en,neutral,en,0.5,0.5,0.0,120
bigscience/bloom-560m,1,side_aunt,12,4,en,neutral,hi,0.7583333333333333,1.0,0.6449189325173695,120
bigscience/bloom-560m,1,side_aunt,14,1,en,informative,bn,0.575,1.0,1.0786429504553476,120
bigscience/bloom-560m,1,side_aunt,14,1,en,informative,en,0.5,0.8166666666666667,0.0331390380859375,120
bigscience/bloom-560m,1,side_aunt,14,1,en,informative,hi,0.775,1.0,0.9689162135124206,120
bigscience/bloom-560m,1,side_aunt,14,1,en,neutral,bn,0.5,1.0,0.5903970917065938,120
bigscience/bloom-560m,1,side_aunt,14,1,en,neutral,en,0.5,0.5,0.0,120
bigscience/bloom-560m,1,side_aunt,14,1,en,neutral,hi,0.7333333333333333,1.0,0.6585904757181803,120
bigscience/bloom-560m,1,side_aunt,16,1,en,informative,bn,0.5666666666666667,1.0,1.0693735957145691,120
bigscience/bloom-560m,1,side_aunt,16,1,en,informative,en,0.5,0.65,0.0208061218261718,120
bigscience/bloom-560m,1,side_aunt,16,1,en,informative,hi,0.775,1.0,0.94614160656929,120
bigscience/bloom-560m,1,side_aunt,16,1,en,neutral,bn,0.5,1.0,0.59982936779658,120
bigscience/bloom-560m,1,side_aunt,16,1,en,neutral,en,0.5,0.5,0.0,120
bigscience/bloom-560m,1,side_aunt,16,1,en,neutral,hi,0.6916666666666667,1.0,0.6486214429140091,120
bigscience/bloom-560m,1,side_aunt,18,1,en,informative,bn,0.575,1.0,1.0649654825528465,120
bigscience/bloom-560m,1,side_aunt,18,1,en,informative,en,0.5,0.65,0.0186846415201822,120
bigscience/bloom-560m,1,side_aunt,18,1,en,informative,hi,0.7833333333333333,1.0,0.9489445070425668,120
bigscience/bloom-560m,1,side_aunt,18,1,en,neutral,bn,0.5,1.0,0.5998393654823303,120
bigscience/bloom-560m,1,side_aunt,18,1,en,neutral,en,0.5,0.5,0.0,120
bigscience/bloom-560m,1,side_aunt,18,1,en,neutral,hi,0.725,1.0,0.6570304254690806,120
bigscience/bloom-560m,1,side_aunt,20,1,en,informative,bn,0.575,1.0,1.038306677341461,120
bigscience/bloom-560m,1,side_aunt,20,1,en,informative,en,0.5,0.4333333333333333,-0.0018445332845052,120
bigscience/bloom-560m,1,side_aunt,20,1,en,informative,hi,0.7833333333333333,1.0,0.8615404655536015,120
bigscience/bloom-560m,1,side_aunt,20,1,en,neutral,bn,0.5,1.0,0.5800595859686534,120
bigscience/bloom-560m,1,side_aunt,20,1,en,neutral,en,0.5,0.5,0.0,120
bigscience/bloom-560m,1,side_aunt,20,1,en,neutral,hi,0.75,1.0,0.6268280367056529,120
bigscience/bloom-560m,1,side_aunt,22,1,en,informative,bn,0.5666666666666667,1.0,1.0809550563494363,120
bigscience/bloom-560m,1,side_aunt,22,1,en,informative,en,0.5,0.5666666666666667,0.0110969543457031,120
bigscience/bloom-560m,1,side_aunt,22,1,en,informative,hi,0.8166666666666667,1.0,0.8938409487406412,120
bigscience/bloom-560m,1,side_aunt,22,1,en,neutral,bn,0.5,1.0,0.6115763306617736,120
bigscience/bloom-560m,1,side_aunt,22,1,en,neutral,en,0.5,0.5,0.0,120
bigscience/bloom-560m,1,side_aunt,22,1,en,neutral,hi,0.7583333333333333,1.0,0.6407870709896087,120
bigscience/bloom-560m,1,gender,0,1,bn,informative,bn,0.5,1.0,0.6102605750163396,120
bigscience/bloom-560m,1,gender,0,1,bn,informative,en,0.85,1.0,0.5598859151204427,120
bigscience/bloom-560m,1,gender,0,1,bn,informative,hi,0.5916666666666667,1.0,0.5282165586948395,120
bigscience/bloom-560m,1,gender,0,1,bn,neutral,bn,0.5,0.6,0.0534725149472554,120
bigscience/bloom-560m,1,gender,0,1,bn,neutral,en,0.8833333333333333,1.0,0.5500658671061198,120
bigscience/bloom-560m,1,gender,0,1,bn,neutral,hi,0.5083333333333333,1.0,0.2275798956553141,120
bigscience/bloom-560m,1,gender,2,1,bn,informative,bn,0.5,0.9833333333333332,0.3451058059930801,120
bigscience/bloom-560m,1,gender,2,1,bn,informative,en,0.85,1.0,0.5624481201171875,120
bigscience/bloom-560m,1,gender,2,1,bn,informative,hi,0.6083333333333333,1.0,0.5342599193255106,120
bigscience/bloom-560m,1,gender,2,1,bn,neutral,bn,0.5,0.1166666666666666,-0.2512566735347112,120
bigscience/bloom-560m,1,gender,2,1,bn,neutral,en,0.875,1.0,0.5497596740722657,120
bigscience/bloom-560m,1,gender,2,1,bn,neutral,hi,0.5083333333333333,1.0,0.2272263050079345,120
bigscience/bloom-560m,1,gender,4,1,bn,informative,bn,0.5,1.0,0.5947515209515889,120
bigscience/bloom-560m,1,gender,4,1,bn,informative,en,0.85,1.0,0.547967274983724,120
bigscience/bloom-560m,1,gender,4,1,bn,informative,hi,0.6083333333333333,1.0,0.5246638874212901,120
bigscience/bloom-560m,1,gender,4,1,bn,neutral,bn,0.5,0.55,0.0152902235587437,120
bigscience/bloom-560m,1,gender,4,1,bn,neutral,en,0.875,1.0,0.5485333760579427,120
bigscience/bloom-560m,1,gender,4,1,bn,neutral,hi,0.5083333333333333,1.0,0.2165339986483256,120
bigscience/bloom-560m,1,gender,6,1,bn,informative,bn,0.5,1.0,0.6241120000680288,120
bigscience/bloom-560m,1,gender,6,1,bn,informative,en,0.85,1.0,0.5701919555664062,120
bigscience/bloom-560m,1,gender,6,1,bn,informative,hi,0.5916666666666667,1.0,0.5381836036841074,120
bigscience/bloom-560m,1,gender,6,1,bn,neutral,bn,0.5,0.6333333333333333,0.064700781305631,120
bigscience/bloom-560m,1,gender,6,1,bn,neutral,en,0.8916666666666667,1.0,0.5604484558105469,120
bigscience/bloom-560m,1,gender,6,1,bn,neutral,hi,0.5083333333333333,1.0,0.241083554426829,120
bigscience/bloom-560m,1,gender,8,1,bn,informative,bn,0.5,1.0,0.6418652286132177,120
bigscience/bloom-560m,1,gender,8,1,bn,informative,en,0.85,1.0,0.5679219563802084,120
bigscience/bloom-560m,1,gender,8,1,bn,informative,hi,0.5916666666666667,1.0,0.5260651886463166,120
bigscience/bloom-560m,1,gender,8,1,bn,neutral,bn,0.5,0.7,0.0817958086729049,120
bigscience/bloom-560m,1,gender,8,1,bn,neutral,en,0.875,1.0,0.5544576009114583,120
bigscience/bloom-560m,1,gender,8,1,bn,neutral,hi,0.5083333333333333,1.0,0.2270755012830098,120
bigscience/bloom-560m,1,gender,10,1,bn,informative,bn,0.5,1.0,0.6426697075366974,120
bigscience/bloom-560m,1,gender,10,1,bn,informative,en,0.85,1.0,0.59039306640625,120
bigscience/bloom-560m,1,gender,10,1,bn,informative,hi,0.5833333333333334,1.0,0.524688994884491,120
bigscience/bloom-560m,1,gender,10,1,bn,neutral,bn,0.5,0.7333333333333333,0.0821178376674652,120
bigscience/bloom-560m,1,gender,10,1,bn,neutral,en,0.875,1.0,0.5758402506510417,120
bigscience/bloom-560m,1,gender,10,1,bn,neutral,hi,0.5083333333333333,1.0,0.2270870804786682,120
bigscience/bloom-560m,1,gender,12,1,bn,informative,bn,0.5,1.0,0.5279793868462245,120
bigscience/bloom-560m,1,gender,12,1,bn,informative,en,0.8583333333333333,1.0,0.5853668212890625,120
bigscience/bloom-560m,1,gender,12,1,bn,informative,hi,0.575,1.0,0.5362657070159912,120
bigscience/bloom-560m,1,gender,12,1,bn,neutral,bn,0.5,0.55,0.0149567246437072,120
bigscience/bloom-560m,1,gender,12,1,bn,neutral,en,0.8833333333333333,1.0,0.5558759053548177,120
bigscience/bloom-560m,1,gender,12,1,bn,neutral,hi,0.5,1.0,0.2243196328481038,120
bigscience/bloom-560m,1,gender,12,4,bn,informative,bn,0.5,1.0,0.5515438576539358,120
bigscience/bloom-560m,1,gender,12,4,bn,informative,en,0.8416666666666667,1.0,0.5686101277669271,120
bigscience/bloom-560m,1,gender,12,4,bn,informative,hi,0.5916666666666667,1.0,0.5213570356369018,120
bigscience/bloom-560m,1,gender,12,4,bn,neutral,bn,0.5,0.5666666666666667,0.054455945889155,120
bigscience/bloom-560m,1,gender,12,4,bn,neutral,en,0.8583333333333333,1.0,0.5410690307617188,120
bigscience/bloom-560m,1,gender,12,4,bn,neutral,hi,0.5,1.0,0.2210941513379415,120
bigscience/bloom-560m,1,gender,14,1,bn,informative,bn,0.5,1.0,0.583395446340243,120
bigscience/bloom-560m,1,gender,14,1,bn,informative,en,0.85,1.0,0.5631360371907552,120
bigscience/bloom-560m,1,gender,14,1,bn,informative,hi,0.5916666666666667,1.0,0.4817227959632874,120
bigscience/bloom-560m,1,gender,14,1,bn,neutral,bn,0.5,0.6666666666666666,0.0781766772270202,120
bigscience/bloom-560m,1,gender,14,1,bn,neutral,en,0.8583333333333333,1.0,0.5382596333821614,120
bigscience/bloom-560m,1,gender,14,1,bn,neutral,hi,0.5083333333333333,1.0,0.2054348071416219,120
bigscience/bloom-560m,1,gender,16,1,bn,informative,bn,0.5,1.0,0.6452900350093842,120
bigscience/bloom-560m,1,gender,16,1,bn,informative,en,0.8583333333333333,1.0,0.5819730122884115,120
bigscience/bloom-560m,1,gender,16,1,bn,informative,hi,0.6083333333333333,1.0,0.5408757189909618,120
bigscience/bloom-560m,1,gender,16,1,bn,neutral,bn,0.5,0.6,0.047829798857371,120
bigscience/bloom-560m,1,gender,16,1,bn,neutral,en,0.8916666666666667,1.0,0.5642412821451823,120
bigscience/bloom-560m,1,gender,16,1,bn,neutral,hi,0.5083333333333333,1.0,0.2261832078297933,120
bigscience/bloom-560m,1,gender,18,1,bn,informative,bn,0.5,1.0,0.633223541577657,120
bigscience/bloom-560m,1,gender,18,1,bn,informative,en,0.8833333333333333,1.0,0.6078559875488281,120
bigscience/bloom-560m,1,gender,18,1,bn,informative,hi,0.65,1.0,0.5913908163706462,120
bigscience/bloom-560m,1,gender,18,1,bn,neutral,bn,0.5,0.4833333333333333,-0.0012467245260874,120
bigscience/bloom-560m,1,gender,18,1,bn,neutral,en,0.9166666666666666,1.0,0.6033253987630208,120
bigscience/bloom-560m,1,gender,18,1,bn,neutral,hi,0.5083333333333333,1.0,0.257424529393514,120
bigscience/bloom-560m,1,gender,20,1,bn,informative,bn,0.5,1.0,0.5821744779745738,120
bigscience/bloom-560m,1,gender,20,1,bn,informative,en,0.8166666666666667,1.0,0.5331942240397135,120
bigscience/bloom-560m,1,gender,20,1,bn,informative,hi,0.65,1.0,0.527824729681015,120
bigscience/bloom-560m,1,gender,20,1,bn,neutral,bn,0.5,0.55,0.0301757295926411,120
bigscience/bloom-560m,1,gender,20,1,bn,neutral,en,0.8583333333333333,1.0,0.5237871805826823,120
bigscience/bloom-560m,1,gender,20,1,bn,neutral,hi,0.5166666666666667,1.0,0.2334147691726684,120
bigscience/bloom-560m,1,gender,22,1,bn,informative,bn,0.5,1.0,0.5701690564552943,120
bigscience/bloom-560m,1,gender,22,1,bn,informative,en,0.85,1.0,0.5470677693684896,120
bigscience/bloom-560m,1,gender,22,1,bn,informative,hi,0.6416666666666667,1.0,0.5047269701957703,120
bigscience/bloom-560m,1,gender,22,1,bn,neutral,bn,0.5,0.5333333333333333,0.0194547881682713,120
bigscience/bloom-560m,1,gender,22,1,bn,neutral,en,0.875,1.0,0.5376014709472656,120
bigscience/bloom-560m,1,gender,22,1,bn,neutral,hi,0.525,1.0,0.2041109005610148,120
bigscience/bloom-560m,1,gender,0,1,hi,informative,bn,0.5,1.0,0.5866292297840119,120
bigscience/bloom-560m,1,gender,0,1,hi,informative,en,0.85,1.0,0.5528531392415365,120
bigscience/bloom-560m,1,gender,0,1,hi,informative,hi,0.6083333333333333,1.0,0.5280610541502635,120
bigscience/bloom-560m,1,gender,0,1,hi,neutral,bn,0.5,0.5833333333333334,0.0391944487889607,120
bigscience/bloom-560m,1,gender,0,1,hi,neutral,en,0.8666666666666667,1.0,0.549493153889974,120
bigscience/bloom-560m,1,gender,0,1,hi,neutral,hi,0.5083333333333333,1.0,0.2253185868263244,120
bigscience/bloom-560m,1,gender,2,1,hi,informative,bn,0.5,1.0,0.5917086869478225,120
bigscience/bloom-560m,1,gender,2,1,hi,informative,en,0.85,1.0,0.5595046997070312,120
bigscience/bloom-560m,1,gender,2,1,hi,informative,hi,0.6333333333333333,1.0,0.5597922146320343,120
bigscience/bloom-560m,1,gender,2,1,hi,neutral,bn,0.5,0.5833333333333334,0.0354365328947703,120
bigscience/bloom-560m,1,gender,2,1,hi,neutral,en,0.875,1.0,0.5516217549641927,120
bigscience/bloom-560m,1,gender,2,1,hi,neutral,hi,0.5083333333333333,1.0,0.2500391085942586,120
bigscience/bloom-560m,1,gender,4,1,hi,informative,bn,0.5,1.0,0.5989168723424275,120
bigscience/bloom-560m,1,gender,4,1,hi,informative,en,0.85,1.0,0.5577295939127604,120
bigscience/bloom-560m,1,gender,4,1,hi,informative,hi,0.6,1.0,0.5223912378152211,120
bigscience/bloom-560m,1,gender,4,1,hi,neutral,bn,0.5,0.5833333333333334,0.0437433848778406,120
bigscience/bloom-560m,1,gender,4,1,hi,neutral,en,0.875,1.0,0.548358154296875,120
bigscience/bloom-560m,1,gender,4,1,hi,neutral,hi,0.5083333333333333,1.0,0.2149229566256205,120
bigscience/bloom-560m,1,gender,6,1,hi,informative,bn,0.5,1.0,0.6010472824176153,120
bigscience/bloom-560m,1,gender,6,1,hi,informative,en,0.85,1.0,0.5568707784016927,120
bigscience/bloom-560m,1,gender,6,1,hi,informative,hi,0.6,1.0,0.5056753754615784,120
bigscience/bloom-560m,1,gender,6,1,hi,neutral,bn,0.5,0.5833333333333334,0.0421483655770619,120
bigscience/bloom-560m,1,gender,6,1,hi,neutral,en,0.8666666666666667,1.0,0.5497062683105469,120
bigscience/bloom-560m,1,gender,6,1,hi,neutral,hi,0.5083333333333333,1.0,0.2023174405097961,120
bigscience/bloom-560m,1,gender,8,1,hi,informative,bn,0.5,1.0,0.601748040318489,120
bigscience/bloom-560m,1,gender,8,1,hi,informative,en,0.85,1.0,0.5655626932779948,120
bigscience/bloom-560m,1,gender,8,1,hi,informative,hi,0.6166666666666667,1.0,0.5417161762714386,120
bigscience/bloom-560m,1,gender,8,1,hi,neutral,bn,0.5,0.5833333333333334,0.0405503610769907,120
bigscience/bloom-560m,1,gender,8,1,hi,neutral,en,0.875,1.0,0.5521675109863281,120
bigscience/bloom-560m,1,gender,8,1,hi,neutral,hi,0.5083333333333333,1.0,0.2340067028999328,120
bigscience/bloom-560m,1,gender,10,1,hi,informative,bn,0.5,1.0,0.6105008870363235,120
bigscience/bloom-560m,1,gender,10,1,hi,informative,en,0.85,1.0,0.5636685689290365,120
bigscience/bloom-560m,1,gender,10,1,hi,informative,hi,0.6,1.0,0.5065002878506978,120
bigscience/bloom-560m,1,gender,10,1,hi,neutral,bn,0.5,0.5833333333333334,0.0481748352448145,120
bigscience/bloom-560m,1,gender,10,1,hi,neutral,en,0.875,1.0,0.5461107889811198,120
bigscience/bloom-560m,1,gender,10,1,hi,neutral,hi,0.5083333333333333,1.0,0.1992835521697998,120
bigscience/bloom-560m,1,gender,12,1,hi,informative,bn,0.5,1.0,0.5849626183509826,120
bigscience/bloom-560m,1,gender,12,1,hi,informative,en,0.85,1.0,0.5569170633951823,120
bigscience/bloom-560m,1,gender,12,1,hi,informative,hi,0.5833333333333334,1.0,0.4884687681992848,120
bigscience/bloom-560m,1,gender,12,1,hi,neutral,bn,0.5,0.5833333333333334,0.0440997143586476,120
bigscience/bloom-560m,1,gender,12,1,hi,neutral,en,0.9083333333333332,1.0,0.5464861551920573,120
bigscience/bloom-560m,1,gender,12,1,hi,neutral,hi,0.5,1.0,0.1867106676101684,120
bigscience/bloom-560m,1,gender,12,4,hi,informative,bn,0.5,1.0,0.585531489054362,120
bigscience/bloom-560m,1,gender,12,4,hi,informative,en,0.8333333333333334,1.0,0.5254419962565104,120
bigscience/bloom-560m,1,gender,12,4,hi,informative,hi,0.5583333333333333,1.0,0.418130878607432,120
bigscience/bloom-560m,1,gender,12,4,hi,neutral,bn,0.5,0.5833333333333334,0.0423337290684382,120
bigscience/bloom-560m,1,gender,12,4,hi,neutral,en,0.8583333333333333,1.0,0.5176437377929688,120
bigscience/bloom-560m,1,gender,12,4,hi,neutral,hi,0.5,0.9833333333333332,0.1442367553710937,120
bigscience/bloom-560m,1,gender,14,1,hi,informative,bn,0.5,1.0,0.595210638642311,120
bigscience/bloom-560m,1,gender,14,1,hi,informative,en,0.85,1.0,0.5528170267740885,120
bigscience/bloom-560m,1,gender,14,1,hi,informative,hi,0.6083333333333333,1.0,0.5248433907826742,120
bigscience/bloom-560m,1,gender,14,1,hi,neutral,bn,0.5,0.6333333333333333,0.0557134469350179,120
bigscience/bloom-560m,1,gender,14,1,hi,neutral,en,0.9,1.0,0.5427930196126302,120
bigscience/bloom-560m,1,gender,14,1,hi,neutral,hi,0.5083333333333333,1.0,0.2254664858182271,120
bigscience/bloom-560m,1,gender,16,1,hi,informative,bn,0.5,1.0,0.584517440199852,120
bigscience/bloom-560m,1,gender,16,1,hi,informative,en,0.8416666666666667,1.0,0.5331227620442708,120
bigscience/bloom-560m,1,gender,16,1,hi,informative,hi,0.6083333333333333,1.0,0.4801400244235992,120
bigscience/bloom-560m,1,gender,16,1,hi,neutral,bn,0.5,0.5833333333333334,0.0390290429194768,120
bigscience/bloom-560m,1,gender,16,1,hi,neutral,en,0.8666666666666667,1.0,0.5262537638346354,120
bigscience/bloom-560m,1,gender,16,1,hi,neutral,hi,0.5083333333333333,1.0,0.1802027066548665,120
bigscience/bloom-560m,1,gender,18,1,hi,informative,bn,0.5,1.0,0.5791179845730464,120
bigscience/bloom-560m,1,gender,18,1,hi,informative,en,0.85,1.0,0.5045481363932292,120
bigscience/bloom-560m,1,gender,18,1,hi,informative,hi,0.5666666666666667,1.0,0.4174622694651286,120
bigscience/bloom-560m,1,gender,18,1,hi,neutral,bn,0.5,0.6,0.0442648629347483,120
bigscience/bloom-560m,1,gender,18,1,hi,neutral,en,0.8583333333333333,1.0,0.4866165161132812,120
bigscience/bloom-560m,1,gender,18,1,hi,neutral,hi,0.5,0.9666666666666668,0.1170414288838704,120
bigscience/bloom-560m,1,gender,20,1,hi,informative,bn,0.5,1.0,0.601835893591245,120
bigscience/bloom-560m,1,gender,20,1,hi,informative,en,0.8083333333333333,1.0,0.4828142801920573,120
bigscience/bloom-560m,1,gender,20,1,hi,informative,hi,0.6666666666666666,1.0,0.3601221958796183,120
bigscience/bloom-560m,1,gender,20,1,hi,neutral,bn,0.5,0.5833333333333334,0.0445907622575759,120
bigscience/bloom-560m,1,gender,20,1,hi,neutral,en,0.85,1.0,0.4768152872721354,120
bigscience/bloom-560m,1,gender,20,1,hi,neutral,hi,0.5083333333333333,0.75,0.0617424090703328,120
bigscience/bloom-560m,1,gender,22,1,hi,informative,bn,0.5,1.0,0.5937820017337799,120
bigscience/bloom-560m,1,gender,22,1,hi,informative,en,0.8083333333333333,1.0,0.5035942077636719,120
bigscience/bloom-560m,1,gender,22,1,hi,informative,hi,0.6416666666666667,1.0,0.4556482950846354,120
bigscience/bloom-560m,1,gender,22,1,hi,neutral,bn,0.5,0.6,0.042754523952802,120
bigscience/bloom-560m,1,gender,22,1,hi,neutral,en,0.85,1.0,0.4954719543457031,120
bigscience/bloom-560m,1,gender,22,1,hi,neutral,hi,0.5166666666666667,1.0,0.159013032913208,120
bigscience/bloom-560m,1,gender,0,1,en,informative,bn,0.5,1.0,0.5949669718742371,120
bigscience/bloom-560m,1,gender,0,1,en,informative,en,0.8416666666666667,1.0,0.5337659200032552,120
bigscience/bloom-560m,1,gender,0,1,en,informative,hi,0.6083333333333333,1.0,0.5167913556098938,120
bigscience/bloom-560m,1,gender,0,1,en,neutral,bn,0.5,0.6,0.0477862248818079,120
bigscience/bloom-560m,1,gender,0,1,en,neutral,en,0.875,1.0,0.5338381449381511,120
bigscience/bloom-560m,1,gender,0,1,en,neutral,hi,0.5083333333333333,1.0,0.2191645185152689,120
bigscience/bloom-560m,1,gender,2,1,en,informative,bn,0.5,1.0,0.587220146258672,120
bigscience/bloom-560m,1,gender,2,1,en,informative,en,0.85,1.0,0.5692159016927083,120
bigscience/bloom-560m,1,gender,2,1,en,informative,hi,0.6166666666666667,1.0,0.5474418183167775,120
bigscience/bloom-560m,1,gender,2,1,en,neutral,bn,0.5,0.5666666666666667,0.0278737882773081,120
bigscience/bloom-560m,1,gender,2,1,en,neutral,en,0.8666666666666667,1.0,0.5378751118977865,120
bigscience/bloom-560m,1,gender,2,1,en,neutral,hi,0.5083333333333333,1.0,0.2350034793217977,120
bigscience/bloom-560m,1,gender,4,1,en,informative,bn,0.5,1.0,0.5986027071873347,120
bigscience/bloom-560m,1,gender,4,1,en,informative,en,0.8416666666666667,1.0,0.5646367390950521,120
bigscience/bloom-560m,1,gender,4,1,en,informative,hi,0.6166666666666667,1.0,0.542262053489685,120
bigscience/bloom-560m,1,gender,4,1,en,neutral,bn,0.5,0.5833333333333334,0.0389662206172943,120
bigscience/bloom-560m,1,gender,4,1,en,neutral,en,0.8666666666666667,1.0,0.5499041239420573,120
bigscience/bloom-560m,1,gender,4,1,en,neutral,hi,0.5083333333333333,1.0,0.2314363559087117,120
bigscience/bloom-560m,1,gender,6,1,en,informative,bn,0.5,1.0,0.5796122839053471,120
bigscience/bloom-560m,1,gender,6,1,en,informative,en,0.8416666666666667,1.0,0.5227226257324219,120
bigscience/bloom-560m,1,gender,6,1,en,informative,hi,0.625,1.0,0.5408700466156006,120
bigscience/bloom-560m,1,gender,6,1,en,neutral,bn,0.5,0.6,0.0423498411973317,120
bigscience/bloom-560m,1,gender,6,1,en,neutral,en,0.8583333333333333,1.0,0.498309326171875,120
bigscience/bloom-560m,1,gender,6,1,en,neutral,hi,0.5083333333333333,1.0,0.2280747493108113,120
bigscience/bloom-560m,1,gender,8,1,en,informative,bn,0.5,1.0,0.5914166192213695,120
bigscience/bloom-560m,1,gender,8,1,en,informative,en,0.8083333333333333,1.0,0.4997283935546875,120
bigscience/bloom-560m,1,gender,8,1,en,informative,hi,0.6333333333333333,1.0,0.5424069126447042,120
bigscience/bloom-560m,1,gender,8,1,en,neutral,bn,0.5,0.6,0.0481526106595993,120
bigscience/bloom-560m,1,gender,8,1,en,neutral,en,0.85,1.0,0.490179443359375,120
bigscience/bloom-560m,1,gender,8,1,en,neutral,hi,0.5083333333333333,1.0,0.2342116435368856,120
bigscience/bloom-560m,1,gender,10,1,en,informative,bn,0.5,1.0,0.582175291577975,120
bigscience/bloom-560m,1,gender,10,1,en,informative,en,0.8416666666666667,1.0,0.4917879740397135,120
bigscience/bloom-560m,1,gender,10,1,en,informative,hi,0.6333333333333333,1.0,0.5032296140988668,120
bigscience/bloom-560m,1,gender,10,1,en,neutral,bn,0.5,0.6,0.0456277241309483,120
bigscience/bloom-560m,1,gender,10,1,en,neutral,en,0.8583333333333333,1.0,0.4873860677083333,120
bigscience/bloom-560m,1,gender,10,1,en,neutral,hi,0.5083333333333333,1.0,0.2048446695009867,120
bigscience/bloom-560m,1,gender,12,1,en,informative,bn,0.5,1.0,0.5947599887847901,120
bigscience/bloom-560m,1,gender,12,1,en,informative,en,0.8166666666666667,1.0,0.5136314392089844,120
bigscience/bloom-560m,1,gender,12,1,en,informative,hi,0.6333333333333333,1.0,0.4748972157637278,120
bigscience/bloom-560m,1,gender,12,1,en,neutral,bn,0.5,0.5833333333333334,0.0378396868705749,120
bigscience/bloom-560m,1,gender,12,1,en,neutral,en,0.8583333333333333,1.0,0.5181162516276042,120
bigscience/bloom-560m,1,gender,12,1,en,neutral,hi,0.5083333333333333,1.0,0.1983910123507181,120
bigscience/bloom-560m,1,gender,12,4,en,informative,bn,0.5,1.0,0.6080771158138911,120
bigscience/bloom-560m,1,gender,12,4,en,informative,en,0.7333333333333333,1.0,0.3276929219563802,120
bigscience/bloom-560m,1,gender,12,4,en,informative,hi,0.6583333333333333,1.0,0.4590816259384155,120
bigscience/bloom-560m,1,gender,12,4,en,neutral,bn,0.5,0.6333333333333333,0.0614724457263946,120
bigscience/bloom-560m,1,gender,12,4,en,neutral,en,0.8166666666666667,1.0,0.3453999837239583,120
bigscience/bloom-560m,1,gender,12,4,en,neutral,hi,0.525,1.0,0.1792901198069254,120
bigscience/bloom-560m,1,gender,14,1,en,informative,bn,0.5,1.0,0.5901386082172394,120
bigscience/bloom-560m,1,gender,14,1,en,informative,en,0.8166666666666667,1.0,0.5328168233235677,120
bigscience/bloom-560m,1,gender,14,1,en,informative,hi,0.6666666666666666,1.0,0.5003738880157471,120
bigscience/bloom-560m,1,gender,14,1,en,neutral,bn,0.5,0.6,0.0440079669157663,120
bigscience/bloom-560m,1,gender,14,1,en,neutral,en,0.85,1.0,0.5441480000813802,120
bigscience/bloom-560m,1,gender,14,1,en,neutral,hi,0.525,1.0,0.2188700517018636,120
bigscience/bloom-560m,1,gender,16,1,en,informative,bn,0.5,1.0,0.5918878614902496,120
bigscience/bloom-560m,1,gender,16,1,en,informative,en,0.8333333333333334,1.0,0.5292088826497395,120
bigscience/bloom-560m,1,gender,16,1,en,informative,hi,0.675,1.0,0.5387247721354167,120
bigscience/bloom-560m,1,gender,16,1,en,neutral,bn,0.5,0.6,0.0460083742936452,120
bigscience/bloom-560m,1,gender,16,1,en,neutral,en,0.85,1.0,0.534173329671224,120
bigscience/bloom-560m,1,gender,16,1,en,neutral,hi,0.525,1.0,0.2279202540715535,120
bigscience/bloom-560m,1,gender,18,1,en,informative,bn,0.5,1.0,0.5542697817087173,120
bigscience/bloom-560m,1,gender,18,1,en,informative,en,0.825,1.0,0.4759989420572916,120
bigscience/bloom-560m,1,gender,18,1,en,informative,hi,0.75,1.0,0.5083489457766215,120
bigscience/bloom-560m,1,gender,18,1,en,neutral,bn,0.5,0.5833333333333334,0.026899054646492,120
bigscience/bloom-560m,1,gender,18,1,en,neutral,en,0.8333333333333334,1.0,0.4744463602701823,120
bigscience/bloom-560m,1,gender,18,1,en,neutral,hi,0.5416666666666666,1.0,0.2077410777409871,120
bigscience/bloom-560m,1,gender,20,1,en,informative,bn,0.5,1.0,0.5422107875347137,120
bigscience/bloom-560m,1,gender,20,1,en,informative,en,0.825,1.0,0.4810114542643229,120
bigscience/bloom-560m,1,gender,20,1,en,informative,hi,0.7,1.0,0.4659974197546641,120
bigscience/bloom-560m,1,gender,20,1,en,neutral,bn,0.5,0.5666666666666667,0.021021964152654,120
bigscience/bloom-560m,1,gender,20,1,en,neutral,en,0.85,1.0,0.4837109883626302,120
bigscience/bloom-560m,1,gender,20,1,en,neutral,hi,0.5166666666666667,0.9833333333333332,0.1513604323069254,120
bigscience/bloom-560m,1,gender,22,1,en,informative,bn,0.5,1.0,0.5697883437077205,120
bigscience/bloom-560m,1,gender,22,1,en,informative,en,0.7916666666666666,1.0,0.4485697428385417,120
bigscience/bloom-560m,1,gender,22,1,en,informative,hi,0.6166666666666667,1.0,0.472796760002772,120
bigscience/bloom-560m,1,gender,22,1,en,neutral,bn,0.5,0.5666666666666667,0.028009495139122,120
bigscience/bloom-560m,1,gender,22,1,en,neutral,en,0.8333333333333334,1.0,0.4432790120442708,120
bigscience/bloom-560m,1,gender,22,1,en,neutral,hi,0.5083333333333333,1.0,0.1726935346921285,120
bigscience/bloom-560m,1,side_aunt,0,1,random,informative,bn,0.55,1.0,1.0951859414577485,120
bigscience/bloom-560m,1,side_aunt,0,1,random,informative,en,0.5,0.5166666666666667,0.0052172342936197,120
bigscience/bloom-560m,1,side_aunt,0,1,random,informative,hi,0.8333333333333334,1.0,0.9155115067958832,120
bigscience/bloom-560m,1,side_aunt,0,1,random,neutral,bn,0.5,1.0,0.6171120047569275,120
bigscience/bloom-560m,1,side_aunt,0,1,random,neutral,en,0.5,0.5,0.0,120
bigscience/bloom-560m,1,side_aunt,0,1,random,neutral,hi,0.7666666666666667,1.0,0.6561757653951645,120
bigscience/bloom-560m,1,gender,0,1,random,informative,bn,0.5,1.0,0.5987012634674708,120
bigscience/bloom-560m,1,gender,0,1,random,informative,en,0.85,1.0,0.563452402750651,120
bigscience/bloom-560m,1,gender,0,1,random,informative,hi,0.5916666666666667,1.0,0.5296798149744669,120
bigscience/bloom-560m,1,gender,0,1,random,neutral,bn,0.5,0.6,0.0428717573483784,120
bigscience/bloom-560m,1,gender,0,1,random,neutral,en,0.875,1.0,0.5527885437011719,120
bigscience/bloom-560m,1,gender,0,1,random,neutral,hi,0.5083333333333333,1.0,0.2248431126276652,120
bigscience/bloom-560m,1,side_aunt,2,1,random,informative,bn,0.55,1.0,1.0696857551733652,120
bigscience/bloom-560m,1,side_aunt,2,1,random,informative,en,0.5,0.55,0.0071510314941406,120
bigscience/bloom-560m,1,side_aunt,2,1,random,informative,hi,0.8333333333333334,1.0,0.892134016752243,120
bigscience/bloom-560m,1,side_aunt,2,1,random,neutral,bn,0.5,1.0,0.5994590322176615,120
bigscience/bloom-560m,1,side_aunt,2,1,random,neutral,en,0.5,0.5,0.0,120
bigscience/bloom-560m,1,side_aunt,2,1,random,neutral,hi,0.7666666666666667,1.0,0.6295791427294414,120
bigscience/bloom-560m,1,gender,2,1,random,informative,bn,0.5,1.0,0.6060236036777497,120
bigscience/bloom-560m,1,gender,2,1,random,informative,en,0.85,1.0,0.5709927876790365,120
bigscience/bloom-560m,1,gender,2,1,random,informative,hi,0.6083333333333333,1.0,0.5394344707330068,120
bigscience/bloom-560m,1,gender,2,1,random,neutral,bn,0.5,0.6,0.0485479245583216,120
bigscience/bloom-560m,1,gender,2,1,random,neutral,en,0.875,1.0,0.5577494303385416,120
bigscience/bloom-560m,1,gender,2,1,random,neutral,hi,0.5083333333333333,1.0,0.2348521868387858,120
bigscience/bloom-560m,1,side_aunt,4,1,random,informative,bn,0.5416666666666666,1.0,1.0755189597606658,120
bigscience/bloom-560m,1,side_aunt,4,1,random,informative,en,0.5,0.5,0.0043540954589843,120
bigscience/bloom-560m,1,side_aunt,4,1,random,informative,hi,0.8166666666666667,1.0,0.8654391060272852,120
bigscience/bloom-560m,1,side_aunt,4,1,random,neutral,bn,0.5,1.0,0.609661748011907,120
bigscience/bloom-560m,1,side_aunt,4,1,random,neutral,en,0.5,0.5,0.0,120
bigscience/bloom-560m,1,side_aunt,4,1,random,neutral,hi,0.7583333333333333,1.0,0.6332450558741888,120
bigscience/bloom-560m,1,gender,4,1,random,informative,bn,0.5,1.0,0.6057591279347737,120
bigscience/bloom-560m,1,gender,4,1,random,informative,en,0.85,1.0,0.5681775410970052,120
bigscience/bloom-560m,1,gender,4,1,random,informative,hi,0.6166666666666667,1.0,0.529335246483485,120
bigscience/bloom-560m,1,gender,4,1,random,neutral,bn,0.5,0.6,0.0438693702220916,120
bigscience/bloom-560m,1,gender,4,1,random,neutral,en,0.9,1.0,0.5593477884928385,120
bigscience/bloom-560m,1,gender,4,1,random,neutral,hi,0.5083333333333333,1.0,0.228076152006785,120
bigscience/bloom-560m,1,side_aunt,6,1,random,informative,bn,0.55,1.0,1.0671060760815938,120
bigscience/bloom-560m,1,side_aunt,6,1,random,informative,en,0.5,0.55,0.007470703125,120
bigscience/bloom-560m,1,side_aunt,6,1,random,informative,hi,0.8333333333333334,1.0,0.8899844894806545,120
bigscience/bloom-560m,1,side_aunt,6,1,random,neutral,bn,0.5,1.0,0.6141518652439117,120
bigscience/bloom-560m,1,side_aunt,6,1,random,neutral,en,0.5,0.5,0.0,120
bigscience/bloom-560m,1,side_aunt,6,1,random,neutral,hi,0.7666666666666667,1.0,0.6421310951312383,120
bigscience/bloom-560m,1,gender,6,1,random,informative,bn,0.5,1.0,0.596174426873525,120
bigscience/bloom-560m,1,gender,6,1,random,informative,en,0.85,1.0,0.554401143391927,120
bigscience/bloom-560m,1,gender,6,1,random,informative,hi,0.5916666666666667,1.0,0.5350316007932027,120
bigscience/bloom-560m,1,gender,6,1,random,neutral,bn,0.5,0.5833333333333334,0.0424973169962565,120
bigscience/bloom-560m,1,gender,6,1,random,neutral,en,0.875,1.0,0.5536486307779948,120
bigscience/bloom-560m,1,gender,6,1,random,neutral,hi,0.5083333333333333,1.0,0.2373395085334778,120
bigscience/bloom-560m,1,side_aunt,8,1,random,informative,bn,0.5416666666666666,1.0,1.0584581931432089,120
bigscience/bloom-560m,1,side_aunt,8,1,random,informative,en,0.5,0.45,0.0013191223144531,120
bigscience/bloom-560m,1,side_aunt,8,1,random,informative,hi,0.8333333333333334,1.0,0.8948423326015472,120
bigscience/bloom-560m,1,side_aunt,8,1,random,neutral,bn,0.5,1.0,0.5972728172938029,120
bigscience/bloom-560m,1,side_aunt,8,1,random,neutral,en,0.5,0.5,0.0,120
bigscience/bloom-560m,1,side_aunt,8,1,random,neutral,hi,0.7666666666666667,1.0,0.6407155126333237,120
bigscience/bloom-560m,1,gender,8,1,random,informative,bn,0.5,1.0,0.5887919177611669,120
bigscience/bloom-560m,1,gender,8,1,random,informative,en,0.85,1.0,0.5607958475748698,120
bigscience/bloom-560m,1,gender,8,1,random,informative,hi,0.575,1.0,0.5129266142845154,120
bigscience/bloom-560m,1,gender,8,1,random,neutral,bn,0.5,0.6,0.0434651553630828,120
bigscience/bloom-560m,1,gender,8,1,random,neutral,en,0.875,1.0,0.5502466837565104,120
bigscience/bloom-560m,1,gender,8,1,random,neutral,hi,0.5,1.0,0.227897834777832,120
bigscience/bloom-560m,1,side_aunt,10,1,random,informative,bn,0.55,1.0,1.0855024258295696,120
bigscience/bloom-560m,1,side_aunt,10,1,random,informative,en,0.5,0.5666666666666667,0.0078483581542968,120
bigscience/bloom-560m,1,side_aunt,10,1,random,informative,hi,0.825,1.0,0.8828411887089411,120
bigscience/bloom-560m,1,side_aunt,10,1,random,neutral,bn,0.5,1.0,0.6110302766164144,120
bigscience/bloom-560m,1,side_aunt,10,1,random,neutral,en,0.5,0.5,0.0,120
bigscience/bloom-560m,1,side_aunt,10,1,random,neutral,hi,0.75,1.0,0.62835260728995,120
bigscience/bloom-560m,1,gender,10,1,random,informative,bn,0.5,1.0,0.5906577428181966,120
bigscience/bloom-560m,1,gender,10,1,random,informative,en,0.85,1.0,0.5614092508951823,120
bigscience/bloom-560m,1,gender,10,1,random,informative,hi,0.6083333333333333,1.0,0.531709619363149,120
bigscience/bloom-560m,1,gender,10,1,random,neutral,bn,0.5,0.6,0.0392064164082209,120
bigscience/bloom-560m,1,gender,10,1,random,neutral,en,0.8833333333333333,1.0,0.5531979878743489,120
bigscience/bloom-560m,1,gender,10,1,random,neutral,hi,0.5083333333333333,1.0,0.2307122866312662,120
bigscience/bloom-560m,1,side_aunt,12,1,random,informative,bn,0.5583333333333333,1.0,1.0759511649608613,120
bigscience/bloom-560m,1,side_aunt,12,1,random,informative,en,0.5,0.5666666666666667,0.00692138671875,120
bigscience/bloom-560m,1,side_aunt,12,1,random,informative,hi,0.8333333333333334,1.0,0.8952611456314723,120
bigscience/bloom-560m,1,side_aunt,12,1,random,neutral,bn,0.5,1.0,0.6091091473897298,120
bigscience/bloom-560m,1,side_aunt,12,1,random,neutral,en,0.5,0.5,0.0,120
bigscience/bloom-560m,1,side_aunt,12,1,random,neutral,hi,0.7666666666666667,1.0,0.6403602500756581,120
bigscience/bloom-560m,1,gender,12,1,random,informative,bn,0.5,1.0,0.5924378971258799,120
bigscience/bloom-560m,1,gender,12,1,random,informative,en,0.85,1.0,0.5705764770507813,120
bigscience/bloom-560m,1,gender,12,1,random,informative,hi,0.6166666666666667,1.0,0.5442802906036377,120
bigscience/bloom-560m,1,gender,12,1,random,neutral,bn,0.5,0.6,0.041502888003985,120
bigscience/bloom-560m,1,gender,12,1,random,neutral,en,0.875,1.0,0.5574620564778646,120
bigscience/bloom-560m,1,gender,12,1,random,neutral,hi,0.5083333333333333,1.0,0.2357026696205139,120
bigscience/bloom-560m,1,side_aunt,12,4,random,informative,bn,0.5583333333333333,1.0,1.097159387667974,120
bigscience/bloom-560m,1,side_aunt,12,4,random,informative,en,0.5,0.5666666666666667,0.0089975992838541,120
bigscience/bloom-560m,1,side_aunt,12,4,random,informative,hi,0.8333333333333334,1.0,0.9205203662316004,120
bigscience/bloom-560m,1,side_aunt,12,4,random,neutral,bn,0.5,1.0,0.6101661821206411,120
bigscience/bloom-560m,1,side_aunt,12,4,random,neutral,en,0.5,0.5,0.0,120
bigscience/bloom-560m,1,side_aunt,12,4,random,neutral,hi,0.7666666666666667,1.0,0.6463772813479106,120
bigscience/bloom-560m,1,gender,12,4,random,informative,bn,0.5,1.0,0.6177622238794963,120
bigscience/bloom-560m,1,gender,12,4,random,informative,en,0.85,1.0,0.5559280395507813,120
bigscience/bloom-560m,1,gender,12,4,random,informative,hi,0.6,1.0,0.5308793584505717,120
bigscience/bloom-560m,1,gender,12,4,random,neutral,bn,0.5,0.6,0.051272252202034,120
bigscience/bloom-560m,1,gender,12,4,random,neutral,en,0.9,1.0,0.542578125,120
bigscience/bloom-560m,1,gender,12,4,random,neutral,hi,0.5083333333333333,1.0,0.2241198698679606,120
bigscience/bloom-560m,1,side_aunt,14,1,random,informative,bn,0.55,1.0,1.0823883275190989,120
bigscience/bloom-560m,1,side_aunt,14,1,random,informative,en,0.5,0.4833333333333333,0.0033482869466145,120
bigscience/bloom-560m,1,side_aunt,14,1,random,informative,hi,0.8166666666666667,1.0,0.8857263296842575,120
bigscience/bloom-560m,1,side_aunt,14,1,random,neutral,bn,0.5,1.0,0.6060038944085439,120
bigscience/bloom-560m,1,side_aunt,14,1,random,neutral,en,0.5,0.5,0.0,120
bigscience/bloom-560m,1,side_aunt,14,1,random,neutral,hi,0.775,1.0,0.6411452422539393,120
bigscience/bloom-560m,1,gender,14,1,random,informative,bn,0.5,1.0,0.5981227060159048,120
bigscience/bloom-560m,1,gender,14,1,random,informative,en,0.85,1.0,0.5591532389322916,120
bigscience/bloom-560m,1,gender,14,1,random,informative,hi,0.6166666666666667,1.0,0.5334442257881165,120
bigscience/bloom-560m,1,gender,14,1,random,neutral,bn,0.5,0.6,0.0443852871656417,120
bigscience/bloom-560m,1,gender,14,1,random,neutral,en,0.9,1.0,0.55419921875,120
bigscience/bloom-560m,1,gender,14,1,random,neutral,hi,0.5083333333333333,1.0,0.2311715324719747,120
bigscience/bloom-560m,1,side_aunt,16,1,random,informative,bn,0.55,1.0,1.084875653187434,120
bigscience/bloom-560m,1,side_aunt,16,1,random,informative,en,0.5,0.5166666666666667,0.0070307413736979,120
bigscience/bloom-560m,1,side_aunt,16,1,random,informative,hi,0.8416666666666667,1.0,0.9028504659732184,120
bigscience/bloom-560m,1,side_aunt,16,1,random,neutral,bn,0.5,1.0,0.6167302926381429,120
bigscience/bloom-560m,1,side_aunt,16,1,random,neutral,en,0.5,0.5,0.0,120
bigscience/bloom-560m,1,side_aunt,16,1,random,neutral,hi,0.7666666666666667,1.0,0.6416339953740438,120
bigscience/bloom-560m,1,gender,16,1,random,informative,bn,0.5,1.0,0.5947041819492976,120
bigscience/bloom-560m,1,gender,16,1,random,informative,en,0.85,1.0,0.568121592203776,120
bigscience/bloom-560m,1,gender,16,1,random,informative,hi,0.6,1.0,0.533992608388265,120
bigscience/bloom-560m,1,gender,16,1,random,neutral,bn,0.5,0.5833333333333334,0.0380619366963704,120
bigscience/bloom-560m,1,gender,16,1,random,neutral,en,0.875,1.0,0.5576736450195312,120
bigscience/bloom-560m,1,gender,16,1,random,neutral,hi,0.5,1.0,0.2273052970568339,120
bigscience/bloom-560m,1,side_aunt,18,1,random,informative,bn,0.5583333333333333,1.0,1.082766999801,120
bigscience/bloom-560m,1,side_aunt,18,1,random,informative,en,0.5,0.55,0.0079673767089843,120
bigscience/bloom-560m,1,side_aunt,18,1,random,informative,hi,0.8333333333333334,1.0,0.8786060988903046,120
bigscience/bloom-560m,1,side_aunt,18,1,random,neutral,bn,0.5,1.0,0.6086169640223186,120
bigscience/bloom-560m,1,side_aunt,18,1,random,neutral,en,0.5,0.5,0.0,120
bigscience/bloom-560m,1,side_aunt,18,1,random,neutral,hi,0.7666666666666667,1.0,0.6307739675045013,120
bigscience/bloom-560m,1,gender,18,1,random,informative,bn,0.5,1.0,0.5943813016017278,120
bigscience/bloom-560m,1,gender,18,1,random,informative,en,0.85,1.0,0.5637133280436198,120
bigscience/bloom-560m,1,gender,18,1,random,informative,hi,0.5916666666666667,1.0,0.5327184120814006,120
bigscience/bloom-560m,1,gender,18,1,random,neutral,bn,0.5,0.6,0.0431910832722981,120
bigscience/bloom-560m,1,gender,18,1,random,neutral,en,0.875,1.0,0.550152587890625,120
bigscience/bloom-560m,1,gender,18,1,random,neutral,hi,0.5083333333333333,1.0,0.2316177169481913,120
bigscience/bloom-560m,1,side_aunt,20,1,random,informative,bn,0.5583333333333333,1.0,1.0771101812521615,120
bigscience/bloom-560m,1,side_aunt,20,1,random,informative,en,0.5,0.5,0.0051783243815104,120
bigscience/bloom-560m,1,side_aunt,20,1,random,informative,hi,0.8,1.0,0.8944173653920492,120
bigscience/bloom-560m,1,side_aunt,20,1,random,neutral,bn,0.5,1.0,0.6057439804077148,120
bigscience/bloom-560m,1,side_aunt,20,1,random,neutral,en,0.5,0.5,0.0,120
bigscience/bloom-560m,1,side_aunt,20,1,random,neutral,hi,0.75,1.0,0.6292652577161789,120
bigscience/bloom-560m,1,gender,20,1,random,informative,bn,0.5,1.0,0.6005823095639546,120
bigscience/bloom-560m,1,gender,20,1,random,informative,en,0.85,1.0,0.5632659912109375,120
bigscience/bloom-560m,1,gender,20,1,random,informative,hi,0.6916666666666667,1.0,0.5232442398866017,120
bigscience/bloom-560m,1,gender,20,1,random,neutral,bn,0.5,0.6,0.0434130867322285,120
bigscience/bloom-560m,1,gender,20,1,random,neutral,en,0.8666666666666667,1.0,0.55184326171875,120
bigscience/bloom-560m,1,gender,20,1,random,neutral,hi,0.525,1.0,0.2228234529495239,120
bigscience/bloom-560m,1,side_aunt,22,1,random,informative,bn,0.55,1.0,1.0679640312989551,120
bigscience/bloom-560m,1,side_aunt,22,1,random,informative,en,0.5,0.55,0.0068616231282552,120
bigscience/bloom-560m,1,side_aunt,22,1,random,informative,hi,0.8333333333333334,1.0,0.8954163610935211,120
bigscience/bloom-560m,1,side_aunt,22,1,random,neutral,bn,0.5,1.0,0.5979589700698853,120
bigscience/bloom-560m,1,side_aunt,22,1,random,neutral,en,0.5,0.5,0.0,120
bigscience/bloom-560m,1,side_aunt,22,1,random,neutral,hi,0.7666666666666667,1.0,0.6415943215290706,120
bigscience/bloom-560m,1,gender,22,1,random,informative,bn,0.5,1.0,0.596845821539561,120
bigscience/bloom-560m,1,gender,22,1,random,informative,en,0.85,1.0,0.5625645955403645,120
bigscience/bloom-560m,1,gender,22,1,random,informative,hi,0.5833333333333334,1.0,0.5295132180054982,120
bigscience/bloom-560m,1,gender,22,1,random,neutral,bn,0.5,0.6,0.0455543955167134,120
bigscience/bloom-560m,1,gender,22,1,random,neutral,en,0.9,1.0,0.5511812845865885,120
bigscience/bloom-560m,1,gender,22,1,random,neutral,hi,0.5,1.0,0.221714981396993,120
bigscience/bloom-560m,2,side_aunt,-1,0,none,informative,bn,0.5083333333333333,1.0,1.1397194544474285,120
bigscience/bloom-560m,2,side_aunt,-1,0,none,informative,en,0.5,0.4666666666666667,-0.0032834370930989,120
bigscience/bloom-560m,2,side_aunt,-1,0,none,informative,hi,0.825,1.0,0.8781265070041021,120
bigscience/bloom-560m,2,side_aunt,-1,0,none,neutral,bn,0.5,1.0,0.6445993085702261,120
bigscience/bloom-560m,2,side_aunt,-1,0,none,neutral,en,0.5,0.5,0.0,120
bigscience/bloom-560m,2,side_aunt,-1,0,none,neutral,hi,0.7166666666666667,1.0,0.6398327231407166,120
bigscience/bloom-560m,2,gender,-1,0,none,informative,bn,0.5,1.0,0.6254725575447082,120
bigscience/bloom-560m,2,gender,-1,0,none,informative,en,0.8166666666666667,1.0,0.5478291829427083,120
bigscience/bloom-560m,2,gender,-1,0,none,informative,hi,0.6666666666666666,1.0,0.5221539815266927,120
bigscience/bloom-560m,2,gender,-1,0,none,neutral,bn,0.5,0.7166666666666667,0.0769939988851547,120
bigscience/bloom-560m,2,gender,-1,0,none,neutral,en,0.7916666666666666,1.0,0.5370351155598958,120
bigscience/bloom-560m,2,gender,-1,0,none,neutral,hi,0.55,1.0,0.2245873689651489,120
bigscience/bloom-560m,2,side_aunt,0,1,bn,informative,bn,0.5083333333333333,1.0,1.147094730536143,120
bigscience/bloom-560m,2,side_aunt,0,1,bn,informative,en,0.5,0.4666666666666667,-0.0038294474283854,120
bigscience/bloom-560m,2,side_aunt,0,1,bn,informative,hi,0.8,1.0,0.8671101341644923,120
bigscience/bloom-560m,2,side_aunt,0,1,bn,neutral,bn,0.5,1.0,0.6428813397884369,120
bigscience/bloom-560m,2,side_aunt,0,1,bn,neutral,en,0.5,0.5,0.0,120
bigscience/bloom-560m,2,side_aunt,0,1,bn,neutral,hi,0.7166666666666667,1.0,0.6352980256080627,120
bigscience/bloom-560m,2,side_aunt,2,1,bn,informative,bn,0.5083333333333333,1.0,1.023541164398193,120
bigscience/bloom-560m,2,side_aunt,2,1,bn,informative,en,0.5,0.4666666666666667,-0.001177978515625,120
bigscience/bloom-560m,2,side_aunt,2,1,bn,informative,hi,0.8,1.0,0.8810892303784689,120
bigscience/bloom-560m,2,side_aunt,2,1,bn,neutral,bn,0.5,1.0,0.5391037980715434,120
bigscience/bloom-560m,2,side_aunt,2,1,bn,neutral,en,0.5,0.5,0.0,120
bigscience/bloom-560m,2,side_aunt,2,1,bn,neutral,hi,0.7,1.0,0.6399652709563574,120
bigscience/bloom-560m,2,side_aunt,4,1,bn,informative,bn,0.5083333333333333,1.0,1.006929059823354,120
bigscience/bloom-560m,2,side_aunt,4,1,bn,informative,en,0.5,0.45,-0.0050252278645833,120
bigscience/bloom-560m,2,side_aunt,4,1,bn,informative,hi,0.8333333333333334,1.0,0.8848650107781092,120
bigscience/bloom-560m,2,side_aunt,4,1,bn,neutral,bn,0.5,1.0,0.5092768609523773,120
bigscience/bloom-560m,2,side_aunt,4,1,bn,neutral,en,0.5,0.5,0.0,120
bigscience/bloom-560m,2,side_aunt,4,1,bn,neutral,hi,0.725,1.0,0.6436145236094792,120
bigscience/bloom-560m,2,side_aunt,6,1,bn,informative,bn,0.5083333333333333,1.0,1.0154440780480702,120
bigscience/bloom-560m,2,side_aunt,6,1,bn,informative,en,0.5,0.5666666666666667,0.0075770060221354,120
bigscience/bloom-560m,2,side_aunt,6,1,bn,informative,hi,0.825,1.0,0.8838311860958735,120
bigscience/bloom-560m,2,side_aunt,6,1,bn,neutral,bn,0.5,1.0,0.5088003675142924,120
bigscience/bloom-560m,2,side_aunt,6,1,bn,neutral,en,0.5,0.5,0.0,120
bigscience/bloom-560m,2,side_aunt,6,1,bn,neutral,hi,0.7166666666666667,1.0,0.6368041604757309,120
bigscience/bloom-560m,2,side_aunt,8,1,bn,informative,bn,0.5166666666666667,1.0,1.024559477965037,120
bigscience/bloom-560m,2,side_aunt,8,1,bn,informative,en,0.5,0.5,-0.0019131978352864,120
bigscience/bloom-560m,2,side_aunt,8,1,bn,informative,hi,0.8166666666666667,1.0,0.876593346397082,120
bigscience/bloom-560m,2,side_aunt,8,1,bn,neutral,bn,0.5,1.0,0.4988781710465749,120
bigscience/bloom-560m,2,side_aunt,8,1,bn,neutral,en,0.5,0.5,0.0,120
bigscience/bloom-560m,2,side_aunt,8,1,bn,neutral,hi,0.7083333333333334,1.0,0.6261491666237513,120
bigscience/bloom-560m,2,side_aunt,10,1,bn,informative,bn,0.5083333333333333,1.0,0.9848150312900544,120
bigscience/bloom-560m,2,side_aunt,10,1,bn,informative,en,0.5,0.5166666666666667,4.831949869791666e-06,120
bigscience/bloom-560m,2,side_aunt,10,1,bn,informative,hi,0.8166666666666667,1.0,0.8747591445843379,120
bigscience/bloom-560m,2,side_aunt,10,1,bn,neutral,bn,0.5,1.0,0.4973989347616831,120
bigscience/bloom-560m,2,side_aunt,10,1,bn,neutral,en,0.5,0.5,0.0,120
bigscience/bloom-560m,2,side_aunt,10,1,bn,neutral,hi,0.7083333333333334,1.0,0.6248644957939784,120
bigscience/bloom-560m,2,side_aunt,12,1,bn,informative,bn,0.5083333333333333,1.0,1.0256205399831135,120
bigscience/bloom-560m,2,side_aunt,12,1,bn,informative,en,0.5,0.4666666666666667,-0.0040133158365885,120
bigscience/bloom-560m,2,side_aunt,12,1,bn,informative,hi,0.8083333333333333,1.0,0.8704209675391515,120
bigscience/bloom-560m,2,side_aunt,12,1,bn,neutral,bn,0.5,1.0,0.5600919961929322,120
bigscience/bloom-560m,2,side_aunt,12,1,bn,neutral,en,0.5,0.5,0.0,120
bigscience/bloom-560m,2,side_aunt,12,1,bn,neutral,hi,0.7083333333333334,1.0,0.6255134026209513,120
bigscience/bloom-560m,2,side_aunt,12,4,bn,informative,bn,0.5083333333333333,1.0,0.8937992533047994,120
bigscience/bloom-560m,2,side_aunt,12,4,bn,informative,en,0.5,0.5166666666666667,-0.0017079671223958,120
bigscience/bloom-560m,2,side_aunt,12,4,bn,informative,hi,0.7833333333333333,1.0,0.897196434934934,120
bigscience/bloom-560m,2,side_aunt,12,4,bn,neutral,bn,0.5,1.0,0.4487948834896088,120
bigscience/bloom-560m,2,side_aunt,12,4,bn,neutral,en,0.5,0.5,0.0,120
bigscience/bloom-560m,2,side_aunt,12,4,bn,neutral,hi,0.625,1.0,0.6200532555580139,120
bigscience/bloom-560m,2,side_aunt,14,1,bn,informative,bn,0.5166666666666667,1.0,1.0921564877033234,120
bigscience/bloom-560m,2,side_aunt,14,1,bn,informative,en,0.5,0.5,0.0018363952636718,120
bigscience/bloom-560m,2,side_aunt,14,1,bn,informative,hi,0.7916666666666666,1.0,0.8707866301139195,120
bigscience/bloom-560m,2,side_aunt,14,1,bn,neutral,bn,0.5,1.0,0.6006180922190348,120
bigscience/bloom-560m,2,side_aunt,14,1,bn,neutral,en,0.5,0.5,0.0,120
bigscience/bloom-560m,2,side_aunt,14,1,bn,neutral,hi,0.6916666666666667,1.0,0.6213751316070557,120
bigscience/bloom-560m,2,side_aunt,16,1,bn,informative,bn,0.525,1.0,1.1348348597685496,120
bigscience/bloom-560m,2,side_aunt,16,1,bn,informative,en,0.5,0.4666666666666667,-0.0028177897135416,120
bigscience/bloom-560m,2,side_aunt,16,1,bn,informative,hi,0.7916666666666666,1.0,0.8886653989553451,120
bigscience/bloom-560m,2,side_aunt,16,1,bn,neutral,bn,0.5,1.0,0.6216348310311636,120
bigscience/bloom-560m,2,side_aunt,16,1,bn,neutral,en,0.5,0.5,0.0,120
bigscience/bloom-560m,2,side_aunt,16,1,bn,neutral,hi,0.675,1.0,0.6440606107314427,120
bigscience/bloom-560m,2,side_aunt,18,1,bn,informative,bn,0.5166666666666667,1.0,1.1035866916179655,120
bigscience/bloom-560m,2,side_aunt,18,1,bn,informative,en,0.5,0.4666666666666667,-0.003888193766276,120
bigscience/bloom-560m,2,side_aunt,18,1,bn,informative,hi,0.7916666666666666,1.0,0.8948512226343155,120
bigscience/bloom-560m,2,side_aunt,18,1,bn,neutral,bn,0.5,1.0,0.5992879728476207,120
bigscience/bloom-560m,2,side_aunt,18,1,bn,neutral,en,0.5,0.5,0.0,120
bigscience/bloom-560m,2,side_aunt,18,1,bn,neutral,hi,0.6583333333333333,1.0,0.6434900442759196,120
bigscience/bloom-560m,2,side_aunt,20,1,bn,informative,bn,0.5083333333333333,1.0,1.058804068962733,120
bigscience/bloom-560m,2,side_aunt,20,1,bn,informative,en,0.5,0.4333333333333333,-0.0065226236979166,120
bigscience/bloom-560m,2,side_aunt,20,1,bn,informative,hi,0.8,1.0,0.8666554063558578,120
bigscience/bloom-560m,2,side_aunt,20,1,bn,neutral,bn,0.5,1.0,0.5701371908187867,120
bigscience/bloom-560m,2,side_aunt,20,1,bn,neutral,en,0.5,0.5,0.0,120
bigscience/bloom-560m,2,side_aunt,20,1,bn,neutral,hi,0.7166666666666667,1.0,0.6173335572083791,120
bigscience/bloom-560m,2,side_aunt,22,1,bn,informative,bn,0.5083333333333333,1.0,1.06834992369016,120
bigscience/bloom-560m,2,side_aunt,22,1,bn,informative,en,0.5,0.4666666666666667,-0.0036384582519531,120
bigscience/bloom-560m,2,side_aunt,22,1,bn,informative,hi,0.8333333333333334,1.0,0.8687173763910929,120
bigscience/bloom-560m,2,side_aunt,22,1,bn,neutral,bn,0.5,1.0,0.5906188726425171,120
bigscience/bloom-560m,2,side_aunt,22,1,bn,neutral,en,0.5,0.5,0.0,120
bigscience/bloom-560m,2,side_aunt,22,1,bn,neutral,hi,0.7333333333333333,1.0,0.6322763631741206,120
bigscience/bloom-560m,2,side_aunt,0,1,hi,informative,bn,0.5083333333333333,1.0,1.134496319293976,120
bigscience/bloom-560m,2,side_aunt,0,1,hi,informative,en,0.5,0.4666666666666667,-0.0033137003580729,120
bigscience/bloom-560m,2,side_aunt,0,1,hi,informative,hi,0.8083333333333333,1.0,0.8922117471694946,120
bigscience/bloom-560m,2,side_aunt,0,1,hi,neutral,bn,0.5,1.0,0.6351242423057556,120
bigscience/bloom-560m,2,side_aunt,0,1,hi,neutral,en,0.5,0.5,0.0,120
bigscience/bloom-560m,2,side_aunt,0,1,hi,neutral,hi,0.7166666666666667,1.0,0.6763156394163767,120
bigscience/bloom-560m,2,side_aunt,2,1,hi,informative,bn,0.5083333333333333,1.0,1.14010817805926,120
bigscience/bloom-560m,2,side_aunt,2,1,hi,informative,en,0.5,0.4666666666666667,-0.006421407063802,120
bigscience/bloom-560m,2,side_aunt,2,1,hi,informative,hi,0.8083333333333333,1.0,0.8729554782311122,120
bigscience/bloom-560m,2,side_aunt,2,1,hi,neutral,bn,0.5,1.0,0.652368289232254,120
bigscience/bloom-560m,2,side_aunt,2,1,hi,neutral,en,0.5,0.5,0.0,120
bigscience/bloom-560m,2,side_aunt,2,1,hi,neutral,hi,0.7166666666666667,1.0,0.6330594470103582,120
bigscience/bloom-560m,2,side_aunt,4,1,hi,informative,bn,0.5083333333333333,1.0,1.1225916584332785,120
bigscience/bloom-560m,2,side_aunt,4,1,hi,informative,en,0.5,0.4666666666666667,-0.0065315246582031,120
bigscience/bloom-560m,2,side_aunt,4,1,hi,informative,hi,0.8333333333333334,1.0,0.8988406231005986,120
bigscience/bloom-560m,2,side_aunt,4,1,hi,neutral,bn,0.5,1.0,0.6385515292485555,120
bigscience/bloom-560m,2,side_aunt,4,1,hi,neutral,en,0.5,0.5,0.0,120
bigscience/bloom-560m,2,side_aunt,4,1,hi,neutral,hi,0.7416666666666667,1.0,0.7026292194922765,120
bigscience/bloom-560m,2,side_aunt,6,1,hi,informative,bn,0.5083333333333333,1.0,1.121418293317159,120
bigscience/bloom-560m,2,side_aunt,6,1,hi,informative,en,0.5,0.45,-0.0068206787109375,120
bigscience/bloom-560m,2,side_aunt,6,1,hi,informative,hi,0.7833333333333333,1.0,0.8292875528335572,120
bigscience/bloom-560m,2,side_aunt,6,1,hi,neutral,bn,0.5,1.0,0.6434312502543131,120
bigscience/bloom-560m,2,side_aunt,6,1,hi,neutral,en,0.5,0.5,0.0,120
bigscience/bloom-560m,2,side_aunt,6,1,hi,neutral,hi,0.7166666666666667,1.0,0.6049883643786113,120
bigscience/bloom-560m,2,side_aunt,8,1,hi,informative,bn,0.5083333333333333,1.0,1.134717700878779,120
bigscience/bloom-560m,2,side_aunt,8,1,hi,informative,en,0.5,0.5,0.0017664591471354,120
bigscience/bloom-560m,2,side_aunt,8,1,hi,informative,hi,0.8333333333333334,1.0,0.9332364698251088,120
bigscience/bloom-560m,2,side_aunt,8,1,hi,neutral,bn,0.5,1.0,0.6454319755236307,120
bigscience/bloom-560m,2,side_aunt,8,1,hi,neutral,en,0.5,0.5,0.0,120
bigscience/bloom-560m,2,side_aunt,8,1,hi,neutral,hi,0.7166666666666667,1.0,0.6376473228136699,120
bigscience/bloom-560m,2,side_aunt,10,1,hi,informative,bn,0.5166666666666667,1.0,1.1298998514811198,120
bigscience/bloom-560m,2,side_aunt,10,1,hi,informative,en,0.5,0.45,-0.0070859273274739,120
bigscience/bloom-560m,2,side_aunt,10,1,hi,informative,hi,0.825,1.0,0.9105441768964132,120
bigscience/bloom-560m,2,side_aunt,10,1,hi,neutral,bn,0.5,1.0,0.6432943960030874,120
bigscience/bloom-560m,2,side_aunt,10,1,hi,neutral,en,0.5,0.5,0.0,120
bigscience/bloom-560m,2,side_aunt,10,1,hi,neutral,hi,0.7166666666666667,1.0,0.6416591932376225,120
bigscience/bloom-560m,2,side_aunt,12,1,hi,informative,bn,0.5083333333333333,1.0,1.146812045574188,120
bigscience/bloom-560m,2,side_aunt,12,1,hi,informative,en,0.5,0.4666666666666667,-0.0047406514485677,120
bigscience/bloom-560m,2,side_aunt,12,1,hi,informative,hi,0.7833333333333333,1.0,0.8213211983442307,120
bigscience/bloom-560m,2,side_aunt,12,1,hi,neutral,bn,0.5,1.0,0.6488712906837464,120
bigscience/bloom-560m,2,side_aunt,12,1,hi,neutral,en,0.5,0.5,0.0,120
bigscience/bloom-560m,2,side_aunt,12,1,hi,neutral,hi,0.6916666666666667,1.0,0.5906951288382213,120
bigscience/bloom-560m,2,side_aunt,12,4,hi,informative,bn,0.525,1.0,1.1224012653032938,120
bigscience/bloom-560m,2,side_aunt,12,4,hi,informative,en,0.5,0.4333333333333333,-0.0086540222167968,120
bigscience/bloom-560m,2,side_aunt,12,4,hi,informative,hi,0.7333333333333333,1.0,0.7477519392967225,120
bigscience/bloom-560m,2,side_aunt,12,4,hi,neutral,bn,0.5,1.0,0.6515553613503774,120
bigscience/bloom-560m,2,side_aunt,12,4,hi,neutral,en,0.5,0.5,0.0,120
bigscience/bloom-560m,2,side_aunt,12,4,hi,neutral,hi,0.6166666666666667,1.0,0.5467701017856598,120
bigscience/bloom-560m,2,side_aunt,14,1,hi,informative,bn,0.525,1.0,1.1437826216220857,120
bigscience/bloom-560m,2,side_aunt,14,1,hi,informative,en,0.5,0.4666666666666667,-0.0029390970865885,120
bigscience/bloom-560m,2,side_aunt,14,1,hi,informative,hi,0.8,1.0,0.8546282251675924,120
bigscience/bloom-560m,2,side_aunt,14,1,hi,neutral,bn,0.5,1.0,0.6526304761568705,120
bigscience/bloom-560m,2,side_aunt,14,1,hi,neutral,en,0.5,0.5,0.0,120
bigscience/bloom-560m,2,side_aunt,14,1,hi,neutral,hi,0.7,1.0,0.615810689330101,120
bigscience/bloom-560m,2,side_aunt,16,1,hi,informative,bn,0.5083333333333333,1.0,1.1328555385271708,120
bigscience/bloom-560m,2,side_aunt,16,1,hi,informative,en,0.5,0.4666666666666667,-0.0020983378092447,120
bigscience/bloom-560m,2,side_aunt,16,1,hi,informative,hi,0.7916666666666666,1.0,0.8536920934915543,120
bigscience/bloom-560m,2,side_aunt,16,1,hi,neutral,bn,0.5,1.0,0.647757887840271,120
bigscience/bloom-560m,2,side_aunt,16,1,hi,neutral,en,0.5,0.5,0.0,120
bigscience/bloom-560m,2,side_aunt,16,1,hi,neutral,hi,0.7,1.0,0.6196081777413686,120
bigscience/bloom-560m,2,side_aunt,18,1,hi,informative,bn,0.5166666666666667,1.0,1.143137764930725,120
bigscience/bloom-560m,2,side_aunt,18,1,hi,informative,en,0.5,0.4666666666666667,-0.0035855611165364,120
bigscience/bloom-560m,2,side_aunt,18,1,hi,informative,hi,0.8166666666666667,1.0,0.8796024948358536,120
bigscience/bloom-560m,2,side_aunt,18,1,hi,neutral,bn,0.5,1.0,0.6454407771428426,120
bigscience/bloom-560m,2,side_aunt,18,1,hi,neutral,en,0.5,0.5,0.0,120
bigscience/bloom-560m,2,side_aunt,18,1,hi,neutral,hi,0.7166666666666667,1.0,0.6504887133836746,120
bigscience/bloom-560m,2,side_aunt,20,1,hi,informative,bn,0.5083333333333333,1.0,1.133350004752477,120
bigscience/bloom-560m,2,side_aunt,20,1,hi,informative,en,0.5,0.4666666666666667,-0.0004961649576822,120
bigscience/bloom-560m,2,side_aunt,20,1,hi,informative,hi,0.775,1.0,0.8458098332087199,120
bigscience/bloom-560m,2,side_aunt,20,1,hi,neutral,bn,0.5,1.0,0.6363941570123036,120
bigscience/bloom-560m,2,side_aunt,20,1,hi,neutral,en,0.5,0.5,0.0,120
bigscience/bloom-560m,2,side_aunt,20,1,hi,neutral,hi,0.7,1.0,0.6156324903170268,120
bigscience/bloom-560m,2,side_aunt,22,1,hi,informative,bn,0.5083333333333333,1.0,1.1372897108395894,120
bigscience/bloom-560m,2,side_aunt,22,1,hi,informative,en,0.5,0.4666666666666667,-0.0021738688151041,120
bigscience/bloom-560m,2,side_aunt,22,1,hi,informative,hi,0.7666666666666667,1.0,0.8012814521789551,120
bigscience/bloom-560m,2,side_aunt,22,1,hi,neutral,bn,0.5,1.0,0.6429911851882935,120
bigscience/bloom-560m,2,side_aunt,22,1,hi,neutral,en,0.5,0.5,0.0,120
bigscience/bloom-560m,2,side_aunt,22,1,hi,neutral,hi,0.7083333333333334,1.0,0.5815515965223312,120
bigscience/bloom-560m,2,side_aunt,0,1,en,informative,bn,0.5083333333333333,1.0,1.1213924646377564,120
bigscience/bloom-560m,2,side_aunt,0,1,en,informative,en,0.5,0.4333333333333333,-0.0076728820800781,120
bigscience/bloom-560m,2,side_aunt,0,1,en,informative,hi,0.8333333333333334,1.0,0.9065556208292644,120
bigscience/bloom-560m,2,side_aunt,0,1,en,neutral,bn,0.5,1.0,0.629498302936554,120
bigscience/bloom-560m,2,side_aunt,0,1,en,neutral,en,0.5,0.5,0.0,120
bigscience/bloom-560m,2,side_aunt,0,1,en,neutral,hi,0.725,1.0,0.6509582777818044,120
bigscience/bloom-560m,2,side_aunt,2,1,en,informative,bn,0.5083333333333333,1.0,1.1282451669375102,120
bigscience/bloom-560m,2,side_aunt,2,1,en,informative,en,0.5,0.4666666666666667,-0.0043167114257812,120
bigscience/bloom-560m,2,side_aunt,2,1,en,informative,hi,0.825,1.0,0.8973882486422856,120
bigscience/bloom-560m,2,side_aunt,2,1,en,neutral,bn,0.5,1.0,0.6384235064188639,120
bigscience/bloom-560m,2,side_aunt,2,1,en,neutral,en,0.5,0.5,0.0,120
bigscience/bloom-560m,2,side_aunt,2,1,en,neutral,hi,0.7083333333333334,1.0,0.6394344876209895,120
bigscience/bloom-560m,2,side_aunt,4,1,en,informative,bn,0.5083333333333333,1.0,1.1448247373104097,120
bigscience/bloom-560m,2,side_aunt,4,1,en,informative,en,0.5,0.4666666666666667,-0.0059008280436197,120
bigscience/bloom-560m,2,side_aunt,4,1,en,informative,hi,0.8333333333333334,1.0,0.914960433046023,120
bigscience/bloom-560m,2,side_aunt,4,1,en,neutral,bn,0.5,1.0,0.6517649213473002,120
bigscience/bloom-560m,2,side_aunt,4,1,en,neutral,en,0.5,0.5,0.0,120
bigscience/bloom-560m,2,side_aunt,4,1,en,neutral,hi,0.7166666666666667,1.0,0.6417014807462692,120
bigscience/bloom-560m,2,side_aunt,6,1,en,informative,bn,0.5166666666666667,1.0,1.1598092416922252,120
bigscience/bloom-560m,2,side_aunt,6,1,en,informative,en,0.5,0.55,0.0015917460123697,120
bigscience/bloom-560m,2,side_aunt,6,1,en,informative,hi,0.8166666666666667,1.0,0.8956020414829254,120
bigscience/bloom-560m,2,side_aunt,6,1,en,neutral,bn,0.5,1.0,0.6450993359088898,120
bigscience/bloom-560m,2,side_aunt,6,1,en,neutral,en,0.5,0.5,0.0,120
bigscience/bloom-560m,2,side_aunt,6,1,en,neutral,hi,0.725,1.0,0.6482983112335206,120
bigscience/bloom-560m,2,side_aunt,8,1,en,informative,bn,0.5083333333333333,1.0,1.088676917552948,120
bigscience/bloom-560m,2,side_aunt,8,1,en,informative,en,0.5,0.55,0.0067479451497395,120
bigscience/bloom-560m,2,side_aunt,8,1,en,informative,hi,0.8416666666666667,1.0,0.895900563398997,120
bigscience/bloom-560m,2,side_aunt,8,1,en,neutral,bn,0.5,1.0,0.5764091193675995,120
bigscience/bloom-560m,2,side_aunt,8,1,en,neutral,en,0.5,0.5,0.0,120
bigscience/bloom-560m,2,side_aunt,8,1,en,neutral,hi,0.75,1.0,0.6538775165875753,120
bigscience/bloom-560m,2,side_aunt,10,1,en,informative,bn,0.5083333333333333,1.0,1.11404101451238,120
bigscience/bloom-560m,2,side_aunt,10,1,en,informative,en,0.5,0.5166666666666667,0.0019335428873697,120
bigscience/bloom-560m,2,side_aunt,10,1,en,informative,hi,0.8416666666666667,1.0,0.908975711464882,120
bigscience/bloom-560m,2,side_aunt,10,1,en,neutral,bn,0.5,1.0,0.6075261016686757,120
bigscience/bloom-560m,2,side_aunt,10,1,en,neutral,en,0.5,0.5,0.0,120
bigscience/bloom-560m,2,side_aunt,10,1,en,neutral,hi,0.7333333333333333,1.0,0.6561457484960556,120
bigscience/bloom-560m,2,side_aunt,12,1,en,informative,bn,0.525,1.0,1.1402563671271009,120
bigscience/bloom-560m,2,side_aunt,12,1,en,informative,en,0.5,0.6666666666666666,0.0146575927734375,120
bigscience/bloom-560m,2,side_aunt,12,1,en,informative,hi,0.8416666666666667,1.0,0.899577193458875,120
bigscience/bloom-560m,2,side_aunt,12,1,en,neutral,bn,0.5,1.0,0.6397751688957214,120
bigscience/bloom-560m,2,side_aunt,12,1,en,neutral,en,0.5,0.5,0.0,120
bigscience/bloom-560m,2,side_aunt,12,1,en,neutral,hi,0.7166666666666667,1.0,0.6495793183644613,120
bigscience/bloom-560m,2,side_aunt,12,4,en,informative,bn,0.5166666666666667,1.0,1.1353099485238394,120
bigscience/bloom-560m,2,side_aunt,12,4,en,informative,en,0.5,0.55,0.008044942220052,120
bigscience/bloom-560m,2,side_aunt,12,4,en,informative,hi,0.8083333333333333,1.0,0.8724695116281509,120
bigscience/bloom-560m,2,side_aunt,12,4,en,neutral,bn,0.5,1.0,0.6391823848088583,120
bigscience/bloom-560m,2,side_aunt,12,4,en,neutral,en,0.5,0.5,0.0,120
bigscience/bloom-560m,2,side_aunt,12,4,en,neutral,hi,0.7333333333333333,1.0,0.6454795678456624,120
bigscience/bloom-560m,2,side_aunt,14,1,en,informative,bn,0.55,1.0,1.1331133166948957,120
bigscience/bloom-560m,2,side_aunt,14,1,en,informative,en,0.5,0.7416666666666667,0.0227653503417968,120
bigscience/bloom-560m,2,side_aunt,14,1,en,informative,hi,0.825,1.0,0.937025672197342,120
bigscience/bloom-560m,2,side_aunt,14,1,en,neutral,bn,0.5,1.0,0.6196797291437784,120
bigscience/bloom-560m,2,side_aunt,14,1,en,neutral,en,0.5,0.5,0.0,120
bigscience/bloom-560m,2,side_aunt,14,1,en,neutral,hi,0.7083333333333334,1.0,0.6507498294115066,120
bigscience/bloom-560m,2,side_aunt,16,1,en,informative,bn,0.525,1.0,1.1221463163693746,120
bigscience/bloom-560m,2,side_aunt,16,1,en,informative,en,0.5,0.65,0.0157012939453125,120
bigscience/bloom-560m,2,side_aunt,16,1,en,informative,hi,0.8083333333333333,1.0,0.9325949837764104,120
bigscience/bloom-560m,2,side_aunt,16,1,en,neutral,bn,0.5,1.0,0.6268007655938467,120
bigscience/bloom-560m,2,side_aunt,16,1,en,neutral,en,0.5,0.5,0.0,120
bigscience/bloom-560m,2,side_aunt,16,1,en,neutral,hi,0.6833333333333333,1.0,0.659783786535263,120
bigscience/bloom-560m,2,side_aunt,18,1,en,informative,bn,0.5166666666666667,1.0,1.1157089173793793,120
bigscience/bloom-560m,2,side_aunt,18,1,en,informative,en,0.5,0.5833333333333334,0.0082206726074218,120
bigscience/bloom-560m,2,side_aunt,18,1,en,informative,hi,0.8083333333333333,1.0,0.9162459621826808,120
bigscience/bloom-560m,2,side_aunt,18,1,en,neutral,bn,0.5,1.0,0.6285241266091665,120
bigscience/bloom-560m,2,side_aunt,18,1,en,neutral,en,0.5,0.5,0.0,120
bigscience/bloom-560m,2,side_aunt,18,1,en,neutral,hi,0.725,1.0,0.6536906262238821,120
bigscience/bloom-560m,2,side_aunt,20,1,en,informative,bn,0.5166666666666667,1.0,1.0926675955454508,120
bigscience/bloom-560m,2,side_aunt,20,1,en,informative,en,0.5,0.4666666666666667,-0.0005711873372395,120
bigscience/bloom-560m,2,side_aunt,20,1,en,informative,hi,0.7916666666666666,1.0,0.8600065996249516,120
bigscience/bloom-560m,2,side_aunt,20,1,en,neutral,bn,0.5,1.0,0.6104567348957062,120
bigscience/bloom-560m,2,side_aunt,20,1,en,neutral,en,0.5,0.5,0.0,120
bigscience/bloom-560m,2,side_aunt,20,1,en,neutral,hi,0.725,1.0,0.6297646909952164,120
bigscience/bloom-560m,2,side_aunt,22,1,en,informative,bn,0.5083333333333333,1.0,1.1497169693311056,120
bigscience/bloom-560m,2,side_aunt,22,1,en,informative,en,0.5,0.5166666666666667,0.0021275838216145,120
bigscience/bloom-560m,2,side_aunt,22,1,en,informative,hi,0.7916666666666666,1.0,0.8839274019002914,120
bigscience/bloom-560m,2,side_aunt,22,1,en,neutral,bn,0.5,1.0,0.6531063755353291,120
bigscience/bloom-560m,2,side_aunt,22,1,en,neutral,en,0.5,0.5,0.0,120
bigscience/bloom-560m,2,side_aunt,22,1,en,neutral,hi,0.7,1.0,0.6447538137435913,120
bigscience/bloom-560m,2,gender,0,1,bn,informative,bn,0.5,1.0,0.6433726082245509,120
bigscience/bloom-560m,2,gender,0,1,bn,informative,en,0.8166666666666667,1.0,0.5473622639973958,120
bigscience/bloom-560m,2,gender,0,1,bn,informative,hi,0.6666666666666666,1.0,0.5188150624434154,120
bigscience/bloom-560m,2,gender,0,1,bn,neutral,bn,0.5,0.7,0.0880800008773803,120
bigscience/bloom-560m,2,gender,0,1,bn,neutral,en,0.8,1.0,0.535846455891927,120
bigscience/bloom-560m,2,gender,0,1,bn,neutral,hi,0.55,1.0,0.2238762378692627,120
bigscience/bloom-560m,2,gender,2,1,bn,informative,bn,0.5,0.9833333333333332,0.3687603255112966,120
bigscience/bloom-560m,2,gender,2,1,bn,informative,en,0.8333333333333334,1.0,0.5498202006022136,120
bigscience/bloom-560m,2,gender,2,1,bn,informative,hi,0.6666666666666666,1.0,0.5244757731755575,120
bigscience/bloom-560m,2,gender,2,1,bn,neutral,bn,0.5,0.1333333333333333,-0.2189528355995814,120
bigscience/bloom-560m,2,gender,2,1,bn,neutral,en,0.7916666666666666,1.0,0.5361869812011719,120
bigscience/bloom-560m,2,gender,2,1,bn,neutral,hi,0.5416666666666666,1.0,0.2229890505472819,120
bigscience/bloom-560m,2,gender,4,1,bn,informative,bn,0.5,1.0,0.6289534519116083,120
bigscience/bloom-560m,2,gender,4,1,bn,informative,en,0.8166666666666667,1.0,0.5341545104980469,120
bigscience/bloom-560m,2,gender,4,1,bn,informative,hi,0.6666666666666666,1.0,0.5146459639072418,120
bigscience/bloom-560m,2,gender,4,1,bn,neutral,bn,0.5,0.6833333333333333,0.0559758385022481,120
bigscience/bloom-560m,2,gender,4,1,bn,neutral,en,0.7916666666666666,1.0,0.5339398701985677,120
bigscience/bloom-560m,2,gender,4,1,bn,neutral,hi,0.55,1.0,0.2139506260553995,120
bigscience/bloom-560m,2,gender,6,1,bn,informative,bn,0.5,1.0,0.6471080124378205,120
bigscience/bloom-560m,2,gender,6,1,bn,informative,en,0.8333333333333334,1.0,0.5583651224772136,120
bigscience/bloom-560m,2,gender,6,1,bn,informative,hi,0.6583333333333333,1.0,0.5297425587972006,120
bigscience/bloom-560m,2,gender,6,1,bn,neutral,bn,0.5,0.75,0.0936505188544591,120
bigscience/bloom-560m,2,gender,6,1,bn,neutral,en,0.8,1.0,0.5451377868652344,120
bigscience/bloom-560m,2,gender,6,1,bn,neutral,hi,0.5416666666666666,1.0,0.2393548170725504,120
bigscience/bloom-560m,2,gender,8,1,bn,informative,bn,0.5,1.0,0.6654920488595962,120
bigscience/bloom-560m,2,gender,8,1,bn,informative,en,0.8333333333333334,1.0,0.5541697184244792,120
bigscience/bloom-560m,2,gender,8,1,bn,informative,hi,0.6583333333333333,1.0,0.5166643102963765,120
bigscience/bloom-560m,2,gender,8,1,bn,neutral,bn,0.5,0.75,0.1060362974802653,120
bigscience/bloom-560m,2,gender,8,1,bn,neutral,en,0.7916666666666666,1.0,0.538824717203776,120
bigscience/bloom-560m,2,gender,8,1,bn,neutral,hi,0.5333333333333333,1.0,0.2259867270787557,120
bigscience/bloom-560m,2,gender,10,1,bn,informative,bn,0.5,1.0,0.6637638539075852,120
bigscience/bloom-560m,2,gender,10,1,bn,informative,en,0.8333333333333334,1.0,0.5805318196614583,120
bigscience/bloom-560m,2,gender,10,1,bn,informative,hi,0.65,1.0,0.5148167928059896,120
bigscience/bloom-560m,2,gender,10,1,bn,neutral,bn,0.5,0.75,0.1052777667840321,120
bigscience/bloom-560m,2,gender,10,1,bn,neutral,en,0.8,1.0,0.5640401204427083,120
bigscience/bloom-560m,2,gender,10,1,bn,neutral,hi,0.5333333333333333,1.0,0.2249396403630574,120
bigscience/bloom-560m,2,gender,12,1,bn,informative,bn,0.5,1.0,0.5492015957832337,120
bigscience/bloom-560m,2,gender,12,1,bn,informative,en,0.8416666666666667,1.0,0.5748385111490886,120
bigscience/bloom-560m,2,gender,12,1,bn,informative,hi,0.6416666666666667,1.0,0.5271499176820119,120
bigscience/bloom-560m,2,gender,12,1,bn,neutral,bn,0.5,0.6666666666666666,0.043763401110967,120
bigscience/bloom-560m,2,gender,12,1,bn,neutral,en,0.7916666666666666,1.0,0.5442563374837239,120
bigscience/bloom-560m,2,gender,12,1,bn,neutral,hi,0.5333333333333333,1.0,0.220427139600118,120
bigscience/bloom-560m,2,gender,12,4,bn,informative,bn,0.5,1.0,0.5629670053720475,120
bigscience/bloom-560m,2,gender,12,4,bn,informative,en,0.825,1.0,0.5570940653483073,120
bigscience/bloom-560m,2,gender,12,4,bn,informative,hi,0.6666666666666666,1.0,0.5142468412717184,120
bigscience/bloom-560m,2,gender,12,4,bn,neutral,bn,0.5,0.7,0.0748559425274531,120
bigscience/bloom-560m,2,gender,12,4,bn,neutral,en,0.7916666666666666,1.0,0.5267290751139323,120
bigscience/bloom-560m,2,gender,12,4,bn,neutral,hi,0.5416666666666666,1.0,0.2259248614311218,120
bigscience/bloom-560m,2,gender,14,1,bn,informative,bn,0.5,1.0,0.6175524473190308,120
bigscience/bloom-560m,2,gender,14,1,bn,informative,en,0.8166666666666667,1.0,0.5563351949055989,120
bigscience/bloom-560m,2,gender,14,1,bn,informative,hi,0.6583333333333333,1.0,0.474416700998942,120
bigscience/bloom-560m,2,gender,14,1,bn,neutral,bn,0.5,0.7666666666666667,0.1159267206986745,120
bigscience/bloom-560m,2,gender,14,1,bn,neutral,en,0.775,1.0,0.5271499633789063,120
bigscience/bloom-560m,2,gender,14,1,bn,neutral,hi,0.5333333333333333,1.0,0.1994826436042785,120
bigscience/bloom-560m,2,gender,16,1,bn,informative,bn,0.5,1.0,0.6616790413856506,120
bigscience/bloom-560m,2,gender,16,1,bn,informative,en,0.8166666666666667,1.0,0.5644271850585938,120
bigscience/bloom-560m,2,gender,16,1,bn,informative,hi,0.65,1.0,0.5227863609790802,120
bigscience/bloom-560m,2,gender,16,1,bn,neutral,bn,0.5,0.7166666666666667,0.0769234309593836,120
bigscience/bloom-560m,2,gender,16,1,bn,neutral,en,0.8083333333333333,1.0,0.5439753214518229,120
bigscience/bloom-560m,2,gender,16,1,bn,neutral,hi,0.5416666666666666,1.0,0.2182538946469625,120
bigscience/bloom-560m,2,gender,18,1,bn,informative,bn,0.5,1.0,0.6505467146635056,120
bigscience/bloom-560m,2,gender,18,1,bn,informative,en,0.825,1.0,0.5783767700195312,120
bigscience/bloom-560m,2,gender,18,1,bn,informative,hi,0.6916666666666667,1.0,0.5770178357760112,120
bigscience/bloom-560m,2,gender,18,1,bn,neutral,bn,0.5,0.6166666666666667,0.031566164890925,120
bigscience/bloom-560m,2,gender,18,1,bn,neutral,en,0.8333333333333334,1.0,0.570477294921875,120
bigscience/bloom-560m,2,gender,18,1,bn,neutral,hi,0.5833333333333334,1.0,0.2475133061408996,120
bigscience/bloom-560m,2,gender,20,1,bn,informative,bn,0.5,1.0,0.609582033753395,120
bigscience/bloom-560m,2,gender,20,1,bn,informative,en,0.8,1.0,0.5090565999348958,120
bigscience/bloom-560m,2,gender,20,1,bn,informative,hi,0.6916666666666667,1.0,0.5114795347054799,120
bigscience/bloom-560m,2,gender,20,1,bn,neutral,bn,0.5,0.7,0.0667007078727086,120
bigscience/bloom-560m,2,gender,20,1,bn,neutral,en,0.775,1.0,0.4974510192871094,120
bigscience/bloom-560m,2,gender,20,1,bn,neutral,hi,0.6,1.0,0.2223946611086527,120
bigscience/bloom-560m,2,gender,22,1,bn,informative,bn,0.5,1.0,0.589966572324435,120
bigscience/bloom-560m,2,gender,22,1,bn,informative,en,0.8333333333333334,1.0,0.5319183349609375,120
bigscience/bloom-560m,2,gender,22,1,bn,informative,hi,0.6833333333333333,1.0,0.4928650895754496,120
bigscience/bloom-560m,2,gender,22,1,bn,neutral,bn,0.5,0.6666666666666666,0.0459520210822423,120
bigscience/bloom-560m,2,gender,22,1,bn,neutral,en,0.7916666666666666,1.0,0.5215548197428386,120
bigscience/bloom-560m,2,gender,22,1,bn,neutral,hi,0.5583333333333333,0.9833333333333332,0.1974026481310526,120
bigscience/bloom-560m,2,gender,0,1,hi,informative,bn,0.5,1.0,0.6139752884705861,120
bigscience/bloom-560m,2,gender,0,1,hi,informative,en,0.8166666666666667,1.0,0.5391703287760417,120
bigscience/bloom-560m,2,gender,0,1,hi,informative,hi,0.6666666666666666,1.0,0.5146323223908742,120
bigscience/bloom-560m,2,gender,0,1,hi,neutral,bn,0.5,0.7166666666666667,0.0710840870936711,120
bigscience/bloom-560m,2,gender,0,1,hi,neutral,en,0.7833333333333333,1.0,0.53458251953125,120
bigscience/bloom-560m,2,gender,0,1,hi,neutral,hi,0.5416666666666666,1.0,0.2164136250813802,120
bigscience/bloom-560m,2,gender,2,1,hi,informative,bn,0.5,1.0,0.6189365863800049,120
bigscience/bloom-560m,2,gender,2,1,hi,informative,en,0.8333333333333334,1.0,0.5461725870768229,120
bigscience/bloom-560m,2,gender,2,1,hi,informative,hi,0.6916666666666667,1.0,0.5510538220405579,120
bigscience/bloom-560m,2,gender,2,1,hi,neutral,bn,0.5,0.7166666666666667,0.0685987402995427,120
bigscience/bloom-560m,2,gender,2,1,hi,neutral,en,0.7916666666666666,1.0,0.5368855794270834,120
bigscience/bloom-560m,2,gender,2,1,hi,neutral,hi,0.5583333333333333,1.0,0.2475891947746276,120
bigscience/bloom-560m,2,gender,4,1,hi,informative,bn,0.5,1.0,0.6258682578802108,120
bigscience/bloom-560m,2,gender,4,1,hi,informative,en,0.8166666666666667,1.0,0.5454170227050781,120
bigscience/bloom-560m,2,gender,4,1,hi,informative,hi,0.6583333333333333,1.0,0.5118948479493459,120
bigscience/bloom-560m,2,gender,4,1,hi,neutral,bn,0.5,0.7166666666666667,0.0763855367898941,120
bigscience/bloom-560m,2,gender,4,1,hi,neutral,en,0.7916666666666666,1.0,0.5349161783854167,120
bigscience/bloom-560m,2,gender,4,1,hi,neutral,hi,0.5416666666666666,1.0,0.2083370645840962,120
bigscience/bloom-560m,2,gender,6,1,hi,informative,bn,0.5,1.0,0.6307865311702092,120
bigscience/bloom-560m,2,gender,6,1,hi,informative,en,0.8083333333333333,1.0,0.5438603719075521,120
bigscience/bloom-560m,2,gender,6,1,hi,informative,hi,0.6666666666666666,1.0,0.4924371242523193,120
bigscience/bloom-560m,2,gender,6,1,hi,neutral,bn,0.5,0.7166666666666667,0.0765739391247431,120
bigscience/bloom-560m,2,gender,6,1,hi,neutral,en,0.7833333333333333,1.0,0.5344253540039062,120
bigscience/bloom-560m,2,gender,6,1,hi,neutral,hi,0.5333333333333333,0.9833333333333332,0.1935540397961934,120
bigscience/bloom-560m,2,gender,8,1,hi,informative,bn,0.5,1.0,0.6317567070325215,120
bigscience/bloom-560m,2,gender,8,1,hi,informative,en,0.8333333333333334,1.0,0.5484578450520833,120
bigscience/bloom-560m,2,gender,8,1,hi,informative,hi,0.6833333333333333,1.0,0.530133577187856,120
bigscience/bloom-560m,2,gender,8,1,hi,neutral,bn,0.5,0.7166666666666667,0.074424127737681,120
bigscience/bloom-560m,2,gender,8,1,hi,neutral,en,0.7916666666666666,1.0,0.5352615356445313,120
bigscience/bloom-560m,2,gender,8,1,hi,neutral,hi,0.55,1.0,0.2247740228970845,120
bigscience/bloom-560m,2,gender,10,1,hi,informative,bn,0.5,1.0,0.6417883614699046,120
bigscience/bloom-560m,2,gender,10,1,hi,informative,en,0.8333333333333334,1.0,0.5487604777018229,120
bigscience/bloom-560m,2,gender,10,1,hi,informative,hi,0.6666666666666666,1.0,0.501392678419749,120
bigscience/bloom-560m,2,gender,10,1,hi,neutral,bn,0.5,0.7166666666666667,0.0866571277379989,120
bigscience/bloom-560m,2,gender,10,1,hi,neutral,en,0.7916666666666666,1.0,0.5316274007161458,120
bigscience/bloom-560m,2,gender,10,1,hi,neutral,hi,0.5416666666666666,1.0,0.2018531084060669,120
bigscience/bloom-560m,2,gender,12,1,hi,informative,bn,0.5,1.0,0.6114718586206436,120
bigscience/bloom-560m,2,gender,12,1,hi,informative,en,0.8166666666666667,1.0,0.5374150594075521,120
bigscience/bloom-560m,2,gender,12,1,hi,informative,hi,0.6583333333333333,1.0,0.4709216713905334,120
bigscience/bloom-560m,2,gender,12,1,hi,neutral,bn,0.5,0.7166666666666667,0.0779313117265701,120
bigscience/bloom-560m,2,gender,12,1,hi,neutral,en,0.825,1.0,0.5251736958821615,120
bigscience/bloom-560m,2,gender,12,1,hi,neutral,hi,0.5416666666666666,0.9833333333333332,0.181259004275004,120
bigscience/bloom-560m,2,gender,12,4,hi,informative,bn,0.5,1.0,0.6134163051843643,120
bigscience/bloom-560m,2,gender,12,4,hi,informative,en,0.8083333333333333,1.0,0.4994293212890625,120
bigscience/bloom-560m,2,gender,12,4,hi,informative,hi,0.6083333333333333,1.0,0.3732721825440724,120
bigscience/bloom-560m,2,gender,12,4,hi,neutral,bn,0.5,0.7166666666666667,0.0808120220899581,120
bigscience/bloom-560m,2,gender,12,4,hi,neutral,en,0.7833333333333333,1.0,0.4883781433105468,120
bigscience/bloom-560m,2,gender,12,4,hi,neutral,hi,0.525,0.95,0.1240928570429484,120
bigscience/bloom-560m,2,gender,14,1,hi,informative,bn,0.5,1.0,0.6166828026374181,120
bigscience/bloom-560m,2,gender,14,1,hi,informative,en,0.7916666666666666,1.0,0.5311505635579427,120
bigscience/bloom-560m,2,gender,14,1,hi,informative,hi,0.6666666666666666,1.0,0.5095929106076559,120
bigscience/bloom-560m,2,gender,14,1,hi,neutral,bn,0.5,0.75,0.0870477398236592,120
bigscience/bloom-560m,2,gender,14,1,hi,neutral,en,0.8166666666666667,1.0,0.5216712951660156,120
bigscience/bloom-560m,2,gender,14,1,hi,neutral,hi,0.55,1.0,0.2173227310180664,120
bigscience/bloom-560m,2,gender,16,1,hi,informative,bn,0.5,1.0,0.6064861605564753,120
bigscience/bloom-560m,2,gender,16,1,hi,informative,en,0.8083333333333333,1.0,0.5156656901041666,120
bigscience/bloom-560m,2,gender,16,1,hi,informative,hi,0.6666666666666666,1.0,0.4661392907301585,120
bigscience/bloom-560m,2,gender,16,1,hi,neutral,bn,0.5,0.7166666666666667,0.0663909167051315,120
bigscience/bloom-560m,2,gender,16,1,hi,neutral,en,0.7916666666666666,1.0,0.5086194356282552,120
bigscience/bloom-560m,2,gender,16,1,hi,neutral,hi,0.5333333333333333,0.9833333333333332,0.1732093890508016,120
bigscience/bloom-560m,2,gender,18,1,hi,informative,bn,0.5,1.0,0.6085739632447561,120
bigscience/bloom-560m,2,gender,18,1,hi,informative,en,0.7916666666666666,1.0,0.490521494547526,120
bigscience/bloom-560m,2,gender,18,1,hi,informative,hi,0.6,1.0,0.3991965254147847,120
bigscience/bloom-560m,2,gender,18,1,hi,neutral,bn,0.5,0.7333333333333333,0.0824224740266799,120
bigscience/bloom-560m,2,gender,18,1,hi,neutral,en,0.7916666666666666,1.0,0.4636973063151041,120
bigscience/bloom-560m,2,gender,18,1,hi,neutral,hi,0.5166666666666667,0.9333333333333332,0.107789389292399,120
bigscience/bloom-560m,2,gender,20,1,hi,informative,bn,0.5,1.0,0.6248442649841308,120
bigscience/bloom-560m,2,gender,20,1,hi,informative,en,0.7833333333333333,1.0,0.4734237670898437,120
bigscience/bloom-560m,2,gender,20,1,hi,informative,hi,0.6333333333333333,1.0,0.3387911160786946,120
bigscience/bloom-560m,2,gender,20,1,hi,neutral,bn,0.5,0.7166666666666667,0.073450618982315,120
bigscience/bloom-560m,2,gender,20,1,hi,neutral,en,0.8083333333333333,1.0,0.473437754313151,120
bigscience/bloom-560m,2,gender,20,1,hi,neutral,hi,0.5,0.7833333333333333,0.0522429943084716,120
bigscience/bloom-560m,2,gender,22,1,hi,informative,bn,0.5,1.0,0.6175578554471334,120
bigscience/bloom-560m,2,gender,22,1,hi,informative,en,0.7916666666666666,1.0,0.4863759358723958,120
bigscience/bloom-560m,2,gender,22,1,hi,informative,hi,0.675,1.0,0.4276959101359049,120
bigscience/bloom-560m,2,gender,22,1,hi,neutral,bn,0.5,0.7166666666666667,0.0738067835569381,120
bigscience/bloom-560m,2,gender,22,1,hi,neutral,en,0.8,1.0,0.4794652303059896,120
bigscience/bloom-560m,2,gender,22,1,hi,neutral,hi,0.5416666666666666,0.95,0.1384811123212178,120
bigscience/bloom-560m,2,gender,0,1,en,informative,bn,0.5,1.0,0.6191876759131749,120
bigscience/bloom-560m,2,gender,0,1,en,informative,en,0.8,1.0,0.52447509765625,120
bigscience/bloom-560m,2,gender,0,1,en,informative,hi,0.6666666666666666,1.0,0.5055966238180797,120
bigscience/bloom-560m,2,gender,0,1,en,neutral,bn,0.5,0.7166666666666667,0.077724086244901,120
bigscience/bloom-560m,2,gender,0,1,en,neutral,en,0.7916666666666666,1.0,0.5207962036132813,120
bigscience/bloom-560m,2,gender,0,1,en,neutral,hi,0.55,1.0,0.2141815940539042,120
bigscience/bloom-560m,2,gender,2,1,en,informative,bn,0.5,1.0,0.6100010772546133,120
bigscience/bloom-560m,2,gender,2,1,en,informative,en,0.8166666666666667,1.0,0.5548377990722656,120
bigscience/bloom-560m,2,gender,2,1,en,informative,hi,0.675,1.0,0.536484835545222,120
bigscience/bloom-560m,2,gender,2,1,en,neutral,bn,0.5,0.6833333333333333,0.0522469729185104,120
bigscience/bloom-560m,2,gender,2,1,en,neutral,en,0.7833333333333333,1.0,0.5320081075032552,120
bigscience/bloom-560m,2,gender,2,1,en,neutral,hi,0.5583333333333333,1.0,0.2324319243431091,120
bigscience/bloom-560m,2,gender,4,1,en,informative,bn,0.5,1.0,0.6247406393289566,120
bigscience/bloom-560m,2,gender,4,1,en,informative,en,0.8333333333333334,1.0,0.5522778828938802,120
bigscience/bloom-560m,2,gender,4,1,en,informative,hi,0.675,1.0,0.5343975881735484,120
bigscience/bloom-560m,2,gender,4,1,en,neutral,bn,0.5,0.7166666666666667,0.0694078256686528,120
bigscience/bloom-560m,2,gender,4,1,en,neutral,en,0.775,1.0,0.5363934834798177,120
bigscience/bloom-560m,2,gender,4,1,en,neutral,hi,0.5416666666666666,1.0,0.2282260537147522,120
bigscience/bloom-560m,2,gender,6,1,en,informative,bn,0.5,1.0,0.6080228130022685,120
bigscience/bloom-560m,2,gender,6,1,en,informative,en,0.7833333333333333,1.0,0.5035858154296875,120
bigscience/bloom-560m,2,gender,6,1,en,informative,hi,0.6833333333333333,1.0,0.5296083430449168,120
bigscience/bloom-560m,2,gender,6,1,en,neutral,bn,0.5,0.7166666666666667,0.0718339055776596,120
bigscience/bloom-560m,2,gender,6,1,en,neutral,en,0.775,1.0,0.4787897745768229,120
bigscience/bloom-560m,2,gender,6,1,en,neutral,hi,0.55,1.0,0.2221457799275716,120
bigscience/bloom-560m,2,gender,8,1,en,informative,bn,0.5,1.0,0.6185104846954346,120
bigscience/bloom-560m,2,gender,8,1,en,informative,en,0.7333333333333333,1.0,0.4684900919596354,120
bigscience/bloom-560m,2,gender,8,1,en,informative,hi,0.6916666666666667,1.0,0.52451145251592,120
bigscience/bloom-560m,2,gender,8,1,en,neutral,bn,0.5,0.7166666666666667,0.0811763207117716,120
bigscience/bloom-560m,2,gender,8,1,en,neutral,en,0.7666666666666667,1.0,0.4619603474934896,120
bigscience/bloom-560m,2,gender,8,1,en,neutral,hi,0.55,1.0,0.2200132171312968,120
bigscience/bloom-560m,2,gender,10,1,en,informative,bn,0.5,1.0,0.6125869492689768,120
bigscience/bloom-560m,2,gender,10,1,en,informative,en,0.7583333333333333,1.0,0.4607709248860677,120
bigscience/bloom-560m,2,gender,10,1,en,informative,hi,0.6916666666666667,1.0,0.4876136203606923,120
bigscience/bloom-560m,2,gender,10,1,en,neutral,bn,0.5,0.7166666666666667,0.0794177651405334,120
bigscience/bloom-560m,2,gender,10,1,en,neutral,en,0.7833333333333333,1.0,0.4622105916341146,120
bigscience/bloom-560m,2,gender,10,1,en,neutral,hi,0.575,1.0,0.1949686884880065,120
bigscience/bloom-560m,2,gender,12,1,en,informative,bn,0.5,1.0,0.6224345415830612,120
bigscience/bloom-560m,2,gender,12,1,en,informative,en,0.775,1.0,0.4921737670898437,120
bigscience/bloom-560m,2,gender,12,1,en,informative,hi,0.6833333333333333,1.0,0.4590926309426625,120
bigscience/bloom-560m,2,gender,12,1,en,neutral,bn,0.5,0.7166666666666667,0.0721975525220235,120
bigscience/bloom-560m,2,gender,12,1,en,neutral,en,0.7666666666666667,1.0,0.5019355773925781,120
bigscience/bloom-560m,2,gender,12,1,en,neutral,hi,0.5583333333333333,0.9833333333333332,0.1912943959236145,120
bigscience/bloom-560m,2,gender,12,4,en,informative,bn,0.5,1.0,0.6372243742148082,120
bigscience/bloom-560m,2,gender,12,4,en,informative,en,0.6416666666666667,1.0,0.2902086893717447,120
bigscience/bloom-560m,2,gender,12,4,en,informative,hi,0.675,1.0,0.4232337673505147,120
bigscience/bloom-560m,2,gender,12,4,en,neutral,bn,0.5,0.7833333333333333,0.0976976126432418,120
bigscience/bloom-560m,2,gender,12,4,en,neutral,en,0.7,1.0,0.3319844563802083,120
bigscience/bloom-560m,2,gender,12,4,en,neutral,hi,0.5333333333333333,0.9666666666666668,0.1593354185422261,120
bigscience/bloom-560m,2,gender,14,1,en,informative,bn,0.5,1.0,0.6179631024599075,120
bigscience/bloom-560m,2,gender,14,1,en,informative,en,0.8,1.0,0.5181124369303386,120
bigscience/bloom-560m,2,gender,14,1,en,informative,hi,0.7,1.0,0.4816447059313456,120
bigscience/bloom-560m,2,gender,14,1,en,neutral,bn,0.5,0.7166666666666667,0.0765581130981445,120
bigscience/bloom-560m,2,gender,14,1,en,neutral,en,0.7833333333333333,1.0,0.5341046651204427,120
bigscience/bloom-560m,2,gender,14,1,en,neutral,hi,0.5666666666666667,1.0,0.2070210973421732,120
bigscience/bloom-560m,2,gender,16,1,en,informative,bn,0.5,1.0,0.6232562690973282,120
bigscience/bloom-560m,2,gender,16,1,en,informative,en,0.8,1.0,0.5226389567057291,120
bigscience/bloom-560m,2,gender,16,1,en,informative,hi,0.7,1.0,0.5268638372421265,120
bigscience/bloom-560m,2,gender,16,1,en,neutral,bn,0.5,0.7166666666666667,0.0780620147784551,120
bigscience/bloom-560m,2,gender,16,1,en,neutral,en,0.8,1.0,0.5297849019368489,120
bigscience/bloom-560m,2,gender,16,1,en,neutral,hi,0.575,1.0,0.222783883412679,120
bigscience/bloom-560m,2,gender,18,1,en,informative,bn,0.5,1.0,0.5779158751169841,120
bigscience/bloom-560m,2,gender,18,1,en,informative,en,0.7833333333333333,1.0,0.4688334147135417,120
bigscience/bloom-560m,2,gender,18,1,en,informative,hi,0.7166666666666667,1.0,0.5012105862299602,120
bigscience/bloom-560m,2,gender,18,1,en,neutral,bn,0.5,0.7,0.0564318537712097,120
bigscience/bloom-560m,2,gender,18,1,en,neutral,en,0.7666666666666667,1.0,0.4710253397623697,120
bigscience/bloom-560m,2,gender,18,1,en,neutral,hi,0.6,1.0,0.204694378376007,120
bigscience/bloom-560m,2,gender,20,1,en,informative,bn,0.5,1.0,0.5678527226050695,120
bigscience/bloom-560m,2,gender,20,1,en,informative,en,0.8,1.0,0.4637659708658854,120
bigscience/bloom-560m,2,gender,20,1,en,informative,hi,0.675,1.0,0.4567377746105194,120
bigscience/bloom-560m,2,gender,20,1,en,neutral,bn,0.5,0.7,0.0532228787740071,120
bigscience/bloom-560m,2,gender,20,1,en,neutral,en,0.7916666666666666,1.0,0.4692057291666666,120
bigscience/bloom-560m,2,gender,20,1,en,neutral,hi,0.5416666666666666,0.9833333333333332,0.1492501457532246,120
bigscience/bloom-560m,2,gender,22,1,en,informative,bn,0.5,1.0,0.5982838710149129,120
bigscience/bloom-560m,2,gender,22,1,en,informative,en,0.7833333333333333,1.0,0.4311698913574219,120
bigscience/bloom-560m,2,gender,22,1,en,informative,hi,0.65,1.0,0.455356240272522,120
bigscience/bloom-560m,2,gender,22,1,en,neutral,bn,0.5,0.7166666666666667,0.0615506500005722,120
bigscience/bloom-560m,2,gender,22,1,en,neutral,en,0.8083333333333333,1.0,0.4272672017415365,120
bigscience/bloom-560m,2,gender,22,1,en,neutral,hi,0.5333333333333333,0.9833333333333332,0.1615038990974426,120
bigscience/bloom-560m,2,side_aunt,0,1,random,informative,bn,0.5083333333333333,1.0,1.154192537069321,120
bigscience/bloom-560m,2,side_aunt,0,1,random,informative,en,0.5,0.5,-0.0014739990234375,120
bigscience/bloom-560m,2,side_aunt,0,1,random,informative,hi,0.8333333333333334,1.0,0.8806820283333461,120
bigscience/bloom-560m,2,side_aunt,0,1,random,neutral,bn,0.5,1.0,0.65190442999204,120
bigscience/bloom-560m,2,side_aunt,0,1,random,neutral,en,0.5,0.5,0.0,120
bigscience/bloom-560m,2,side_aunt,0,1,random,neutral,hi,0.7166666666666667,1.0,0.6396060585975647,120
bigscience/bloom-560m,2,gender,0,1,random,informative,bn,0.5,1.0,0.6116574277480443,120
bigscience/bloom-560m,2,gender,0,1,random,informative,en,0.825,1.0,0.547155253092448,120
bigscience/bloom-560m,2,gender,0,1,random,informative,hi,0.6583333333333333,1.0,0.5119047522544861,120
bigscience/bloom-560m,2,gender,0,1,random,neutral,bn,0.5,0.7,0.0564479609330495,120
bigscience/bloom-560m,2,gender,0,1,random,neutral,en,0.7916666666666666,1.0,0.5362475077311198,120
bigscience/bloom-560m,2,gender,0,1,random,neutral,hi,0.5416666666666666,1.0,0.2205502947171529,120
bigscience/bloom-560m,2,side_aunt,2,1,random,informative,bn,0.5083333333333333,1.0,1.1407548427581786,120
bigscience/bloom-560m,2,side_aunt,2,1,random,informative,en,0.5,0.4666666666666667,-0.0046826680501302,120
bigscience/bloom-560m,2,side_aunt,2,1,random,informative,hi,0.825,1.0,0.8593262990315755,120
bigscience/bloom-560m,2,side_aunt,2,1,random,neutral,bn,0.5,1.0,0.643607896566391,120
bigscience/bloom-560m,2,side_aunt,2,1,random,neutral,en,0.5,0.5,0.0,120
bigscience/bloom-560m,2,side_aunt,2,1,random,neutral,hi,0.7083333333333334,1.0,0.6285851190487544,120
bigscience/bloom-560m,2,gender,2,1,random,informative,bn,0.5,1.0,0.6233059614896774,120
bigscience/bloom-560m,2,gender,2,1,random,informative,en,0.8166666666666667,1.0,0.5449493408203125,120
bigscience/bloom-560m,2,gender,2,1,random,informative,hi,0.675,1.0,0.528177539507548,120
bigscience/bloom-560m,2,gender,2,1,random,neutral,bn,0.5,0.7166666666666667,0.0747416923443476,120
bigscience/bloom-560m,2,gender,2,1,random,neutral,en,0.7916666666666666,1.0,0.5345115661621094,120
bigscience/bloom-560m,2,gender,2,1,random,neutral,hi,0.55,1.0,0.2263138969739278,120
bigscience/bloom-560m,2,side_aunt,4,1,random,informative,bn,0.5083333333333333,1.0,1.1527149021625518,120
bigscience/bloom-560m,2,side_aunt,4,1,random,informative,en,0.5,0.45,-0.0061762491861979,120
bigscience/bloom-560m,2,side_aunt,4,1,random,informative,hi,0.8083333333333333,1.0,0.8776951829592387,120
bigscience/bloom-560m,2,side_aunt,4,1,random,neutral,bn,0.5,1.0,0.6536870718002319,120
bigscience/bloom-560m,2,side_aunt,4,1,random,neutral,en,0.5,0.5,0.0,120
bigscience/bloom-560m,2,side_aunt,4,1,random,neutral,hi,0.7083333333333334,1.0,0.6440353006124496,120
bigscience/bloom-560m,2,gender,4,1,random,informative,bn,0.5,1.0,0.6177203516165416,120
bigscience/bloom-560m,2,gender,4,1,random,informative,en,0.8083333333333333,1.0,0.5440722147623698,120
bigscience/bloom-560m,2,gender,4,1,random,informative,hi,0.6666666666666666,1.0,0.5222367942333221,120
bigscience/bloom-560m,2,gender,4,1,random,neutral,bn,0.5,0.7166666666666667,0.067869480450948,120
bigscience/bloom-560m,2,gender,4,1,random,neutral,en,0.7916666666666666,1.0,0.5336499532063802,120
bigscience/bloom-560m,2,gender,4,1,random,neutral,hi,0.5583333333333333,1.0,0.2241404334704081,120
bigscience/bloom-560m,2,side_aunt,6,1,random,informative,bn,0.5083333333333333,1.0,1.1397831837336223,120
bigscience/bloom-560m,2,side_aunt,6,1,random,informative,en,0.5,0.5166666666666667,-0.0007466634114583,120
bigscience/bloom-560m,2,side_aunt,6,1,random,informative,hi,0.825,1.0,0.8672646214564641,120
bigscience/bloom-560m,2,side_aunt,6,1,random,neutral,bn,0.5,1.0,0.6393993854522705,120
bigscience/bloom-560m,2,side_aunt,6,1,random,neutral,en,0.5,0.5,0.0,120
bigscience/bloom-560m,2,side_aunt,6,1,random,neutral,hi,0.7083333333333334,1.0,0.6367238312959671,120
bigscience/bloom-560m,2,gender,6,1,random,informative,bn,0.5,1.0,0.6269389510154724,120
bigscience/bloom-560m,2,gender,6,1,random,informative,en,0.8333333333333334,1.0,0.549450429280599,120
bigscience/bloom-560m,2,gender,6,1,random,informative,hi,0.675,1.0,0.5320477843284607,120
bigscience/bloom-560m,2,gender,6,1,random,neutral,bn,0.5,0.7166666666666667,0.0786650409301122,120
bigscience/bloom-560m,2,gender,6,1,random,neutral,en,0.7916666666666666,1.0,0.5388430277506511,120
bigscience/bloom-560m,2,gender,6,1,random,neutral,hi,0.55,1.0,0.2311028758684794,120
bigscience/bloom-560m,2,side_aunt,8,1,random,informative,bn,0.5083333333333333,1.0,1.1309998393058778,120
bigscience/bloom-560m,2,side_aunt,8,1,random,informative,en,0.5,0.4666666666666667,-0.0059852600097656,120
bigscience/bloom-560m,2,side_aunt,8,1,random,informative,hi,0.825,1.0,0.8851247658332189,120
bigscience/bloom-560m,2,side_aunt,8,1,random,neutral,bn,0.5,1.0,0.6352867543697357,120
bigscience/bloom-560m,2,side_aunt,8,1,random,neutral,en,0.5,0.5,0.0,120
bigscience/bloom-560m,2,side_aunt,8,1,random,neutral,hi,0.7166666666666667,1.0,0.6386179894208908,120
bigscience/bloom-560m,2,gender,8,1,random,informative,bn,0.5,1.0,0.6219526578982671,120
bigscience/bloom-560m,2,gender,8,1,random,informative,en,0.8333333333333334,1.0,0.5509333292643229,120
bigscience/bloom-560m,2,gender,8,1,random,informative,hi,0.6666666666666666,1.0,0.5188507199287414,120
bigscience/bloom-560m,2,gender,8,1,random,neutral,bn,0.5,0.7166666666666667,0.0767286578814188,120
bigscience/bloom-560m,2,gender,8,1,random,neutral,en,0.7916666666666666,1.0,0.540112050374349,120
bigscience/bloom-560m,2,gender,8,1,random,neutral,hi,0.55,1.0,0.2225930054982503,120
bigscience/bloom-560m,2,side_aunt,10,1,random,informative,bn,0.5166666666666667,1.0,1.1520120441913604,120
bigscience/bloom-560m,2,side_aunt,10,1,random,informative,en,0.5,0.4833333333333333,-0.003955078125,120
bigscience/bloom-560m,2,side_aunt,10,1,random,informative,hi,0.8166666666666667,1.0,0.8780226111412048,120
bigscience/bloom-560m,2,side_aunt,10,1,random,neutral,bn,0.5,1.0,0.6532411714394887,120
bigscience/bloom-560m,2,side_aunt,10,1,random,neutral,en,0.5,0.5,0.0,120
bigscience/bloom-560m,2,side_aunt,10,1,random,neutral,hi,0.7166666666666667,1.0,0.6567164808511734,120
bigscience/bloom-560m,2,gender,10,1,random,informative,bn,0.5,1.0,0.6247087726990382,120
bigscience/bloom-560m,2,gender,10,1,random,informative,en,0.8166666666666667,1.0,0.5399309794108073,120
bigscience/bloom-560m,2,gender,10,1,random,informative,hi,0.6666666666666666,1.0,0.5182623902956645,120
bigscience/bloom-560m,2,gender,10,1,random,neutral,bn,0.5,0.7166666666666667,0.07663327952226,120
bigscience/bloom-560m,2,gender,10,1,random,neutral,en,0.7916666666666666,1.0,0.5346076965332032,120
bigscience/bloom-560m,2,gender,10,1,random,neutral,hi,0.55,1.0,0.2231491406758626,120
bigscience/bloom-560m,2,side_aunt,12,1,random,informative,bn,0.5083333333333333,1.0,1.157065244515737,120
bigscience/bloom-560m,2,side_aunt,12,1,random,informative,en,0.5,0.4666666666666667,-0.0004506429036458,120
bigscience/bloom-560m,2,side_aunt,12,1,random,informative,hi,0.825,1.0,0.885337433218956,120
bigscience/bloom-560m,2,side_aunt,12,1,random,neutral,bn,0.5,1.0,0.6531717816988627,120
bigscience/bloom-560m,2,side_aunt,12,1,random,neutral,en,0.5,0.5,0.0,120
bigscience/bloom-560m,2,side_aunt,12,1,random,neutral,hi,0.7166666666666667,1.0,0.6493091583251953,120
bigscience/bloom-560m,2,gender,12,1,random,informative,bn,0.5,1.0,0.6142728586991628,120
bigscience/bloom-560m,2,gender,12,1,random,informative,en,0.8166666666666667,1.0,0.5556645711263021,120
bigscience/bloom-560m,2,gender,12,1,random,informative,hi,0.6666666666666666,1.0,0.5302822788556417,120
bigscience/bloom-560m,2,gender,12,1,random,neutral,bn,0.5,0.7166666666666667,0.075037670135498,120
bigscience/bloom-560m,2,gender,12,1,random,neutral,en,0.7916666666666666,1.0,0.5397839864095052,120
bigscience/bloom-560m,2,gender,12,1,random,neutral,hi,0.5416666666666666,1.0,0.2354528864224751,120
bigscience/bloom-560m,2,side_aunt,12,4,random,informative,bn,0.5166666666666667,1.0,1.1750047584374743,120
bigscience/bloom-560m,2,side_aunt,12,4,random,informative,en,0.5,0.5166666666666667,0.007037353515625,120
bigscience/bloom-560m,2,side_aunt,12,4,random,informative,hi,0.8083333333333333,1.0,0.9131884435812632,120
bigscience/bloom-560m,2,side_aunt,12,4,random,neutral,bn,0.5,1.0,0.6701778173446655,120
bigscience/bloom-560m,2,side_aunt,12,4,random,neutral,en,0.5,0.5,0.0,120
bigscience/bloom-560m,2,side_aunt,12,4,random,neutral,hi,0.6916666666666667,1.0,0.65684641400973,120
bigscience/bloom-560m,2,gender,12,4,random,informative,bn,0.5,1.0,0.6693714300791422,120
bigscience/bloom-560m,2,gender,12,4,random,informative,en,0.8416666666666667,1.0,0.575017801920573,120
bigscience/bloom-560m,2,gender,12,4,random,informative,hi,0.675,1.0,0.5513433456420899,120
bigscience/bloom-560m,2,gender,12,4,random,neutral,bn,0.5,0.7333333333333333,0.0924374242623647,120
bigscience/bloom-560m,2,gender,12,4,random,neutral,en,0.7916666666666666,1.0,0.5576278686523437,120
bigscience/bloom-560m,2,gender,12,4,random,neutral,hi,0.5583333333333333,1.0,0.2321546077728271,120
bigscience/bloom-560m,2,side_aunt,14,1,random,informative,bn,0.5083333333333333,1.0,1.1384591619173683,120
bigscience/bloom-560m,2,side_aunt,14,1,random,informative,en,0.5,0.4666666666666667,-0.005237325032552,120
bigscience/bloom-560m,2,side_aunt,14,1,random,informative,hi,0.8083333333333333,1.0,0.8766844888528188,120
bigscience/bloom-560m,2,side_aunt,14,1,random,neutral,bn,0.5,1.0,0.6426456729571025,120
bigscience/bloom-560m,2,side_aunt,14,1,random,neutral,en,0.5,0.5,0.0,120
bigscience/bloom-560m,2,side_aunt,14,1,random,neutral,hi,0.7,1.0,0.6443467785914739,120
bigscience/bloom-560m,2,gender,14,1,random,informative,bn,0.5,1.0,0.6235170364379883,120
bigscience/bloom-560m,2,gender,14,1,random,informative,en,0.8166666666666667,1.0,0.5432022094726563,120
bigscience/bloom-560m,2,gender,14,1,random,informative,hi,0.675,1.0,0.526823898156484,120
bigscience/bloom-560m,2,gender,14,1,random,neutral,bn,0.5,0.7166666666666667,0.0742802093426386,120
bigscience/bloom-560m,2,gender,14,1,random,neutral,en,0.8166666666666667,1.0,0.5336321512858073,120
bigscience/bloom-560m,2,gender,14,1,random,neutral,hi,0.5583333333333333,1.0,0.2280591646830241,120
bigscience/bloom-560m,2,side_aunt,16,1,random,informative,bn,0.5083333333333333,1.0,1.1453411161899567,120
bigscience/bloom-560m,2,side_aunt,16,1,random,informative,en,0.5,0.4666666666666667,-0.0026575724283854,120
bigscience/bloom-560m,2,side_aunt,16,1,random,informative,hi,0.8166666666666667,1.0,0.8708068360884984,120
bigscience/bloom-560m,2,side_aunt,16,1,random,neutral,bn,0.5,1.0,0.6469184199968974,120
bigscience/bloom-560m,2,side_aunt,16,1,random,neutral,en,0.5,0.5,0.0,120
bigscience/bloom-560m,2,side_aunt,16,1,random,neutral,hi,0.7166666666666667,1.0,0.6377120008071263,120
bigscience/bloom-560m,2,gender,16,1,random,informative,bn,0.5,1.0,0.62756673792998,120
bigscience/bloom-560m,2,gender,16,1,random,informative,en,0.8333333333333334,1.0,0.5539347330729166,120
bigscience/bloom-560m,2,gender,16,1,random,informative,hi,0.6666666666666666,1.0,0.5167569160461426,120
bigscience/bloom-560m,2,gender,16,1,random,neutral,bn,0.5,0.7166666666666667,0.0763927608728408,120
bigscience/bloom-560m,2,gender,16,1,random,neutral,en,0.7916666666666666,1.0,0.5469996134440104,120
bigscience/bloom-560m,2,gender,16,1,random,neutral,hi,0.55,1.0,0.2204844872156779,120
bigscience/bloom-560m,2,side_aunt,18,1,random,informative,bn,0.5083333333333333,1.0,1.1249886333942414,120
bigscience/bloom-560m,2,side_aunt,18,1,random,informative,en,0.5,0.4666666666666667,-0.0030059814453125,120
bigscience/bloom-560m,2,side_aunt,18,1,random,informative,hi,0.8083333333333333,1.0,0.8745613366365432,120
bigscience/bloom-560m,2,side_aunt,18,1,random,neutral,bn,0.5,1.0,0.6315907935301462,120
bigscience/bloom-560m,2,side_aunt,18,1,random,neutral,en,0.5,0.5,0.0,120
bigscience/bloom-560m,2,side_aunt,18,1,random,neutral,hi,0.7083333333333334,1.0,0.6413016110658646,120
bigscience/bloom-560m,2,gender,18,1,random,informative,bn,0.5,1.0,0.622215152780215,120
bigscience/bloom-560m,2,gender,18,1,random,informative,en,0.8083333333333333,1.0,0.5458869934082031,120
bigscience/bloom-560m,2,gender,18,1,random,informative,hi,0.6666666666666666,1.0,0.5328907370567322,120
bigscience/bloom-560m,2,gender,18,1,random,neutral,bn,0.5,0.7166666666666667,0.0740511059761047,120
bigscience/bloom-560m,2,gender,18,1,random,neutral,en,0.7916666666666666,1.0,0.5318529764811198,120
bigscience/bloom-560m,2,gender,18,1,random,neutral,hi,0.55,1.0,0.2295679569244385,120
bigscience/bloom-560m,2,side_aunt,20,1,random,informative,bn,0.5083333333333333,1.0,1.1429714520772298,120
bigscience/bloom-560m,2,side_aunt,20,1,random,informative,en,0.5,0.4833333333333333,-7.171630859375e-05,120
bigscience/bloom-560m,2,side_aunt,20,1,random,informative,hi,0.8333333333333334,1.0,0.8826408952474594,120
bigscience/bloom-560m,2,side_aunt,20,1,random,neutral,bn,0.5,1.0,0.6463251829147338,120
bigscience/bloom-560m,2,side_aunt,20,1,random,neutral,en,0.5,0.5,0.0,120
bigscience/bloom-560m,2,side_aunt,20,1,random,neutral,hi,0.7166666666666667,1.0,0.6431052188078562,120
bigscience/bloom-560m,2,gender,20,1,random,informative,bn,0.5,1.0,0.6313021779060364,120
bigscience/bloom-560m,2,gender,20,1,random,informative,en,0.8083333333333333,1.0,0.554608154296875,120
bigscience/bloom-560m,2,gender,20,1,random,informative,hi,0.6666666666666666,1.0,0.5283293883005779,120
bigscience/bloom-560m,2,gender,20,1,random,neutral,bn,0.5,0.7166666666666667,0.0781805038452148,120
bigscience/bloom-560m,2,gender,20,1,random,neutral,en,0.8333333333333334,1.0,0.546563466389974,120
bigscience/bloom-560m,2,gender,20,1,random,neutral,hi,0.55,1.0,0.2331141511599223,120
bigscience/bloom-560m,2,side_aunt,22,1,random,informative,bn,0.5083333333333333,1.0,1.136301052570343,120
bigscience/bloom-560m,2,side_aunt,22,1,random,informative,en,0.5,0.4666666666666667,-0.0034322102864583,120
bigscience/bloom-560m,2,side_aunt,22,1,random,informative,hi,0.825,1.0,0.88279203971227,120
bigscience/bloom-560m,2,side_aunt,22,1,random,neutral,bn,0.5,1.0,0.6426752090454102,120
bigscience/bloom-560m,2,side_aunt,22,1,random,neutral,en,0.5,0.5,0.0,120
bigscience/bloom-560m,2,side_aunt,22,1,random,neutral,hi,0.725,1.0,0.6459437509377798,120
bigscience/bloom-560m,2,gender,22,1,random,informative,bn,0.5,1.0,0.6334383467833201,120
bigscience/bloom-560m,2,gender,22,1,random,informative,en,0.8083333333333333,1.0,0.5449055989583333,120
bigscience/bloom-560m,2,gender,22,1,random,informative,hi,0.6833333333333333,1.0,0.5132074515024821,120
bigscience/bloom-560m,2,gender,22,1,random,neutral,bn,0.5,0.7166666666666667,0.0825676610072453,120
bigscience/bloom-560m,2,gender,22,1,random,neutral,en,0.775,1.0,0.5333384195963542,120
bigscience/bloom-560m,2,gender,22,1,random,neutral,hi,0.575,1.0,0.214910872777303,120
bigscience/bloom-560m,3,side_aunt,-1,0,none,informative,bn,0.5666666666666667,1.0,1.0889406045277914,120
bigscience/bloom-560m,3,side_aunt,-1,0,none,informative,en,0.4916666666666666,0.75,0.023858642578125,120
bigscience/bloom-560m,3,side_aunt,-1,0,none,informative,hi,0.8,1.0,0.956912953654925,120
bigscience/bloom-560m,3,side_aunt,-1,0,none,neutral,bn,0.5,1.0,0.5582392573356628,120
bigscience/bloom-560m,3,side_aunt,-1,0,none,neutral,en,0.5,0.5,0.0,120
bigscience/bloom-560m,3,side_aunt,-1,0,none,neutral,hi,0.7833333333333333,1.0,0.6799588918685913,120
bigscience/bloom-560m,3,gender,-1,0,none,informative,bn,0.5,1.0,0.5920030325651169,120
bigscience/bloom-560m,3,gender,-1,0,none,informative,en,0.9166666666666666,1.0,0.4958445231119792,120
bigscience/bloom-560m,3,gender,-1,0,none,informative,hi,0.6,1.0,0.4629503448804219,120
bigscience/bloom-560m,3,gender,-1,0,none,neutral,bn,0.5,0.7666666666666667,0.0788595457871755,120
bigscience/bloom-560m,3,gender,-1,0,none,neutral,en,0.925,1.0,0.4766626993815104,120
bigscience/bloom-560m,3,gender,-1,0,none,neutral,hi,0.5,0.9833333333333332,0.1959218621253967,120
bigscience/bloom-560m,3,side_aunt,0,1,bn,informative,bn,0.5583333333333333,1.0,1.0908821443716683,120
bigscience/bloom-560m,3,side_aunt,0,1,bn,informative,en,0.4916666666666666,0.75,0.0231747945149739,120
bigscience/bloom-560m,3,side_aunt,0,1,bn,informative,hi,0.7833333333333333,1.0,0.946784504254659,120
bigscience/bloom-560m,3,side_aunt,0,1,bn,neutral,bn,0.5,1.0,0.5532618959744772,120
bigscience/bloom-560m,3,side_aunt,0,1,bn,neutral,en,0.5,0.5,0.0,120
bigscience/bloom-560m,3,side_aunt,0,1,bn,neutral,hi,0.7833333333333333,1.0,0.6769520213206609,120
bigscience/bloom-560m,3,side_aunt,2,1,bn,informative,bn,0.5666666666666667,1.0,1.007018663485845,120
bigscience/bloom-560m,3,side_aunt,2,1,bn,informative,en,0.5,0.7583333333333333,0.0267229715983072,120
bigscience/bloom-560m,3,side_aunt,2,1,bn,informative,hi,0.7916666666666666,1.0,0.9634884268045424,120
bigscience/bloom-560m,3,side_aunt,2,1,bn,neutral,bn,0.5,1.0,0.4756563266118367,120
bigscience/bloom-560m,3,side_aunt,2,1,bn,neutral,en,0.5,0.5,0.0,120
bigscience/bloom-560m,3,side_aunt,2,1,bn,neutral,hi,0.7833333333333333,1.0,0.6829346189896266,120
bigscience/bloom-560m,3,side_aunt,4,1,bn,informative,bn,0.575,1.0,0.9860238591829936,120
bigscience/bloom-560m,3,side_aunt,4,1,bn,informative,en,0.4916666666666666,0.7333333333333333,0.0228782653808593,120
bigscience/bloom-560m,3,side_aunt,4,1,bn,informative,hi,0.8,1.0,0.961374803384145,120
bigscience/bloom-560m,3,side_aunt,4,1,bn,neutral,bn,0.5,1.0,0.4305894275506337,120
bigscience/bloom-560m,3,side_aunt,4,1,bn,neutral,en,0.5,0.5,0.0,120
bigscience/bloom-560m,3,side_aunt,4,1,bn,neutral,hi,0.775,1.0,0.6852073729038238,120
bigscience/bloom-560m,3,side_aunt,6,1,bn,informative,bn,0.575,1.0,0.9991987784703572,120
bigscience/bloom-560m,3,side_aunt,6,1,bn,informative,en,0.5,0.8333333333333334,0.0346488952636718,120
bigscience/bloom-560m,3,side_aunt,6,1,bn,informative,hi,0.8,1.0,0.9589812576770782,120
bigscience/bloom-560m,3,side_aunt,6,1,bn,neutral,bn,0.5,1.0,0.4482893188794454,120
bigscience/bloom-560m,3,side_aunt,6,1,bn,neutral,en,0.5,0.5,0.0,120
bigscience/bloom-560m,3,side_aunt,6,1,bn,neutral,hi,0.7833333333333333,1.0,0.6773557136456172,120
bigscience/bloom-560m,3,side_aunt,8,1,bn,informative,bn,0.5833333333333334,1.0,0.9971572697162628,120
bigscience/bloom-560m,3,side_aunt,8,1,bn,informative,en,0.5,0.7333333333333333,0.0222691853841145,120
bigscience/bloom-560m,3,side_aunt,8,1,bn,informative,hi,0.8,1.0,0.9466348091761272,120
bigscience/bloom-560m,3,side_aunt,8,1,bn,neutral,bn,0.5,1.0,0.4535399278004964,120
bigscience/bloom-560m,3,side_aunt,8,1,bn,neutral,en,0.5,0.5,0.0,120
bigscience/bloom-560m,3,side_aunt,8,1,bn,neutral,hi,0.7833333333333333,1.0,0.6675948590040207,120
bigscience/bloom-560m,3,side_aunt,10,1,bn,informative,bn,0.55,1.0,0.9484670281410216,120
bigscience/bloom-560m,3,side_aunt,10,1,bn,informative,en,0.4916666666666666,0.7666666666666667,0.0252326965332031,120
bigscience/bloom-560m,3,side_aunt,10,1,bn,informative,hi,0.8,1.0,0.9471371203660964,120
bigscience/bloom-560m,3,side_aunt,10,1,bn,neutral,bn,0.5,1.0,0.4334386726220449,120
bigscience/bloom-560m,3,side_aunt,10,1,bn,neutral,en,0.5,0.5,0.0,120
bigscience/bloom-560m,3,side_aunt,10,1,bn,neutral,hi,0.7833333333333333,1.0,0.6642610957225163,120
bigscience/bloom-560m,3,side_aunt,12,1,bn,informative,bn,0.5666666666666667,1.0,0.9955874224503836,120
bigscience/bloom-560m,3,side_aunt,12,1,bn,informative,en,0.5,0.6833333333333333,0.0184933980305989,120
bigscience/bloom-560m,3,side_aunt,12,1,bn,informative,hi,0.8,1.0,0.9390314747889836,120
bigscience/bloom-560m,3,side_aunt,12,1,bn,neutral,bn,0.5,1.0,0.4968998750050862,120
bigscience/bloom-560m,3,side_aunt,12,1,bn,neutral,en,0.5,0.5,0.0,120
bigscience/bloom-560m,3,side_aunt,12,1,bn,neutral,hi,0.7833333333333333,1.0,0.6596993486086528,120
bigscience/bloom-560m,3,side_aunt,12,4,bn,informative,bn,0.5833333333333334,1.0,0.8754549145698547,120
bigscience/bloom-560m,3,side_aunt,12,4,bn,informative,en,0.5083333333333333,0.7833333333333333,0.0281305948893229,120
bigscience/bloom-560m,3,side_aunt,12,4,bn,informative,hi,0.7583333333333333,1.0,0.9418406913677853,120
bigscience/bloom-560m,3,side_aunt,12,4,bn,neutral,bn,0.5,1.0,0.3962412754694621,120
bigscience/bloom-560m,3,side_aunt,12,4,bn,neutral,en,0.5,0.5,0.0,120
bigscience/bloom-560m,3,side_aunt,12,4,bn,neutral,hi,0.75,1.0,0.6386013686656952,120
bigscience/bloom-560m,3,side_aunt,14,1,bn,informative,bn,0.5916666666666667,1.0,1.0674067477385203,120
bigscience/bloom-560m,3,side_aunt,14,1,bn,informative,en,0.5,0.7666666666666667,0.0266563415527343,120
bigscience/bloom-560m,3,side_aunt,14,1,bn,informative,hi,0.775,1.0,0.9448271264632544,120
bigscience/bloom-560m,3,side_aunt,14,1,bn,neutral,bn,0.5,1.0,0.539158143599828,120
bigscience/bloom-560m,3,side_aunt,14,1,bn,neutral,en,0.5,0.5,0.0,120
bigscience/bloom-560m,3,side_aunt,14,1,bn,neutral,hi,0.775,1.0,0.6606278946002324,120
bigscience/bloom-560m,3,side_aunt,16,1,bn,informative,bn,0.6083333333333333,1.0,1.1052293022473654,120
bigscience/bloom-560m,3,side_aunt,16,1,bn,informative,en,0.5,0.75,0.0247792561848958,120
bigscience/bloom-560m,3,side_aunt,16,1,bn,informative,hi,0.7583333333333333,1.0,0.9662089745203654,120
bigscience/bloom-560m,3,side_aunt,16,1,bn,neutral,bn,0.5,1.0,0.5473448912302653,120
bigscience/bloom-560m,3,side_aunt,16,1,bn,neutral,en,0.5,0.5,0.0,120
bigscience/bloom-560m,3,side_aunt,16,1,bn,neutral,hi,0.7583333333333333,1.0,0.6841228286425273,120
bigscience/bloom-560m,3,side_aunt,18,1,bn,informative,bn,0.5833333333333334,1.0,1.062753184636434,120
bigscience/bloom-560m,3,side_aunt,18,1,bn,informative,en,0.5,0.75,0.0226526896158854,120
bigscience/bloom-560m,3,side_aunt,18,1,bn,informative,hi,0.7583333333333333,1.0,0.9745772381623586,120
bigscience/bloom-560m,3,side_aunt,18,1,bn,neutral,bn,0.5,1.0,0.5199972748756408,120
bigscience/bloom-560m,3,side_aunt,18,1,bn,neutral,en,0.5,0.5,0.0,120
bigscience/bloom-560m,3,side_aunt,18,1,bn,neutral,hi,0.75,1.0,0.6825242638587952,120
bigscience/bloom-560m,3,side_aunt,20,1,bn,informative,bn,0.5666666666666667,1.0,1.028906726837158,120
bigscience/bloom-560m,3,side_aunt,20,1,bn,informative,en,0.4916666666666666,0.7166666666666667,0.0204681396484375,120
bigscience/bloom-560m,3,side_aunt,20,1,bn,informative,hi,0.7583333333333333,1.0,0.9395821660757064,120
bigscience/bloom-560m,3,side_aunt,20,1,bn,neutral,bn,0.5,1.0,0.4957492272059122,120
bigscience/bloom-560m,3,side_aunt,20,1,bn,neutral,en,0.5,0.5,0.0,120
bigscience/bloom-560m,3,side_aunt,20,1,bn,neutral,hi,0.7666666666666667,1.0,0.6501752962668736,120
bigscience/bloom-560m,3,side_aunt,22,1,bn,informative,bn,0.5666666666666667,1.0,1.0544876555601757,120
bigscience/bloom-560m,3,side_aunt,22,1,bn,informative,en,0.4916666666666666,0.75,0.0233792622884114,120
bigscience/bloom-560m,3,side_aunt,22,1,bn,informative,hi,0.8,1.0,0.9556171506643296,120
bigscience/bloom-560m,3,side_aunt,22,1,bn,neutral,bn,0.5,1.0,0.5334818402926127,120
bigscience/bloom-560m,3,side_aunt,22,1,bn,neutral,en,0.5,0.5,0.0,120
bigscience/bloom-560m,3,side_aunt,22,1,bn,neutral,hi,0.7833333333333333,1.0,0.6798169612884521,120
bigscience/bloom-560m,3,side_aunt,0,1,hi,informative,bn,0.5583333333333333,1.0,1.07708567182223,120
bigscience/bloom-560m,3,side_aunt,0,1,hi,informative,en,0.4916666666666666,0.7333333333333333,0.0239255269368489,120
bigscience/bloom-560m,3,side_aunt,0,1,hi,informative,hi,0.7833333333333333,1.0,0.95467169880867,120
bigscience/bloom-560m,3,side_aunt,0,1,hi,neutral,bn,0.5,1.0,0.5475578069686889,120
bigscience/bloom-560m,3,side_aunt,0,1,hi,neutral,en,0.5,0.5,0.0,120
bigscience/bloom-560m,3,side_aunt,0,1,hi,neutral,hi,0.775,1.0,0.693852823972702,120
bigscience/bloom-560m,3,side_aunt,2,1,hi,informative,bn,0.5666666666666667,1.0,1.0892548700173696,120
bigscience/bloom-560m,3,side_aunt,2,1,hi,informative,en,0.5,0.7166666666666667,0.0205217997233072,120
bigscience/bloom-560m,3,side_aunt,2,1,hi,informative,hi,0.7833333333333333,1.0,0.9558568661411604,120
bigscience/bloom-560m,3,side_aunt,2,1,hi,neutral,bn,0.5,1.0,0.5651806890964508,120
bigscience/bloom-560m,3,side_aunt,2,1,hi,neutral,en,0.5,0.5,0.0,120
bigscience/bloom-560m,3,side_aunt,2,1,hi,neutral,hi,0.7833333333333333,1.0,0.6851959178845087,120
bigscience/bloom-560m,3,side_aunt,4,1,hi,informative,bn,0.5666666666666667,1.0,1.0772866189479828,120
bigscience/bloom-560m,3,side_aunt,4,1,hi,informative,en,0.4916666666666666,0.7166666666666667,0.0211181640625,120
bigscience/bloom-560m,3,side_aunt,4,1,hi,informative,hi,0.8083333333333333,1.0,0.9852415084838868,120
bigscience/bloom-560m,3,side_aunt,4,1,hi,neutral,bn,0.5,1.0,0.553072315454483,120
bigscience/bloom-560m,3,side_aunt,4,1,hi,neutral,en,0.5,0.5,0.0,120
bigscience/bloom-560m,3,side_aunt,4,1,hi,neutral,hi,0.7916666666666666,1.0,0.7316442201534907,120
bigscience/bloom-560m,3,side_aunt,6,1,hi,informative,bn,0.5583333333333333,1.0,1.069577846924464,120
bigscience/bloom-560m,3,side_aunt,6,1,hi,informative,en,0.4916666666666666,0.7,0.0203989664713541,120
bigscience/bloom-560m,3,side_aunt,6,1,hi,informative,hi,0.775,1.0,0.914820299545924,120
bigscience/bloom-560m,3,side_aunt,6,1,hi,neutral,bn,0.5,1.0,0.5526676853497823,120
bigscience/bloom-560m,3,side_aunt,6,1,hi,neutral,en,0.5,0.5,0.0,120
bigscience/bloom-560m,3,side_aunt,6,1,hi,neutral,hi,0.775,1.0,0.6376463125149409,120
bigscience/bloom-560m,3,side_aunt,8,1,hi,informative,bn,0.575,1.0,1.085004274050395,120
bigscience/bloom-560m,3,side_aunt,8,1,hi,informative,en,0.5,0.7833333333333333,0.0294507344563802,120
bigscience/bloom-560m,3,side_aunt,8,1,hi,informative,hi,0.825,1.0,1.0068430761496223,120
bigscience/bloom-560m,3,side_aunt,8,1,hi,neutral,bn,0.5,1.0,0.5578490654627483,120
bigscience/bloom-560m,3,side_aunt,8,1,hi,neutral,en,0.5,0.5,0.0,120
bigscience/bloom-560m,3,side_aunt,8,1,hi,neutral,hi,0.775,1.0,0.6690509269634882,120
bigscience/bloom-560m,3,side_aunt,10,1,hi,informative,bn,0.5916666666666667,1.0,1.0862959921360016,120
bigscience/bloom-560m,3,side_aunt,10,1,hi,informative,en,0.5,0.7,0.0212966918945312,120
bigscience/bloom-560m,3,side_aunt,10,1,hi,informative,hi,0.8083333333333333,1.0,0.9932489693164824,120
bigscience/bloom-560m,3,side_aunt,10,1,hi,neutral,bn,0.5,1.0,0.5563338657220205,120
bigscience/bloom-560m,3,side_aunt,10,1,hi,neutral,en,0.5,0.5,0.0,120
bigscience/bloom-560m,3,side_aunt,10,1,hi,neutral,hi,0.7833333333333333,1.0,0.6789470573266347,120
bigscience/bloom-560m,3,side_aunt,12,1,hi,informative,bn,0.575,1.0,1.1026325047016143,120
bigscience/bloom-560m,3,side_aunt,12,1,hi,informative,en,0.5,0.75,0.0227378845214843,120
bigscience/bloom-560m,3,side_aunt,12,1,hi,informative,hi,0.7916666666666666,1.0,0.9071678270896276,120
bigscience/bloom-560m,3,side_aunt,12,1,hi,neutral,bn,0.5,1.0,0.5645769655704498,120
bigscience/bloom-560m,3,side_aunt,12,1,hi,neutral,en,0.5,0.5,0.0,120
bigscience/bloom-560m,3,side_aunt,12,1,hi,neutral,hi,0.775,1.0,0.630154178539912,120
bigscience/bloom-560m,3,side_aunt,12,4,hi,informative,bn,0.5916666666666667,1.0,1.0840651313463847,120
bigscience/bloom-560m,3,side_aunt,12,4,hi,informative,en,0.4833333333333333,0.6666666666666666,0.0151842753092447,120
bigscience/bloom-560m,3,side_aunt,12,4,hi,informative,hi,0.7666666666666667,1.0,0.8594278941551844,120
bigscience/bloom-560m,3,side_aunt,12,4,hi,neutral,bn,0.5,1.0,0.5616674582163493,120
bigscience/bloom-560m,3,side_aunt,12,4,hi,neutral,en,0.5,0.5,0.0,120
bigscience/bloom-560m,3,side_aunt,12,4,hi,neutral,hi,0.7583333333333333,1.0,0.5877602259318034,120
bigscience/bloom-560m,3,side_aunt,14,1,hi,informative,bn,0.5833333333333334,1.0,1.0901389181613923,120
bigscience/bloom-560m,3,side_aunt,14,1,hi,informative,en,0.5,0.7333333333333333,0.0230578104654947,120
bigscience/bloom-560m,3,side_aunt,14,1,hi,informative,hi,0.775,1.0,0.9422897527615228,120
bigscience/bloom-560m,3,side_aunt,14,1,hi,neutral,bn,0.5,1.0,0.5655724287033081,120
bigscience/bloom-560m,3,side_aunt,14,1,hi,neutral,en,0.5,0.5,0.0,120
bigscience/bloom-560m,3,side_aunt,14,1,hi,neutral,hi,0.775,1.0,0.6633778303861618,120
bigscience/bloom-560m,3,side_aunt,16,1,hi,informative,bn,0.5583333333333333,1.0,1.0777379413445791,120
bigscience/bloom-560m,3,side_aunt,16,1,hi,informative,en,0.5,0.75,0.0244784037272135,120
bigscience/bloom-560m,3,side_aunt,16,1,hi,informative,hi,0.7833333333333333,1.0,0.9385269224643707,120
bigscience/bloom-560m,3,side_aunt,16,1,hi,neutral,bn,0.5,1.0,0.5598846356074015,120
bigscience/bloom-560m,3,side_aunt,16,1,hi,neutral,en,0.5,0.5,0.0,120
bigscience/bloom-560m,3,side_aunt,16,1,hi,neutral,hi,0.775,1.0,0.66059889793396,120
bigscience/bloom-560m,3,side_aunt,18,1,hi,informative,bn,0.575,1.0,1.0951876401901246,120
bigscience/bloom-560m,3,side_aunt,18,1,hi,informative,en,0.5,0.75,0.0240435282389322,120
bigscience/bloom-560m,3,side_aunt,18,1,hi,informative,hi,0.8166666666666667,1.0,0.9743299037218094,120
bigscience/bloom-560m,3,side_aunt,18,1,hi,neutral,bn,0.5,1.0,0.5607215066750845,120
bigscience/bloom-560m,3,side_aunt,18,1,hi,neutral,en,0.5,0.5,0.0,120
bigscience/bloom-560m,3,side_aunt,18,1,hi,neutral,hi,0.7833333333333333,1.0,0.6946503847837449,120
bigscience/bloom-560m,3,side_aunt,20,1,hi,informative,bn,0.575,1.0,1.0820998032887776,120
bigscience/bloom-560m,3,side_aunt,20,1,hi,informative,en,0.5,0.7666666666666667,0.0263465881347656,120
bigscience/bloom-560m,3,side_aunt,20,1,hi,informative,hi,0.8333333333333334,1.0,0.9339457194010417,120
bigscience/bloom-560m,3,side_aunt,20,1,hi,neutral,bn,0.5,1.0,0.5488348166147868,120
bigscience/bloom-560m,3,side_aunt,20,1,hi,neutral,en,0.5,0.5,0.0,120
bigscience/bloom-560m,3,side_aunt,20,1,hi,neutral,hi,0.775,1.0,0.6615801841020584,120
bigscience/bloom-560m,3,side_aunt,22,1,hi,informative,bn,0.5666666666666667,1.0,1.0874556382497151,120
bigscience/bloom-560m,3,side_aunt,22,1,hi,informative,en,0.5,0.75,0.0252649943033854,120
bigscience/bloom-560m,3,side_aunt,22,1,hi,informative,hi,0.8,1.0,0.8858643601338069,120
bigscience/bloom-560m,3,side_aunt,22,1,hi,neutral,bn,0.5,1.0,0.5571202615896861,120
bigscience/bloom-560m,3,side_aunt,22,1,hi,neutral,en,0.5,0.5,0.0,120
bigscience/bloom-560m,3,side_aunt,22,1,hi,neutral,hi,0.7833333333333333,1.0,0.6216426879167557,120
bigscience/bloom-560m,3,side_aunt,0,1,en,informative,bn,0.5833333333333334,1.0,1.0844799121220907,120
bigscience/bloom-560m,3,side_aunt,0,1,en,informative,en,0.4916666666666666,0.6833333333333333,0.0173922220865885,120
bigscience/bloom-560m,3,side_aunt,0,1,en,informative,hi,0.8,1.0,0.9846173584461212,120
bigscience/bloom-560m,3,side_aunt,0,1,en,neutral,bn,0.5,1.0,0.5528540492057801,120
bigscience/bloom-560m,3,side_aunt,0,1,en,neutral,en,0.5,0.5,0.0,120
bigscience/bloom-560m,3,side_aunt,0,1,en,neutral,hi,0.7833333333333333,1.0,0.6921805461247762,120
bigscience/bloom-560m,3,side_aunt,2,1,en,informative,bn,0.5666666666666667,1.0,1.0655070384343466,120
bigscience/bloom-560m,3,side_aunt,2,1,en,informative,en,0.4833333333333333,0.7166666666666667,0.0223541259765625,120
bigscience/bloom-560m,3,side_aunt,2,1,en,informative,hi,0.8083333333333333,1.0,0.97455160121123,120
bigscience/bloom-560m,3,side_aunt,2,1,en,neutral,bn,0.5,1.0,0.5484032968680064,120
bigscience/bloom-560m,3,side_aunt,2,1,en,neutral,en,0.5,0.5,0.0,120
bigscience/bloom-560m,3,side_aunt,2,1,en,neutral,hi,0.7833333333333333,1.0,0.6799246768156687,120
bigscience/bloom-560m,3,side_aunt,4,1,en,informative,bn,0.5666666666666667,1.0,1.086993044614792,120
bigscience/bloom-560m,3,side_aunt,4,1,en,informative,en,0.5,0.65,0.012371826171875,120
bigscience/bloom-560m,3,side_aunt,4,1,en,informative,hi,0.8166666666666667,1.0,0.9791725635528564,120
bigscience/bloom-560m,3,side_aunt,4,1,en,neutral,bn,0.5,1.0,0.5672774652640025,120
bigscience/bloom-560m,3,side_aunt,4,1,en,neutral,en,0.5,0.5,0.0,120
bigscience/bloom-560m,3,side_aunt,4,1,en,neutral,hi,0.7833333333333333,1.0,0.6835827012856801,120
bigscience/bloom-560m,3,side_aunt,6,1,en,informative,bn,0.5666666666666667,1.0,1.0863125105698903,120
bigscience/bloom-560m,3,side_aunt,6,1,en,informative,en,0.5,0.7666666666666667,0.0257726033528645,120
bigscience/bloom-560m,3,side_aunt,6,1,en,informative,hi,0.7916666666666666,1.0,0.964012348651886,120
bigscience/bloom-560m,3,side_aunt,6,1,en,neutral,bn,0.5,1.0,0.552317480246226,120
bigscience/bloom-560m,3,side_aunt,6,1,en,neutral,en,0.5,0.5,0.0,120
bigscience/bloom-560m,3,side_aunt,6,1,en,neutral,hi,0.775,1.0,0.6901578108469645,120
bigscience/bloom-560m,3,side_aunt,8,1,en,informative,bn,0.575,1.0,1.0529592434565227,120
bigscience/bloom-560m,3,side_aunt,8,1,en,informative,en,0.5,0.8333333333333334,0.0319320678710937,120
bigscience/bloom-560m,3,side_aunt,8,1,en,informative,hi,0.775,1.0,0.9655945012966792,120
bigscience/bloom-560m,3,side_aunt,8,1,en,neutral,bn,0.5,1.0,0.5119881987571716,120
bigscience/bloom-560m,3,side_aunt,8,1,en,neutral,en,0.5,0.5,0.0,120
bigscience/bloom-560m,3,side_aunt,8,1,en,neutral,hi,0.7833333333333333,1.0,0.6841254691282909,120
bigscience/bloom-560m,3,side_aunt,10,1,en,informative,bn,0.575,1.0,1.0735269288221996,120
bigscience/bloom-560m,3,side_aunt,10,1,en,informative,en,0.4916666666666666,0.75,0.0276639302571614,120
bigscience/bloom-560m,3,side_aunt,10,1,en,informative,hi,0.7916666666666666,1.0,0.99047303100427,120
bigscience/bloom-560m,3,side_aunt,10,1,en,neutral,bn,0.5,1.0,0.5306394457817077,120
bigscience/bloom-560m,3,side_aunt,10,1,en,neutral,en,0.5,0.5,0.0,120
bigscience/bloom-560m,3,side_aunt,10,1,en,neutral,hi,0.7833333333333333,1.0,0.7020490805308024,120
bigscience/bloom-560m,3,side_aunt,12,1,en,informative,bn,0.575,1.0,1.0833610514799754,120
bigscience/bloom-560m,3,side_aunt,12,1,en,informative,en,0.5,0.9166666666666666,0.0396387736002604,120
bigscience/bloom-560m,3,side_aunt,12,1,en,informative,hi,0.7916666666666666,1.0,0.977109216650327,120
bigscience/bloom-560m,3,side_aunt,12,1,en,neutral,bn,0.5,1.0,0.5478902359803518,120
bigscience/bloom-560m,3,side_aunt,12,1,en,neutral,en,0.5,0.5,0.0,120
bigscience/bloom-560m,3,side_aunt,12,1,en,neutral,hi,0.7916666666666666,1.0,0.6959171166022619,120
bigscience/bloom-560m,3,side_aunt,12,4,en,informative,bn,0.5916666666666667,1.0,1.1125034093856812,120
bigscience/bloom-560m,3,side_aunt,12,4,en,informative,en,0.5,0.9333333333333332,0.0440907796223958,120
bigscience/bloom-560m,3,side_aunt,12,4,en,informative,hi,0.7666666666666667,1.0,1.0136802916725476,120
bigscience/bloom-560m,3,side_aunt,12,4,en,neutral,bn,0.5,1.0,0.5573197940985362,120
bigscience/bloom-560m,3,side_aunt,12,4,en,neutral,en,0.5,0.5,0.0,120
bigscience/bloom-560m,3,side_aunt,12,4,en,neutral,hi,0.775,1.0,0.7192848980426788,120
bigscience/bloom-560m,3,side_aunt,14,1,en,informative,bn,0.625,1.0,1.0729934771855671,120
bigscience/bloom-560m,3,side_aunt,14,1,en,informative,en,0.5,0.9666666666666668,0.0467427571614583,120
bigscience/bloom-560m,3,side_aunt,14,1,en,informative,hi,0.7666666666666667,1.0,1.0052668462196983,120
bigscience/bloom-560m,3,side_aunt,14,1,en,neutral,bn,0.5,1.0,0.5282275795936584,120
bigscience/bloom-560m,3,side_aunt,14,1,en,neutral,en,0.5,0.5,0.0,120
bigscience/bloom-560m,3,side_aunt,14,1,en,neutral,hi,0.7666666666666667,1.0,0.69559532503287,120
bigscience/bloom-560m,3,side_aunt,16,1,en,informative,bn,0.6,1.0,1.0706992824872337,120
bigscience/bloom-560m,3,side_aunt,16,1,en,informative,en,0.5,0.9333333333333332,0.0415173848470052,120
bigscience/bloom-560m,3,side_aunt,16,1,en,informative,hi,0.7583333333333333,1.0,1.0052157471577323,120
bigscience/bloom-560m,3,side_aunt,16,1,en,neutral,bn,0.5,1.0,0.5424920856952667,120
bigscience/bloom-560m,3,side_aunt,16,1,en,neutral,en,0.5,0.5,0.0,120
bigscience/bloom-560m,3,side_aunt,16,1,en,neutral,hi,0.7583333333333333,1.0,0.696507387359937,120
bigscience/bloom-560m,3,side_aunt,18,1,en,informative,bn,0.5916666666666667,1.0,1.0705579062302908,120
bigscience/bloom-560m,3,side_aunt,18,1,en,informative,en,0.5,0.8333333333333334,0.0354949951171875,120
bigscience/bloom-560m,3,side_aunt,18,1,en,informative,hi,0.7583333333333333,1.0,0.9850163449843724,120
bigscience/bloom-560m,3,side_aunt,18,1,en,neutral,bn,0.5,1.0,0.5476763149102529,120
bigscience/bloom-560m,3,side_aunt,18,1,en,neutral,en,0.5,0.5,0.0,120
bigscience/bloom-560m,3,side_aunt,18,1,en,neutral,hi,0.7583333333333333,1.0,0.6931448111931483,120
bigscience/bloom-560m,3,side_aunt,20,1,en,informative,bn,0.5916666666666667,1.0,1.0534297625223796,120
bigscience/bloom-560m,3,side_aunt,20,1,en,informative,en,0.5,0.8666666666666667,0.0365127563476562,120
bigscience/bloom-560m,3,side_aunt,20,1,en,informative,hi,0.7583333333333333,1.0,0.9245233500997224,120
bigscience/bloom-560m,3,side_aunt,20,1,en,neutral,bn,0.5,1.0,0.5258258581161499,120
bigscience/bloom-560m,3,side_aunt,20,1,en,neutral,en,0.5,0.5,0.0,120
bigscience/bloom-560m,3,side_aunt,20,1,en,neutral,hi,0.7666666666666667,1.0,0.6486428827047348,120
bigscience/bloom-560m,3,side_aunt,22,1,en,informative,bn,0.5833333333333334,1.0,1.0912114163239797,120
bigscience/bloom-560m,3,side_aunt,22,1,en,informative,en,0.5,0.7833333333333333,0.0303118387858072,120
bigscience/bloom-560m,3,side_aunt,22,1,en,informative,hi,0.7833333333333333,1.0,0.9555898050467172,120
bigscience/bloom-560m,3,side_aunt,22,1,en,neutral,bn,0.5,1.0,0.5602650721867879,120
bigscience/bloom-560m,3,side_aunt,22,1,en,neutral,en,0.5,0.5,0.0,120
bigscience/bloom-560m,3,side_aunt,22,1,en,neutral,hi,0.775,1.0,0.6774627884229024,120
bigscience/bloom-560m,3,gender,0,1,bn,informative,bn,0.5,1.0,0.606479529539744,120
bigscience/bloom-560m,3,gender,0,1,bn,informative,en,0.9166666666666666,1.0,0.4976811726888021,120
bigscience/bloom-560m,3,gender,0,1,bn,informative,hi,0.6,1.0,0.4610366861025492,120
bigscience/bloom-560m,3,gender,0,1,bn,neutral,bn,0.5,0.7666666666666667,0.0920974930127461,120
bigscience/bloom-560m,3,gender,0,1,bn,neutral,en,0.925,1.0,0.4770818074544271,120
bigscience/bloom-560m,3,gender,0,1,bn,neutral,hi,0.5,0.9833333333333332,0.1951618591944376,120
bigscience/bloom-560m,3,gender,2,1,bn,informative,bn,0.5,1.0,0.3995774080355962,120
bigscience/bloom-560m,3,gender,2,1,bn,informative,en,0.9166666666666666,1.0,0.5006024678548177,120
bigscience/bloom-560m,3,gender,2,1,bn,informative,hi,0.5916666666666667,1.0,0.4621427536010742,120
bigscience/bloom-560m,3,gender,2,1,bn,neutral,bn,0.5,0.0833333333333333,-0.1506819019714991,120
bigscience/bloom-560m,3,gender,2,1,bn,neutral,en,0.925,1.0,0.4782569885253906,120
bigscience/bloom-560m,3,gender,2,1,bn,neutral,hi,0.5,0.9666666666666668,0.1920639912287394,120
bigscience/bloom-560m,3,gender,4,1,bn,informative,bn,0.5,1.0,0.6094211866458257,120
bigscience/bloom-560m,3,gender,4,1,bn,informative,en,0.9166666666666666,1.0,0.4867337544759114,120
bigscience/bloom-560m,3,gender,4,1,bn,informative,hi,0.5916666666666667,1.0,0.4565866708755493,120
bigscience/bloom-560m,3,gender,4,1,bn,neutral,bn,0.5,0.8333333333333334,0.0828871776660283,120
bigscience/bloom-560m,3,gender,4,1,bn,neutral,en,0.925,1.0,0.4766377766927083,120
bigscience/bloom-560m,3,gender,4,1,bn,neutral,hi,0.5,0.95,0.1852548042933146,120
bigscience/bloom-560m,3,gender,6,1,bn,informative,bn,0.5,1.0,0.6161638706922531,120
bigscience/bloom-560m,3,gender,6,1,bn,informative,en,0.9166666666666666,1.0,0.5057118733723959,120
bigscience/bloom-560m,3,gender,6,1,bn,informative,hi,0.5916666666666667,1.0,0.4724044322967529,120
bigscience/bloom-560m,3,gender,6,1,bn,neutral,bn,0.5,0.8666666666666667,0.0998933752377828,120
bigscience/bloom-560m,3,gender,6,1,bn,neutral,en,0.925,1.0,0.4861091613769531,120
bigscience/bloom-560m,3,gender,6,1,bn,neutral,hi,0.5,0.9833333333333332,0.2064510583877563,120
bigscience/bloom-560m,3,gender,8,1,bn,informative,bn,0.5,1.0,0.6354047179222106,120
bigscience/bloom-560m,3,gender,8,1,bn,informative,en,0.9166666666666666,1.0,0.507281239827474,120
bigscience/bloom-560m,3,gender,8,1,bn,informative,hi,0.5833333333333334,1.0,0.4617486238479614,120
bigscience/bloom-560m,3,gender,8,1,bn,neutral,bn,0.5,0.95,0.1196024000644683,120
bigscience/bloom-560m,3,gender,8,1,bn,neutral,en,0.925,1.0,0.4803581237792969,120
bigscience/bloom-560m,3,gender,8,1,bn,neutral,hi,0.5,0.9833333333333332,0.1971365729967753,120
bigscience/bloom-560m,3,gender,10,1,bn,informative,bn,0.5,1.0,0.637499870856603,120
bigscience/bloom-560m,3,gender,10,1,bn,informative,en,0.9166666666666666,1.0,0.5318651835123698,120
bigscience/bloom-560m,3,gender,10,1,bn,informative,hi,0.5666666666666667,1.0,0.4530529260635376,120
bigscience/bloom-560m,3,gender,10,1,bn,neutral,bn,0.5,0.9166666666666666,0.1143784075975418,120
bigscience/bloom-560m,3,gender,10,1,bn,neutral,en,0.925,1.0,0.5041056315104167,120
bigscience/bloom-560m,3,gender,10,1,bn,neutral,hi,0.5,0.9666666666666668,0.1910550196965535,120
bigscience/bloom-560m,3,gender,12,1,bn,informative,bn,0.5,1.0,0.5354285359382629,120
bigscience/bloom-560m,3,gender,12,1,bn,informative,en,0.9166666666666666,1.0,0.5227556864420573,120
bigscience/bloom-560m,3,gender,12,1,bn,informative,hi,0.575,1.0,0.4604972759882609,120
bigscience/bloom-560m,3,gender,12,1,bn,neutral,bn,0.5,0.6333333333333333,0.0479220549265543,120
bigscience/bloom-560m,3,gender,12,1,bn,neutral,en,0.9333333333333332,1.0,0.4862091064453125,120
bigscience/bloom-560m,3,gender,12,1,bn,neutral,hi,0.5,0.9666666666666668,0.1871959447860717,120
bigscience/bloom-560m,3,gender,12,4,bn,informative,bn,0.5,1.0,0.5635311553875605,120
bigscience/bloom-560m,3,gender,12,4,bn,informative,en,0.9,1.0,0.5060559590657552,120
bigscience/bloom-560m,3,gender,12,4,bn,informative,hi,0.575,1.0,0.4487329363822937,120
bigscience/bloom-560m,3,gender,12,4,bn,neutral,bn,0.5,0.8333333333333334,0.1042409469683965,120
bigscience/bloom-560m,3,gender,12,4,bn,neutral,en,0.9166666666666666,1.0,0.474871826171875,120
bigscience/bloom-560m,3,gender,12,4,bn,neutral,hi,0.5,0.9833333333333332,0.1826340476671854,120
bigscience/bloom-560m,3,gender,14,1,bn,informative,bn,0.5,1.0,0.5723618298768998,120
bigscience/bloom-560m,3,gender,14,1,bn,informative,en,0.9166666666666666,1.0,0.4973230997721354,120
bigscience/bloom-560m,3,gender,14,1,bn,informative,hi,0.5833333333333334,1.0,0.4159701466560364,120
bigscience/bloom-560m,3,gender,14,1,bn,neutral,bn,0.5,0.7666666666666667,0.0942057391007741,120
bigscience/bloom-560m,3,gender,14,1,bn,neutral,en,0.9166666666666666,1.0,0.4645637512207031,120
bigscience/bloom-560m,3,gender,14,1,bn,neutral,hi,0.5,0.95,0.1702478249867757,120
bigscience/bloom-560m,3,gender,16,1,bn,informative,bn,0.5,1.0,0.62674447397391,120
bigscience/bloom-560m,3,gender,16,1,bn,informative,en,0.9166666666666666,1.0,0.5177401224772136,120
bigscience/bloom-560m,3,gender,16,1,bn,informative,hi,0.6,1.0,0.4714028000831604,120
bigscience/bloom-560m,3,gender,16,1,bn,neutral,bn,0.5,0.7666666666666667,0.0769675701856613,120
bigscience/bloom-560m,3,gender,16,1,bn,neutral,en,0.9333333333333332,1.0,0.4891868591308593,120
bigscience/bloom-560m,3,gender,16,1,bn,neutral,hi,0.5,0.9833333333333332,0.1928402900695801,120
bigscience/bloom-560m,3,gender,18,1,bn,informative,bn,0.5,1.0,0.6158029998342196,120
bigscience/bloom-560m,3,gender,18,1,bn,informative,en,0.9166666666666666,1.0,0.5432062784830729,120
bigscience/bloom-560m,3,gender,18,1,bn,informative,hi,0.6,1.0,0.5180219411849976,120
bigscience/bloom-560m,3,gender,18,1,bn,neutral,bn,0.5,0.5333333333333333,0.0297062158584594,120
bigscience/bloom-560m,3,gender,18,1,bn,neutral,en,0.9416666666666668,1.0,0.524298095703125,120
bigscience/bloom-560m,3,gender,18,1,bn,neutral,hi,0.5,0.9833333333333332,0.2252119938532511,120
bigscience/bloom-560m,3,gender,20,1,bn,informative,bn,0.5,1.0,0.5776815831661224,120
bigscience/bloom-560m,3,gender,20,1,bn,informative,en,0.8833333333333333,1.0,0.4684987386067708,120
bigscience/bloom-560m,3,gender,20,1,bn,informative,hi,0.5916666666666667,1.0,0.4730457862218221,120
bigscience/bloom-560m,3,gender,20,1,bn,neutral,bn,0.5,0.7333333333333333,0.0647203167279561,120
bigscience/bloom-560m,3,gender,20,1,bn,neutral,en,0.9166666666666666,1.0,0.4493545532226562,120
bigscience/bloom-560m,3,gender,20,1,bn,neutral,hi,0.5083333333333333,0.9833333333333332,0.2099116961161295,120
bigscience/bloom-560m,3,gender,22,1,bn,informative,bn,0.5,1.0,0.5720714906851451,120
bigscience/bloom-560m,3,gender,22,1,bn,informative,en,0.9166666666666666,1.0,0.4832659403483073,120
bigscience/bloom-560m,3,gender,22,1,bn,informative,hi,0.5916666666666667,1.0,0.4385442852973938,120
bigscience/bloom-560m,3,gender,22,1,bn,neutral,bn,0.5,0.6833333333333333,0.0614037791887919,120
bigscience/bloom-560m,3,gender,22,1,bn,neutral,en,0.925,1.0,0.4641840616861979,120
bigscience/bloom-560m,3,gender,22,1,bn,neutral,hi,0.5083333333333333,0.9166666666666666,0.1726255178451538,120
bigscience/bloom-560m,3,gender,0,1,hi,informative,bn,0.5,1.0,0.5821887334187825,120
bigscience/bloom-560m,3,gender,0,1,hi,informative,en,0.9166666666666666,1.0,0.4894218444824219,120
bigscience/bloom-560m,3,gender,0,1,hi,informative,hi,0.5916666666666667,1.0,0.4536420742670695,120
bigscience/bloom-560m,3,gender,0,1,hi,neutral,bn,0.5,0.75,0.0745079606771469,120
bigscience/bloom-560m,3,gender,0,1,hi,neutral,en,0.925,1.0,0.475781758626302,120
bigscience/bloom-560m,3,gender,0,1,hi,neutral,hi,0.5,0.9333333333333332,0.189797298113505,120
bigscience/bloom-560m,3,gender,2,1,hi,informative,bn,0.5,1.0,0.5895658403635025,120
bigscience/bloom-560m,3,gender,2,1,hi,informative,en,0.9166666666666666,1.0,0.4921427408854166,120
bigscience/bloom-560m,3,gender,2,1,hi,informative,hi,0.6,1.0,0.4914878646532694,120
bigscience/bloom-560m,3,gender,2,1,hi,neutral,bn,0.5,0.75,0.0740668048461278,120
bigscience/bloom-560m,3,gender,2,1,hi,neutral,en,0.925,1.0,0.4746541341145833,120
bigscience/bloom-560m,3,gender,2,1,hi,neutral,hi,0.5,0.9833333333333332,0.2156387090682983,120
bigscience/bloom-560m,3,gender,4,1,hi,informative,bn,0.5,1.0,0.5916082481543223,120
bigscience/bloom-560m,3,gender,4,1,hi,informative,en,0.9166666666666666,1.0,0.4897636413574219,120
bigscience/bloom-560m,3,gender,4,1,hi,informative,hi,0.5916666666666667,1.0,0.4539610346158345,120
bigscience/bloom-560m,3,gender,4,1,hi,neutral,bn,0.5,0.7666666666666667,0.0800750851631164,120
bigscience/bloom-560m,3,gender,4,1,hi,neutral,en,0.925,1.0,0.4713851928710937,120
bigscience/bloom-560m,3,gender,4,1,hi,neutral,hi,0.5,0.95,0.1826245705286661,120
bigscience/bloom-560m,3,gender,6,1,hi,informative,bn,0.5,1.0,0.5970777024825414,120
bigscience/bloom-560m,3,gender,6,1,hi,informative,en,0.9166666666666666,1.0,0.4912790934244792,120
bigscience/bloom-560m,3,gender,6,1,hi,informative,hi,0.5916666666666667,1.0,0.4371658643086751,120
bigscience/bloom-560m,3,gender,6,1,hi,neutral,bn,0.5,0.7666666666666667,0.0807183742523193,120
bigscience/bloom-560m,3,gender,6,1,hi,neutral,en,0.925,1.0,0.4745274861653646,120
bigscience/bloom-560m,3,gender,6,1,hi,neutral,hi,0.5,0.9333333333333332,0.1711229046185811,120
bigscience/bloom-560m,3,gender,8,1,hi,informative,bn,0.5,1.0,0.6008795807758968,120
bigscience/bloom-560m,3,gender,8,1,hi,informative,en,0.9166666666666666,1.0,0.4966476440429687,120
bigscience/bloom-560m,3,gender,8,1,hi,informative,hi,0.5916666666666667,1.0,0.4598108688990275,120
bigscience/bloom-560m,3,gender,8,1,hi,neutral,bn,0.5,0.7666666666666667,0.079866553346316,120
bigscience/bloom-560m,3,gender,8,1,hi,neutral,en,0.925,1.0,0.4758214314778646,120
bigscience/bloom-560m,3,gender,8,1,hi,neutral,hi,0.5,0.9666666666666668,0.1908663670221964,120
bigscience/bloom-560m,3,gender,10,1,hi,informative,bn,0.5,1.0,0.6095673809448878,120
bigscience/bloom-560m,3,gender,10,1,hi,informative,en,0.9166666666666666,1.0,0.5003774007161458,120
bigscience/bloom-560m,3,gender,10,1,hi,informative,hi,0.5916666666666667,1.0,0.4353547573089599,120
bigscience/bloom-560m,3,gender,10,1,hi,neutral,bn,0.5,0.7833333333333333,0.0897724648316701,120
bigscience/bloom-560m,3,gender,10,1,hi,neutral,en,0.925,1.0,0.4748883565266927,120
bigscience/bloom-560m,3,gender,10,1,hi,neutral,hi,0.5,0.9,0.1669107755025227,120
bigscience/bloom-560m,3,gender,12,1,hi,informative,bn,0.5,1.0,0.5749842097361882,120
bigscience/bloom-560m,3,gender,12,1,hi,informative,en,0.9166666666666666,1.0,0.4939804077148437,120
bigscience/bloom-560m,3,gender,12,1,hi,informative,hi,0.5833333333333334,1.0,0.4120935320854187,120
bigscience/bloom-560m,3,gender,12,1,hi,neutral,bn,0.5,0.7666666666666667,0.0788322399059931,120
bigscience/bloom-560m,3,gender,12,1,hi,neutral,en,0.9333333333333332,1.0,0.4748222351074219,120
bigscience/bloom-560m,3,gender,12,1,hi,neutral,hi,0.5,0.9166666666666666,0.1509137193361918,120
bigscience/bloom-560m,3,gender,12,4,hi,informative,bn,0.5,1.0,0.5866226981083552,120
bigscience/bloom-560m,3,gender,12,4,hi,informative,en,0.8916666666666667,1.0,0.4637214660644531,120
bigscience/bloom-560m,3,gender,12,4,hi,informative,hi,0.5583333333333333,1.0,0.3390191674232483,120
bigscience/bloom-560m,3,gender,12,4,hi,neutral,bn,0.5,0.7833333333333333,0.0921922047932942,120
bigscience/bloom-560m,3,gender,12,4,hi,neutral,en,0.925,1.0,0.4487604777018229,120
bigscience/bloom-560m,3,gender,12,4,hi,neutral,hi,0.5,0.7833333333333333,0.1080132285753885,120
bigscience/bloom-560m,3,gender,14,1,hi,informative,bn,0.5,1.0,0.5845645517110825,120
bigscience/bloom-560m,3,gender,14,1,hi,informative,en,0.9166666666666666,1.0,0.4883097330729166,120
bigscience/bloom-560m,3,gender,14,1,hi,informative,hi,0.6,1.0,0.4453019301096598,120
bigscience/bloom-560m,3,gender,14,1,hi,neutral,bn,0.5,0.7833333333333333,0.0866050461928049,120
bigscience/bloom-560m,3,gender,14,1,hi,neutral,en,0.9333333333333332,1.0,0.4673606872558594,120
bigscience/bloom-560m,3,gender,14,1,hi,neutral,hi,0.5,0.9166666666666666,0.183177117506663,120
bigscience/bloom-560m,3,gender,16,1,hi,informative,bn,0.5,1.0,0.5834878087043762,120
bigscience/bloom-560m,3,gender,16,1,hi,informative,en,0.9,1.0,0.4657318115234375,120
bigscience/bloom-560m,3,gender,16,1,hi,informative,hi,0.5833333333333334,1.0,0.4048829197883606,120
bigscience/bloom-560m,3,gender,16,1,hi,neutral,bn,0.5,0.7666666666666667,0.0766620934009552,120
bigscience/bloom-560m,3,gender,16,1,hi,neutral,en,0.9166666666666666,1.0,0.4505597432454427,120
bigscience/bloom-560m,3,gender,16,1,hi,neutral,hi,0.5,0.8333333333333334,0.141395366191864,120
bigscience/bloom-560m,3,gender,18,1,hi,informative,bn,0.5,1.0,0.5708180775245031,120
bigscience/bloom-560m,3,gender,18,1,hi,informative,en,0.9166666666666666,1.0,0.4487080891927083,120
bigscience/bloom-560m,3,gender,18,1,hi,informative,hi,0.5583333333333333,1.0,0.3481984297434489,120
bigscience/bloom-560m,3,gender,18,1,hi,neutral,bn,0.5,0.7333333333333333,0.0759817818800608,120
bigscience/bloom-560m,3,gender,18,1,hi,neutral,en,0.925,1.0,0.4207735697428385,120
bigscience/bloom-560m,3,gender,18,1,hi,neutral,hi,0.5,0.7,0.0790163358052571,120
bigscience/bloom-560m,3,gender,20,1,hi,informative,bn,0.5,1.0,0.5968219230572382,120
bigscience/bloom-560m,3,gender,20,1,hi,informative,en,0.7583333333333333,1.0,0.4246363321940104,120
bigscience/bloom-560m,3,gender,20,1,hi,informative,hi,0.5833333333333334,1.0,0.3016296148300171,120
bigscience/bloom-560m,3,gender,20,1,hi,neutral,bn,0.5,0.7666666666666667,0.0815099616845448,120
bigscience/bloom-560m,3,gender,20,1,hi,neutral,en,0.8416666666666667,1.0,0.4067967732747395,120
bigscience/bloom-560m,3,gender,20,1,hi,neutral,hi,0.5,0.5166666666666667,0.033381978670756,120
bigscience/bloom-560m,3,gender,22,1,hi,informative,bn,0.5,1.0,0.5898347069819768,120
bigscience/bloom-560m,3,gender,22,1,hi,informative,en,0.8083333333333333,1.0,0.4435310363769531,120
bigscience/bloom-560m,3,gender,22,1,hi,informative,hi,0.5833333333333334,1.0,0.3946738362312317,120
bigscience/bloom-560m,3,gender,22,1,hi,neutral,bn,0.5,0.7666666666666667,0.0775620202223459,120
bigscience/bloom-560m,3,gender,22,1,hi,neutral,en,0.8916666666666667,1.0,0.424688975016276,120
bigscience/bloom-560m,3,gender,22,1,hi,neutral,hi,0.5,0.85,0.1313618898391723,120
bigscience/bloom-560m,3,gender,0,1,en,informative,bn,0.5,1.0,0.5872357547283172,120
bigscience/bloom-560m,3,gender,0,1,en,informative,en,0.9083333333333332,1.0,0.476635996500651,120
bigscience/bloom-560m,3,gender,0,1,en,informative,hi,0.6,1.0,0.446822973092397,120
bigscience/bloom-560m,3,gender,0,1,en,neutral,bn,0.5,0.7666666666666667,0.0827174504597981,120
bigscience/bloom-560m,3,gender,0,1,en,neutral,en,0.925,1.0,0.464691416422526,120
bigscience/bloom-560m,3,gender,0,1,en,neutral,hi,0.5,0.9833333333333332,0.1878129204114278,120
bigscience/bloom-560m,3,gender,2,1,en,informative,bn,0.5,1.0,0.5852230678002039,120
bigscience/bloom-560m,3,gender,2,1,en,informative,en,0.9166666666666666,1.0,0.5028429667154948,120
bigscience/bloom-560m,3,gender,2,1,en,informative,hi,0.6,1.0,0.4756218632062276,120
bigscience/bloom-560m,3,gender,2,1,en,neutral,bn,0.5,0.7333333333333333,0.0674605458974838,120
bigscience/bloom-560m,3,gender,2,1,en,neutral,en,0.9166666666666666,1.0,0.4676368713378906,120
bigscience/bloom-560m,3,gender,2,1,en,neutral,hi,0.5,0.9833333333333332,0.2013594230016072,120
bigscience/bloom-560m,3,gender,4,1,en,informative,bn,0.5,1.0,0.5901783019304275,120
bigscience/bloom-560m,3,gender,4,1,en,informative,en,0.9083333333333332,1.0,0.5069664001464844,120
bigscience/bloom-560m,3,gender,4,1,en,informative,hi,0.6,1.0,0.4743015845616659,120
bigscience/bloom-560m,3,gender,4,1,en,neutral,bn,0.5,0.7333333333333333,0.0721509873867034,120
bigscience/bloom-560m,3,gender,4,1,en,neutral,en,0.9166666666666666,1.0,0.4802286783854166,120
bigscience/bloom-560m,3,gender,4,1,en,neutral,hi,0.5,0.9833333333333332,0.1967778801918029,120
bigscience/bloom-560m,3,gender,6,1,en,informative,bn,0.5,1.0,0.5819216628869375,120
bigscience/bloom-560m,3,gender,6,1,en,informative,en,0.9166666666666666,1.0,0.4626658121744791,120
bigscience/bloom-560m,3,gender,6,1,en,informative,hi,0.6,1.0,0.467975914478302,120
bigscience/bloom-560m,3,gender,6,1,en,neutral,bn,0.5,0.7666666666666667,0.0816324452559153,120
bigscience/bloom-560m,3,gender,6,1,en,neutral,en,0.9166666666666666,1.0,0.4247067769368489,120
bigscience/bloom-560m,3,gender,6,1,en,neutral,hi,0.5,0.9666666666666668,0.191943609714508,120
bigscience/bloom-560m,3,gender,8,1,en,informative,bn,0.5,1.0,0.5842118302981059,120
bigscience/bloom-560m,3,gender,8,1,en,informative,en,0.8666666666666667,1.0,0.4318242390950521,120
bigscience/bloom-560m,3,gender,8,1,en,informative,hi,0.6,1.0,0.4718082229296366,120
bigscience/bloom-560m,3,gender,8,1,en,neutral,bn,0.5,0.7666666666666667,0.0800310442845026,120
bigscience/bloom-560m,3,gender,8,1,en,neutral,en,0.9166666666666666,1.0,0.4111600240071614,120
bigscience/bloom-560m,3,gender,8,1,en,neutral,hi,0.5,0.9833333333333332,0.1958845655123392,120
bigscience/bloom-560m,3,gender,10,1,en,informative,bn,0.5,1.0,0.5746557195981343,120
bigscience/bloom-560m,3,gender,10,1,en,informative,en,0.9,1.0,0.4250078837076823,120
bigscience/bloom-560m,3,gender,10,1,en,informative,hi,0.5916666666666667,1.0,0.4318060517311096,120
bigscience/bloom-560m,3,gender,10,1,en,neutral,bn,0.5,0.75,0.0763039837280909,120
bigscience/bloom-560m,3,gender,10,1,en,neutral,en,0.9083333333333332,1.0,0.4109260559082031,120
bigscience/bloom-560m,3,gender,10,1,en,neutral,hi,0.5,0.9166666666666666,0.167050286134084,120
bigscience/bloom-560m,3,gender,12,1,en,informative,bn,0.5,1.0,0.5893539756536483,120
bigscience/bloom-560m,3,gender,12,1,en,informative,en,0.875,1.0,0.4422320048014322,120
bigscience/bloom-560m,3,gender,12,1,en,informative,hi,0.5916666666666667,1.0,0.4100029349327087,120
bigscience/bloom-560m,3,gender,12,1,en,neutral,bn,0.5,0.7666666666666667,0.0732641090949376,120
bigscience/bloom-560m,3,gender,12,1,en,neutral,en,0.9166666666666666,1.0,0.4408004760742187,120
bigscience/bloom-560m,3,gender,12,1,en,neutral,hi,0.5,0.95,0.1665375868479411,120
bigscience/bloom-560m,3,gender,12,4,en,informative,bn,0.5,1.0,0.5920219987630844,120
bigscience/bloom-560m,3,gender,12,4,en,informative,en,0.7166666666666667,1.0,0.2853853861490885,120
bigscience/bloom-560m,3,gender,12,4,en,informative,hi,0.5833333333333334,1.0,0.3967040657997131,120
bigscience/bloom-560m,3,gender,12,4,en,neutral,bn,0.5,0.7833333333333333,0.0894412040710449,120
bigscience/bloom-560m,3,gender,12,4,en,neutral,en,0.8833333333333333,1.0,0.2968800862630208,120
bigscience/bloom-560m,3,gender,12,4,en,neutral,hi,0.5083333333333333,0.9,0.1491641084353129,120
bigscience/bloom-560m,3,gender,14,1,en,informative,bn,0.5,1.0,0.5869247168302536,120
bigscience/bloom-560m,3,gender,14,1,en,informative,en,0.8833333333333333,1.0,0.466986338297526,120
bigscience/bloom-560m,3,gender,14,1,en,informative,hi,0.6,1.0,0.4323443293571472,120
bigscience/bloom-560m,3,gender,14,1,en,neutral,bn,0.5,0.7666666666666667,0.0803572366635004,120
bigscience/bloom-560m,3,gender,14,1,en,neutral,en,0.9083333333333332,1.0,0.4688339233398437,120
bigscience/bloom-560m,3,gender,14,1,en,neutral,hi,0.5166666666666667,0.9833333333333332,0.1814967155456543,120
bigscience/bloom-560m,3,gender,16,1,en,informative,bn,0.5,1.0,0.5882749776045482,120
bigscience/bloom-560m,3,gender,16,1,en,informative,en,0.825,1.0,0.4691947937011719,120
bigscience/bloom-560m,3,gender,16,1,en,informative,hi,0.6083333333333333,1.0,0.4733738819758097,120
bigscience/bloom-560m,3,gender,16,1,en,neutral,bn,0.5,0.75,0.0788532733917236,120
bigscience/bloom-560m,3,gender,16,1,en,neutral,en,0.875,1.0,0.4619916280110677,120
bigscience/bloom-560m,3,gender,16,1,en,neutral,hi,0.5083333333333333,0.9833333333333332,0.1936689813931783,120
bigscience/bloom-560m,3,gender,18,1,en,informative,bn,0.5,1.0,0.548427767554919,120
bigscience/bloom-560m,3,gender,18,1,en,informative,en,0.7833333333333333,1.0,0.4111737569173177,120
bigscience/bloom-560m,3,gender,18,1,en,informative,hi,0.6416666666666667,1.0,0.4367631991704305,120
bigscience/bloom-560m,3,gender,18,1,en,neutral,bn,0.5,0.7333333333333333,0.0616227249304453,120
bigscience/bloom-560m,3,gender,18,1,en,neutral,en,0.8583333333333333,1.0,0.4022959391276041,120
bigscience/bloom-560m,3,gender,18,1,en,neutral,hi,0.525,0.95,0.1725276350975036,120
bigscience/bloom-560m,3,gender,20,1,en,informative,bn,0.5,1.0,0.5345721473296483,120
bigscience/bloom-560m,3,gender,20,1,en,informative,en,0.8666666666666667,1.0,0.41800537109375,120
bigscience/bloom-560m,3,gender,20,1,en,informative,hi,0.5916666666666667,1.0,0.4015010754267374,120
bigscience/bloom-560m,3,gender,20,1,en,neutral,bn,0.5,0.7166666666666667,0.0533055692911148,120
bigscience/bloom-560m,3,gender,20,1,en,neutral,en,0.9166666666666666,1.0,0.411700185139974,120
bigscience/bloom-560m,3,gender,20,1,en,neutral,hi,0.5083333333333333,0.8666666666666667,0.1226144353548685,120
bigscience/bloom-560m,3,gender,22,1,en,informative,bn,0.5,1.0,0.5669693261384964,120
bigscience/bloom-560m,3,gender,22,1,en,informative,en,0.8,1.0,0.3874722798665365,120
bigscience/bloom-560m,3,gender,22,1,en,informative,hi,0.5833333333333334,1.0,0.3909347454706828,120
bigscience/bloom-560m,3,gender,22,1,en,neutral,bn,0.5,0.7333333333333333,0.0637262215216954,120
bigscience/bloom-560m,3,gender,22,1,en,neutral,en,0.8916666666666667,1.0,0.3744707743326823,120
bigscience/bloom-560m,3,gender,22,1,en,neutral,hi,0.5,0.8333333333333334,0.1287703434626261,120
bigscience/bloom-560m,3,side_aunt,0,1,random,informative,bn,0.5583333333333333,1.0,1.0796768645445505,120
bigscience/bloom-560m,3,side_aunt,0,1,random,informative,en,0.4916666666666666,0.75,0.024823506673177,120
bigscience/bloom-560m,3,side_aunt,0,1,random,informative,hi,0.8,1.0,0.9733692785104116,120
bigscience/bloom-560m,3,side_aunt,0,1,random,neutral,bn,0.5,1.0,0.5543888767560323,120
bigscience/bloom-560m,3,side_aunt,0,1,random,neutral,en,0.5,0.5,0.0,120
bigscience/bloom-560m,3,side_aunt,0,1,random,neutral,hi,0.7833333333333333,1.0,0.6881317883729935,120
bigscience/bloom-560m,3,gender,0,1,random,informative,bn,0.5,1.0,0.5943202167749405,120
bigscience/bloom-560m,3,gender,0,1,random,informative,en,0.9166666666666666,1.0,0.4910980224609375,120
bigscience/bloom-560m,3,gender,0,1,random,informative,hi,0.6,1.0,0.4701344927151998,120
bigscience/bloom-560m,3,gender,0,1,random,neutral,bn,0.5,0.75,0.0767457952102025,120
bigscience/bloom-560m,3,gender,0,1,random,neutral,en,0.925,1.0,0.4734519958496094,120
bigscience/bloom-560m,3,gender,0,1,random,neutral,hi,0.5,0.9833333333333332,0.198110290368398,120
bigscience/bloom-560m,3,side_aunt,2,1,random,informative,bn,0.575,1.0,1.0841781198978424,120
bigscience/bloom-560m,3,side_aunt,2,1,random,informative,en,0.5,0.75,0.0230272928873697,120
bigscience/bloom-560m,3,side_aunt,2,1,random,informative,hi,0.8,1.0,0.9427108863989512,120
bigscience/bloom-560m,3,side_aunt,2,1,random,neutral,bn,0.5,1.0,0.5617002844810486,120
bigscience/bloom-560m,3,side_aunt,2,1,random,neutral,en,0.5,0.5,0.0,120
bigscience/bloom-560m,3,side_aunt,2,1,random,neutral,hi,0.7833333333333333,1.0,0.6686971793572108,120
bigscience/bloom-560m,3,gender,2,1,random,informative,bn,0.5,1.0,0.584679392973582,120
bigscience/bloom-560m,3,gender,2,1,random,informative,en,0.9166666666666666,1.0,0.4901957194010417,120
bigscience/bloom-560m,3,gender,2,1,random,informative,hi,0.6,1.0,0.4660871426264445,120
bigscience/bloom-560m,3,gender,2,1,random,neutral,bn,0.5,0.7666666666666667,0.0791512330373128,120
bigscience/bloom-560m,3,gender,2,1,random,neutral,en,0.925,1.0,0.4728797912597656,120
bigscience/bloom-560m,3,gender,2,1,random,neutral,hi,0.5,0.9833333333333332,0.1983218987782796,120
bigscience/bloom-560m,3,side_aunt,4,1,random,informative,bn,0.5833333333333334,1.0,1.099139298995336,120
bigscience/bloom-560m,3,side_aunt,4,1,random,informative,en,0.5166666666666667,0.7333333333333333,0.023096211751302,120
bigscience/bloom-560m,3,side_aunt,4,1,random,informative,hi,0.8,1.0,0.9606032500664392,120
bigscience/bloom-560m,3,side_aunt,4,1,random,neutral,bn,0.5,1.0,0.5702478806177775,120
bigscience/bloom-560m,3,side_aunt,4,1,random,neutral,en,0.5,0.5,0.0,120
bigscience/bloom-560m,3,side_aunt,4,1,random,neutral,hi,0.775,1.0,0.6719701757033666,120
bigscience/bloom-560m,3,gender,4,1,random,informative,bn,0.5,1.0,0.6014104803403219,120
bigscience/bloom-560m,3,gender,4,1,random,informative,en,0.9166666666666666,1.0,0.4980537414550781,120
bigscience/bloom-560m,3,gender,4,1,random,informative,hi,0.5916666666666667,1.0,0.46005646387736,120
bigscience/bloom-560m,3,gender,4,1,random,neutral,bn,0.5,0.7666666666666667,0.0831861754258473,120
bigscience/bloom-560m,3,gender,4,1,random,neutral,en,0.925,1.0,0.477056884765625,120
bigscience/bloom-560m,3,gender,4,1,random,neutral,hi,0.5,0.9666666666666668,0.1936246951421102,120
bigscience/bloom-560m,3,side_aunt,6,1,random,informative,bn,0.5833333333333334,1.0,1.1096392055352529,120
bigscience/bloom-560m,3,side_aunt,6,1,random,informative,en,0.4916666666666666,0.75,0.0233027140299479,120
bigscience/bloom-560m,3,side_aunt,6,1,random,informative,hi,0.8,1.0,0.9476970920960108,120
bigscience/bloom-560m,3,side_aunt,6,1,random,neutral,bn,0.5,1.0,0.5667267203330993,120
bigscience/bloom-560m,3,side_aunt,6,1,random,neutral,en,0.5,0.5,0.0,120
bigscience/bloom-560m,3,side_aunt,6,1,random,neutral,hi,0.7833333333333333,1.0,0.6767190068960189,120
bigscience/bloom-560m,3,gender,6,1,random,informative,bn,0.5,1.0,0.5799670348564784,120
bigscience/bloom-560m,3,gender,6,1,random,informative,en,0.9166666666666666,1.0,0.5008855183919271,120
bigscience/bloom-560m,3,gender,6,1,random,informative,hi,0.6,1.0,0.4664780934651693,120
bigscience/bloom-560m,3,gender,6,1,random,neutral,bn,0.5,0.7666666666666667,0.0781330585479736,120
bigscience/bloom-560m,3,gender,6,1,random,neutral,en,0.9166666666666666,1.0,0.4780751546223958,120
bigscience/bloom-560m,3,gender,6,1,random,neutral,hi,0.5,0.9833333333333332,0.2014803647994995,120
bigscience/bloom-560m,3,side_aunt,8,1,random,informative,bn,0.5666666666666667,1.0,1.1030875126520792,120
bigscience/bloom-560m,3,side_aunt,8,1,random,informative,en,0.5,0.75,0.0258773803710937,120
bigscience/bloom-560m,3,side_aunt,8,1,random,informative,hi,0.8,1.0,0.947166720032692,120
bigscience/bloom-560m,3,side_aunt,8,1,random,neutral,bn,0.5,1.0,0.5625424683094025,120
bigscience/bloom-560m,3,side_aunt,8,1,random,neutral,en,0.5,0.5,0.0,120
bigscience/bloom-560m,3,side_aunt,8,1,random,neutral,hi,0.7833333333333333,1.0,0.6776958773533504,120
bigscience/bloom-560m,3,gender,8,1,random,informative,bn,0.5,1.0,0.5907192240158717,120
bigscience/bloom-560m,3,gender,8,1,random,informative,en,0.9166666666666666,1.0,0.5000071207682292,120
bigscience/bloom-560m,3,gender,8,1,random,informative,hi,0.6,1.0,0.4568735758463542,120
bigscience/bloom-560m,3,gender,8,1,random,neutral,bn,0.5,0.7666666666666667,0.0808783491452535,120
bigscience/bloom-560m,3,gender,8,1,random,neutral,en,0.925,1.0,0.4792984008789062,120
bigscience/bloom-560m,3,gender,8,1,random,neutral,hi,0.5,0.9833333333333332,0.1943296949068705,120
bigscience/bloom-560m,3,side_aunt,10,1,random,informative,bn,0.5666666666666667,1.0,1.0836434682210287,120
bigscience/bloom-560m,3,side_aunt,10,1,random,informative,en,0.4916666666666666,0.75,0.0235727945963541,120
bigscience/bloom-560m,3,side_aunt,10,1,random,informative,hi,0.8,1.0,0.9541593929131824,120
bigscience/bloom-560m,3,side_aunt,10,1,random,neutral,bn,0.5,1.0,0.5599456866582234,120
bigscience/bloom-560m,3,side_aunt,10,1,random,neutral,en,0.5,0.5,0.0,120
bigscience/bloom-560m,3,side_aunt,10,1,random,neutral,hi,0.775,1.0,0.676825166742007,120
bigscience/bloom-560m,3,gender,10,1,random,informative,bn,0.5,1.0,0.5955239047606786,120
bigscience/bloom-560m,3,gender,10,1,random,informative,en,0.9166666666666666,1.0,0.4959846496582031,120
bigscience/bloom-560m,3,gender,10,1,random,informative,hi,0.6,1.0,0.4641868829727172,120
bigscience/bloom-560m,3,gender,10,1,random,neutral,bn,0.5,0.7666666666666667,0.0814248472452163,120
bigscience/bloom-560m,3,gender,10,1,random,neutral,en,0.925,1.0,0.4757652282714844,120
bigscience/bloom-560m,3,gender,10,1,random,neutral,hi,0.5,0.9666666666666668,0.1922808488210042,120
bigscience/bloom-560m,3,side_aunt,12,1,random,informative,bn,0.5666666666666667,1.0,1.1011519571145376,120
bigscience/bloom-560m,3,side_aunt,12,1,random,informative,en,0.5,0.7833333333333333,0.0279195149739583,120
bigscience/bloom-560m,3,side_aunt,12,1,random,informative,hi,0.8,1.0,0.9785430004199346,120
bigscience/bloom-560m,3,side_aunt,12,1,random,neutral,bn,0.5,1.0,0.5613595724105835,120
bigscience/bloom-560m,3,side_aunt,12,1,random,neutral,en,0.5,0.5,0.0,120
bigscience/bloom-560m,3,side_aunt,12,1,random,neutral,hi,0.775,1.0,0.6848630021015804,120
bigscience/bloom-560m,3,gender,12,1,random,informative,bn,0.5,1.0,0.5820169001817703,120
bigscience/bloom-560m,3,gender,12,1,random,informative,en,0.9166666666666666,1.0,0.5038859049479166,120
bigscience/bloom-560m,3,gender,12,1,random,informative,hi,0.6,1.0,0.4615921139717102,120
bigscience/bloom-560m,3,gender,12,1,random,neutral,bn,0.5,0.7333333333333333,0.0679795771837234,120
bigscience/bloom-560m,3,gender,12,1,random,neutral,en,0.925,1.0,0.4849848429361979,120
bigscience/bloom-560m,3,gender,12,1,random,neutral,hi,0.5,0.9666666666666668,0.1960529168446858,120
bigscience/bloom-560m,3,side_aunt,12,4,random,informative,bn,0.5833333333333334,1.0,1.0719964305559797,120
bigscience/bloom-560m,3,side_aunt,12,4,random,informative,en,0.5083333333333333,0.75,0.0264905293782552,120
bigscience/bloom-560m,3,side_aunt,12,4,random,informative,hi,0.7916666666666666,1.0,0.9374533673127492,120
bigscience/bloom-560m,3,side_aunt,12,4,random,neutral,bn,0.5,1.0,0.5388227542241414,120
bigscience/bloom-560m,3,side_aunt,12,4,random,neutral,en,0.5,0.5,0.0,120
bigscience/bloom-560m,3,side_aunt,12,4,random,neutral,hi,0.775,1.0,0.6557540516058604,120
bigscience/bloom-560m,3,gender,12,4,random,informative,bn,0.5,1.0,0.5812401761611302,120
bigscience/bloom-560m,3,gender,12,4,random,informative,en,0.9166666666666666,1.0,0.4921236673990885,120
bigscience/bloom-560m,3,gender,12,4,random,informative,hi,0.5916666666666667,1.0,0.4575005928675333,120
bigscience/bloom-560m,3,gender,12,4,random,neutral,bn,0.5,0.7333333333333333,0.0638252864281336,120
bigscience/bloom-560m,3,gender,12,4,random,neutral,en,0.9166666666666666,1.0,0.4662190755208333,120
bigscience/bloom-560m,3,gender,12,4,random,neutral,hi,0.5,0.9666666666666668,0.1873731851577758,120
bigscience/bloom-560m,3,side_aunt,14,1,random,informative,bn,0.5583333333333333,1.0,1.0689293146133425,120
bigscience/bloom-560m,3,side_aunt,14,1,random,informative,en,0.5,0.75,0.0229550679524739,120
bigscience/bloom-560m,3,side_aunt,14,1,random,informative,hi,0.8083333333333333,1.0,0.9575599630673728,120
bigscience/bloom-560m,3,side_aunt,14,1,random,neutral,bn,0.5,1.0,0.5466997345288594,120
bigscience/bloom-560m,3,side_aunt,14,1,random,neutral,en,0.5,0.5,0.0,120
bigscience/bloom-560m,3,side_aunt,14,1,random,neutral,hi,0.775,1.0,0.6836552331844966,120
bigscience/bloom-560m,3,gender,14,1,random,informative,bn,0.5,1.0,0.5874885072310766,120
bigscience/bloom-560m,3,gender,14,1,random,informative,en,0.9166666666666666,1.0,0.4978200276692708,120
bigscience/bloom-560m,3,gender,14,1,random,informative,hi,0.6,1.0,0.4692054271697998,120
bigscience/bloom-560m,3,gender,14,1,random,neutral,bn,0.5,0.75,0.0774231821298599,120
bigscience/bloom-560m,3,gender,14,1,random,neutral,en,0.925,1.0,0.4786857604980469,120
bigscience/bloom-560m,3,gender,14,1,random,neutral,hi,0.5,0.9833333333333332,0.2058286229769388,120
bigscience/bloom-560m,3,side_aunt,16,1,random,informative,bn,0.5666666666666667,1.0,1.1067619323730469,120
bigscience/bloom-560m,3,side_aunt,16,1,random,informative,en,0.5,0.75,0.0266286214192708,120
bigscience/bloom-560m,3,side_aunt,16,1,random,informative,hi,0.8083333333333333,1.0,0.9864328155914942,120
bigscience/bloom-560m,3,side_aunt,16,1,random,neutral,bn,0.5,1.0,0.5629412571589152,120
bigscience/bloom-560m,3,side_aunt,16,1,random,neutral,en,0.5,0.5,0.0,120
bigscience/bloom-560m,3,side_aunt,16,1,random,neutral,hi,0.775,1.0,0.6972053309281667,120
bigscience/bloom-560m,3,gender,16,1,random,informative,bn,0.5,1.0,0.5930507520834605,120
bigscience/bloom-560m,3,gender,16,1,random,informative,en,0.9083333333333332,1.0,0.4905504862467448,120
bigscience/bloom-560m,3,gender,16,1,random,informative,hi,0.6,1.0,0.4597146431605021,120
bigscience/bloom-560m,3,gender,16,1,random,neutral,bn,0.5,0.7666666666666667,0.0757264117399851,120
bigscience/bloom-560m,3,gender,16,1,random,neutral,en,0.9166666666666666,1.0,0.4748680114746094,120
bigscience/bloom-560m,3,gender,16,1,random,neutral,hi,0.5,0.95,0.1876491030057271,120
bigscience/bloom-560m,3,side_aunt,18,1,random,informative,bn,0.5666666666666667,1.0,1.0860323886076608,120
bigscience/bloom-560m,3,side_aunt,18,1,random,informative,en,0.4916666666666666,0.75,0.0233139038085937,120
bigscience/bloom-560m,3,side_aunt,18,1,random,informative,hi,0.775,1.0,0.9454255680243174,120
bigscience/bloom-560m,3,side_aunt,18,1,random,neutral,bn,0.5,1.0,0.5520673175652822,120
bigscience/bloom-560m,3,side_aunt,18,1,random,neutral,en,0.5,0.5,0.0,120
bigscience/bloom-560m,3,side_aunt,18,1,random,neutral,hi,0.7666666666666667,1.0,0.6726035873095194,120
bigscience/bloom-560m,3,gender,18,1,random,informative,bn,0.5,1.0,0.5937863975763321,120
bigscience/bloom-560m,3,gender,18,1,random,informative,en,0.9166666666666666,1.0,0.4976201375325521,120
bigscience/bloom-560m,3,gender,18,1,random,informative,hi,0.6,1.0,0.4816602269808451,120
bigscience/bloom-560m,3,gender,18,1,random,neutral,bn,0.5,0.7666666666666667,0.0782939364512761,120
bigscience/bloom-560m,3,gender,18,1,random,neutral,en,0.925,1.0,0.4789604187011719,120
bigscience/bloom-560m,3,gender,18,1,random,neutral,hi,0.5,0.9833333333333332,0.2125394185384114,120
bigscience/bloom-560m,3,side_aunt,20,1,random,informative,bn,0.575,1.0,1.0957604229450226,120
bigscience/bloom-560m,3,side_aunt,20,1,random,informative,en,0.5,0.75,0.0230387369791666,120
bigscience/bloom-560m,3,side_aunt,20,1,random,informative,hi,0.8,1.0,0.967826071381569,120
bigscience/bloom-560m,3,side_aunt,20,1,random,neutral,bn,0.5,1.0,0.5646764238675436,120
bigscience/bloom-560m,3,side_aunt,20,1,random,neutral,en,0.5,0.5,0.0,120
bigscience/bloom-560m,3,side_aunt,20,1,random,neutral,hi,0.7833333333333333,1.0,0.6891924440860748,120
bigscience/bloom-560m,3,gender,20,1,random,informative,bn,0.5,1.0,0.582732559243838,120
bigscience/bloom-560m,3,gender,20,1,random,informative,en,0.9,1.0,0.4882642110188802,120
bigscience/bloom-560m,3,gender,20,1,random,informative,hi,0.6,1.0,0.467885160446167,120
bigscience/bloom-560m,3,gender,20,1,random,neutral,bn,0.5,0.7333333333333333,0.0690183848142624,120
bigscience/bloom-560m,3,gender,20,1,random,neutral,en,0.9166666666666666,1.0,0.4714920043945312,120
bigscience/bloom-560m,3,gender,20,1,random,neutral,hi,0.5,0.9833333333333332,0.2008612473805745,120
bigscience/bloom-560m,3,side_aunt,22,1,random,informative,bn,0.575,1.0,1.087265032529831,120
bigscience/bloom-560m,3,side_aunt,22,1,random,informative,en,0.5,0.75,0.023193359375,120
bigscience/bloom-560m,3,side_aunt,22,1,random,informative,hi,0.8,1.0,0.9572067399819691,120
bigscience/bloom-560m,3,side_aunt,22,1,random,neutral,bn,0.5,1.0,0.5590217252572377,120
bigscience/bloom-560m,3,side_aunt,22,1,random,neutral,en,0.5,0.5,0.0,120
bigscience/bloom-560m,3,side_aunt,22,1,random,neutral,hi,0.7833333333333333,1.0,0.6826521476109823,120
bigscience/bloom-560m,3,gender,22,1,random,informative,bn,0.5,1.0,0.5882440119981766,120
bigscience/bloom-560m,3,gender,22,1,random,informative,en,0.9166666666666666,1.0,0.4993932088216146,120
bigscience/bloom-560m,3,gender,22,1,random,informative,hi,0.6,1.0,0.4757388075192769,120
bigscience/bloom-560m,3,gender,22,1,random,neutral,bn,0.5,0.7666666666666667,0.0783281763394673,120
bigscience/bloom-560m,3,gender,22,1,random,neutral,en,0.9166666666666666,1.0,0.4797355651855469,120
bigscience/bloom-560m,3,gender,22,1,random,neutral,hi,0.5,0.9833333333333332,0.2065126339594523,120
bigscience/bloom-560m,4,side_aunt,-1,0,none,informative,bn,0.5333333333333333,1.0,1.1409347494443258,120
bigscience/bloom-560m,4,side_aunt,-1,0,none,informative,en,0.5,0.7833333333333333,0.0227289835611979,120
bigscience/bloom-560m,4,side_aunt,-1,0,none,informative,hi,0.8,1.0,0.9817491988341014,120
bigscience/bloom-560m,4,side_aunt,-1,0,none,neutral,bn,0.5,1.0,0.6328322450319926,120
bigscience/bloom-560m,4,side_aunt,-1,0,none,neutral,en,0.5,0.5,0.0,120
bigscience/bloom-560m,4,side_aunt,-1,0,none,neutral,hi,0.7333333333333333,1.0,0.6878091951211294,120
bigscience/bloom-560m,4,gender,-1,0,none,informative,bn,0.5,1.0,0.6064145763715109,120
bigscience/bloom-560m,4,gender,-1,0,none,informative,en,0.875,1.0,0.5291460673014323,120
bigscience/bloom-560m,4,gender,-1,0,none,informative,hi,0.5166666666666667,1.0,0.5209535916646322,120
bigscience/bloom-560m,4,gender,-1,0,none,neutral,bn,0.5,0.7666666666666667,0.0810544331868489,120
bigscience/bloom-560m,4,gender,-1,0,none,neutral,en,0.8333333333333334,1.0,0.4905863444010416,120
bigscience/bloom-560m,4,gender,-1,0,none,neutral,hi,0.5,1.0,0.2396360596021016,120
bigscience/bloom-560m,4,side_aunt,0,1,bn,informative,bn,0.5333333333333333,1.0,1.149267735083898,120
bigscience/bloom-560m,4,side_aunt,0,1,bn,informative,en,0.5,0.7833333333333333,0.0226422627766927,120
bigscience/bloom-560m,4,side_aunt,0,1,bn,informative,hi,0.7833333333333333,1.0,0.9727662911017736,120
bigscience/bloom-560m,4,side_aunt,0,1,bn,neutral,bn,0.5,1.0,0.6278408249219258,120
bigscience/bloom-560m,4,side_aunt,0,1,bn,neutral,en,0.5,0.5,0.0,120
bigscience/bloom-560m,4,side_aunt,0,1,bn,neutral,hi,0.725,1.0,0.685875517129898,120
bigscience/bloom-560m,4,side_aunt,2,1,bn,informative,bn,0.5333333333333333,1.0,1.0459186832110088,120
bigscience/bloom-560m,4,side_aunt,2,1,bn,informative,en,0.5,0.8,0.0254844665527343,120
bigscience/bloom-560m,4,side_aunt,2,1,bn,informative,hi,0.7833333333333333,1.0,0.987148850162824,120
bigscience/bloom-560m,4,side_aunt,2,1,bn,neutral,bn,0.5,1.0,0.5491489092508952,120
bigscience/bloom-560m,4,side_aunt,2,1,bn,neutral,en,0.5,0.5,0.0,120
bigscience/bloom-560m,4,side_aunt,2,1,bn,neutral,hi,0.725,1.0,0.689199423789978,120
bigscience/bloom-560m,4,side_aunt,4,1,bn,informative,bn,0.5333333333333333,1.0,1.0239081859588623,120
bigscience/bloom-560m,4,side_aunt,4,1,bn,informative,en,0.5,0.7666666666666667,0.0203915913899739,120
bigscience/bloom-560m,4,side_aunt,4,1,bn,informative,hi,0.8,1.0,0.9883527060349784,120
bigscience/bloom-560m,4,side_aunt,4,1,bn,neutral,bn,0.5,1.0,0.5074534138043721,120
bigscience/bloom-560m,4,side_aunt,4,1,bn,neutral,en,0.5,0.5,0.0,120
bigscience/bloom-560m,4,side_aunt,4,1,bn,neutral,hi,0.7416666666666667,1.0,0.692807470758756,120
bigscience/bloom-560m,4,side_aunt,6,1,bn,informative,bn,0.5333333333333333,1.0,1.015977829694748,120
bigscience/bloom-560m,4,side_aunt,6,1,bn,informative,en,0.5,0.8166666666666667,0.0336606343587239,120
bigscience/bloom-560m,4,side_aunt,6,1,bn,informative,hi,0.8083333333333333,1.0,0.9828996698061624,120
bigscience/bloom-560m,4,side_aunt,6,1,bn,neutral,bn,0.5,1.0,0.4996923108895619,120
bigscience/bloom-560m,4,side_aunt,6,1,bn,neutral,en,0.5,0.5,0.0,120
bigscience/bloom-560m,4,side_aunt,6,1,bn,neutral,hi,0.7333333333333333,1.0,0.6822978019714355,120
bigscience/bloom-560m,4,side_aunt,8,1,bn,informative,bn,0.5416666666666666,1.0,1.0380066494146982,120
bigscience/bloom-560m,4,side_aunt,8,1,bn,informative,en,0.5,0.7833333333333333,0.0227882385253906,120
bigscience/bloom-560m,4,side_aunt,8,1,bn,informative,hi,0.7916666666666666,1.0,0.9740846385558446,120
bigscience/bloom-560m,4,side_aunt,8,1,bn,neutral,bn,0.5,1.0,0.5147502958774567,120
bigscience/bloom-560m,4,side_aunt,8,1,bn,neutral,en,0.5,0.5,0.0,120
bigscience/bloom-560m,4,side_aunt,8,1,bn,neutral,hi,0.725,1.0,0.6716458141803742,120
bigscience/bloom-560m,4,side_aunt,10,1,bn,informative,bn,0.525,1.0,0.9679215411345164,120
bigscience/bloom-560m,4,side_aunt,10,1,bn,informative,en,0.5,0.8,0.0259780883789062,120
bigscience/bloom-560m,4,side_aunt,10,1,bn,informative,hi,0.8,1.0,0.9668419390916824,120
bigscience/bloom-560m,4,side_aunt,10,1,bn,neutral,bn,0.5,1.0,0.4888606707255045,120
bigscience/bloom-560m,4,side_aunt,10,1,bn,neutral,en,0.5,0.5,0.0,120
bigscience/bloom-560m,4,side_aunt,10,1,bn,neutral,hi,0.725,1.0,0.668881798783938,120
bigscience/bloom-560m,4,side_aunt,12,1,bn,informative,bn,0.5333333333333333,1.0,1.033969920873642,120
bigscience/bloom-560m,4,side_aunt,12,1,bn,informative,en,0.5,0.8,0.0214838663736979,120
bigscience/bloom-560m,4,side_aunt,12,1,bn,informative,hi,0.7833333333333333,1.0,0.9655647039413452,120
bigscience/bloom-560m,4,side_aunt,12,1,bn,neutral,bn,0.5,1.0,0.5601338148117065,120
bigscience/bloom-560m,4,side_aunt,12,1,bn,neutral,en,0.5,0.5,0.0,120
bigscience/bloom-560m,4,side_aunt,12,1,bn,neutral,hi,0.725,1.0,0.6675295054912567,120
bigscience/bloom-560m,4,side_aunt,12,4,bn,informative,bn,0.525,1.0,0.9258885562419892,120
bigscience/bloom-560m,4,side_aunt,12,4,bn,informative,en,0.5,0.8166666666666667,0.0279869079589843,120
bigscience/bloom-560m,4,side_aunt,12,4,bn,informative,hi,0.7833333333333333,1.0,0.9907919983069102,120
bigscience/bloom-560m,4,side_aunt,12,4,bn,neutral,bn,0.5,1.0,0.4548766275246938,120
bigscience/bloom-560m,4,side_aunt,12,4,bn,neutral,en,0.5,0.5,0.0,120
bigscience/bloom-560m,4,side_aunt,12,4,bn,neutral,hi,0.65,1.0,0.6620747804641723,120
bigscience/bloom-560m,4,side_aunt,14,1,bn,informative,bn,0.5416666666666666,1.0,1.0958021104335784,120
bigscience/bloom-560m,4,side_aunt,14,1,bn,informative,en,0.5,0.8,0.0256576538085937,120
bigscience/bloom-560m,4,side_aunt,14,1,bn,informative,hi,0.7916666666666666,1.0,0.9636294732491176,120
bigscience/bloom-560m,4,side_aunt,14,1,bn,neutral,bn,0.5,1.0,0.598695057630539,120
bigscience/bloom-560m,4,side_aunt,14,1,bn,neutral,en,0.5,0.5,0.0,120
bigscience/bloom-560m,4,side_aunt,14,1,bn,neutral,hi,0.6833333333333333,1.0,0.6611682484547298,120
bigscience/bloom-560m,4,side_aunt,16,1,bn,informative,bn,0.5583333333333333,1.0,1.1317648768424988,120
bigscience/bloom-560m,4,side_aunt,16,1,bn,informative,en,0.5,0.7833333333333333,0.0228996276855468,120
bigscience/bloom-560m,4,side_aunt,16,1,bn,informative,hi,0.7833333333333333,1.0,0.9812691748142244,120
bigscience/bloom-560m,4,side_aunt,16,1,bn,neutral,bn,0.5,1.0,0.6089619338512421,120
bigscience/bloom-560m,4,side_aunt,16,1,bn,neutral,en,0.5,0.5,0.0,120
bigscience/bloom-560m,4,side_aunt,16,1,bn,neutral,hi,0.6583333333333333,1.0,0.6868566513061524,120
bigscience/bloom-560m,4,side_aunt,18,1,bn,informative,bn,0.5416666666666666,1.0,1.1056087334950766,120
bigscience/bloom-560m,4,side_aunt,18,1,bn,informative,en,0.5,0.7833333333333333,0.0211560567220052,120
bigscience/bloom-560m,4,side_aunt,18,1,bn,informative,hi,0.7583333333333333,1.0,0.9861380169788996,120
bigscience/bloom-560m,4,side_aunt,18,1,bn,neutral,bn,0.5,1.0,0.5941735943158467,120
bigscience/bloom-560m,4,side_aunt,18,1,bn,neutral,en,0.5,0.5,0.0,120
bigscience/bloom-560m,4,side_aunt,18,1,bn,neutral,hi,0.6416666666666667,1.0,0.6811690012613932,120
bigscience/bloom-560m,4,side_aunt,20,1,bn,informative,bn,0.5333333333333333,1.0,1.073785028855006,120
bigscience/bloom-560m,4,side_aunt,20,1,bn,informative,en,0.5,0.7166666666666667,0.0207875569661458,120
bigscience/bloom-560m,4,side_aunt,20,1,bn,informative,hi,0.7666666666666667,1.0,0.962390379110972,120
bigscience/bloom-560m,4,side_aunt,20,1,bn,neutral,bn,0.5,1.0,0.5680492142836253,120
bigscience/bloom-560m,4,side_aunt,20,1,bn,neutral,en,0.5,0.5,0.0,120
bigscience/bloom-560m,4,side_aunt,20,1,bn,neutral,hi,0.675,1.0,0.6553457667430241,120
bigscience/bloom-560m,4,side_aunt,22,1,bn,informative,bn,0.5333333333333333,1.0,1.0803552885850272,120
bigscience/bloom-560m,4,side_aunt,22,1,bn,informative,en,0.5,0.7833333333333333,0.0222284952799479,120
bigscience/bloom-560m,4,side_aunt,22,1,bn,informative,hi,0.7916666666666666,1.0,0.9763524691263836,120
bigscience/bloom-560m,4,side_aunt,22,1,bn,neutral,bn,0.5,1.0,0.5865121106306712,120
bigscience/bloom-560m,4,side_aunt,22,1,bn,neutral,en,0.5,0.5,0.0,120
bigscience/bloom-560m,4,side_aunt,22,1,bn,neutral,hi,0.7333333333333333,1.0,0.6856274942557017,120
bigscience/bloom-560m,4,side_aunt,0,1,hi,informative,bn,0.5333333333333333,1.0,1.1297567705313365,120
bigscience/bloom-560m,4,side_aunt,0,1,hi,informative,en,0.5,0.7833333333333333,0.0230672200520833,120
bigscience/bloom-560m,4,side_aunt,0,1,hi,informative,hi,0.8,1.0,0.9935034781694412,120
bigscience/bloom-560m,4,side_aunt,0,1,hi,neutral,bn,0.5,1.0,0.6208449145158131,120
bigscience/bloom-560m,4,side_aunt,0,1,hi,neutral,en,0.5,0.5,0.0,120
bigscience/bloom-560m,4,side_aunt,0,1,hi,neutral,hi,0.7083333333333334,1.0,0.7186373402674993,120
bigscience/bloom-560m,4,side_aunt,2,1,hi,informative,bn,0.5333333333333333,1.0,1.1391503314177196,120
bigscience/bloom-560m,4,side_aunt,2,1,hi,informative,en,0.5,0.7333333333333333,0.0193883260091145,120
bigscience/bloom-560m,4,side_aunt,2,1,hi,informative,hi,0.775,1.0,0.9637864430745444,120
bigscience/bloom-560m,4,side_aunt,2,1,hi,neutral,bn,0.5,1.0,0.636048553387324,120
bigscience/bloom-560m,4,side_aunt,2,1,hi,neutral,en,0.5,0.5,0.0,120
bigscience/bloom-560m,4,side_aunt,2,1,hi,neutral,hi,0.725,1.0,0.6722501625617345,120
bigscience/bloom-560m,4,side_aunt,4,1,hi,informative,bn,0.5333333333333333,1.0,1.1294909397761026,120
bigscience/bloom-560m,4,side_aunt,4,1,hi,informative,en,0.5,0.7333333333333333,0.0195732116699218,120
bigscience/bloom-560m,4,side_aunt,4,1,hi,informative,hi,0.8,1.0,1.009363517165184,120
bigscience/bloom-560m,4,side_aunt,4,1,hi,neutral,bn,0.5,1.0,0.629265966018041,120
bigscience/bloom-560m,4,side_aunt,4,1,hi,neutral,en,0.5,0.5,0.0,120
bigscience/bloom-560m,4,side_aunt,4,1,hi,neutral,hi,0.7583333333333333,1.0,0.7449889103571574,120
bigscience/bloom-560m,4,side_aunt,6,1,hi,informative,bn,0.5333333333333333,1.0,1.123785968621572,120
bigscience/bloom-560m,4,side_aunt,6,1,hi,informative,en,0.5,0.7333333333333333,0.0185742696126302,120
bigscience/bloom-560m,4,side_aunt,6,1,hi,informative,hi,0.7666666666666667,1.0,0.9311998625596364,120
bigscience/bloom-560m,4,side_aunt,6,1,hi,neutral,bn,0.5,1.0,0.6281939605871837,120
bigscience/bloom-560m,4,side_aunt,6,1,hi,neutral,en,0.5,0.5,0.0,120
bigscience/bloom-560m,4,side_aunt,6,1,hi,neutral,hi,0.7083333333333334,1.0,0.6434105396270752,120
bigscience/bloom-560m,4,side_aunt,8,1,hi,informative,bn,0.5333333333333333,1.0,1.1366097927093506,120
bigscience/bloom-560m,4,side_aunt,8,1,hi,informative,en,0.5,0.8,0.0278816223144531,120
bigscience/bloom-560m,4,side_aunt,8,1,hi,informative,hi,0.8083333333333333,1.0,1.043743320306142,120
bigscience/bloom-560m,4,side_aunt,8,1,hi,neutral,bn,0.5,1.0,0.6330280045668284,120
bigscience/bloom-560m,4,side_aunt,8,1,hi,neutral,en,0.5,0.5,0.0,120
bigscience/bloom-560m,4,side_aunt,8,1,hi,neutral,hi,0.7333333333333333,1.0,0.6956986874341965,120
bigscience/bloom-560m,4,side_aunt,10,1,hi,informative,bn,0.5416666666666666,1.0,1.1406087676684062,120
bigscience/bloom-560m,4,side_aunt,10,1,hi,informative,en,0.5,0.7666666666666667,0.0205294291178385,120
bigscience/bloom-560m,4,side_aunt,10,1,hi,informative,hi,0.8,1.0,1.0162160754203795,120
bigscience/bloom-560m,4,side_aunt,10,1,hi,neutral,bn,0.5,1.0,0.632808780670166,120
bigscience/bloom-560m,4,side_aunt,10,1,hi,neutral,en,0.5,0.5,0.0,120
bigscience/bloom-560m,4,side_aunt,10,1,hi,neutral,hi,0.7416666666666667,1.0,0.6952412039041519,120
bigscience/bloom-560m,4,side_aunt,12,1,hi,informative,bn,0.5333333333333333,1.0,1.1527261555194854,120
bigscience/bloom-560m,4,side_aunt,12,1,hi,informative,en,0.5,0.7666666666666667,0.0209999084472656,120
bigscience/bloom-560m,4,side_aunt,12,1,hi,informative,hi,0.7833333333333333,1.0,0.9156254013379416,120
bigscience/bloom-560m,4,side_aunt,12,1,hi,neutral,bn,0.5,1.0,0.6405203938484192,120
bigscience/bloom-560m,4,side_aunt,12,1,hi,neutral,en,0.5,0.5,0.0,120
bigscience/bloom-560m,4,side_aunt,12,1,hi,neutral,hi,0.7166666666666667,1.0,0.6305556863546371,120
bigscience/bloom-560m,4,side_aunt,12,4,hi,informative,bn,0.5333333333333333,1.0,1.120249378681183,120
bigscience/bloom-560m,4,side_aunt,12,4,hi,informative,en,0.5,0.6666666666666666,0.0130666097005208,120
bigscience/bloom-560m,4,side_aunt,12,4,hi,informative,hi,0.75,1.0,0.8681983689467112,120
bigscience/bloom-560m,4,side_aunt,12,4,hi,neutral,bn,0.5,1.0,0.6338738441467285,120
bigscience/bloom-560m,4,side_aunt,12,4,hi,neutral,en,0.5,0.5,0.0,120
bigscience/bloom-560m,4,side_aunt,12,4,hi,neutral,hi,0.65,1.0,0.6063664436340332,120
bigscience/bloom-560m,4,side_aunt,14,1,hi,informative,bn,0.5416666666666666,1.0,1.1414321502049765,120
bigscience/bloom-560m,4,side_aunt,14,1,hi,informative,en,0.5,0.7666666666666667,0.0219601949055989,120
bigscience/bloom-560m,4,side_aunt,14,1,hi,informative,hi,0.775,1.0,0.9612979372342428,120
bigscience/bloom-560m,4,side_aunt,14,1,hi,neutral,bn,0.5,1.0,0.6371613383293152,120
bigscience/bloom-560m,4,side_aunt,14,1,hi,neutral,en,0.5,0.5,0.0,120
bigscience/bloom-560m,4,side_aunt,14,1,hi,neutral,hi,0.7166666666666667,1.0,0.6682164241870244,120
bigscience/bloom-560m,4,side_aunt,16,1,hi,informative,bn,0.5333333333333333,1.0,1.133467016617457,120
bigscience/bloom-560m,4,side_aunt,16,1,hi,informative,en,0.5,0.7833333333333333,0.024689229329427,120
bigscience/bloom-560m,4,side_aunt,16,1,hi,informative,hi,0.775,1.0,0.9598178893327712,120
bigscience/bloom-560m,4,side_aunt,16,1,hi,neutral,bn,0.5,1.0,0.6344435552755991,120
bigscience/bloom-560m,4,side_aunt,16,1,hi,neutral,en,0.5,0.5,0.0,120
bigscience/bloom-560m,4,side_aunt,16,1,hi,neutral,hi,0.7166666666666667,1.0,0.67076469262441,120
bigscience/bloom-560m,4,side_aunt,18,1,hi,informative,bn,0.5416666666666666,1.0,1.147113029162089,120
bigscience/bloom-560m,4,side_aunt,18,1,hi,informative,en,0.5,0.7833333333333333,0.0235460917154947,120
bigscience/bloom-560m,4,side_aunt,18,1,hi,informative,hi,0.7916666666666666,1.0,0.9841543833414712,120
bigscience/bloom-560m,4,side_aunt,18,1,hi,neutral,bn,0.5,1.0,0.6347099244594574,120
bigscience/bloom-560m,4,side_aunt,18,1,hi,neutral,en,0.5,0.5,0.0,120
bigscience/bloom-560m,4,side_aunt,18,1,hi,neutral,hi,0.7333333333333333,1.0,0.696212238073349,120
bigscience/bloom-560m,4,side_aunt,20,1,hi,informative,bn,0.5333333333333333,1.0,1.1335659503936768,120
bigscience/bloom-560m,4,side_aunt,20,1,hi,informative,en,0.5,0.7833333333333333,0.0250010172526041,120
bigscience/bloom-560m,4,side_aunt,20,1,hi,informative,hi,0.8166666666666667,1.0,0.9556391676266988,120
bigscience/bloom-560m,4,side_aunt,20,1,hi,neutral,bn,0.5,1.0,0.6239686667919159,120
bigscience/bloom-560m,4,side_aunt,20,1,hi,neutral,en,0.5,0.5,0.0,120
bigscience/bloom-560m,4,side_aunt,20,1,hi,neutral,hi,0.7416666666666667,1.0,0.6685621241728464,120
bigscience/bloom-560m,4,side_aunt,22,1,hi,informative,bn,0.5333333333333333,1.0,1.1408546348412831,120
bigscience/bloom-560m,4,side_aunt,22,1,hi,informative,en,0.5,0.7833333333333333,0.0237119038899739,120
bigscience/bloom-560m,4,side_aunt,22,1,hi,informative,hi,0.8,1.0,0.9091288417577744,120
bigscience/bloom-560m,4,side_aunt,22,1,hi,neutral,bn,0.5,1.0,0.6327881753444672,120
bigscience/bloom-560m,4,side_aunt,22,1,hi,neutral,en,0.5,0.5,0.0,120
bigscience/bloom-560m,4,side_aunt,22,1,hi,neutral,hi,0.7416666666666667,1.0,0.6287992199261984,120
bigscience/bloom-560m,4,side_aunt,0,1,en,informative,bn,0.5333333333333333,1.0,1.1333710312843324,120
bigscience/bloom-560m,4,side_aunt,0,1,en,informative,en,0.5,0.7333333333333333,0.01849365234375,120
bigscience/bloom-560m,4,side_aunt,0,1,en,informative,hi,0.8083333333333333,1.0,1.008647475639979,120
bigscience/bloom-560m,4,side_aunt,0,1,en,neutral,bn,0.5,1.0,0.6266407608985901,120
bigscience/bloom-560m,4,side_aunt,0,1,en,neutral,en,0.5,0.5,0.0,120
bigscience/bloom-560m,4,side_aunt,0,1,en,neutral,hi,0.725,1.0,0.7013877491156261,120
bigscience/bloom-560m,4,side_aunt,2,1,en,informative,bn,0.5333333333333333,1.0,1.115675155321757,120
bigscience/bloom-560m,4,side_aunt,2,1,en,informative,en,0.5,0.7666666666666667,0.0227770487467447,120
bigscience/bloom-560m,4,side_aunt,2,1,en,informative,hi,0.8,1.0,1.0023265500863394,120
bigscience/bloom-560m,4,side_aunt,2,1,en,neutral,bn,0.5,1.0,0.621015336116155,120
bigscience/bloom-560m,4,side_aunt,2,1,en,neutral,en,0.5,0.5,0.0,120
bigscience/bloom-560m,4,side_aunt,2,1,en,neutral,hi,0.725,1.0,0.6898340155680974,120
bigscience/bloom-560m,4,side_aunt,4,1,en,informative,bn,0.5333333333333333,1.0,1.143993008136749,120
bigscience/bloom-560m,4,side_aunt,4,1,en,informative,en,0.5,0.6833333333333333,0.011712900797526,120
bigscience/bloom-560m,4,side_aunt,4,1,en,informative,hi,0.8,1.0,1.0083263705174128,120
bigscience/bloom-560m,4,side_aunt,4,1,en,neutral,bn,0.5,1.0,0.6434551437695821,120
bigscience/bloom-560m,4,side_aunt,4,1,en,neutral,en,0.5,0.5,0.0,120
bigscience/bloom-560m,4,side_aunt,4,1,en,neutral,hi,0.7333333333333333,1.0,0.688021652897199,120
bigscience/bloom-560m,4,side_aunt,6,1,en,informative,bn,0.5416666666666666,1.0,1.148486864566803,120
bigscience/bloom-560m,4,side_aunt,6,1,en,informative,en,0.5,0.8,0.0248987833658854,120
bigscience/bloom-560m,4,side_aunt,6,1,en,informative,hi,0.7916666666666666,1.0,0.989383335908254,120
bigscience/bloom-560m,4,side_aunt,6,1,en,neutral,bn,0.5,1.0,0.6265300234158834,120
bigscience/bloom-560m,4,side_aunt,6,1,en,neutral,en,0.5,0.5,0.0,120
bigscience/bloom-560m,4,side_aunt,6,1,en,neutral,hi,0.7,1.0,0.6929366926352183,120
bigscience/bloom-560m,4,side_aunt,8,1,en,informative,bn,0.5333333333333333,1.0,1.0996324717998505,120
bigscience/bloom-560m,4,side_aunt,8,1,en,informative,en,0.5,0.8666666666666667,0.0333770751953125,120
bigscience/bloom-560m,4,side_aunt,8,1,en,informative,hi,0.8,1.0,0.9988665839036306,120
bigscience/bloom-560m,4,side_aunt,8,1,en,neutral,bn,0.5,1.0,0.5830273866653443,120
bigscience/bloom-560m,4,side_aunt,8,1,en,neutral,en,0.5,0.5,0.0,120
bigscience/bloom-560m,4,side_aunt,8,1,en,neutral,hi,0.725,1.0,0.690531458457311,120
bigscience/bloom-560m,4,side_aunt,10,1,en,informative,bn,0.5333333333333333,1.0,1.12368989388148,120
bigscience/bloom-560m,4,side_aunt,10,1,en,informative,en,0.5,0.7833333333333333,0.025446065266927,120
bigscience/bloom-560m,4,side_aunt,10,1,en,informative,hi,0.8,1.0,1.013796219229698,120
bigscience/bloom-560m,4,side_aunt,10,1,en,neutral,bn,0.5,1.0,0.6009915252526601,120
bigscience/bloom-560m,4,side_aunt,10,1,en,neutral,en,0.5,0.5,0.0,120
bigscience/bloom-560m,4,side_aunt,10,1,en,neutral,hi,0.7333333333333333,1.0,0.7063950349887212,120
bigscience/bloom-560m,4,side_aunt,12,1,en,informative,bn,0.55,1.0,1.1385317742824554,120
bigscience/bloom-560m,4,side_aunt,12,1,en,informative,en,0.5,0.8833333333333333,0.0373908996582031,120
bigscience/bloom-560m,4,side_aunt,12,1,en,informative,hi,0.7916666666666666,1.0,0.991490535934766,120
bigscience/bloom-560m,4,side_aunt,12,1,en,neutral,bn,0.5,1.0,0.6265220721562703,120
bigscience/bloom-560m,4,side_aunt,12,1,en,neutral,en,0.5,0.5,0.0,120
bigscience/bloom-560m,4,side_aunt,12,1,en,neutral,hi,0.7416666666666667,1.0,0.6977984060843786,120
bigscience/bloom-560m,4,side_aunt,12,4,en,informative,bn,0.5583333333333333,1.0,1.1819321731726329,120
bigscience/bloom-560m,4,side_aunt,12,4,en,informative,en,0.5,0.8666666666666667,0.0328681945800781,120
bigscience/bloom-560m,4,side_aunt,12,4,en,informative,hi,0.8083333333333333,1.0,1.017486451069514,120
bigscience/bloom-560m,4,side_aunt,12,4,en,neutral,bn,0.5,1.0,0.6502799352010091,120
bigscience/bloom-560m,4,side_aunt,12,4,en,neutral,en,0.5,0.5,0.0,120
bigscience/bloom-560m,4,side_aunt,12,4,en,neutral,hi,0.7083333333333334,1.0,0.7186164746681849,120
bigscience/bloom-560m,4,side_aunt,14,1,en,informative,bn,0.5833333333333334,1.0,1.1206034958362578,120
bigscience/bloom-560m,4,side_aunt,14,1,en,informative,en,0.5,0.95,0.0440882364908854,120
bigscience/bloom-560m,4,side_aunt,14,1,en,informative,hi,0.8083333333333333,1.0,1.018497245510419,120
bigscience/bloom-560m,4,side_aunt,14,1,en,neutral,bn,0.5,1.0,0.6023747523625692,120
bigscience/bloom-560m,4,side_aunt,14,1,en,neutral,en,0.5,0.5,0.0,120
bigscience/bloom-560m,4,side_aunt,14,1,en,neutral,hi,0.7,1.0,0.6967726558446884,120
bigscience/bloom-560m,4,side_aunt,16,1,en,informative,bn,0.5583333333333333,1.0,1.1199920733769737,120
bigscience/bloom-560m,4,side_aunt,16,1,en,informative,en,0.5,0.8833333333333333,0.0376182556152343,120
bigscience/bloom-560m,4,side_aunt,16,1,en,informative,hi,0.775,1.0,1.0398286571105322,120
bigscience/bloom-560m,4,side_aunt,16,1,en,neutral,bn,0.5,1.0,0.6165332913398742,120
bigscience/bloom-560m,4,side_aunt,16,1,en,neutral,en,0.5,0.5,0.0,120
bigscience/bloom-560m,4,side_aunt,16,1,en,neutral,hi,0.6583333333333333,1.0,0.7088262637456259,120
bigscience/bloom-560m,4,side_aunt,18,1,en,informative,bn,0.55,1.0,1.1190215249856312,120
bigscience/bloom-560m,4,side_aunt,18,1,en,informative,en,0.5,0.8,0.031085205078125,120
bigscience/bloom-560m,4,side_aunt,18,1,en,informative,hi,0.7833333333333333,1.0,1.0158983146150906,120
bigscience/bloom-560m,4,side_aunt,18,1,en,neutral,bn,0.5,1.0,0.618568605184555,120
bigscience/bloom-560m,4,side_aunt,18,1,en,neutral,en,0.5,0.5,0.0,120
bigscience/bloom-560m,4,side_aunt,18,1,en,neutral,hi,0.6833333333333333,1.0,0.7089918345212937,120
bigscience/bloom-560m,4,side_aunt,20,1,en,informative,bn,0.55,1.0,1.1055460572242737,120
bigscience/bloom-560m,4,side_aunt,20,1,en,informative,en,0.5,0.8166666666666667,0.0299791971842447,120
bigscience/bloom-560m,4,side_aunt,20,1,en,informative,hi,0.7833333333333333,1.0,0.9523748517036438,120
bigscience/bloom-560m,4,side_aunt,20,1,en,neutral,bn,0.5,1.0,0.6009929319222768,120
bigscience/bloom-560m,4,side_aunt,20,1,en,neutral,en,0.5,0.5,0.0,120
bigscience/bloom-560m,4,side_aunt,20,1,en,neutral,hi,0.6833333333333333,1.0,0.6613152652978898,120
bigscience/bloom-560m,4,side_aunt,22,1,en,informative,bn,0.5333333333333333,1.0,1.1541656494140624,120
bigscience/bloom-560m,4,side_aunt,22,1,en,informative,en,0.5,0.8,0.0284614562988281,120
bigscience/bloom-560m,4,side_aunt,22,1,en,informative,hi,0.7833333333333333,1.0,0.9818915516138076,120
bigscience/bloom-560m,4,side_aunt,22,1,en,neutral,bn,0.5,1.0,0.6444030543168385,120
bigscience/bloom-560m,4,side_aunt,22,1,en,neutral,en,0.5,0.5,0.0,120
bigscience/bloom-560m,4,side_aunt,22,1,en,neutral,hi,0.6833333333333333,1.0,0.6873436003923417,120
bigscience/bloom-560m,4,gender,0,1,bn,informative,bn,0.5,1.0,0.6187522649765015,120
bigscience/bloom-560m,4,gender,0,1,bn,informative,en,0.875,1.0,0.5289360046386719,120
bigscience/bloom-560m,4,gender,0,1,bn,informative,hi,0.5166666666666667,1.0,0.519979465007782,120
bigscience/bloom-560m,4,gender,0,1,bn,neutral,bn,0.5,0.7666666666666667,0.0918415933847427,120
bigscience/bloom-560m,4,gender,0,1,bn,neutral,en,0.8333333333333334,1.0,0.4898190816243489,120
bigscience/bloom-560m,4,gender,0,1,bn,neutral,hi,0.5,1.0,0.2399107416470845,120
bigscience/bloom-560m,4,gender,2,1,bn,informative,bn,0.5,1.0,0.4109758536020915,120
bigscience/bloom-560m,4,gender,2,1,bn,informative,en,0.8916666666666667,1.0,0.5320081075032552,120
bigscience/bloom-560m,4,gender,2,1,bn,informative,hi,0.5166666666666667,1.0,0.523404186964035,120
bigscience/bloom-560m,4,gender,2,1,bn,neutral,bn,0.5,0.1666666666666666,-0.1426941215991974,120
bigscience/bloom-560m,4,gender,2,1,bn,neutral,en,0.8333333333333334,1.0,0.4915733337402344,120
bigscience/bloom-560m,4,gender,2,1,bn,neutral,hi,0.5,1.0,0.2391167481740315,120
bigscience/bloom-560m,4,gender,4,1,bn,informative,bn,0.5,1.0,0.629938472310702,120
bigscience/bloom-560m,4,gender,4,1,bn,informative,en,0.875,1.0,0.516705576578776,120
bigscience/bloom-560m,4,gender,4,1,bn,informative,hi,0.5166666666666667,1.0,0.5146053791046142,120
bigscience/bloom-560m,4,gender,4,1,bn,neutral,bn,0.5,0.8333333333333334,0.0975761890411377,120
bigscience/bloom-560m,4,gender,4,1,bn,neutral,en,0.8333333333333334,1.0,0.4883455912272135,120
bigscience/bloom-560m,4,gender,4,1,bn,neutral,hi,0.5,1.0,0.2299378593762715,120
bigscience/bloom-560m,4,gender,6,1,bn,informative,bn,0.5,1.0,0.6377511521180471,120
bigscience/bloom-560m,4,gender,6,1,bn,informative,en,0.875,1.0,0.5373629252115886,120
bigscience/bloom-560m,4,gender,6,1,bn,informative,hi,0.5166666666666667,1.0,0.5286872227986653,120
bigscience/bloom-560m,4,gender,6,1,bn,neutral,bn,0.5,0.9,0.1104756106932958,120
bigscience/bloom-560m,4,gender,6,1,bn,neutral,en,0.8333333333333334,1.0,0.4993123372395833,120
bigscience/bloom-560m,4,gender,6,1,bn,neutral,hi,0.5,1.0,0.2517758766810099,120
bigscience/bloom-560m,4,gender,8,1,bn,informative,bn,0.5,1.0,0.6555673311154048,120
bigscience/bloom-560m,4,gender,8,1,bn,informative,en,0.9,1.0,0.5384976704915364,120
bigscience/bloom-560m,4,gender,8,1,bn,informative,hi,0.5166666666666667,1.0,0.5157565295696258,120
bigscience/bloom-560m,4,gender,8,1,bn,neutral,bn,0.5,0.9166666666666666,0.1230220357577006,120
bigscience/bloom-560m,4,gender,8,1,bn,neutral,en,0.8333333333333334,1.0,0.4937700907389323,120
bigscience/bloom-560m,4,gender,8,1,bn,neutral,hi,0.5,1.0,0.2383186181386311,120
bigscience/bloom-560m,4,gender,10,1,bn,informative,bn,0.5,1.0,0.6536270340283712,120
bigscience/bloom-560m,4,gender,10,1,bn,informative,en,0.9,1.0,0.5656481424967448,120
bigscience/bloom-560m,4,gender,10,1,bn,informative,hi,0.5,1.0,0.5121268153190612,120
bigscience/bloom-560m,4,gender,10,1,bn,neutral,bn,0.5,0.8833333333333333,0.1185105512539545,120
bigscience/bloom-560m,4,gender,10,1,bn,neutral,en,0.8416666666666667,1.0,0.5197563171386719,120
bigscience/bloom-560m,4,gender,10,1,bn,neutral,hi,0.5,1.0,0.2362207929293314,120
bigscience/bloom-560m,4,gender,12,1,bn,informative,bn,0.5,1.0,0.5506143550078074,120
bigscience/bloom-560m,4,gender,12,1,bn,informative,en,0.875,1.0,0.5609331766764323,120
bigscience/bloom-560m,4,gender,12,1,bn,informative,hi,0.5166666666666667,1.0,0.5206617554028828,120
bigscience/bloom-560m,4,gender,12,1,bn,neutral,bn,0.5,0.7166666666666667,0.0492132614056269,120
bigscience/bloom-560m,4,gender,12,1,bn,neutral,en,0.8333333333333334,1.0,0.504345448811849,120
bigscience/bloom-560m,4,gender,12,1,bn,neutral,hi,0.5,1.0,0.2331119378407796,120
bigscience/bloom-560m,4,gender,12,4,bn,informative,bn,0.5,1.0,0.5941349744796753,120
bigscience/bloom-560m,4,gender,12,4,bn,informative,en,0.8916666666666667,1.0,0.5363019307454427,120
bigscience/bloom-560m,4,gender,12,4,bn,informative,hi,0.5166666666666667,1.0,0.5006388147672017,120
bigscience/bloom-560m,4,gender,12,4,bn,neutral,bn,0.5,0.85,0.1160088231166203,120
bigscience/bloom-560m,4,gender,12,4,bn,neutral,en,0.8583333333333333,1.0,0.4848594665527344,120
bigscience/bloom-560m,4,gender,12,4,bn,neutral,hi,0.5,1.0,0.2366397738456726,120
bigscience/bloom-560m,4,gender,14,1,bn,informative,bn,0.5,1.0,0.5979434053103129,120
bigscience/bloom-560m,4,gender,14,1,bn,informative,en,0.875,1.0,0.5383771260579427,120
bigscience/bloom-560m,4,gender,14,1,bn,informative,hi,0.5166666666666667,1.0,0.4751489718755086,120
bigscience/bloom-560m,4,gender,14,1,bn,neutral,bn,0.5,0.7666666666666667,0.1050647179285685,120
bigscience/bloom-560m,4,gender,14,1,bn,neutral,en,0.8333333333333334,1.0,0.4845057169596354,120
bigscience/bloom-560m,4,gender,14,1,bn,neutral,hi,0.5,1.0,0.2156587044397989,120
bigscience/bloom-560m,4,gender,16,1,bn,informative,bn,0.5,1.0,0.6328893522421519,120
bigscience/bloom-560m,4,gender,16,1,bn,informative,en,0.8666666666666667,1.0,0.5489679972330729,120
bigscience/bloom-560m,4,gender,16,1,bn,informative,hi,0.5166666666666667,1.0,0.5281649688879649,120
bigscience/bloom-560m,4,gender,16,1,bn,neutral,bn,0.5,0.7666666666666667,0.069801781574885,120
bigscience/bloom-560m,4,gender,16,1,bn,neutral,en,0.8333333333333334,1.0,0.5006762186686198,120
bigscience/bloom-560m,4,gender,16,1,bn,neutral,hi,0.5,1.0,0.2352104663848876,120
bigscience/bloom-560m,4,gender,18,1,bn,informative,bn,0.5,1.0,0.6293469130992889,120
bigscience/bloom-560m,4,gender,18,1,bn,informative,en,0.8666666666666667,1.0,0.5592577616373698,120
bigscience/bloom-560m,4,gender,18,1,bn,informative,hi,0.5166666666666667,1.0,0.5793432275454203,120
bigscience/bloom-560m,4,gender,18,1,bn,neutral,bn,0.5,0.6666666666666666,0.0414795100688934,120
bigscience/bloom-560m,4,gender,18,1,bn,neutral,en,0.8333333333333334,1.0,0.5197527567545573,120
bigscience/bloom-560m,4,gender,18,1,bn,neutral,hi,0.5,1.0,0.2666661997636159,120
bigscience/bloom-560m,4,gender,20,1,bn,informative,bn,0.5,1.0,0.6026622811953227,120
bigscience/bloom-560m,4,gender,20,1,bn,informative,en,0.875,1.0,0.501270039876302,120
bigscience/bloom-560m,4,gender,20,1,bn,informative,hi,0.5166666666666667,1.0,0.527959148089091,120
bigscience/bloom-560m,4,gender,20,1,bn,neutral,bn,0.5,0.7833333333333333,0.079372160633405,120
bigscience/bloom-560m,4,gender,20,1,bn,neutral,en,0.8333333333333334,1.0,0.4646753946940104,120
bigscience/bloom-560m,4,gender,20,1,bn,neutral,hi,0.5083333333333333,1.0,0.2483282526334126,120
bigscience/bloom-560m,4,gender,22,1,bn,informative,bn,0.5,1.0,0.5910932461420695,120
bigscience/bloom-560m,4,gender,22,1,bn,informative,en,0.875,1.0,0.5179585774739583,120
bigscience/bloom-560m,4,gender,22,1,bn,informative,hi,0.5166666666666667,1.0,0.5008803685506185,120
bigscience/bloom-560m,4,gender,22,1,bn,neutral,bn,0.5,0.75,0.0677448103825251,120
bigscience/bloom-560m,4,gender,22,1,bn,neutral,en,0.8333333333333334,1.0,0.4795873006184896,120
bigscience/bloom-560m,4,gender,22,1,bn,neutral,hi,0.5,1.0,0.2194504181543986,120
bigscience/bloom-560m,4,gender,0,1,hi,informative,bn,0.5,1.0,0.5940416723489761,120
bigscience/bloom-560m,4,gender,0,1,hi,informative,en,0.8916666666666667,1.0,0.5241020202636719,120
bigscience/bloom-560m,4,gender,0,1,hi,informative,hi,0.5083333333333333,1.0,0.5121390024820963,120
bigscience/bloom-560m,4,gender,0,1,hi,neutral,bn,0.5,0.7666666666666667,0.0759620000918706,120
bigscience/bloom-560m,4,gender,0,1,hi,neutral,en,0.8333333333333334,1.0,0.4895797729492187,120
bigscience/bloom-560m,4,gender,0,1,hi,neutral,hi,0.5,1.0,0.2280431310335795,120
bigscience/bloom-560m,4,gender,2,1,hi,informative,bn,0.5,1.0,0.6061983187993367,120
bigscience/bloom-560m,4,gender,2,1,hi,informative,en,0.8833333333333333,1.0,0.5286338806152344,120
bigscience/bloom-560m,4,gender,2,1,hi,informative,hi,0.5166666666666667,1.0,0.5502554297447204,120
bigscience/bloom-560m,4,gender,2,1,hi,neutral,bn,0.5,0.7833333333333333,0.0781528900067011,120
bigscience/bloom-560m,4,gender,2,1,hi,neutral,en,0.8333333333333334,1.0,0.4916951497395833,120
bigscience/bloom-560m,4,gender,2,1,hi,neutral,hi,0.5,1.0,0.2649285236994425,120
bigscience/bloom-560m,4,gender,4,1,hi,informative,bn,0.5,1.0,0.6090926696856817,120
bigscience/bloom-560m,4,gender,4,1,hi,informative,en,0.875,1.0,0.524364725748698,120
bigscience/bloom-560m,4,gender,4,1,hi,informative,hi,0.5166666666666667,1.0,0.5047236899534862,120
bigscience/bloom-560m,4,gender,4,1,hi,neutral,bn,0.5,0.7833333333333333,0.0853597770134608,120
bigscience/bloom-560m,4,gender,4,1,hi,neutral,en,0.8333333333333334,1.0,0.4865839640299479,120
bigscience/bloom-560m,4,gender,4,1,hi,neutral,hi,0.5,1.0,0.2190424879391988,120
bigscience/bloom-560m,4,gender,6,1,hi,informative,bn,0.5,1.0,0.6107006202141444,120
bigscience/bloom-560m,4,gender,6,1,hi,informative,en,0.875,1.0,0.5244374593098958,120
bigscience/bloom-560m,4,gender,6,1,hi,informative,hi,0.5166666666666667,1.0,0.4858542621135712,120
bigscience/bloom-560m,4,gender,6,1,hi,neutral,bn,0.5,0.7833333333333333,0.0822651932636896,120
bigscience/bloom-560m,4,gender,6,1,hi,neutral,en,0.8333333333333334,1.0,0.4877250671386718,120
bigscience/bloom-560m,4,gender,6,1,hi,neutral,hi,0.5,1.0,0.2048600951830546,120
bigscience/bloom-560m,4,gender,8,1,hi,informative,bn,0.5,1.0,0.6109273910522461,120
bigscience/bloom-560m,4,gender,8,1,hi,informative,en,0.875,1.0,0.5249654134114583,120
bigscience/bloom-560m,4,gender,8,1,hi,informative,hi,0.5166666666666667,1.0,0.521372930208842,120
bigscience/bloom-560m,4,gender,8,1,hi,neutral,bn,0.5,0.7666666666666667,0.0792188713947932,120
bigscience/bloom-560m,4,gender,8,1,hi,neutral,en,0.8333333333333334,1.0,0.4864634195963541,120
bigscience/bloom-560m,4,gender,8,1,hi,neutral,hi,0.5,1.0,0.2383279244105021,120
bigscience/bloom-560m,4,gender,10,1,hi,informative,bn,0.5,1.0,0.623733467857043,120
bigscience/bloom-560m,4,gender,10,1,hi,informative,en,0.8833333333333333,1.0,0.5287460327148438,120
bigscience/bloom-560m,4,gender,10,1,hi,informative,hi,0.5166666666666667,1.0,0.4988639016946157,120
bigscience/bloom-560m,4,gender,10,1,hi,neutral,bn,0.5,0.8,0.0889110922813415,120
bigscience/bloom-560m,4,gender,10,1,hi,neutral,en,0.8333333333333334,1.0,0.4856107076009114,120
bigscience/bloom-560m,4,gender,10,1,hi,neutral,hi,0.5,1.0,0.2184036175409952,120
bigscience/bloom-560m,4,gender,12,1,hi,informative,bn,0.5,1.0,0.5909666279951732,120
bigscience/bloom-560m,4,gender,12,1,hi,informative,en,0.8666666666666667,1.0,0.517907460530599,120
bigscience/bloom-560m,4,gender,12,1,hi,informative,hi,0.5166666666666667,1.0,0.4598302960395813,120
bigscience/bloom-560m,4,gender,12,1,hi,neutral,bn,0.5,0.7833333333333333,0.0809195935726165,120
bigscience/bloom-560m,4,gender,12,1,hi,neutral,en,0.825,1.0,0.4805231730143229,120
bigscience/bloom-560m,4,gender,12,1,hi,neutral,hi,0.5,1.0,0.1901959220568339,120
bigscience/bloom-560m,4,gender,12,4,hi,informative,bn,0.5,1.0,0.5885736376047135,120
bigscience/bloom-560m,4,gender,12,4,hi,informative,en,0.8666666666666667,1.0,0.4945025126139323,120
bigscience/bloom-560m,4,gender,12,4,hi,informative,hi,0.5,1.0,0.3849117656548818,120
bigscience/bloom-560m,4,gender,12,4,hi,neutral,bn,0.5,0.7833333333333333,0.0846408794323603,120
bigscience/bloom-560m,4,gender,12,4,hi,neutral,en,0.8333333333333334,1.0,0.4573562622070312,120
bigscience/bloom-560m,4,gender,12,4,hi,neutral,hi,0.5,0.9,0.1436359882354736,120
bigscience/bloom-560m,4,gender,14,1,hi,informative,bn,0.5,1.0,0.596765739719073,120
bigscience/bloom-560m,4,gender,14,1,hi,informative,en,0.875,1.0,0.5161033630371094,120
bigscience/bloom-560m,4,gender,14,1,hi,informative,hi,0.5166666666666667,1.0,0.4967049956321716,120
bigscience/bloom-560m,4,gender,14,1,hi,neutral,bn,0.5,0.7833333333333333,0.0902114927768707,120
bigscience/bloom-560m,4,gender,14,1,hi,neutral,en,0.8333333333333334,1.0,0.4787495930989583,120
bigscience/bloom-560m,4,gender,14,1,hi,neutral,hi,0.5,1.0,0.223942482471466,120
bigscience/bloom-560m,4,gender,16,1,hi,informative,bn,0.5,1.0,0.5946241388718287,120
bigscience/bloom-560m,4,gender,16,1,hi,informative,en,0.8583333333333333,1.0,0.4970291137695312,120
bigscience/bloom-560m,4,gender,16,1,hi,informative,hi,0.5166666666666667,1.0,0.4685243705908457,120
bigscience/bloom-560m,4,gender,16,1,hi,neutral,bn,0.5,0.7666666666666667,0.0761091073354085,120
bigscience/bloom-560m,4,gender,16,1,hi,neutral,en,0.8333333333333334,1.0,0.4641250610351562,120
bigscience/bloom-560m,4,gender,16,1,hi,neutral,hi,0.5,0.9666666666666668,0.1889874100685119,120
bigscience/bloom-560m,4,gender,18,1,hi,informative,bn,0.5,1.0,0.5868249863386155,120
bigscience/bloom-560m,4,gender,18,1,hi,informative,en,0.8583333333333333,1.0,0.4745005289713541,120
bigscience/bloom-560m,4,gender,18,1,hi,informative,hi,0.5,1.0,0.4003350992997487,120
bigscience/bloom-560m,4,gender,18,1,hi,neutral,bn,0.5,0.7666666666666667,0.0818612873554229,120
bigscience/bloom-560m,4,gender,18,1,hi,neutral,en,0.8333333333333334,1.0,0.4270258585611979,120
bigscience/bloom-560m,4,gender,18,1,hi,neutral,hi,0.5,0.8333333333333334,0.120983600616455,120
bigscience/bloom-560m,4,gender,20,1,hi,informative,bn,0.5,1.0,0.6093384643395742,120
bigscience/bloom-560m,4,gender,20,1,hi,informative,en,0.8166666666666667,1.0,0.4436737060546875,120
bigscience/bloom-560m,4,gender,20,1,hi,informative,hi,0.5083333333333333,1.0,0.3444136063257853,120
bigscience/bloom-560m,4,gender,20,1,hi,neutral,bn,0.5,0.7833333333333333,0.081110002597173,120
bigscience/bloom-560m,4,gender,20,1,hi,neutral,en,0.8333333333333334,1.0,0.4123179117838542,120
bigscience/bloom-560m,4,gender,20,1,hi,neutral,hi,0.5,0.6833333333333333,0.0684315880139668,120
bigscience/bloom-560m,4,gender,22,1,hi,informative,bn,0.5,1.0,0.6048105875651042,120
bigscience/bloom-560m,4,gender,22,1,hi,informative,en,0.8416666666666667,1.0,0.4711161295572916,120
bigscience/bloom-560m,4,gender,22,1,hi,informative,hi,0.5083333333333333,1.0,0.4441140631834666,120
bigscience/bloom-560m,4,gender,22,1,hi,neutral,bn,0.5,0.7833333333333333,0.0813183397054672,120
bigscience/bloom-560m,4,gender,22,1,hi,neutral,en,0.8416666666666667,1.0,0.4374061584472656,120
bigscience/bloom-560m,4,gender,22,1,hi,neutral,hi,0.5,0.9666666666666668,0.1682304660479227,120
bigscience/bloom-560m,4,gender,0,1,en,informative,bn,0.5,1.0,0.6048115084568659,120
bigscience/bloom-560m,4,gender,0,1,en,informative,en,0.8666666666666667,1.0,0.5044659932454427,120
bigscience/bloom-560m,4,gender,0,1,en,informative,hi,0.5166666666666667,1.0,0.5049064596494038,120
bigscience/bloom-560m,4,gender,0,1,en,neutral,bn,0.5,0.7833333333333333,0.0866394221782684,120
bigscience/bloom-560m,4,gender,0,1,en,neutral,en,0.8333333333333334,1.0,0.4744155883789062,120
bigscience/bloom-560m,4,gender,0,1,en,neutral,hi,0.5,1.0,0.230863086382548,120
bigscience/bloom-560m,4,gender,2,1,en,informative,bn,0.5,1.0,0.6027612676223119,120
bigscience/bloom-560m,4,gender,2,1,en,informative,en,0.875,1.0,0.5343882242838541,120
bigscience/bloom-560m,4,gender,2,1,en,informative,hi,0.5166666666666667,1.0,0.5311160544554393,120
bigscience/bloom-560m,4,gender,2,1,en,neutral,bn,0.5,0.75,0.0692811588446299,120
bigscience/bloom-560m,4,gender,2,1,en,neutral,en,0.8333333333333334,1.0,0.4867245992024739,120
bigscience/bloom-560m,4,gender,2,1,en,neutral,hi,0.5,1.0,0.2439674894014994,120
bigscience/bloom-560m,4,gender,4,1,en,informative,bn,0.5,1.0,0.6054777493079503,120
bigscience/bloom-560m,4,gender,4,1,en,informative,en,0.8916666666666667,1.0,0.5375829060872396,120
bigscience/bloom-560m,4,gender,4,1,en,informative,hi,0.5166666666666667,1.0,0.5347338596979777,120
bigscience/bloom-560m,4,gender,4,1,en,neutral,bn,0.5,0.7666666666666667,0.0738440761963526,120
bigscience/bloom-560m,4,gender,4,1,en,neutral,en,0.8583333333333333,1.0,0.4951792399088541,120
bigscience/bloom-560m,4,gender,4,1,en,neutral,hi,0.5,1.0,0.2403338511784871,120
bigscience/bloom-560m,4,gender,6,1,en,informative,bn,0.5,1.0,0.592028021812439,120
bigscience/bloom-560m,4,gender,6,1,en,informative,en,0.8583333333333333,1.0,0.4786603291829427,120
bigscience/bloom-560m,4,gender,6,1,en,informative,hi,0.5166666666666667,1.0,0.5310248096783956,120
bigscience/bloom-560m,4,gender,6,1,en,neutral,bn,0.5,0.7833333333333333,0.0825822959343592,120
bigscience/bloom-560m,4,gender,6,1,en,neutral,en,0.8333333333333334,1.0,0.4299969991048177,120
bigscience/bloom-560m,4,gender,6,1,en,neutral,hi,0.5,1.0,0.2388998746871948,120
bigscience/bloom-560m,4,gender,8,1,en,informative,bn,0.5,1.0,0.5994669208923976,120
bigscience/bloom-560m,4,gender,8,1,en,informative,en,0.85,1.0,0.4463165283203125,120
bigscience/bloom-560m,4,gender,8,1,en,informative,hi,0.5166666666666667,1.0,0.5327526926994324,120
bigscience/bloom-560m,4,gender,8,1,en,neutral,bn,0.5,0.7833333333333333,0.0856033325195312,120
bigscience/bloom-560m,4,gender,8,1,en,neutral,en,0.8416666666666667,1.0,0.4114908854166667,120
bigscience/bloom-560m,4,gender,8,1,en,neutral,hi,0.5,1.0,0.2416998108228047,120
bigscience/bloom-560m,4,gender,10,1,en,informative,bn,0.5,1.0,0.5952014128367106,120
bigscience/bloom-560m,4,gender,10,1,en,informative,en,0.8583333333333333,1.0,0.4464182535807292,120
bigscience/bloom-560m,4,gender,10,1,en,informative,hi,0.5166666666666667,1.0,0.4924289226531982,120
bigscience/bloom-560m,4,gender,10,1,en,neutral,bn,0.5,0.7833333333333333,0.0811491787433624,120
bigscience/bloom-560m,4,gender,10,1,en,neutral,en,0.8333333333333334,1.0,0.4162821451822917,120
bigscience/bloom-560m,4,gender,10,1,en,neutral,hi,0.5,1.0,0.2129295667012532,120
bigscience/bloom-560m,4,gender,12,1,en,informative,bn,0.5,1.0,0.6065798352162043,120
bigscience/bloom-560m,4,gender,12,1,en,informative,en,0.8666666666666667,1.0,0.4705360412597656,120
bigscience/bloom-560m,4,gender,12,1,en,informative,hi,0.5166666666666667,1.0,0.4580565452575683,120
bigscience/bloom-560m,4,gender,12,1,en,neutral,bn,0.5,0.75,0.0763086706399917,120
bigscience/bloom-560m,4,gender,12,1,en,neutral,en,0.85,1.0,0.4517890930175781,120
bigscience/bloom-560m,4,gender,12,1,en,neutral,hi,0.5,1.0,0.2036874413490295,120
bigscience/bloom-560m,4,gender,12,4,en,informative,bn,0.5,1.0,0.616522154211998,120
bigscience/bloom-560m,4,gender,12,4,en,informative,en,0.7666666666666667,1.0,0.2880912780761718,120
bigscience/bloom-560m,4,gender,12,4,en,informative,hi,0.5166666666666667,1.0,0.4338680744171143,120
bigscience/bloom-560m,4,gender,12,4,en,neutral,bn,0.5,0.8333333333333334,0.1000478039185206,120
bigscience/bloom-560m,4,gender,12,4,en,neutral,en,0.8,1.0,0.29412841796875,120
bigscience/bloom-560m,4,gender,12,4,en,neutral,hi,0.5,1.0,0.1856618364651998,120
bigscience/bloom-560m,4,gender,14,1,en,informative,bn,0.5,1.0,0.603543750445048,120
bigscience/bloom-560m,4,gender,14,1,en,informative,en,0.875,1.0,0.5083671569824219,120
bigscience/bloom-560m,4,gender,14,1,en,informative,hi,0.525,1.0,0.4834381858507792,120
bigscience/bloom-560m,4,gender,14,1,en,neutral,bn,0.5,0.7666666666666667,0.0813343296448389,120
bigscience/bloom-560m,4,gender,14,1,en,neutral,en,0.85,1.0,0.4923700968424479,120
bigscience/bloom-560m,4,gender,14,1,en,neutral,hi,0.5083333333333333,1.0,0.2222281177838643,120
bigscience/bloom-560m,4,gender,16,1,en,informative,bn,0.5,1.0,0.6072948127985001,120
bigscience/bloom-560m,4,gender,16,1,en,informative,en,0.8416666666666667,1.0,0.5042259216308593,120
bigscience/bloom-560m,4,gender,16,1,en,informative,hi,0.525,1.0,0.526723059018453,120
bigscience/bloom-560m,4,gender,16,1,en,neutral,bn,0.5,0.7833333333333333,0.0813919643561045,120
bigscience/bloom-560m,4,gender,16,1,en,neutral,en,0.825,1.0,0.4808036804199219,120
bigscience/bloom-560m,4,gender,16,1,en,neutral,hi,0.5,1.0,0.2377388517061869,120
bigscience/bloom-560m,4,gender,18,1,en,informative,bn,0.5,1.0,0.5554630269606908,120
bigscience/bloom-560m,4,gender,18,1,en,informative,en,0.825,1.0,0.4464838663736979,120
bigscience/bloom-560m,4,gender,18,1,en,informative,hi,0.575,1.0,0.4992025971412658,120
bigscience/bloom-560m,4,gender,18,1,en,neutral,bn,0.5,0.7333333333333333,0.0627080619335174,120
bigscience/bloom-560m,4,gender,18,1,en,neutral,en,0.8166666666666667,1.0,0.4243212381998698,120
bigscience/bloom-560m,4,gender,18,1,en,neutral,hi,0.5083333333333333,1.0,0.2271417458852132,120
bigscience/bloom-560m,4,gender,20,1,en,informative,bn,0.5,1.0,0.5518543193737666,120
bigscience/bloom-560m,4,gender,20,1,en,informative,en,0.8416666666666667,1.0,0.4422622680664062,120
bigscience/bloom-560m,4,gender,20,1,en,informative,hi,0.5333333333333333,1.0,0.4602355261643727,120
bigscience/bloom-560m,4,gender,20,1,en,neutral,bn,0.5,0.7333333333333333,0.0582664281129837,120
bigscience/bloom-560m,4,gender,20,1,en,neutral,en,0.85,1.0,0.419677988688151,120
bigscience/bloom-560m,4,gender,20,1,en,neutral,hi,0.5083333333333333,1.0,0.1710235516230265,120
bigscience/bloom-560m,4,gender,22,1,en,informative,bn,0.5,1.0,0.5805233746767045,120
bigscience/bloom-560m,4,gender,22,1,en,informative,en,0.8083333333333333,1.0,0.4195116678873697,120
bigscience/bloom-560m,4,gender,22,1,en,informative,hi,0.5083333333333333,1.0,0.4553050021330515,120
bigscience/bloom-560m,4,gender,22,1,en,neutral,bn,0.5,0.75,0.0666425983111063,120
bigscience/bloom-560m,4,gender,22,1,en,neutral,en,0.825,1.0,0.3888018290201823,120
bigscience/bloom-560m,4,gender,22,1,en,neutral,hi,0.5,0.9666666666666668,0.1785226821899414,120
bigscience/bloom-560m,4,side_aunt,0,1,random,informative,bn,0.5333333333333333,1.0,1.1346363643805186,120
bigscience/bloom-560m,4,side_aunt,0,1,random,informative,en,0.5,0.7833333333333333,0.0248738606770833,120
bigscience/bloom-560m,4,side_aunt,0,1,random,informative,hi,0.8,1.0,0.9819242388010024,120
bigscience/bloom-560m,4,side_aunt,0,1,random,neutral,bn,0.5,1.0,0.6328234573205312,120
bigscience/bloom-560m,4,side_aunt,0,1,random,neutral,en,0.5,0.5,0.0,120
bigscience/bloom-560m,4,side_aunt,0,1,random,neutral,hi,0.7333333333333333,1.0,0.6935589283704757,120
bigscience/bloom-560m,4,gender,0,1,random,informative,bn,0.5,1.0,0.6044555813074112,120
bigscience/bloom-560m,4,gender,0,1,random,informative,en,0.8833333333333333,1.0,0.5301315307617187,120
bigscience/bloom-560m,4,gender,0,1,random,informative,hi,0.5083333333333333,1.0,0.5184183915456136,120
bigscience/bloom-560m,4,gender,0,1,random,neutral,bn,0.5,0.7666666666666667,0.0760862121979395,120
bigscience/bloom-560m,4,gender,0,1,random,neutral,en,0.8333333333333334,1.0,0.4927619934082031,120
bigscience/bloom-560m,4,gender,0,1,random,neutral,hi,0.5,1.0,0.2408532619476318,120
bigscience/bloom-560m,4,side_aunt,2,1,random,informative,bn,0.5333333333333333,1.0,1.1526215851306916,120
bigscience/bloom-560m,4,side_aunt,2,1,random,informative,en,0.5,0.7833333333333333,0.021802012125651,120
bigscience/bloom-560m,4,side_aunt,2,1,random,informative,hi,0.7916666666666666,1.0,0.9866482595602672,120
bigscience/bloom-560m,4,side_aunt,2,1,random,neutral,bn,0.5,1.0,0.6330422679583232,120
bigscience/bloom-560m,4,side_aunt,2,1,random,neutral,en,0.5,0.5,0.0,120
bigscience/bloom-560m,4,side_aunt,2,1,random,neutral,hi,0.725,1.0,0.6957845787207285,120
bigscience/bloom-560m,4,gender,2,1,random,informative,bn,0.5,1.0,0.591478184858958,120
bigscience/bloom-560m,4,gender,2,1,random,informative,en,0.875,1.0,0.5252352396647135,120
bigscience/bloom-560m,4,gender,2,1,random,informative,hi,0.5166666666666667,1.0,0.5163984457651775,120
bigscience/bloom-560m,4,gender,2,1,random,neutral,bn,0.5,0.7666666666666667,0.0730378101269404,120
bigscience/bloom-560m,4,gender,2,1,random,neutral,en,0.8333333333333334,1.0,0.4866022745768229,120
bigscience/bloom-560m,4,gender,2,1,random,neutral,hi,0.5,1.0,0.2380613923072815,120
bigscience/bloom-560m,4,side_aunt,4,1,random,informative,bn,0.5333333333333333,1.0,1.1376689453919728,120
bigscience/bloom-560m,4,side_aunt,4,1,random,informative,en,0.5,0.7833333333333333,0.0218915303548177,120
bigscience/bloom-560m,4,side_aunt,4,1,random,informative,hi,0.8083333333333333,1.0,0.9756134261687596,120
bigscience/bloom-560m,4,side_aunt,4,1,random,neutral,bn,0.5,1.0,0.6240148584047953,120
bigscience/bloom-560m,4,side_aunt,4,1,random,neutral,en,0.5,0.5,0.0,120
bigscience/bloom-560m,4,side_aunt,4,1,random,neutral,hi,0.7166666666666667,1.0,0.6900389045476913,120
bigscience/bloom-560m,4,gender,4,1,random,informative,bn,0.5,1.0,0.6064280102650325,120
bigscience/bloom-560m,4,gender,4,1,random,informative,en,0.875,1.0,0.5237335205078125,120
bigscience/bloom-560m,4,gender,4,1,random,informative,hi,0.5166666666666667,1.0,0.5145780503749847,120
bigscience/bloom-560m,4,gender,4,1,random,neutral,bn,0.5,0.7666666666666667,0.0779091407855351,120
bigscience/bloom-560m,4,gender,4,1,random,neutral,en,0.8333333333333334,1.0,0.486914316813151,120
bigscience/bloom-560m,4,gender,4,1,random,neutral,hi,0.5,1.0,0.2273105303446451,120
bigscience/bloom-560m,4,side_aunt,6,1,random,informative,bn,0.5416666666666666,1.0,1.1533897002538045,120
bigscience/bloom-560m,4,side_aunt,6,1,random,informative,en,0.5,0.7833333333333333,0.0256477355957031,120
bigscience/bloom-560m,4,side_aunt,6,1,random,informative,hi,0.8,1.0,0.9913792341947556,120
bigscience/bloom-560m,4,side_aunt,6,1,random,neutral,bn,0.5,1.0,0.643013737599055,120
bigscience/bloom-560m,4,side_aunt,6,1,random,neutral,en,0.5,0.5,0.0,120
bigscience/bloom-560m,4,side_aunt,6,1,random,neutral,hi,0.725,1.0,0.6868836839993795,120
bigscience/bloom-560m,4,gender,6,1,random,informative,bn,0.5,1.0,0.6152237872282664,120
bigscience/bloom-560m,4,gender,6,1,random,informative,en,0.875,1.0,0.529632568359375,120
bigscience/bloom-560m,4,gender,6,1,random,informative,hi,0.5166666666666667,1.0,0.5187475681304932,120
bigscience/bloom-560m,4,gender,6,1,random,neutral,bn,0.5,0.7666666666666667,0.0791320830583572,120
bigscience/bloom-560m,4,gender,6,1,random,neutral,en,0.8333333333333334,1.0,0.4892662048339843,120
bigscience/bloom-560m,4,gender,6,1,random,neutral,hi,0.5,1.0,0.2418520172437032,120
bigscience/bloom-560m,4,side_aunt,8,1,random,informative,bn,0.5333333333333333,1.0,1.151318089167277,120
bigscience/bloom-560m,4,side_aunt,8,1,random,informative,en,0.5,0.7833333333333333,0.0250239054361979,120
bigscience/bloom-560m,4,side_aunt,8,1,random,informative,hi,0.8,1.0,0.9966265360514324,120
bigscience/bloom-560m,4,side_aunt,8,1,random,neutral,bn,0.5,1.0,0.6361020962397258,120
bigscience/bloom-560m,4,side_aunt,8,1,random,neutral,en,0.5,0.5,0.0,120
bigscience/bloom-560m,4,side_aunt,8,1,random,neutral,hi,0.725,1.0,0.6910825262467066,120
bigscience/bloom-560m,4,gender,8,1,random,informative,bn,0.5,1.0,0.6046744962533315,120
bigscience/bloom-560m,4,gender,8,1,random,informative,en,0.875,1.0,0.5338849385579427,120
bigscience/bloom-560m,4,gender,8,1,random,informative,hi,0.5166666666666667,1.0,0.5257362723350525,120
bigscience/bloom-560m,4,gender,8,1,random,neutral,bn,0.5,0.7833333333333333,0.0799150764942169,120
bigscience/bloom-560m,4,gender,8,1,random,neutral,en,0.8333333333333334,1.0,0.4907750447591146,120
bigscience/bloom-560m,4,gender,8,1,random,neutral,hi,0.5,1.0,0.2429488142331441,120
bigscience/bloom-560m,4,side_aunt,10,1,random,informative,bn,0.5333333333333333,1.0,1.138705998659134,120
bigscience/bloom-560m,4,side_aunt,10,1,random,informative,en,0.5,0.7833333333333333,0.0216506958007812,120
bigscience/bloom-560m,4,side_aunt,10,1,random,informative,hi,0.8,1.0,0.991882622241974,120
bigscience/bloom-560m,4,side_aunt,10,1,random,neutral,bn,0.5,1.0,0.6397790690263112,120
bigscience/bloom-560m,4,side_aunt,10,1,random,neutral,en,0.5,0.5,0.0,120
bigscience/bloom-560m,4,side_aunt,10,1,random,neutral,hi,0.7333333333333333,1.0,0.6926936854918798,120
bigscience/bloom-560m,4,gender,10,1,random,informative,bn,0.5,1.0,0.6025391926368078,120
bigscience/bloom-560m,4,gender,10,1,random,informative,en,0.8833333333333333,1.0,0.5164098103841146,120
bigscience/bloom-560m,4,gender,10,1,random,informative,hi,0.5166666666666667,1.0,0.5103403647740682,120
bigscience/bloom-560m,4,gender,10,1,random,neutral,bn,0.5,0.75,0.0761657843987147,120
bigscience/bloom-560m,4,gender,10,1,random,neutral,en,0.8333333333333334,1.0,0.4830095926920573,120
bigscience/bloom-560m,4,gender,10,1,random,neutral,hi,0.5,1.0,0.2420212030410766,120
bigscience/bloom-560m,4,side_aunt,12,1,random,informative,bn,0.5333333333333333,1.0,1.1350081781546275,120
bigscience/bloom-560m,4,side_aunt,12,1,random,informative,en,0.5,0.7666666666666667,0.0215843200683593,120
bigscience/bloom-560m,4,side_aunt,12,1,random,informative,hi,0.7916666666666666,1.0,0.9722762207190196,120
bigscience/bloom-560m,4,side_aunt,12,1,random,neutral,bn,0.5,1.0,0.630573300520579,120
bigscience/bloom-560m,4,side_aunt,12,1,random,neutral,en,0.5,0.5,0.0,120
bigscience/bloom-560m,4,side_aunt,12,1,random,neutral,hi,0.7333333333333333,1.0,0.6850899289051692,120
bigscience/bloom-560m,4,gender,12,1,random,informative,bn,0.5,1.0,0.6063927859067917,120
bigscience/bloom-560m,4,gender,12,1,random,informative,en,0.875,1.0,0.5356239318847656,120
bigscience/bloom-560m,4,gender,12,1,random,informative,hi,0.5166666666666667,1.0,0.5319904545942943,120
bigscience/bloom-560m,4,gender,12,1,random,neutral,bn,0.5,0.7666666666666667,0.074997932712237,120
bigscience/bloom-560m,4,gender,12,1,random,neutral,en,0.8333333333333334,1.0,0.4890658060709635,120
bigscience/bloom-560m,4,gender,12,1,random,neutral,hi,0.5,1.0,0.2464337865511576,120
bigscience/bloom-560m,4,side_aunt,12,4,random,informative,bn,0.5333333333333333,1.0,1.1438445587952932,120
bigscience/bloom-560m,4,side_aunt,12,4,random,informative,en,0.5,0.7166666666666667,0.0183448791503906,120
bigscience/bloom-560m,4,side_aunt,12,4,random,informative,hi,0.7916666666666666,1.0,0.9986469238996506,120
bigscience/bloom-560m,4,side_aunt,12,4,random,neutral,bn,0.5,1.0,0.6520365556081136,120
bigscience/bloom-560m,4,side_aunt,12,4,random,neutral,en,0.5,0.5,0.0,120
bigscience/bloom-560m,4,side_aunt,12,4,random,neutral,hi,0.6916666666666667,1.0,0.6987585345904033,120
bigscience/bloom-560m,4,gender,12,4,random,informative,bn,0.5,1.0,0.6022001395622889,120
bigscience/bloom-560m,4,gender,12,4,random,informative,en,0.8666666666666667,1.0,0.5205451965332031,120
bigscience/bloom-560m,4,gender,12,4,random,informative,hi,0.5166666666666667,1.0,0.5151637295881907,120
bigscience/bloom-560m,4,gender,12,4,random,neutral,bn,0.5,0.7666666666666667,0.078330859541893,120
bigscience/bloom-560m,4,gender,12,4,random,neutral,en,0.8333333333333334,1.0,0.4694788614908854,120
bigscience/bloom-560m,4,gender,12,4,random,neutral,hi,0.5,1.0,0.2314160466194152,120
bigscience/bloom-560m,4,side_aunt,14,1,random,informative,bn,0.5333333333333333,1.0,1.1649507462978363,120
bigscience/bloom-560m,4,side_aunt,14,1,random,informative,en,0.5,0.7833333333333333,0.0272183736165364,120
bigscience/bloom-560m,4,side_aunt,14,1,random,informative,hi,0.8,1.0,0.984644889831543,120
bigscience/bloom-560m,4,side_aunt,14,1,random,neutral,bn,0.5,1.0,0.641604890426,120
bigscience/bloom-560m,4,side_aunt,14,1,random,neutral,en,0.5,0.5,0.0,120
bigscience/bloom-560m,4,side_aunt,14,1,random,neutral,hi,0.7333333333333333,1.0,0.6857436249653498,120
bigscience/bloom-560m,4,gender,14,1,random,informative,bn,0.5,1.0,0.6179389586051305,120
bigscience/bloom-560m,4,gender,14,1,random,informative,en,0.875,1.0,0.5273361206054688,120
bigscience/bloom-560m,4,gender,14,1,random,informative,hi,0.5166666666666667,1.0,0.5209987183411916,120
bigscience/bloom-560m,4,gender,14,1,random,neutral,bn,0.5,0.7666666666666667,0.0821995208660761,120
bigscience/bloom-560m,4,gender,14,1,random,neutral,en,0.8333333333333334,1.0,0.4886309305826823,120
bigscience/bloom-560m,4,gender,14,1,random,neutral,hi,0.5,1.0,0.240025262037913,120
bigscience/bloom-560m,4,side_aunt,16,1,random,informative,bn,0.5333333333333333,1.0,1.1674829145272574,120
bigscience/bloom-560m,4,side_aunt,16,1,random,informative,en,0.5,0.8,0.0258308410644531,120
bigscience/bloom-560m,4,side_aunt,16,1,random,informative,hi,0.8,1.0,1.0061292906602224,120
bigscience/bloom-560m,4,side_aunt,16,1,random,neutral,bn,0.5,1.0,0.6365146259466807,120
bigscience/bloom-560m,4,side_aunt,16,1,random,neutral,en,0.5,0.5,0.0,120
bigscience/bloom-560m,4,side_aunt,16,1,random,neutral,hi,0.725,1.0,0.6792241136233012,120
bigscience/bloom-560m,4,gender,16,1,random,informative,bn,0.5,1.0,0.6174428602059682,120
bigscience/bloom-560m,4,gender,16,1,random,informative,en,0.875,1.0,0.5332997639973959,120
bigscience/bloom-560m,4,gender,16,1,random,informative,hi,0.5166666666666667,1.0,0.5308248202006022,120
bigscience/bloom-560m,4,gender,16,1,random,neutral,bn,0.5,0.7833333333333333,0.0832793474197387,120
bigscience/bloom-560m,4,gender,16,1,random,neutral,en,0.8333333333333334,1.0,0.4897471110026041,120
bigscience/bloom-560m,4,gender,16,1,random,neutral,hi,0.5,1.0,0.243348761399587,120
bigscience/bloom-560m,4,side_aunt,18,1,random,informative,bn,0.5583333333333333,1.0,1.133678791920344,120
bigscience/bloom-560m,4,side_aunt,18,1,random,informative,en,0.5,0.8,0.0272791544596354,120
bigscience/bloom-560m,4,side_aunt,18,1,random,informative,hi,0.8,1.0,0.9739914645751316,120
bigscience/bloom-560m,4,side_aunt,18,1,random,neutral,bn,0.5,1.0,0.6255077342192332,120
bigscience/bloom-560m,4,side_aunt,18,1,random,neutral,en,0.5,0.5,0.0,120
bigscience/bloom-560m,4,side_aunt,18,1,random,neutral,hi,0.7333333333333333,1.0,0.6765202860037486,120
bigscience/bloom-560m,4,gender,18,1,random,informative,bn,0.5,1.0,0.6016357352336248,120
bigscience/bloom-560m,4,gender,18,1,random,informative,en,0.8916666666666667,1.0,0.5235801696777344,120
bigscience/bloom-560m,4,gender,18,1,random,informative,hi,0.5166666666666667,1.0,0.5281715830167134,120
bigscience/bloom-560m,4,gender,18,1,random,neutral,bn,0.5,0.7666666666666667,0.0766215205192566,120
bigscience/bloom-560m,4,gender,18,1,random,neutral,en,0.8333333333333334,1.0,0.485150146484375,120
bigscience/bloom-560m,4,gender,18,1,random,neutral,hi,0.5,1.0,0.2494401772816976,120
bigscience/bloom-560m,4,side_aunt,20,1,random,informative,bn,0.5333333333333333,1.0,1.1480998973051706,120
bigscience/bloom-560m,4,side_aunt,20,1,random,informative,en,0.5,0.8,0.0255816141764322,120
bigscience/bloom-560m,4,side_aunt,20,1,random,informative,hi,0.8,1.0,0.970287482937177,120
bigscience/bloom-560m,4,side_aunt,20,1,random,neutral,bn,0.5,1.0,0.6420121967792511,120
bigscience/bloom-560m,4,side_aunt,20,1,random,neutral,en,0.5,0.5,0.0,120
bigscience/bloom-560m,4,side_aunt,20,1,random,neutral,hi,0.7333333333333333,1.0,0.6775685568650563,120
bigscience/bloom-560m,4,gender,20,1,random,informative,bn,0.5,1.0,0.610687326391538,120
bigscience/bloom-560m,4,gender,20,1,random,informative,en,0.875,1.0,0.5291163126627604,120
bigscience/bloom-560m,4,gender,20,1,random,informative,hi,0.5166666666666667,1.0,0.5199083308378856,120
bigscience/bloom-560m,4,gender,20,1,random,neutral,bn,0.5,0.7833333333333333,0.0849326978127161,120
bigscience/bloom-560m,4,gender,20,1,random,neutral,en,0.8333333333333334,1.0,0.4893898010253906,120
bigscience/bloom-560m,4,gender,20,1,random,neutral,hi,0.5,1.0,0.2382460951805114,120
bigscience/bloom-560m,4,side_aunt,22,1,random,informative,bn,0.5333333333333333,1.0,1.1419813414414723,120
bigscience/bloom-560m,4,side_aunt,22,1,random,informative,en,0.5,0.7833333333333333,0.0235392252604166,120
bigscience/bloom-560m,4,side_aunt,22,1,random,informative,hi,0.8,1.0,0.9829146862030028,120
bigscience/bloom-560m,4,side_aunt,22,1,random,neutral,bn,0.5,1.0,0.6351723670959473,120
bigscience/bloom-560m,4,side_aunt,22,1,random,neutral,en,0.5,0.5,0.0,120
bigscience/bloom-560m,4,side_aunt,22,1,random,neutral,hi,0.725,1.0,0.6860405872265498,120
bigscience/bloom-560m,4,gender,22,1,random,informative,bn,0.5,1.0,0.6019172161817551,120
bigscience/bloom-560m,4,gender,22,1,random,informative,en,0.875,1.0,0.5287195841471354,120
bigscience/bloom-560m,4,gender,22,1,random,informative,hi,0.5166666666666667,1.0,0.5107659856478374,120
bigscience/bloom-560m,4,gender,22,1,random,neutral,bn,0.5,0.7666666666666667,0.0773669481277465,120
bigscience/bloom-560m,4,gender,22,1,random,neutral,en,0.8333333333333334,1.0,0.4905423482259115,120
bigscience/bloom-560m,4,gender,22,1,random,neutral,hi,0.5,1.0,0.2368170738220215,120
