model,seed,concept,layer,rank,direction,context,eval_lang,acc,pair_acc,logit_diff,n
bigscience/bloom-1b7,0,side,-1,0,none,informative,bn,0.5,1.0,0.2572916766007741,120
bigscience/bloom-1b7,0,side,-1,0,none,informative,en,0.525,0.975,0.1416666666666666,120
bigscience/bloom-1b7,0,side,-1,0,none,informative,hi,0.45,0.2416666666666666,-0.0973958333333333,120
bigscience/bloom-1b7,0,side,-1,0,none,neutral,bn,0.5,0.9416666666666668,0.0916666706403096,120
bigscience/bloom-1b7,0,side,-1,0,none,neutral,en,0.5,0.5,0.0,120
bigscience/bloom-1b7,0,side,-1,0,none,neutral,hi,0.4083333333333333,0.0,-0.1796875059604644,120
bigscience/bloom-1b7,0,gender,-1,0,none,informative,bn,0.5,1.0,0.4619791726271311,120
bigscience/bloom-1b7,0,gender,-1,0,none,informative,en,0.775,1.0,0.8510416706403097,120
bigscience/bloom-1b7,0,gender,-1,0,none,informative,hi,0.5083333333333333,0.725,0.0333333373069763,120
bigscience/bloom-1b7,0,gender,-1,0,none,neutral,bn,0.5,1.0,0.2822916686534881,120
bigscience/bloom-1b7,0,gender,-1,0,none,neutral,en,0.725,1.0,0.7885416666666667,120
bigscience/bloom-1b7,0,gender,-1,0,none,neutral,hi,0.5,1.0,0.2078125,120
bigscience/bloom-1b7,0,side,0,1,bn,informative,bn,0.5,1.0,0.2489583134651184,120
bigscience/bloom-1b7,0,side,0,1,bn,informative,en,0.525,0.9916666666666668,0.1375,120
bigscience/bloom-1b7,0,side,0,1,bn,informative,hi,0.4416666666666666,0.275,-0.1036458472410837,120
bigscience/bloom-1b7,0,side,0,1,bn,neutral,bn,0.5,0.9416666666666668,0.0973958273728688,120
bigscience/bloom-1b7,0,side,0,1,bn,neutral,en,0.5,0.5,0.0,120
bigscience/bloom-1b7,0,side,0,1,bn,neutral,hi,0.4,0.0,-0.182812496026357,120
bigscience/bloom-1b7,0,side,2,1,bn,informative,bn,0.5,1.0,0.2734375099341075,120
bigscience/bloom-1b7,0,side,2,1,bn,informative,en,0.5166666666666667,1.0,0.1447916666666666,120
bigscience/bloom-1b7,0,side,2,1,bn,informative,hi,0.4416666666666666,0.25,-0.1026041666666666,120
bigscience/bloom-1b7,0,side,2,1,bn,neutral,bn,0.5,0.9416666666666668,0.112499996026357,120
bigscience/bloom-1b7,0,side,2,1,bn,neutral,en,0.5,0.5,0.0,120
bigscience/bloom-1b7,0,side,2,1,bn,neutral,hi,0.4,0.0,-0.1880208532015482,120
bigscience/bloom-1b7,0,side,4,1,bn,informative,bn,0.5,1.0,0.256250003973643,120
bigscience/bloom-1b7,0,side,4,1,bn,informative,en,0.525,0.9916666666666668,0.1489583333333333,120
bigscience/bloom-1b7,0,side,4,1,bn,informative,hi,0.4416666666666666,0.2583333333333333,-0.1057291746139526,120
bigscience/bloom-1b7,0,side,4,1,bn,neutral,bn,0.5,0.9166666666666666,0.0838541686534881,120
bigscience/bloom-1b7,0,side,4,1,bn,neutral,en,0.5,0.5,0.0,120
bigscience/bloom-1b7,0,side,4,1,bn,neutral,hi,0.4166666666666667,0.0,-0.1859375039736429,120
bigscience/bloom-1b7,0,side,6,1,bn,informative,bn,0.5,0.9333333333333332,0.1791666746139526,120
bigscience/bloom-1b7,0,side,6,1,bn,informative,en,0.5333333333333333,0.9666666666666668,0.146875,120
bigscience/bloom-1b7,0,side,6,1,bn,informative,hi,0.4416666666666666,0.2083333333333333,-0.1145833273728688,120
bigscience/bloom-1b7,0,side,6,1,bn,neutral,bn,0.5,0.6166666666666667,0.0374999821186065,120
bigscience/bloom-1b7,0,side,6,1,bn,neutral,en,0.5,0.5,0.0,120
bigscience/bloom-1b7,0,side,6,1,bn,neutral,hi,0.4166666666666667,0.0,-0.1760416547457377,120
bigscience/bloom-1b7,0,side,8,1,bn,informative,bn,0.5,1.0,0.2312500039736429,120
bigscience/bloom-1b7,0,side,8,1,bn,informative,en,0.525,0.975,0.1375,120
bigscience/bloom-1b7,0,side,8,1,bn,informative,hi,0.45,0.2583333333333333,-0.1078125,120
bigscience/bloom-1b7,0,side,8,1,bn,neutral,bn,0.5,0.8583333333333333,0.0755208313465118,120
bigscience/bloom-1b7,0,side,8,1,bn,neutral,en,0.5,0.5,0.0,120
bigscience/bloom-1b7,0,side,8,1,bn,neutral,hi,0.4083333333333333,0.0,-0.1890625099341074,120
bigscience/bloom-1b7,0,side,10,1,bn,informative,bn,0.5,0.9916666666666668,0.2473958512147267,120
bigscience/bloom-1b7,0,side,10,1,bn,informative,en,0.525,0.9916666666666668,0.1427083333333333,120
bigscience/bloom-1b7,0,side,10,1,bn,informative,hi,0.4583333333333333,0.275,-0.0869791666666666,120
bigscience/bloom-1b7,0,side,10,1,bn,neutral,bn,0.5,0.9166666666666666,0.0864583392937978,120
bigscience/bloom-1b7,0,side,10,1,bn,neutral,en,0.5,0.5,0.0,120
bigscience/bloom-1b7,0,side,10,1,bn,neutral,hi,0.4166666666666667,0.0083333333333333,-0.1812500019868214,120
bigscience/bloom-1b7,0,side,12,1,bn,informative,bn,0.5,0.9916666666666668,0.2192708253860473,120
bigscience/bloom-1b7,0,side,12,1,bn,informative,en,0.525,0.9916666666666668,0.1479166666666666,120
bigscience/bloom-1b7,0,side,12,1,bn,informative,hi,0.4416666666666666,0.25,-0.1078125,120
bigscience/bloom-1b7,0,side,12,1,bn,neutral,bn,0.5,0.8,0.056249992052714,120
bigscience/bloom-1b7,0,side,12,1,bn,neutral,en,0.5,0.5,0.0,120
bigscience/bloom-1b7,0,side,12,1,bn,neutral,hi,0.4166666666666667,0.0,-0.1968750059604644,120
bigscience/bloom-1b7,0,side,12,4,bn,informative,bn,0.5,0.975,0.2005208412806193,120
bigscience/bloom-1b7,0,side,12,4,bn,informative,en,0.5333333333333333,0.9833333333333332,0.134375,120
bigscience/bloom-1b7,0,side,12,4,bn,informative,hi,0.425,0.25,-0.1057291706403096,120
bigscience/bloom-1b7,0,side,12,4,bn,neutral,bn,0.5,0.5916666666666667,0.0239583392937978,120
bigscience/bloom-1b7,0,side,12,4,bn,neutral,en,0.5,0.5,0.0,120
bigscience/bloom-1b7,0,side,12,4,bn,neutral,hi,0.425,0.0,-0.2041666547457377,120
bigscience/bloom-1b7,0,side,14,1,bn,informative,bn,0.5,0.9833333333333332,0.2255208194255828,120
bigscience/bloom-1b7,0,side,14,1,bn,informative,en,0.5333333333333333,0.9833333333333332,0.1395833333333333,120
bigscience/bloom-1b7,0,side,14,1,bn,informative,hi,0.4416666666666666,0.2083333333333333,-0.1072916706403096,120
bigscience/bloom-1b7,0,side,14,1,bn,neutral,bn,0.5,0.8583333333333333,0.0635416766007741,120
bigscience/bloom-1b7,0,side,14,1,bn,neutral,en,0.5,0.5083333333333333,0.0010416666666666,120
bigscience/bloom-1b7,0,side,14,1,bn,neutral,hi,0.4083333333333333,0.0,-0.1968750059604644,120
bigscience/bloom-1b7,0,side,16,1,bn,informative,bn,0.5,0.9916666666666668,0.2567708472410838,120
bigscience/bloom-1b7,0,side,16,1,bn,informative,en,0.5333333333333333,0.9833333333333332,0.14375,120
bigscience/bloom-1b7,0,side,16,1,bn,informative,hi,0.4416666666666666,0.2,-0.1166666467984517,120
bigscience/bloom-1b7,0,side,16,1,bn,neutral,bn,0.5,0.9583333333333334,0.0942708472410837,120
bigscience/bloom-1b7,0,side,16,1,bn,neutral,en,0.5,0.5,0.0,120
bigscience/bloom-1b7,0,side,16,1,bn,neutral,hi,0.4,0.0,-0.2015625019868215,120
bigscience/bloom-1b7,0,side,18,1,bn,informative,bn,0.5,1.0,0.2750000099341074,120
bigscience/bloom-1b7,0,side,18,1,bn,informative,en,0.525,0.9833333333333332,0.1416666666666666,120
bigscience/bloom-1b7,0,side,18,1,bn,informative,hi,0.425,0.225,-0.1078124940395355,120
bigscience/bloom-1b7,0,side,18,1,bn,neutral,bn,0.5,0.9333333333333332,0.0901041726271311,120
bigscience/bloom-1b7,0,side,18,1,bn,neutral,en,0.5,0.5,0.0,120
bigscience/bloom-1b7,0,side,18,1,bn,neutral,hi,0.425,0.0,-0.185937488079071,120
bigscience/bloom-1b7,0,side,20,1,bn,informative,bn,0.5,1.0,0.2468750039736429,120
bigscience/bloom-1b7,0,side,20,1,bn,informative,en,0.5416666666666666,0.9916666666666668,0.1479166666666666,120
bigscience/bloom-1b7,0,side,20,1,bn,informative,hi,0.4583333333333333,0.2833333333333333,-0.0838541805744171,120
bigscience/bloom-1b7,0,side,20,1,bn,neutral,bn,0.5,0.8666666666666667,0.0697916607062021,120
bigscience/bloom-1b7,0,side,20,1,bn,neutral,en,0.5,0.5083333333333333,0.0010416666666666,120
bigscience/bloom-1b7,0,side,20,1,bn,neutral,hi,0.4166666666666667,0.0,-0.1776041626930236,120
bigscience/bloom-1b7,0,side,22,1,bn,informative,bn,0.5,1.0,0.2364583353201548,120
bigscience/bloom-1b7,0,side,22,1,bn,informative,en,0.5083333333333333,1.0,0.1458333333333333,120
bigscience/bloom-1b7,0,side,22,1,bn,informative,hi,0.4416666666666666,0.2333333333333333,-0.1062499940395355,120
bigscience/bloom-1b7,0,side,22,1,bn,neutral,bn,0.5,0.875,0.0708333313465118,120
bigscience/bloom-1b7,0,side,22,1,bn,neutral,en,0.5,0.5,0.0,120
bigscience/bloom-1b7,0,side,22,1,bn,neutral,hi,0.4083333333333333,0.0,-0.1854166507720947,120
bigscience/bloom-1b7,0,side,0,1,hi,informative,bn,0.5,1.0,0.2598958214124043,120
bigscience/bloom-1b7,0,side,0,1,hi,informative,en,0.5166666666666667,0.9833333333333332,0.1375,120
bigscience/bloom-1b7,0,side,0,1,hi,informative,hi,0.45,0.35,-0.0572916706403096,120
bigscience/bloom-1b7,0,side,0,1,hi,neutral,bn,0.5,0.9166666666666666,0.0953125218550364,120
bigscience/bloom-1b7,0,side,0,1,hi,neutral,en,0.5,0.5,0.0,120
bigscience/bloom-1b7,0,side,0,1,hi,neutral,hi,0.4333333333333333,0.0083333333333333,-0.1203124821186065,120
bigscience/bloom-1b7,0,side,2,1,hi,informative,bn,0.5,1.0,0.2635416646798452,120
bigscience/bloom-1b7,0,side,2,1,hi,informative,en,0.5166666666666667,0.9833333333333332,0.1427083333333333,120
bigscience/bloom-1b7,0,side,2,1,hi,informative,hi,0.4416666666666666,0.2,-0.1286458452542623,120
bigscience/bloom-1b7,0,side,2,1,hi,neutral,bn,0.5,0.9666666666666668,0.0942708154519399,120
bigscience/bloom-1b7,0,side,2,1,hi,neutral,en,0.5,0.5,0.0,120
bigscience/bloom-1b7,0,side,2,1,hi,neutral,hi,0.4,0.0,-0.1708333571751912,120
bigscience/bloom-1b7,0,side,4,1,hi,informative,bn,0.5,1.0,0.2630208412806193,120
bigscience/bloom-1b7,0,side,4,1,hi,informative,en,0.5083333333333333,0.9666666666666668,0.1354166666666666,120
bigscience/bloom-1b7,0,side,4,1,hi,informative,hi,0.4416666666666666,0.175,-0.1541666646798451,120
bigscience/bloom-1b7,0,side,4,1,hi,neutral,bn,0.5,0.925,0.0890624940395355,120
bigscience/bloom-1b7,0,side,4,1,hi,neutral,en,0.5,0.5,0.0,120
bigscience/bloom-1b7,0,side,4,1,hi,neutral,hi,0.3916666666666666,0.0,-0.2171875019868215,120
bigscience/bloom-1b7,0,side,6,1,hi,informative,bn,0.5,1.0,0.2624999900658925,120
bigscience/bloom-1b7,0,side,6,1,hi,informative,en,0.525,1.0,0.146875,120
bigscience/bloom-1b7,0,side,6,1,hi,informative,hi,0.45,0.2833333333333333,-0.1062499860922495,120
bigscience/bloom-1b7,0,side,6,1,hi,neutral,bn,0.5,0.9333333333333332,0.0859374860922495,120
bigscience/bloom-1b7,0,side,6,1,hi,neutral,en,0.5,0.5,0.0,120
bigscience/bloom-1b7,0,side,6,1,hi,neutral,hi,0.3833333333333333,0.0,-0.1958333392937978,120
bigscience/bloom-1b7,0,side,8,1,hi,informative,bn,0.5,1.0,0.2541666607062022,120
bigscience/bloom-1b7,0,side,8,1,hi,informative,en,0.5333333333333333,0.9916666666666668,0.1541666666666666,120
bigscience/bloom-1b7,0,side,8,1,hi,informative,hi,0.45,0.3333333333333333,-0.0604166766007741,120
bigscience/bloom-1b7,0,side,8,1,hi,neutral,bn,0.5,0.9416666666666668,0.0942708512147267,120
bigscience/bloom-1b7,0,side,8,1,hi,neutral,en,0.5,0.5,0.0,120
bigscience/bloom-1b7,0,side,8,1,hi,neutral,hi,0.4333333333333333,0.0083333333333333,-0.1375000099341074,120
bigscience/bloom-1b7,0,side,10,1,hi,informative,bn,0.5,0.9916666666666668,0.2552083373069763,120
bigscience/bloom-1b7,0,side,10,1,hi,informative,en,0.525,0.9916666666666668,0.15,120
bigscience/bloom-1b7,0,side,10,1,hi,informative,hi,0.4916666666666666,0.4916666666666666,0.0161458313465118,120
bigscience/bloom-1b7,0,side,10,1,hi,neutral,bn,0.5,0.9416666666666668,0.0864583293596903,120
bigscience/bloom-1b7,0,side,10,1,hi,neutral,en,0.5,0.5,0.0,120
bigscience/bloom-1b7,0,side,10,1,hi,neutral,hi,0.4583333333333333,0.1,-0.0802083313465118,120
bigscience/bloom-1b7,0,side,12,1,hi,informative,bn,0.5,1.0,0.259375,120
bigscience/bloom-1b7,0,side,12,1,hi,informative,en,0.5166666666666667,0.9666666666666668,0.1364583333333333,120
bigscience/bloom-1b7,0,side,12,1,hi,informative,hi,0.4666666666666667,0.35,-0.0463541626930236,120
bigscience/bloom-1b7,0,side,12,1,hi,neutral,bn,0.5,0.9416666666666668,0.0911458313465118,120
bigscience/bloom-1b7,0,side,12,1,hi,neutral,en,0.5,0.5,0.0,120
bigscience/bloom-1b7,0,side,12,1,hi,neutral,hi,0.45,0.025,-0.1114583353201548,120
bigscience/bloom-1b7,0,side,12,4,hi,informative,bn,0.5,1.0,0.2463541527589162,120
bigscience/bloom-1b7,0,side,12,4,hi,informative,en,0.5,0.9833333333333332,0.134375,120
bigscience/bloom-1b7,0,side,12,4,hi,informative,hi,0.45,0.3583333333333333,-0.0718749940395355,120
bigscience/bloom-1b7,0,side,12,4,hi,neutral,bn,0.5,0.8833333333333333,0.0791666646798451,120
bigscience/bloom-1b7,0,side,12,4,hi,neutral,en,0.5,0.5,0.0,120
bigscience/bloom-1b7,0,side,12,4,hi,neutral,hi,0.4416666666666666,0.0,-0.1302083412806193,120
bigscience/bloom-1b7,0,side,14,1,hi,informative,bn,0.5,1.0,0.2546875079472859,120
bigscience/bloom-1b7,0,side,14,1,hi,informative,en,0.5,0.9833333333333332,0.1291666666666666,120
bigscience/bloom-1b7,0,side,14,1,hi,informative,hi,0.4916666666666666,0.4083333333333333,-0.0109375,120
bigscience/bloom-1b7,0,side,14,1,hi,neutral,bn,0.5,0.9166666666666666,0.0906250099341074,120
bigscience/bloom-1b7,0,side,14,1,hi,neutral,en,0.5,0.5,0.0,120
bigscience/bloom-1b7,0,side,14,1,hi,neutral,hi,0.4583333333333333,0.0416666666666666,-0.0932291766007741,120
bigscience/bloom-1b7,0,side,16,1,hi,informative,bn,0.5,1.0,0.2656250099341075,120
bigscience/bloom-1b7,0,side,16,1,hi,informative,en,0.5083333333333333,0.9916666666666668,0.1385416666666666,120
bigscience/bloom-1b7,0,side,16,1,hi,informative,hi,0.4666666666666667,0.3583333333333333,-0.0390625139077504,120
bigscience/bloom-1b7,0,side,16,1,hi,neutral,bn,0.5,0.9416666666666668,0.0984375099341074,120
bigscience/bloom-1b7,0,side,16,1,hi,neutral,en,0.5,0.5,0.0,120
bigscience/bloom-1b7,0,side,16,1,hi,neutral,hi,0.4333333333333333,0.0083333333333333,-0.1109375,120
bigscience/bloom-1b7,0,side,18,1,hi,informative,bn,0.5,0.9916666666666668,0.2531249821186065,120
bigscience/bloom-1b7,0,side,18,1,hi,informative,en,0.5166666666666667,0.9833333333333332,0.1458333333333333,120
bigscience/bloom-1b7,0,side,18,1,hi,informative,hi,0.45,0.3083333333333333,-0.0802083273728688,120
bigscience/bloom-1b7,0,side,18,1,hi,neutral,bn,0.5,0.8916666666666667,0.0848958313465118,120
bigscience/bloom-1b7,0,side,18,1,hi,neutral,en,0.5,0.4916666666666666,-0.0010416666666666,120
bigscience/bloom-1b7,0,side,18,1,hi,neutral,hi,0.4166666666666667,0.0,-0.1593750019868215,120
bigscience/bloom-1b7,0,side,20,1,hi,informative,bn,0.5,1.0,0.2598958253860474,120
bigscience/bloom-1b7,0,side,20,1,hi,informative,en,0.5166666666666667,0.9916666666666668,0.1395833333333333,120
bigscience/bloom-1b7,0,side,20,1,hi,informative,hi,0.45,0.275,-0.098437488079071,120
bigscience/bloom-1b7,0,side,20,1,hi,neutral,bn,0.5,0.9583333333333334,0.093749996026357,120
bigscience/bloom-1b7,0,side,20,1,hi,neutral,en,0.5,0.5083333333333333,0.0010416666666666,120
bigscience/bloom-1b7,0,side,20,1,hi,neutral,hi,0.4083333333333333,0.0,-0.1901041646798451,120
bigscience/bloom-1b7,0,side,22,1,hi,informative,bn,0.5,1.0,0.2578125019868215,120
bigscience/bloom-1b7,0,side,22,1,hi,informative,en,0.525,0.9916666666666668,0.1479166666666666,120
bigscience/bloom-1b7,0,side,22,1,hi,informative,hi,0.425,0.1916666666666666,-0.1312500139077504,120
bigscience/bloom-1b7,0,side,22,1,hi,neutral,bn,0.5,0.9333333333333332,0.0958333452542622,120
bigscience/bloom-1b7,0,side,22,1,hi,neutral,en,0.5,0.5,0.0,120
bigscience/bloom-1b7,0,side,22,1,hi,neutral,hi,0.4,0.0,-0.2171875059604645,120
bigscience/bloom-1b7,0,side,0,1,en,informative,bn,0.5,1.0,0.2640624980131785,120
bigscience/bloom-1b7,0,side,0,1,en,informative,en,0.5333333333333333,0.9916666666666668,0.1302083333333333,120
bigscience/bloom-1b7,0,side,0,1,en,informative,hi,0.4416666666666666,0.2916666666666667,-0.0942708392937978,120
bigscience/bloom-1b7,0,side,0,1,en,neutral,bn,0.5,0.9583333333333334,0.0994791686534881,120
bigscience/bloom-1b7,0,side,0,1,en,neutral,en,0.5,0.5,0.0,120
bigscience/bloom-1b7,0,side,0,1,en,neutral,hi,0.4083333333333333,0.0,-0.1770833233992258,120
bigscience/bloom-1b7,0,side,2,1,en,informative,bn,0.5,1.0,0.248437492052714,120
bigscience/bloom-1b7,0,side,2,1,en,informative,en,0.5083333333333333,0.95,0.115625,120
bigscience/bloom-1b7,0,side,2,1,en,informative,hi,0.4416666666666666,0.2666666666666666,-0.0989583492279052,120
bigscience/bloom-1b7,0,side,2,1,en,neutral,bn,0.5,0.925,0.092187496026357,120
bigscience/bloom-1b7,0,side,2,1,en,neutral,en,0.5,0.5,0.0,120
bigscience/bloom-1b7,0,side,2,1,en,neutral,hi,0.4166666666666667,0.0,-0.1786458432674408,120
bigscience/bloom-1b7,0,side,4,1,en,informative,bn,0.5,1.0,0.2593750099341074,120
bigscience/bloom-1b7,0,side,4,1,en,informative,en,0.525,0.9833333333333332,0.1427083333333333,120
bigscience/bloom-1b7,0,side,4,1,en,informative,hi,0.4416666666666666,0.2666666666666666,-0.1052083333333333,120
bigscience/bloom-1b7,0,side,4,1,en,neutral,bn,0.5,0.95,0.0968749821186065,120
bigscience/bloom-1b7,0,side,4,1,en,neutral,en,0.5,0.4916666666666666,-0.0010416666666666,120
bigscience/bloom-1b7,0,side,4,1,en,neutral,hi,0.4083333333333333,0.0,-0.1781250019868215,120
bigscience/bloom-1b7,0,side,6,1,en,informative,bn,0.5,1.0,0.2739583333333333,120
bigscience/bloom-1b7,0,side,6,1,en,informative,en,0.5083333333333333,0.975,0.1416666666666666,120
bigscience/bloom-1b7,0,side,6,1,en,informative,hi,0.4416666666666666,0.275,-0.0979166746139526,120
bigscience/bloom-1b7,0,side,6,1,en,neutral,bn,0.5,0.9333333333333332,0.0989583253860473,120
bigscience/bloom-1b7,0,side,6,1,en,neutral,en,0.5,0.5,0.0,120
bigscience/bloom-1b7,0,side,6,1,en,neutral,hi,0.4083333333333333,0.0,-0.1567708512147267,120
bigscience/bloom-1b7,0,side,8,1,en,informative,bn,0.5,1.0,0.2968749940395355,120
bigscience/bloom-1b7,0,side,8,1,en,informative,en,0.5583333333333333,0.9916666666666668,0.1864583333333333,120
bigscience/bloom-1b7,0,side,8,1,en,informative,hi,0.4833333333333333,0.3833333333333333,-0.0244791726271311,120
bigscience/bloom-1b7,0,side,8,1,en,neutral,bn,0.5,0.8666666666666667,0.0765625,120
bigscience/bloom-1b7,0,side,8,1,en,neutral,en,0.4916666666666666,0.5,0.0,120
bigscience/bloom-1b7,0,side,8,1,en,neutral,hi,0.4166666666666667,0.0,-0.1515625099341074,120
bigscience/bloom-1b7,0,side,10,1,en,informative,bn,0.5,1.0,0.2604166547457377,120
bigscience/bloom-1b7,0,side,10,1,en,informative,en,0.55,1.0,0.1875,120
bigscience/bloom-1b7,0,side,10,1,en,informative,hi,0.4666666666666667,0.35,-0.0510416686534881,120
bigscience/bloom-1b7,0,side,10,1,en,neutral,bn,0.5,0.8,0.0541666726271311,120
bigscience/bloom-1b7,0,side,10,1,en,neutral,en,0.4916666666666666,0.5,0.0,120
bigscience/bloom-1b7,0,side,10,1,en,neutral,hi,0.4083333333333333,0.0,-0.1781249900658925,120
bigscience/bloom-1b7,0,side,12,1,en,informative,bn,0.5,1.0,0.3020833412806193,120
bigscience/bloom-1b7,0,side,12,1,en,informative,en,0.5833333333333334,1.0,0.209375,120
bigscience/bloom-1b7,0,side,12,1,en,informative,hi,0.45,0.325,-0.0661458293596903,120
bigscience/bloom-1b7,0,side,12,1,en,neutral,bn,0.5,0.9416666666666668,0.0885416746139526,120
bigscience/bloom-1b7,0,side,12,1,en,neutral,en,0.4833333333333333,0.5,0.0,120
bigscience/bloom-1b7,0,side,12,1,en,neutral,hi,0.4,0.0,-0.1817708273728688,120
bigscience/bloom-1b7,0,side,12,4,en,informative,bn,0.5,1.0,0.2791666666666667,120
bigscience/bloom-1b7,0,side,12,4,en,informative,en,0.6083333333333333,1.0,0.2114583333333333,120
bigscience/bloom-1b7,0,side,12,4,en,informative,hi,0.4416666666666666,0.2916666666666667,-0.082812496026357,120
bigscience/bloom-1b7,0,side,12,4,en,neutral,bn,0.5,0.85,0.0713541686534881,120
bigscience/bloom-1b7,0,side,12,4,en,neutral,en,0.4833333333333333,0.5,0.0,120
bigscience/bloom-1b7,0,side,12,4,en,neutral,hi,0.4,0.0,-0.174999996026357,120
bigscience/bloom-1b7,0,side,14,1,en,informative,bn,0.5,1.0,0.2744791686534881,120
bigscience/bloom-1b7,0,side,14,1,en,informative,en,0.5416666666666666,1.0,0.18125,120
bigscience/bloom-1b7,0,side,14,1,en,informative,hi,0.4583333333333333,0.325,-0.0708333392937978,120
bigscience/bloom-1b7,0,side,14,1,en,neutral,bn,0.5,0.9333333333333332,0.0843750139077504,120
bigscience/bloom-1b7,0,side,14,1,en,neutral,en,0.4916666666666666,0.5,0.0,120
bigscience/bloom-1b7,0,side,14,1,en,neutral,hi,0.4,0.0,-0.1765625079472859,120
bigscience/bloom-1b7,0,side,16,1,en,informative,bn,0.5,1.0,0.2776041726271311,120
bigscience/bloom-1b7,0,side,16,1,en,informative,en,0.575,1.0,0.2,120
bigscience/bloom-1b7,0,side,16,1,en,informative,hi,0.45,0.3,-0.0796875039736429,120
bigscience/bloom-1b7,0,side,16,1,en,neutral,bn,0.5,0.9083333333333332,0.0760416487852732,120
bigscience/bloom-1b7,0,side,16,1,en,neutral,en,0.4916666666666666,0.4916666666666666,-0.0010416666666666,120
bigscience/bloom-1b7,0,side,16,1,en,neutral,hi,0.4166666666666667,0.0083333333333333,-0.1635416726271311,120
bigscience/bloom-1b7,0,side,18,1,en,informative,bn,0.5,1.0,0.2729166805744171,120
bigscience/bloom-1b7,0,side,18,1,en,informative,en,0.5666666666666667,1.0,0.1854166666666666,120
bigscience/bloom-1b7,0,side,18,1,en,informative,hi,0.4416666666666666,0.25,-0.1083333392937978,120
bigscience/bloom-1b7,0,side,18,1,en,neutral,bn,0.5,0.9333333333333332,0.0921875079472859,120
bigscience/bloom-1b7,0,side,18,1,en,neutral,en,0.5,0.5,0.0,120
bigscience/bloom-1b7,0,side,18,1,en,neutral,hi,0.4083333333333333,0.0,-0.1786458353201548,120
bigscience/bloom-1b7,0,side,20,1,en,informative,bn,0.5,0.9916666666666668,0.2526041567325592,120
bigscience/bloom-1b7,0,side,20,1,en,informative,en,0.5416666666666666,0.9833333333333332,0.1583333333333333,120
bigscience/bloom-1b7,0,side,20,1,en,informative,hi,0.45,0.275,-0.1026041646798451,120
bigscience/bloom-1b7,0,side,20,1,en,neutral,bn,0.5,0.95,0.0880208432674408,120
bigscience/bloom-1b7,0,side,20,1,en,neutral,en,0.5,0.5,0.0,120
bigscience/bloom-1b7,0,side,20,1,en,neutral,hi,0.4,0.0,-0.1864583214124043,120
bigscience/bloom-1b7,0,side,22,1,en,informative,bn,0.5,1.0,0.281249988079071,120
bigscience/bloom-1b7,0,side,22,1,en,informative,en,0.5166666666666667,0.9916666666666668,0.14375,120
bigscience/bloom-1b7,0,side,22,1,en,informative,hi,0.45,0.2083333333333333,-0.0963541766007741,120
bigscience/bloom-1b7,0,side,22,1,en,neutral,bn,0.5,1.0,0.1203125059604644,120
bigscience/bloom-1b7,0,side,22,1,en,neutral,en,0.5,0.5,0.0,120
bigscience/bloom-1b7,0,side,22,1,en,neutral,hi,0.4,0.0,-0.1864583373069763,120
bigscience/bloom-1b7,0,gender,0,1,bn,informative,bn,0.5,1.0,0.3942708154519399,120
bigscience/bloom-1b7,0,gender,0,1,bn,informative,en,0.7666666666666667,1.0,0.8656250079472859,120
bigscience/bloom-1b7,0,gender,0,1,bn,informative,hi,0.5,0.6666666666666666,0.0255208412806193,120
bigscience/bloom-1b7,0,gender,0,1,bn,neutral,bn,0.5,1.0,0.2828124860922495,120
bigscience/bloom-1b7,0,gender,0,1,bn,neutral,en,0.7083333333333334,1.0,0.7968749920527141,120
bigscience/bloom-1b7,0,gender,0,1,bn,neutral,hi,0.5,1.0,0.2088541587193807,120
bigscience/bloom-1b7,0,gender,2,1,bn,informative,bn,0.5,1.0,0.4979166686534881,120
bigscience/bloom-1b7,0,gender,2,1,bn,informative,en,0.775,1.0,0.865625,120
bigscience/bloom-1b7,0,gender,2,1,bn,informative,hi,0.5083333333333333,0.6916666666666667,0.0343749940395355,120
bigscience/bloom-1b7,0,gender,2,1,bn,neutral,bn,0.5,1.0,0.3406250158945719,120
bigscience/bloom-1b7,0,gender,2,1,bn,neutral,en,0.7083333333333334,1.0,0.790624996026357,120
bigscience/bloom-1b7,0,gender,2,1,bn,neutral,hi,0.5,1.0,0.2072916686534881,120
bigscience/bloom-1b7,0,gender,4,1,bn,informative,bn,0.5,1.0,0.3562499900658925,120
bigscience/bloom-1b7,0,gender,4,1,bn,informative,en,0.7583333333333333,1.0,0.8593749920527141,120
bigscience/bloom-1b7,0,gender,4,1,bn,informative,hi,0.5,0.675,0.034374992052714,120
bigscience/bloom-1b7,0,gender,4,1,bn,neutral,bn,0.5,1.0,0.234375003973643,120
bigscience/bloom-1b7,0,gender,4,1,bn,neutral,en,0.7,1.0,0.7968749920527141,120
bigscience/bloom-1b7,0,gender,4,1,bn,neutral,hi,0.5,1.0,0.2135416626930237,120
bigscience/bloom-1b7,0,gender,6,1,bn,informative,bn,0.5,1.0,0.3588541467984517,120
bigscience/bloom-1b7,0,gender,6,1,bn,informative,en,0.7583333333333333,1.0,0.8572916587193807,120
bigscience/bloom-1b7,0,gender,6,1,bn,informative,hi,0.5,0.725,0.0385416706403096,120
bigscience/bloom-1b7,0,gender,6,1,bn,neutral,bn,0.5,1.0,0.2369791825612386,120
bigscience/bloom-1b7,0,gender,6,1,bn,neutral,en,0.7166666666666667,1.0,0.7864583333333334,120
bigscience/bloom-1b7,0,gender,6,1,bn,neutral,hi,0.5,1.0,0.2156249980131785,120
bigscience/bloom-1b7,0,gender,8,1,bn,informative,bn,0.5,1.0,0.4083333392937978,120
bigscience/bloom-1b7,0,gender,8,1,bn,informative,en,0.7583333333333333,1.0,0.8677083094914754,120
bigscience/bloom-1b7,0,gender,8,1,bn,informative,hi,0.5083333333333333,0.6666666666666666,0.0317708214124043,120
bigscience/bloom-1b7,0,gender,8,1,bn,neutral,bn,0.5,1.0,0.2572916626930236,120
bigscience/bloom-1b7,0,gender,8,1,bn,neutral,en,0.7333333333333333,1.0,0.7875,120
bigscience/bloom-1b7,0,gender,8,1,bn,neutral,hi,0.5,1.0,0.206249996026357,120
bigscience/bloom-1b7,0,gender,10,1,bn,informative,bn,0.5,1.0,0.4458333194255829,120
bigscience/bloom-1b7,0,gender,10,1,bn,informative,en,0.75,1.0,0.871875,120
bigscience/bloom-1b7,0,gender,10,1,bn,informative,hi,0.5,0.6166666666666667,0.0255208293596903,120
bigscience/bloom-1b7,0,gender,10,1,bn,neutral,bn,0.5,1.0,0.2838541726271311,120
bigscience/bloom-1b7,0,gender,10,1,bn,neutral,en,0.7166666666666667,1.0,0.8135416706403097,120
bigscience/bloom-1b7,0,gender,10,1,bn,neutral,hi,0.5,1.0,0.2036458273728688,120
bigscience/bloom-1b7,0,gender,12,1,bn,informative,bn,0.5,1.0,0.4442708273728689,120
bigscience/bloom-1b7,0,gender,12,1,bn,informative,en,0.7083333333333334,1.0,0.8677083293596903,120
bigscience/bloom-1b7,0,gender,12,1,bn,informative,hi,0.5,0.675,0.0322916805744171,120
bigscience/bloom-1b7,0,gender,12,1,bn,neutral,bn,0.5,1.0,0.2916666646798452,120
bigscience/bloom-1b7,0,gender,12,1,bn,neutral,en,0.7,1.0,0.7979166746139527,120
bigscience/bloom-1b7,0,gender,12,1,bn,neutral,hi,0.5,1.0,0.2109374980131785,120
bigscience/bloom-1b7,0,gender,12,4,bn,informative,bn,0.5,1.0,0.4270833253860474,120
bigscience/bloom-1b7,0,gender,12,4,bn,informative,en,0.6833333333333333,1.0,0.9270833174387614,120
bigscience/bloom-1b7,0,gender,12,4,bn,informative,hi,0.5083333333333333,0.6916666666666667,0.0328125019868214,120
bigscience/bloom-1b7,0,gender,12,4,bn,neutral,bn,0.5,1.0,0.2708333333333333,120
bigscience/bloom-1b7,0,gender,12,4,bn,neutral,en,0.675,1.0,0.840624988079071,120
bigscience/bloom-1b7,0,gender,12,4,bn,neutral,hi,0.5,1.0,0.2078125039736429,120
bigscience/bloom-1b7,0,gender,14,1,bn,informative,bn,0.5,1.0,0.4802083134651184,120
bigscience/bloom-1b7,0,gender,14,1,bn,informative,en,0.7583333333333333,1.0,0.871875011920929,120
bigscience/bloom-1b7,0,gender,14,1,bn,informative,hi,0.5,0.7333333333333333,0.0416666706403096,120
bigscience/bloom-1b7,0,gender,14,1,bn,neutral,bn,0.5,1.0,0.3322916766007741,120
bigscience/bloom-1b7,0,gender,14,1,bn,neutral,en,0.7,1.0,0.8020833253860473,120
bigscience/bloom-1b7,0,gender,14,1,bn,neutral,hi,0.5,1.0,0.229687503973643,120
bigscience/bloom-1b7,0,gender,16,1,bn,informative,bn,0.5,1.0,0.4088541626930236,120
bigscience/bloom-1b7,0,gender,16,1,bn,informative,en,0.7333333333333333,1.0,0.8572916746139526,120
bigscience/bloom-1b7,0,gender,16,1,bn,informative,hi,0.5,0.6583333333333333,0.0296875158945719,120
bigscience/bloom-1b7,0,gender,16,1,bn,neutral,bn,0.5,1.0,0.2546875019868215,120
bigscience/bloom-1b7,0,gender,16,1,bn,neutral,en,0.7083333333333334,1.0,0.7916666706403096,120
bigscience/bloom-1b7,0,gender,16,1,bn,neutral,hi,0.5,1.0,0.207812496026357,120
bigscience/bloom-1b7,0,gender,18,1,bn,informative,bn,0.5,1.0,0.4640625,120
bigscience/bloom-1b7,0,gender,18,1,bn,informative,en,0.7666666666666667,1.0,0.846875,120
bigscience/bloom-1b7,0,gender,18,1,bn,informative,hi,0.5,0.7416666666666667,0.0437500079472859,120
bigscience/bloom-1b7,0,gender,18,1,bn,neutral,bn,0.5,1.0,0.2916666646798452,120
bigscience/bloom-1b7,0,gender,18,1,bn,neutral,en,0.7083333333333334,1.0,0.7885416746139526,120
bigscience/bloom-1b7,0,gender,18,1,bn,neutral,hi,0.5,1.0,0.2203125119209289,120
bigscience/bloom-1b7,0,gender,20,1,bn,informative,bn,0.5,1.0,0.4161458392937978,120
bigscience/bloom-1b7,0,gender,20,1,bn,informative,en,0.75,1.0,0.8364583373069763,120
bigscience/bloom-1b7,0,gender,20,1,bn,informative,hi,0.5,0.7,0.0354166686534881,120
bigscience/bloom-1b7,0,gender,20,1,bn,neutral,bn,0.5,1.0,0.246874992052714,120
bigscience/bloom-1b7,0,gender,20,1,bn,neutral,en,0.7,1.0,0.765624996026357,120
bigscience/bloom-1b7,0,gender,20,1,bn,neutral,hi,0.5,1.0,0.2151041746139526,120
bigscience/bloom-1b7,0,gender,22,1,bn,informative,bn,0.5,1.0,0.4046875139077504,120
bigscience/bloom-1b7,0,gender,22,1,bn,informative,en,0.725,1.0,0.8260416626930237,120
bigscience/bloom-1b7,0,gender,22,1,bn,informative,hi,0.5,0.6333333333333333,0.0255208273728688,120
bigscience/bloom-1b7,0,gender,22,1,bn,neutral,bn,0.5,1.0,0.2302083353201548,120
bigscience/bloom-1b7,0,gender,22,1,bn,neutral,en,0.7083333333333334,1.0,0.7677083293596904,120
bigscience/bloom-1b7,0,gender,22,1,bn,neutral,hi,0.5,1.0,0.210937488079071,120
bigscience/bloom-1b7,0,gender,0,1,hi,informative,bn,0.5,1.0,0.4645833611488342,120
bigscience/bloom-1b7,0,gender,0,1,hi,informative,en,0.7666666666666667,1.0,0.8552083253860474,120
bigscience/bloom-1b7,0,gender,0,1,hi,informative,hi,0.5083333333333333,0.7,0.0411458333333333,120
bigscience/bloom-1b7,0,gender,0,1,hi,neutral,bn,0.5,1.0,0.2906250059604645,120
bigscience/bloom-1b7,0,gender,0,1,hi,neutral,en,0.7166666666666667,1.0,0.7916666706403096,120
bigscience/bloom-1b7,0,gender,0,1,hi,neutral,hi,0.5,1.0,0.2239583253860473,120
bigscience/bloom-1b7,0,gender,2,1,hi,informative,bn,0.5,1.0,0.4536458392937978,120
bigscience/bloom-1b7,0,gender,2,1,hi,informative,en,0.7583333333333333,1.0,0.8520833412806194,120
bigscience/bloom-1b7,0,gender,2,1,hi,informative,hi,0.5,0.7083333333333334,0.0390625158945719,120
bigscience/bloom-1b7,0,gender,2,1,hi,neutral,bn,0.5,1.0,0.2828124940395355,120
bigscience/bloom-1b7,0,gender,2,1,hi,neutral,en,0.7333333333333333,1.0,0.790625003973643,120
bigscience/bloom-1b7,0,gender,2,1,hi,neutral,hi,0.5,1.0,0.2135416706403096,120
bigscience/bloom-1b7,0,gender,4,1,hi,informative,bn,0.5,1.0,0.4671875099341074,120
bigscience/bloom-1b7,0,gender,4,1,hi,informative,en,0.7583333333333333,1.0,0.8552083333333333,120
bigscience/bloom-1b7,0,gender,4,1,hi,informative,hi,0.5083333333333333,0.7833333333333333,0.060937492052714,120
bigscience/bloom-1b7,0,gender,4,1,hi,neutral,bn,0.5,1.0,0.2874999980131785,120
bigscience/bloom-1b7,0,gender,4,1,hi,neutral,en,0.725,1.0,0.7968750119209289,120
bigscience/bloom-1b7,0,gender,4,1,hi,neutral,hi,0.5,1.0,0.2468750019868215,120
bigscience/bloom-1b7,0,gender,6,1,hi,informative,bn,0.5,1.0,0.4473958512147267,120
bigscience/bloom-1b7,0,gender,6,1,hi,informative,en,0.7833333333333333,1.0,0.862500011920929,120
bigscience/bloom-1b7,0,gender,6,1,hi,informative,hi,0.5083333333333333,0.6666666666666666,0.0375000079472859,120
bigscience/bloom-1b7,0,gender,6,1,hi,neutral,bn,0.5,1.0,0.2906250099341074,120
bigscience/bloom-1b7,0,gender,6,1,hi,neutral,en,0.7166666666666667,1.0,0.7947916666666667,120
bigscience/bloom-1b7,0,gender,6,1,hi,neutral,hi,0.5,1.0,0.2322916805744171,120
bigscience/bloom-1b7,0,gender,8,1,hi,informative,bn,0.5,1.0,0.4593749940395355,120
bigscience/bloom-1b7,0,gender,8,1,hi,informative,en,0.7666666666666667,1.0,0.8614583333333333,120
bigscience/bloom-1b7,0,gender,8,1,hi,informative,hi,0.5,0.6166666666666667,0.0104166547457377,120
bigscience/bloom-1b7,0,gender,8,1,hi,neutral,bn,0.5,1.0,0.2880208174387614,120
bigscience/bloom-1b7,0,gender,8,1,hi,neutral,en,0.75,1.0,0.7895833373069763,120
bigscience/bloom-1b7,0,gender,8,1,hi,neutral,hi,0.5,1.0,0.2109375019868214,120
bigscience/bloom-1b7,0,gender,10,1,hi,informative,bn,0.5,1.0,0.4671875059604645,120
bigscience/bloom-1b7,0,gender,10,1,hi,informative,en,0.7666666666666667,1.0,0.8510416746139526,120
bigscience/bloom-1b7,0,gender,10,1,hi,informative,hi,0.5,0.725,0.046875,120
bigscience/bloom-1b7,0,gender,10,1,hi,neutral,bn,0.5,1.0,0.2932291666666666,120
bigscience/bloom-1b7,0,gender,10,1,hi,neutral,en,0.725,1.0,0.7885416587193806,120
bigscience/bloom-1b7,0,gender,10,1,hi,neutral,hi,0.5,1.0,0.2333333273728688,120
bigscience/bloom-1b7,0,gender,12,1,hi,informative,bn,0.5,1.0,0.4619791646798452,120
bigscience/bloom-1b7,0,gender,12,1,hi,informative,en,0.7666666666666667,1.0,0.8510416785875956,120
bigscience/bloom-1b7,0,gender,12,1,hi,informative,hi,0.5083333333333333,0.775,0.0552083333333333,120
bigscience/bloom-1b7,0,gender,12,1,hi,neutral,bn,0.5,1.0,0.2932291646798451,120
bigscience/bloom-1b7,0,gender,12,1,hi,neutral,en,0.7166666666666667,1.0,0.7802083373069764,120
bigscience/bloom-1b7,0,gender,12,1,hi,neutral,hi,0.5,1.0,0.2322916666666666,120
bigscience/bloom-1b7,0,gender,12,4,hi,informative,bn,0.5,1.0,0.4661458233992259,120
bigscience/bloom-1b7,0,gender,12,4,hi,informative,en,0.7166666666666667,1.0,0.853124996026357,120
bigscience/bloom-1b7,0,gender,12,4,hi,informative,hi,0.5083333333333333,0.8416666666666667,0.068749996026357,120
bigscience/bloom-1b7,0,gender,12,4,hi,neutral,bn,0.5,1.0,0.2885416607062022,120
bigscience/bloom-1b7,0,gender,12,4,hi,neutral,en,0.6833333333333333,1.0,0.7770833293596904,120
bigscience/bloom-1b7,0,gender,12,4,hi,neutral,hi,0.5,1.0,0.256249992052714,120
bigscience/bloom-1b7,0,gender,14,1,hi,informative,bn,0.5,1.0,0.4619791646798452,120
bigscience/bloom-1b7,0,gender,14,1,hi,informative,en,0.7833333333333333,1.0,0.8520833373069763,120
bigscience/bloom-1b7,0,gender,14,1,hi,informative,hi,0.5083333333333333,0.8666666666666667,0.085937496026357,120
bigscience/bloom-1b7,0,gender,14,1,hi,neutral,bn,0.5,1.0,0.2864583214124044,120
bigscience/bloom-1b7,0,gender,14,1,hi,neutral,en,0.725,1.0,0.784375007947286,120
bigscience/bloom-1b7,0,gender,14,1,hi,neutral,hi,0.5,1.0,0.2661458253860473,120
bigscience/bloom-1b7,0,gender,16,1,hi,informative,bn,0.5,1.0,0.457812496026357,120
bigscience/bloom-1b7,0,gender,16,1,hi,informative,en,0.7583333333333333,1.0,0.8510416666666667,120
bigscience/bloom-1b7,0,gender,16,1,hi,informative,hi,0.5083333333333333,0.7333333333333333,0.0463541686534881,120
bigscience/bloom-1b7,0,gender,16,1,hi,neutral,bn,0.5,1.0,0.2869791607062021,120
bigscience/bloom-1b7,0,gender,16,1,hi,neutral,en,0.7,1.0,0.7635416626930237,120
bigscience/bloom-1b7,0,gender,16,1,hi,neutral,hi,0.5,1.0,0.2161458353201548,120
bigscience/bloom-1b7,0,gender,18,1,hi,informative,bn,0.5,1.0,0.465624992052714,120
bigscience/bloom-1b7,0,gender,18,1,hi,informative,en,0.6333333333333333,1.0,0.8020833333333334,120
bigscience/bloom-1b7,0,gender,18,1,hi,informative,hi,0.5,0.5916666666666667,0.0119791547457377,120
bigscience/bloom-1b7,0,gender,18,1,hi,neutral,bn,0.5,1.0,0.292187507947286,120
bigscience/bloom-1b7,0,gender,18,1,hi,neutral,en,0.6583333333333333,1.0,0.7572916626930237,120
bigscience/bloom-1b7,0,gender,18,1,hi,neutral,hi,0.5,1.0,0.1817708253860473,120
bigscience/bloom-1b7,0,gender,20,1,hi,informative,bn,0.5,1.0,0.4598958571751912,120
bigscience/bloom-1b7,0,gender,20,1,hi,informative,en,0.6,1.0,0.7572916825612386,120
bigscience/bloom-1b7,0,gender,20,1,hi,informative,hi,0.5,0.5166666666666667,-0.0057291626930236,120
bigscience/bloom-1b7,0,gender,20,1,hi,neutral,bn,0.5,1.0,0.2895833293596903,120
bigscience/bloom-1b7,0,gender,20,1,hi,neutral,en,0.6333333333333333,1.0,0.7124999920527141,120
bigscience/bloom-1b7,0,gender,20,1,hi,neutral,hi,0.5,1.0,0.176562492052714,120
bigscience/bloom-1b7,0,gender,22,1,hi,informative,bn,0.5,1.0,0.4447916766007741,120
bigscience/bloom-1b7,0,gender,22,1,hi,informative,en,0.6416666666666667,1.0,0.800000003973643,120
bigscience/bloom-1b7,0,gender,22,1,hi,informative,hi,0.5,0.425,-0.0161458293596903,120
bigscience/bloom-1b7,0,gender,22,1,hi,neutral,bn,0.5,1.0,0.2781249841054281,120
bigscience/bloom-1b7,0,gender,22,1,hi,neutral,en,0.6666666666666666,1.0,0.740625,120
bigscience/bloom-1b7,0,gender,22,1,hi,neutral,hi,0.5,1.0,0.1609374940395355,120
bigscience/bloom-1b7,0,gender,0,1,en,informative,bn,0.5,1.0,0.4583333432674408,120
bigscience/bloom-1b7,0,gender,0,1,en,informative,en,0.7583333333333333,1.0,0.859375003973643,120
bigscience/bloom-1b7,0,gender,0,1,en,informative,hi,0.5083333333333333,0.6416666666666667,0.0265625039736429,120
bigscience/bloom-1b7,0,gender,0,1,en,neutral,bn,0.5,1.0,0.2906249980131785,120
bigscience/bloom-1b7,0,gender,0,1,en,neutral,en,0.7083333333333334,1.0,0.784375011920929,120
bigscience/bloom-1b7,0,gender,0,1,en,neutral,hi,0.5,1.0,0.2098958333333333,120
bigscience/bloom-1b7,0,gender,2,1,en,informative,bn,0.5,1.0,0.4708333313465118,120
bigscience/bloom-1b7,0,gender,2,1,en,informative,en,0.8083333333333333,1.0,0.924999992052714,120
bigscience/bloom-1b7,0,gender,2,1,en,informative,hi,0.5,0.6666666666666666,0.0239583313465118,120
bigscience/bloom-1b7,0,gender,2,1,en,neutral,bn,0.5,1.0,0.2932291428248088,120
bigscience/bloom-1b7,0,gender,2,1,en,neutral,en,0.7416666666666667,1.0,0.828125003973643,120
bigscience/bloom-1b7,0,gender,2,1,en,neutral,hi,0.5,1.0,0.2078125059604644,120
bigscience/bloom-1b7,0,gender,4,1,en,informative,bn,0.5,1.0,0.4697916507720947,120
bigscience/bloom-1b7,0,gender,4,1,en,informative,en,0.8083333333333333,1.0,0.9010416706403096,120
bigscience/bloom-1b7,0,gender,4,1,en,informative,hi,0.5083333333333333,0.6416666666666667,0.0286458452542622,120
bigscience/bloom-1b7,0,gender,4,1,en,neutral,bn,0.5,1.0,0.2869791766007741,120
bigscience/bloom-1b7,0,gender,4,1,en,neutral,en,0.7583333333333333,1.0,0.8197916666666667,120
bigscience/bloom-1b7,0,gender,4,1,en,neutral,hi,0.5,1.0,0.2093750079472859,120
bigscience/bloom-1b7,0,gender,6,1,en,informative,bn,0.5,1.0,0.4807291626930237,120
bigscience/bloom-1b7,0,gender,6,1,en,informative,en,0.7916666666666666,1.0,0.8385416587193807,120
bigscience/bloom-1b7,0,gender,6,1,en,informative,hi,0.5083333333333333,0.7333333333333333,0.043749992052714,120
bigscience/bloom-1b7,0,gender,6,1,en,neutral,bn,0.5,1.0,0.2927083333333333,120
bigscience/bloom-1b7,0,gender,6,1,en,neutral,en,0.7083333333333334,1.0,0.7458333333333333,120
bigscience/bloom-1b7,0,gender,6,1,en,neutral,hi,0.5,1.0,0.2145833273728688,120
bigscience/bloom-1b7,0,gender,8,1,en,informative,bn,0.5,1.0,0.4734375019868215,120
bigscience/bloom-1b7,0,gender,8,1,en,informative,en,0.775,1.0,0.8281250119209289,120
bigscience/bloom-1b7,0,gender,8,1,en,informative,hi,0.5083333333333333,0.7083333333333334,0.0375,120
bigscience/bloom-1b7,0,gender,8,1,en,neutral,bn,0.5,1.0,0.2958333492279053,120
bigscience/bloom-1b7,0,gender,8,1,en,neutral,en,0.7,1.0,0.746875003973643,120
bigscience/bloom-1b7,0,gender,8,1,en,neutral,hi,0.5,1.0,0.215624996026357,120
bigscience/bloom-1b7,0,gender,10,1,en,informative,bn,0.5,1.0,0.4760416626930236,120
bigscience/bloom-1b7,0,gender,10,1,en,informative,en,0.7833333333333333,1.0,0.8354166785875956,120
bigscience/bloom-1b7,0,gender,10,1,en,informative,hi,0.5083333333333333,0.725,0.0359375218550364,120
bigscience/bloom-1b7,0,gender,10,1,en,neutral,bn,0.5,1.0,0.2953125198682149,120
bigscience/bloom-1b7,0,gender,10,1,en,neutral,en,0.7166666666666667,1.0,0.7677083293596904,120
bigscience/bloom-1b7,0,gender,10,1,en,neutral,hi,0.5,1.0,0.2119791626930237,120
bigscience/bloom-1b7,0,gender,12,1,en,informative,bn,0.5,1.0,0.4666666706403096,120
bigscience/bloom-1b7,0,gender,12,1,en,informative,en,0.775,1.0,0.8062499920527141,120
bigscience/bloom-1b7,0,gender,12,1,en,informative,hi,0.5083333333333333,0.7166666666666667,0.0338541666666666,120
bigscience/bloom-1b7,0,gender,12,1,en,neutral,bn,0.5,1.0,0.2859375079472859,120
bigscience/bloom-1b7,0,gender,12,1,en,neutral,en,0.7,1.0,0.7416666626930237,120
bigscience/bloom-1b7,0,gender,12,1,en,neutral,hi,0.5,1.0,0.214062496026357,120
bigscience/bloom-1b7,0,gender,12,4,en,informative,bn,0.5,1.0,0.4697916706403096,120
bigscience/bloom-1b7,0,gender,12,4,en,informative,en,0.6916666666666667,1.0,0.6041666746139527,120
bigscience/bloom-1b7,0,gender,12,4,en,informative,hi,0.5,0.7166666666666667,0.039062496026357,120
bigscience/bloom-1b7,0,gender,12,4,en,neutral,bn,0.5,1.0,0.2880208452542623,120
bigscience/bloom-1b7,0,gender,12,4,en,neutral,en,0.5583333333333333,1.0,0.4916666626930236,120
bigscience/bloom-1b7,0,gender,12,4,en,neutral,hi,0.5,1.0,0.2208333333333333,120
bigscience/bloom-1b7,0,gender,14,1,en,informative,bn,0.5,1.0,0.481250011920929,120
bigscience/bloom-1b7,0,gender,14,1,en,informative,en,0.75,1.0,0.7416666746139526,120
bigscience/bloom-1b7,0,gender,14,1,en,informative,hi,0.5,0.6916666666666667,0.0354166746139526,120
bigscience/bloom-1b7,0,gender,14,1,en,neutral,bn,0.5,1.0,0.2942708313465118,120
bigscience/bloom-1b7,0,gender,14,1,en,neutral,en,0.6916666666666667,1.0,0.6895833373069763,120
bigscience/bloom-1b7,0,gender,14,1,en,neutral,hi,0.5,1.0,0.2125,120
bigscience/bloom-1b7,0,gender,16,1,en,informative,bn,0.5,1.0,0.443749996026357,120
bigscience/bloom-1b7,0,gender,16,1,en,informative,en,0.7,1.0,0.6760416666666667,120
bigscience/bloom-1b7,0,gender,16,1,en,informative,hi,0.5,0.6583333333333333,0.0270833452542622,120
bigscience/bloom-1b7,0,gender,16,1,en,neutral,bn,0.5,1.0,0.2838541567325592,120
bigscience/bloom-1b7,0,gender,16,1,en,neutral,en,0.6666666666666666,1.0,0.643750003973643,120
bigscience/bloom-1b7,0,gender,16,1,en,neutral,hi,0.5,1.0,0.2015624940395355,120
bigscience/bloom-1b7,0,gender,18,1,en,informative,bn,0.5,1.0,0.4489583452542623,120
bigscience/bloom-1b7,0,gender,18,1,en,informative,en,0.7,1.0,0.6552083214124044,120
bigscience/bloom-1b7,0,gender,18,1,en,informative,hi,0.5,0.5583333333333333,0.0078125178813934,120
bigscience/bloom-1b7,0,gender,18,1,en,neutral,bn,0.5,1.0,0.2817708114782969,120
bigscience/bloom-1b7,0,gender,18,1,en,neutral,en,0.6666666666666666,1.0,0.628125,120
bigscience/bloom-1b7,0,gender,18,1,en,neutral,hi,0.5,1.0,0.1932291746139526,120
bigscience/bloom-1b7,0,gender,20,1,en,informative,bn,0.5,1.0,0.445312507947286,120
bigscience/bloom-1b7,0,gender,20,1,en,informative,en,0.6083333333333333,1.0,0.7104166587193806,120
bigscience/bloom-1b7,0,gender,20,1,en,informative,hi,0.5083333333333333,0.6666666666666666,0.0208333253860473,120
bigscience/bloom-1b7,0,gender,20,1,en,neutral,bn,0.5,1.0,0.2776041626930237,120
bigscience/bloom-1b7,0,gender,20,1,en,neutral,en,0.625,1.0,0.6625,120
bigscience/bloom-1b7,0,gender,20,1,en,neutral,hi,0.5,1.0,0.2031250019868214,120
bigscience/bloom-1b7,0,gender,22,1,en,informative,bn,0.5,1.0,0.4218750178813934,120
bigscience/bloom-1b7,0,gender,22,1,en,informative,en,0.6,1.0,0.721875003973643,120
bigscience/bloom-1b7,0,gender,22,1,en,informative,hi,0.5,0.65,0.0270833293596903,120
bigscience/bloom-1b7,0,gender,22,1,en,neutral,bn,0.5,1.0,0.2546875059604644,120
bigscience/bloom-1b7,0,gender,22,1,en,neutral,en,0.6166666666666667,1.0,0.6572916706403097,120
bigscience/bloom-1b7,0,gender,22,1,en,neutral,hi,0.5,1.0,0.2052083373069763,120
bigscience/bloom-1b7,0,side,0,1,random,informative,bn,0.5,1.0,0.2593749841054281,120
bigscience/bloom-1b7,0,side,0,1,random,informative,en,0.5166666666666667,0.9833333333333332,0.1364583333333333,120
bigscience/bloom-1b7,0,side,0,1,random,informative,hi,0.4416666666666666,0.2833333333333333,-0.1031250059604644,120
bigscience/bloom-1b7,0,side,0,1,random,neutral,bn,0.5,0.9166666666666666,0.0901041626930236,120
bigscience/bloom-1b7,0,side,0,1,random,neutral,en,0.5,0.5,0.0,120
bigscience/bloom-1b7,0,side,0,1,random,neutral,hi,0.4083333333333333,0.0,-0.1854166646798451,120
bigscience/bloom-1b7,0,gender,0,1,random,informative,bn,0.5,1.0,0.4671875059604645,120
bigscience/bloom-1b7,0,gender,0,1,random,informative,en,0.75,1.0,0.8583333452542623,120
bigscience/bloom-1b7,0,gender,0,1,random,informative,hi,0.5083333333333333,0.6333333333333333,0.0239583412806193,120
bigscience/bloom-1b7,0,gender,0,1,random,neutral,bn,0.5,1.0,0.2749999940395355,120
bigscience/bloom-1b7,0,gender,0,1,random,neutral,en,0.7166666666666667,1.0,0.7895833333333333,120
bigscience/bloom-1b7,0,gender,0,1,random,neutral,hi,0.5,1.0,0.204687503973643,120
bigscience/bloom-1b7,0,side,2,1,random,informative,bn,0.5,1.0,0.2552083214124044,120
bigscience/bloom-1b7,0,side,2,1,random,informative,en,0.525,0.9916666666666668,0.1458333333333333,120
bigscience/bloom-1b7,0,side,2,1,random,informative,hi,0.45,0.2833333333333333,-0.0947916587193807,120
bigscience/bloom-1b7,0,side,2,1,random,neutral,bn,0.5,0.9583333333333334,0.0916666607062021,120
bigscience/bloom-1b7,0,side,2,1,random,neutral,en,0.5,0.5,0.0,120
bigscience/bloom-1b7,0,side,2,1,random,neutral,hi,0.4083333333333333,0.0,-0.1755208313465118,120
bigscience/bloom-1b7,0,gender,2,1,random,informative,bn,0.5,1.0,0.4640624980131785,120
bigscience/bloom-1b7,0,gender,2,1,random,informative,en,0.7833333333333333,1.0,0.8552083373069763,120
bigscience/bloom-1b7,0,gender,2,1,random,informative,hi,0.5,0.6166666666666667,0.0229166785875956,120
bigscience/bloom-1b7,0,gender,2,1,random,neutral,bn,0.5,1.0,0.2947916706403096,120
bigscience/bloom-1b7,0,gender,2,1,random,neutral,en,0.7166666666666667,1.0,0.7875,120
bigscience/bloom-1b7,0,gender,2,1,random,neutral,hi,0.5,1.0,0.2093750039736429,120
bigscience/bloom-1b7,0,side,4,1,random,informative,bn,0.5,1.0,0.25625,120
bigscience/bloom-1b7,0,side,4,1,random,informative,en,0.5166666666666667,0.975,0.1427083333333333,120
bigscience/bloom-1b7,0,side,4,1,random,informative,hi,0.425,0.2583333333333333,-0.107812492052714,120
bigscience/bloom-1b7,0,side,4,1,random,neutral,bn,0.5,0.925,0.0927083452542622,120
bigscience/bloom-1b7,0,side,4,1,random,neutral,en,0.5,0.5,0.0,120
bigscience/bloom-1b7,0,side,4,1,random,neutral,hi,0.4166666666666667,0.0,-0.1713541686534881,120
bigscience/bloom-1b7,0,gender,4,1,random,informative,bn,0.5,1.0,0.4588541845480601,120
bigscience/bloom-1b7,0,gender,4,1,random,informative,en,0.7583333333333333,1.0,0.8677083333333333,120
bigscience/bloom-1b7,0,gender,4,1,random,informative,hi,0.5,0.6916666666666667,0.0395833253860473,120
bigscience/bloom-1b7,0,gender,4,1,random,neutral,bn,0.5,1.0,0.2828124940395355,120
bigscience/bloom-1b7,0,gender,4,1,random,neutral,en,0.7166666666666667,1.0,0.8041666706403097,120
bigscience/bloom-1b7,0,gender,4,1,random,neutral,hi,0.5,1.0,0.2135416706403096,120
bigscience/bloom-1b7,0,side,6,1,random,informative,bn,0.5,1.0,0.2593749940395355,120
bigscience/bloom-1b7,0,side,6,1,random,informative,en,0.5166666666666667,0.9916666666666668,0.140625,120
bigscience/bloom-1b7,0,side,6,1,random,informative,hi,0.4416666666666666,0.25,-0.1109375039736429,120
bigscience/bloom-1b7,0,side,6,1,random,neutral,bn,0.5,0.9166666666666666,0.0885416805744171,120
bigscience/bloom-1b7,0,side,6,1,random,neutral,en,0.5,0.5,0.0,120
bigscience/bloom-1b7,0,side,6,1,random,neutral,hi,0.4083333333333333,0.0,-0.1838541686534881,120
bigscience/bloom-1b7,0,gender,6,1,random,informative,bn,0.5,1.0,0.4578125079472859,120
bigscience/bloom-1b7,0,gender,6,1,random,informative,en,0.7666666666666667,1.0,0.8614583333333333,120
bigscience/bloom-1b7,0,gender,6,1,random,informative,hi,0.5,0.6916666666666667,0.0343749940395355,120
bigscience/bloom-1b7,0,gender,6,1,random,neutral,bn,0.5,1.0,0.2854166547457377,120
bigscience/bloom-1b7,0,gender,6,1,random,neutral,en,0.7333333333333333,1.0,0.7947916666666667,120
bigscience/bloom-1b7,0,gender,6,1,random,neutral,hi,0.5,1.0,0.2093750039736429,120
bigscience/bloom-1b7,0,side,8,1,random,informative,bn,0.5,1.0,0.2552083412806193,120
bigscience/bloom-1b7,0,side,8,1,random,informative,en,0.5166666666666667,1.0,0.1458333333333333,120
bigscience/bloom-1b7,0,side,8,1,random,informative,hi,0.45,0.2416666666666666,-0.1010416527589162,120
bigscience/bloom-1b7,0,side,8,1,random,neutral,bn,0.5,0.9333333333333332,0.0963541626930236,120
bigscience/bloom-1b7,0,side,8,1,random,neutral,en,0.5,0.5,0.0,120
bigscience/bloom-1b7,0,side,8,1,random,neutral,hi,0.4083333333333333,0.0,-0.1786458333333333,120
bigscience/bloom-1b7,0,gender,8,1,random,informative,bn,0.5,1.0,0.4593750019868215,120
bigscience/bloom-1b7,0,gender,8,1,random,informative,en,0.7666666666666667,1.0,0.8645833253860473,120
bigscience/bloom-1b7,0,gender,8,1,random,informative,hi,0.5083333333333333,0.7083333333333334,0.0359375079472859,120
bigscience/bloom-1b7,0,gender,8,1,random,neutral,bn,0.5,1.0,0.2848958353201548,120
bigscience/bloom-1b7,0,gender,8,1,random,neutral,en,0.7083333333333334,1.0,0.7906249920527141,120
bigscience/bloom-1b7,0,gender,8,1,random,neutral,hi,0.5,1.0,0.212499996026357,120
bigscience/bloom-1b7,0,side,10,1,random,informative,bn,0.5,1.0,0.2697916746139526,120
bigscience/bloom-1b7,0,side,10,1,random,informative,en,0.5333333333333333,0.975,0.1479166666666666,120
bigscience/bloom-1b7,0,side,10,1,random,informative,hi,0.4583333333333333,0.2416666666666666,-0.0979166626930236,120
bigscience/bloom-1b7,0,side,10,1,random,neutral,bn,0.5,0.9083333333333332,0.0869791746139526,120
bigscience/bloom-1b7,0,side,10,1,random,neutral,en,0.5,0.5,0.0,120
bigscience/bloom-1b7,0,side,10,1,random,neutral,hi,0.4,0.0,-0.1796874860922495,120
bigscience/bloom-1b7,0,gender,10,1,random,informative,bn,0.5,1.0,0.4677083432674408,120
bigscience/bloom-1b7,0,gender,10,1,random,informative,en,0.775,1.0,0.85625,120
bigscience/bloom-1b7,0,gender,10,1,random,informative,hi,0.5,0.6583333333333333,0.0291666706403096,120
bigscience/bloom-1b7,0,gender,10,1,random,neutral,bn,0.5,1.0,0.2869791706403096,120
bigscience/bloom-1b7,0,gender,10,1,random,neutral,en,0.725,1.0,0.7927083333333333,120
bigscience/bloom-1b7,0,gender,10,1,random,neutral,hi,0.5,1.0,0.2093750119209289,120
bigscience/bloom-1b7,0,side,12,1,random,informative,bn,0.5,0.9916666666666668,0.2598958214124043,120
bigscience/bloom-1b7,0,side,12,1,random,informative,en,0.525,1.0,0.14375,120
bigscience/bloom-1b7,0,side,12,1,random,informative,hi,0.45,0.2416666666666666,-0.0973958472410837,120
bigscience/bloom-1b7,0,side,12,1,random,neutral,bn,0.5,0.9416666666666668,0.0984375059604644,120
bigscience/bloom-1b7,0,side,12,1,random,neutral,en,0.5,0.5,0.0,120
bigscience/bloom-1b7,0,side,12,1,random,neutral,hi,0.4083333333333333,0.0,-0.1833333293596903,120
bigscience/bloom-1b7,0,gender,12,1,random,informative,bn,0.5,1.0,0.459374988079071,120
bigscience/bloom-1b7,0,gender,12,1,random,informative,en,0.7666666666666667,1.0,0.8510416626930237,120
bigscience/bloom-1b7,0,gender,12,1,random,informative,hi,0.5,0.675,0.0281250158945719,120
bigscience/bloom-1b7,0,gender,12,1,random,neutral,bn,0.5,1.0,0.2869791666666667,120
bigscience/bloom-1b7,0,gender,12,1,random,neutral,en,0.7083333333333334,1.0,0.7822916547457377,120
bigscience/bloom-1b7,0,gender,12,1,random,neutral,hi,0.5,1.0,0.1984374940395355,120
bigscience/bloom-1b7,0,side,12,4,random,informative,bn,0.5,1.0,0.2473958134651184,120
bigscience/bloom-1b7,0,side,12,4,random,informative,en,0.5333333333333333,1.0,0.153125,120
bigscience/bloom-1b7,0,side,12,4,random,informative,hi,0.45,0.275,-0.0885416726271311,120
bigscience/bloom-1b7,0,side,12,4,random,neutral,bn,0.5,0.925,0.082812484105428,120
bigscience/bloom-1b7,0,side,12,4,random,neutral,en,0.5,0.5083333333333333,0.0010416666666666,120
bigscience/bloom-1b7,0,side,12,4,random,neutral,hi,0.4166666666666667,0.0,-0.1755208452542623,120
bigscience/bloom-1b7,0,gender,12,4,random,informative,bn,0.5,1.0,0.4697916706403096,120
bigscience/bloom-1b7,0,gender,12,4,random,informative,en,0.7583333333333333,1.0,0.8614583373069763,120
bigscience/bloom-1b7,0,gender,12,4,random,informative,hi,0.5083333333333333,0.6833333333333333,0.039062492052714,120
bigscience/bloom-1b7,0,gender,12,4,random,neutral,bn,0.5,1.0,0.2859375,120
bigscience/bloom-1b7,0,gender,12,4,random,neutral,en,0.6916666666666667,1.0,0.7864583373069763,120
bigscience/bloom-1b7,0,gender,12,4,random,neutral,hi,0.5,1.0,0.218750003973643,120
bigscience/bloom-1b7,0,side,14,1,random,informative,bn,0.5,1.0,0.2557291666666667,120
bigscience/bloom-1b7,0,side,14,1,random,informative,en,0.5333333333333333,0.975,0.1354166666666666,120
bigscience/bloom-1b7,0,side,14,1,random,informative,hi,0.45,0.25,-0.1026041766007741,120
bigscience/bloom-1b7,0,side,14,1,random,neutral,bn,0.5,0.925,0.0874999781449635,120
bigscience/bloom-1b7,0,side,14,1,random,neutral,en,0.5,0.4916666666666666,-0.0010416666666666,120
bigscience/bloom-1b7,0,side,14,1,random,neutral,hi,0.4,0.0,-0.1869791607062021,120
bigscience/bloom-1b7,0,gender,14,1,random,informative,bn,0.5,1.0,0.4505208154519399,120
bigscience/bloom-1b7,0,gender,14,1,random,informative,en,0.7833333333333333,1.0,0.862499996026357,120
bigscience/bloom-1b7,0,gender,14,1,random,informative,hi,0.5,0.6833333333333333,0.0322916666666666,120
bigscience/bloom-1b7,0,gender,14,1,random,neutral,bn,0.5,1.0,0.287499992052714,120
bigscience/bloom-1b7,0,gender,14,1,random,neutral,en,0.7083333333333334,1.0,0.7989583253860474,120
bigscience/bloom-1b7,0,gender,14,1,random,neutral,hi,0.5,1.0,0.2124999980131785,120
bigscience/bloom-1b7,0,side,16,1,random,informative,bn,0.5,1.0,0.2604166706403096,120
bigscience/bloom-1b7,0,side,16,1,random,informative,en,0.525,0.9916666666666668,0.1447916666666666,120
bigscience/bloom-1b7,0,side,16,1,random,informative,hi,0.45,0.2583333333333333,-0.0953125,120
bigscience/bloom-1b7,0,side,16,1,random,neutral,bn,0.5,0.9333333333333332,0.0890624980131785,120
bigscience/bloom-1b7,0,side,16,1,random,neutral,en,0.5,0.5,0.0,120
bigscience/bloom-1b7,0,side,16,1,random,neutral,hi,0.4166666666666667,0.0,-0.1744791686534881,120
bigscience/bloom-1b7,0,gender,16,1,random,informative,bn,0.5,1.0,0.4682291746139526,120
bigscience/bloom-1b7,0,gender,16,1,random,informative,en,0.7666666666666667,1.0,0.865624996026357,120
bigscience/bloom-1b7,0,gender,16,1,random,informative,hi,0.5,0.6583333333333333,0.0276041626930236,120
bigscience/bloom-1b7,0,gender,16,1,random,neutral,bn,0.5,1.0,0.2989583373069763,120
bigscience/bloom-1b7,0,gender,16,1,random,neutral,en,0.725,1.0,0.7927083412806193,120
bigscience/bloom-1b7,0,gender,16,1,random,neutral,hi,0.5,1.0,0.2114583472410837,120
bigscience/bloom-1b7,0,side,18,1,random,informative,bn,0.5,1.0,0.256249996026357,120
bigscience/bloom-1b7,0,side,18,1,random,informative,en,0.5166666666666667,0.9833333333333332,0.146875,120
bigscience/bloom-1b7,0,side,18,1,random,informative,hi,0.45,0.225,-0.1109375,120
bigscience/bloom-1b7,0,side,18,1,random,neutral,bn,0.5,0.925,0.0869791587193807,120
bigscience/bloom-1b7,0,side,18,1,random,neutral,en,0.5,0.5,0.0,120
bigscience/bloom-1b7,0,side,18,1,random,neutral,hi,0.4083333333333333,0.0,-0.179687484105428,120
bigscience/bloom-1b7,0,gender,18,1,random,informative,bn,0.5,1.0,0.449999992052714,120
bigscience/bloom-1b7,0,gender,18,1,random,informative,en,0.775,1.0,0.8541666626930237,120
bigscience/bloom-1b7,0,gender,18,1,random,informative,hi,0.5083333333333333,0.675,0.0296875119209289,120
bigscience/bloom-1b7,0,gender,18,1,random,neutral,bn,0.5,1.0,0.2807291746139526,120
bigscience/bloom-1b7,0,gender,18,1,random,neutral,en,0.725,1.0,0.7802083293596903,120
bigscience/bloom-1b7,0,gender,18,1,random,neutral,hi,0.5,1.0,0.203124996026357,120
bigscience/bloom-1b7,0,side,20,1,random,informative,bn,0.5,1.0,0.2526041587193807,120
bigscience/bloom-1b7,0,side,20,1,random,informative,en,0.525,1.0,0.146875,120
bigscience/bloom-1b7,0,side,20,1,random,informative,hi,0.45,0.2583333333333333,-0.0963541746139526,120
bigscience/bloom-1b7,0,side,20,1,random,neutral,bn,0.5,0.9333333333333332,0.0838541607062021,120
bigscience/bloom-1b7,0,side,20,1,random,neutral,en,0.5,0.5,0.0,120
bigscience/bloom-1b7,0,side,20,1,random,neutral,hi,0.4,0.0,-0.1838541726271311,120
bigscience/bloom-1b7,0,gender,20,1,random,informative,bn,0.5,1.0,0.4625000258286794,120
bigscience/bloom-1b7,0,gender,20,1,random,informative,en,0.7583333333333333,1.0,0.8510416587193806,120
bigscience/bloom-1b7,0,gender,20,1,random,informative,hi,0.5,0.7083333333333334,0.0432291626930236,120
bigscience/bloom-1b7,0,gender,20,1,random,neutral,bn,0.5,1.0,0.289062492052714,120
bigscience/bloom-1b7,0,gender,20,1,random,neutral,en,0.6916666666666667,1.0,0.7791666626930237,120
bigscience/bloom-1b7,0,gender,20,1,random,neutral,hi,0.5,1.0,0.2161458313465118,120
bigscience/bloom-1b7,0,side,22,1,random,informative,bn,0.5,1.0,0.2583333293596903,120
bigscience/bloom-1b7,0,side,22,1,random,informative,en,0.5083333333333333,0.9916666666666668,0.1479166666666666,120
bigscience/bloom-1b7,0,side,22,1,random,informative,hi,0.4333333333333333,0.2666666666666666,-0.1026041785875956,120
bigscience/bloom-1b7,0,side,22,1,random,neutral,bn,0.5,0.9416666666666668,0.0942708432674408,120
bigscience/bloom-1b7,0,side,22,1,random,neutral,en,0.5,0.5083333333333333,0.0010416666666666,120
bigscience/bloom-1b7,0,side,22,1,random,neutral,hi,0.4083333333333333,0.0,-0.1890625079472859,120
bigscience/bloom-1b7,0,gender,22,1,random,informative,bn,0.5,1.0,0.454687480131785,120
bigscience/bloom-1b7,0,gender,22,1,random,informative,en,0.8,1.0,0.846875007947286,120
bigscience/bloom-1b7,0,gender,22,1,random,informative,hi,0.5083333333333333,0.6333333333333333,0.0260416587193806,120
bigscience/bloom-1b7,0,gender,22,1,random,neutral,bn,0.5,1.0,0.2786458253860474,120
bigscience/bloom-1b7,0,gender,22,1,random,neutral,en,0.7583333333333333,1.0,0.7895833373069763,120
bigscience/bloom-1b7,0,gender,22,1,random,neutral,hi,0.5,1.0,0.207812496026357,120
bigscience/bloom-1b7,1,side,-1,0,none,informative,bn,0.5,0.8916666666666667,0.1807291726271311,120
bigscience/bloom-1b7,1,side,-1,0,none,informative,en,0.5583333333333333,0.9916666666666668,0.1458333333333333,120
bigscience/bloom-1b7,1,side,-1,0,none,informative,hi,0.4916666666666666,0.45,-0.0406250059604644,120
bigscience/bloom-1b7,1,side,-1,0,none,neutral,bn,0.5,0.9,0.0875000258286794,120
bigscience/bloom-1b7,1,side,-1,0,none,neutral,en,0.4833333333333333,0.5,0.0,120
bigscience/bloom-1b7,1,side,-1,0,none,neutral,hi,0.4583333333333333,0.0,-0.170312492052714,120
bigscience/bloom-1b7,1,gender,-1,0,none,informative,bn,0.5,1.0,0.4161458313465118,120
bigscience/bloom-1b7,1,gender,-1,0,none,informative,en,0.8416666666666667,1.0,0.9208333373069764,120
bigscience/bloom-1b7,1,gender,-1,0,none,informative,hi,0.5,0.5333333333333333,0.0,120
bigscience/bloom-1b7,1,gender,-1,0,none,neutral,bn,0.5,1.0,0.2807291686534882,120
bigscience/bloom-1b7,1,gender,-1,0,none,neutral,en,0.8166666666666667,1.0,0.893750003973643,120
bigscience/bloom-1b7,1,gender,-1,0,none,neutral,hi,0.5,1.0,0.1729166666666666,120
bigscience/bloom-1b7,1,side,0,1,bn,informative,bn,0.5083333333333333,0.875,0.1734375158945719,120
bigscience/bloom-1b7,1,side,0,1,bn,informative,en,0.5583333333333333,0.9833333333333332,0.14375,120
bigscience/bloom-1b7,1,side,0,1,bn,informative,hi,0.5,0.4416666666666666,-0.040624992052714,120
bigscience/bloom-1b7,1,side,0,1,bn,neutral,bn,0.5,0.8916666666666667,0.0880208571751912,120
bigscience/bloom-1b7,1,side,0,1,bn,neutral,en,0.4916666666666666,0.5083333333333333,0.0010416666666666,120
bigscience/bloom-1b7,1,side,0,1,bn,neutral,hi,0.4583333333333333,0.0,-0.1708333273728688,120
bigscience/bloom-1b7,1,side,2,1,bn,informative,bn,0.5083333333333333,0.9083333333333332,0.1869791666666666,120
bigscience/bloom-1b7,1,side,2,1,bn,informative,en,0.55,0.9833333333333332,0.1416666666666666,120
bigscience/bloom-1b7,1,side,2,1,bn,informative,hi,0.4916666666666666,0.475,-0.034374980131785,120
bigscience/bloom-1b7,1,side,2,1,bn,neutral,bn,0.5,0.9166666666666666,0.0958333353201548,120
bigscience/bloom-1b7,1,side,2,1,bn,neutral,en,0.475,0.5,0.0,120
bigscience/bloom-1b7,1,side,2,1,bn,neutral,hi,0.4583333333333333,0.0,-0.1671875099341074,120
bigscience/bloom-1b7,1,side,4,1,bn,informative,bn,0.5,0.8916666666666667,0.1697916805744171,120
bigscience/bloom-1b7,1,side,4,1,bn,informative,en,0.5583333333333333,0.975,0.1364583333333333,120
bigscience/bloom-1b7,1,side,4,1,bn,informative,hi,0.4833333333333333,0.4416666666666666,-0.0473958452542622,120
bigscience/bloom-1b7,1,side,4,1,bn,neutral,bn,0.5,0.8666666666666667,0.0781249900658925,120
bigscience/bloom-1b7,1,side,4,1,bn,neutral,en,0.4833333333333333,0.5,0.0,120
bigscience/bloom-1b7,1,side,4,1,bn,neutral,hi,0.4583333333333333,0.0,-0.175,120
bigscience/bloom-1b7,1,side,6,1,bn,informative,bn,0.5,0.7416666666666667,0.1057291467984517,120
bigscience/bloom-1b7,1,side,6,1,bn,informative,en,0.55,0.9916666666666668,0.13125,120
bigscience/bloom-1b7,1,side,6,1,bn,informative,hi,0.4833333333333333,0.425,-0.0546875178813934,120
bigscience/bloom-1b7,1,side,6,1,bn,neutral,bn,0.5,0.6416666666666667,0.0348958313465118,120
bigscience/bloom-1b7,1,side,6,1,bn,neutral,en,0.4833333333333333,0.5,0.0,120
bigscience/bloom-1b7,1,side,6,1,bn,neutral,hi,0.4583333333333333,0.0,-0.1677083392937978,120
bigscience/bloom-1b7,1,side,8,1,bn,informative,bn,0.5,0.8583333333333333,0.1463541428248087,120
bigscience/bloom-1b7,1,side,8,1,bn,informative,en,0.55,0.9916666666666668,0.14375,120
bigscience/bloom-1b7,1,side,8,1,bn,informative,hi,0.4833333333333333,0.4666666666666667,-0.0432291785875956,120
bigscience/bloom-1b7,1,side,8,1,bn,neutral,bn,0.5,0.7166666666666667,0.0583333452542622,120
bigscience/bloom-1b7,1,side,8,1,bn,neutral,en,0.475,0.5083333333333333,0.0010416666666666,120
bigscience/bloom-1b7,1,side,8,1,bn,neutral,hi,0.4583333333333333,0.0,-0.1739583313465118,120
bigscience/bloom-1b7,1,side,10,1,bn,informative,bn,0.5083333333333333,0.925,0.1880208273728688,120
bigscience/bloom-1b7,1,side,10,1,bn,informative,en,0.55,0.9833333333333332,0.140625,120
bigscience/bloom-1b7,1,side,10,1,bn,informative,hi,0.4916666666666666,0.4833333333333333,-0.0255208392937978,120
bigscience/bloom-1b7,1,side,10,1,bn,neutral,bn,0.5,0.875,0.0864583194255828,120
bigscience/bloom-1b7,1,side,10,1,bn,neutral,en,0.5,0.4916666666666666,-0.0010416666666666,120
bigscience/bloom-1b7,1,side,10,1,bn,neutral,hi,0.4583333333333333,0.0,-0.1640624900658925,120
bigscience/bloom-1b7,1,side,12,1,bn,informative,bn,0.5,0.8583333333333333,0.1505208253860473,120
bigscience/bloom-1b7,1,side,12,1,bn,informative,en,0.5583333333333333,0.975,0.1416666666666666,120
bigscience/bloom-1b7,1,side,12,1,bn,informative,hi,0.4833333333333333,0.4583333333333333,-0.0401041527589162,120
bigscience/bloom-1b7,1,side,12,1,bn,neutral,bn,0.5,0.7833333333333333,0.0567708154519399,120
bigscience/bloom-1b7,1,side,12,1,bn,neutral,en,0.4833333333333333,0.5,0.0,120
bigscience/bloom-1b7,1,side,12,1,bn,neutral,hi,0.4583333333333333,0.0,-0.1859374860922495,120
bigscience/bloom-1b7,1,side,12,4,bn,informative,bn,0.5083333333333333,0.8083333333333333,0.1395833253860473,120
bigscience/bloom-1b7,1,side,12,4,bn,informative,en,0.5416666666666666,0.9833333333333332,0.128125,120
bigscience/bloom-1b7,1,side,12,4,bn,informative,hi,0.4833333333333333,0.4083333333333333,-0.0385416686534881,120
bigscience/bloom-1b7,1,side,12,4,bn,neutral,bn,0.5,0.6333333333333333,0.0265624980131785,120
bigscience/bloom-1b7,1,side,12,4,bn,neutral,en,0.4833333333333333,0.5,0.0,120
bigscience/bloom-1b7,1,side,12,4,bn,neutral,hi,0.4583333333333333,0.0,-0.1875000119209289,120
bigscience/bloom-1b7,1,side,14,1,bn,informative,bn,0.5,0.85,0.1473958313465118,120
bigscience/bloom-1b7,1,side,14,1,bn,informative,en,0.55,0.9916666666666668,0.134375,120
bigscience/bloom-1b7,1,side,14,1,bn,informative,hi,0.4833333333333333,0.4416666666666666,-0.0468750039736429,120
bigscience/bloom-1b7,1,side,14,1,bn,neutral,bn,0.5,0.7166666666666667,0.0437500218550364,120
bigscience/bloom-1b7,1,side,14,1,bn,neutral,en,0.4833333333333333,0.5,0.0,120
bigscience/bloom-1b7,1,side,14,1,bn,neutral,hi,0.4583333333333333,0.0,-0.1864583333333333,120
bigscience/bloom-1b7,1,side,16,1,bn,informative,bn,0.5083333333333333,0.9083333333333332,0.1843749980131785,120
bigscience/bloom-1b7,1,side,16,1,bn,informative,en,0.55,0.9666666666666668,0.1364583333333333,120
bigscience/bloom-1b7,1,side,16,1,bn,informative,hi,0.4916666666666666,0.4,-0.0531250019868214,120
bigscience/bloom-1b7,1,side,16,1,bn,neutral,bn,0.5,0.9,0.0833333253860473,120
bigscience/bloom-1b7,1,side,16,1,bn,neutral,en,0.4833333333333333,0.5,0.0,120
bigscience/bloom-1b7,1,side,16,1,bn,neutral,hi,0.4583333333333333,0.0,-0.1890625,120
bigscience/bloom-1b7,1,side,18,1,bn,informative,bn,0.5,0.9166666666666666,0.1947916428248087,120
bigscience/bloom-1b7,1,side,18,1,bn,informative,en,0.55,0.9833333333333332,0.1354166666666666,120
bigscience/bloom-1b7,1,side,18,1,bn,informative,hi,0.475,0.4166666666666667,-0.0552083293596903,120
bigscience/bloom-1b7,1,side,18,1,bn,neutral,bn,0.5,0.9083333333333332,0.090624996026357,120
bigscience/bloom-1b7,1,side,18,1,bn,neutral,en,0.5,0.5,0.0,120
bigscience/bloom-1b7,1,side,18,1,bn,neutral,hi,0.4583333333333333,0.0083333333333333,-0.1750000019868215,120
bigscience/bloom-1b7,1,side,20,1,bn,informative,bn,0.5,0.8833333333333333,0.1734375079472859,120
bigscience/bloom-1b7,1,side,20,1,bn,informative,en,0.55,0.9916666666666668,0.1427083333333333,120
bigscience/bloom-1b7,1,side,20,1,bn,informative,hi,0.5083333333333333,0.45,-0.031249996026357,120
bigscience/bloom-1b7,1,side,20,1,bn,neutral,bn,0.5,0.8,0.0703125039736429,120
bigscience/bloom-1b7,1,side,20,1,bn,neutral,en,0.475,0.5,0.0,120
bigscience/bloom-1b7,1,side,20,1,bn,neutral,hi,0.4583333333333333,0.0,-0.1604166507720947,120
bigscience/bloom-1b7,1,side,22,1,bn,informative,bn,0.5,0.8583333333333333,0.1656250119209289,120
bigscience/bloom-1b7,1,side,22,1,bn,informative,en,0.5583333333333333,0.9916666666666668,0.134375,120
bigscience/bloom-1b7,1,side,22,1,bn,informative,hi,0.475,0.4166666666666667,-0.0541666845480601,120
bigscience/bloom-1b7,1,side,22,1,bn,neutral,bn,0.5,0.8333333333333334,0.0656249980131785,120
bigscience/bloom-1b7,1,side,22,1,bn,neutral,en,0.5,0.4916666666666666,-0.0010416666666666,120
bigscience/bloom-1b7,1,side,22,1,bn,neutral,hi,0.45,0.0,-0.1723958333333333,120
bigscience/bloom-1b7,1,side,0,1,hi,informative,bn,0.5,0.9,0.1828125099341074,120
bigscience/bloom-1b7,1,side,0,1,hi,informative,en,0.55,0.9916666666666668,0.128125,120
bigscience/bloom-1b7,1,side,0,1,hi,informative,hi,0.5,0.5,-0.0151041607062021,120
bigscience/bloom-1b7,1,side,0,1,hi,neutral,bn,0.5,0.8916666666666667,0.0859375039736429,120
bigscience/bloom-1b7,1,side,0,1,hi,neutral,en,0.4916666666666666,0.5,0.0,120
bigscience/bloom-1b7,1,side,0,1,hi,neutral,hi,0.4583333333333333,0.0083333333333333,-0.118229192495346,120
bigscience/bloom-1b7,1,side,2,1,hi,informative,bn,0.5,0.8833333333333333,0.1786458452542622,120
bigscience/bloom-1b7,1,side,2,1,hi,informative,en,0.55,0.9916666666666668,0.1395833333333333,120
bigscience/bloom-1b7,1,side,2,1,hi,informative,hi,0.475,0.4,-0.0692708492279052,120
bigscience/bloom-1b7,1,side,2,1,hi,neutral,bn,0.5,0.9,0.09375,120
bigscience/bloom-1b7,1,side,2,1,hi,neutral,en,0.4916666666666666,0.5,0.0,120
bigscience/bloom-1b7,1,side,2,1,hi,neutral,hi,0.45,0.0,-0.1666666607062022,120
bigscience/bloom-1b7,1,side,4,1,hi,informative,bn,0.5,0.9083333333333332,0.1838541805744171,120
bigscience/bloom-1b7,1,side,4,1,hi,informative,en,0.5416666666666666,1.0,0.1416666666666666,120
bigscience/bloom-1b7,1,side,4,1,hi,informative,hi,0.4833333333333333,0.3083333333333333,-0.0864583392937978,120
bigscience/bloom-1b7,1,side,4,1,hi,neutral,bn,0.5,0.9,0.0833333094914754,120
bigscience/bloom-1b7,1,side,4,1,hi,neutral,en,0.5,0.5,0.0,120
bigscience/bloom-1b7,1,side,4,1,hi,neutral,hi,0.4416666666666666,0.0,-0.2072916567325592,120
bigscience/bloom-1b7,1,side,6,1,hi,informative,bn,0.5,0.8916666666666667,0.178124996026357,120
bigscience/bloom-1b7,1,side,6,1,hi,informative,en,0.55,1.0,0.153125,120
bigscience/bloom-1b7,1,side,6,1,hi,informative,hi,0.4833333333333333,0.425,-0.065624996026357,120
bigscience/bloom-1b7,1,side,6,1,hi,neutral,bn,0.5,0.8416666666666667,0.0802083373069763,120
bigscience/bloom-1b7,1,side,6,1,hi,neutral,en,0.4833333333333333,0.5,0.0,120
bigscience/bloom-1b7,1,side,6,1,hi,neutral,hi,0.45,0.0,-0.1958333392937978,120
bigscience/bloom-1b7,1,side,8,1,hi,informative,bn,0.5,0.8833333333333333,0.1802083392937978,120
bigscience/bloom-1b7,1,side,8,1,hi,informative,en,0.55,1.0,0.153125,120
bigscience/bloom-1b7,1,side,8,1,hi,informative,hi,0.5083333333333333,0.5333333333333333,0.0072916626930236,120
bigscience/bloom-1b7,1,side,8,1,hi,neutral,bn,0.5,0.9166666666666666,0.0911458373069763,120
bigscience/bloom-1b7,1,side,8,1,hi,neutral,en,0.4833333333333333,0.5,0.0,120
bigscience/bloom-1b7,1,side,8,1,hi,neutral,hi,0.475,0.0166666666666666,-0.1187499940395355,120
bigscience/bloom-1b7,1,side,10,1,hi,informative,bn,0.5,0.8833333333333333,0.1760416587193806,120
bigscience/bloom-1b7,1,side,10,1,hi,informative,en,0.55,0.9916666666666668,0.1489583333333333,120
bigscience/bloom-1b7,1,side,10,1,hi,informative,hi,0.5166666666666667,0.625,0.0598958313465118,120
bigscience/bloom-1b7,1,side,10,1,hi,neutral,bn,0.5,0.8416666666666667,0.0744791666666666,120
bigscience/bloom-1b7,1,side,10,1,hi,neutral,en,0.5,0.5,0.0,120
bigscience/bloom-1b7,1,side,10,1,hi,neutral,hi,0.475,0.1666666666666666,-0.0572916567325592,120
bigscience/bloom-1b7,1,side,12,1,hi,informative,bn,0.5,0.9,0.1822916766007741,120
bigscience/bloom-1b7,1,side,12,1,hi,informative,en,0.55,0.975,0.1385416666666666,120
bigscience/bloom-1b7,1,side,12,1,hi,informative,hi,0.5083333333333333,0.55,0.018749992052714,120
bigscience/bloom-1b7,1,side,12,1,hi,neutral,bn,0.5,0.925,0.0916666646798451,120
bigscience/bloom-1b7,1,side,12,1,hi,neutral,en,0.4916666666666666,0.5,0.0,120
bigscience/bloom-1b7,1,side,12,1,hi,neutral,hi,0.4666666666666667,0.0666666666666666,-0.0833333353201548,120
bigscience/bloom-1b7,1,side,12,4,hi,informative,bn,0.5,0.8916666666666667,0.1645833651224772,120
bigscience/bloom-1b7,1,side,12,4,hi,informative,en,0.55,0.9916666666666668,0.1208333333333333,120
bigscience/bloom-1b7,1,side,12,4,hi,informative,hi,0.5,0.45,-0.0343749940395355,120
bigscience/bloom-1b7,1,side,12,4,hi,neutral,bn,0.5,0.7916666666666666,0.0677083551883697,120
bigscience/bloom-1b7,1,side,12,4,hi,neutral,en,0.5,0.5083333333333333,0.0010416666666666,120
bigscience/bloom-1b7,1,side,12,4,hi,neutral,hi,0.4666666666666667,0.0,-0.12864584227403,120
bigscience/bloom-1b7,1,side,14,1,hi,informative,bn,0.5,0.8833333333333333,0.1765625,120
bigscience/bloom-1b7,1,side,14,1,hi,informative,en,0.5583333333333333,0.9833333333333332,0.1333333333333333,120
bigscience/bloom-1b7,1,side,14,1,hi,informative,hi,0.525,0.5916666666666667,0.0505208313465118,120
bigscience/bloom-1b7,1,side,14,1,hi,neutral,bn,0.5,0.8333333333333334,0.0802083512147267,120
bigscience/bloom-1b7,1,side,14,1,hi,neutral,en,0.4916666666666666,0.4916666666666666,-0.0010416666666666,120
bigscience/bloom-1b7,1,side,14,1,hi,neutral,hi,0.4666666666666667,0.075,-0.0755208214124043,120
bigscience/bloom-1b7,1,side,16,1,hi,informative,bn,0.5,0.925,0.1859375238418579,120
bigscience/bloom-1b7,1,side,16,1,hi,informative,en,0.5583333333333333,0.9916666666666668,0.1302083333333333,120
bigscience/bloom-1b7,1,side,16,1,hi,informative,hi,0.5083333333333333,0.55,0.0182291646798451,120
bigscience/bloom-1b7,1,side,16,1,hi,neutral,bn,0.5,0.9,0.092187488079071,120
bigscience/bloom-1b7,1,side,16,1,hi,neutral,en,0.4916666666666666,0.5083333333333333,0.0010416666666666,120
bigscience/bloom-1b7,1,side,16,1,hi,neutral,hi,0.4666666666666667,0.0333333333333333,-0.1067708392937978,120
bigscience/bloom-1b7,1,side,18,1,hi,informative,bn,0.5,0.8916666666666667,0.1776041607062022,120
bigscience/bloom-1b7,1,side,18,1,hi,informative,en,0.55,1.0,0.1364583333333333,120
bigscience/bloom-1b7,1,side,18,1,hi,informative,hi,0.5083333333333333,0.4833333333333333,-0.0109375039736429,120
bigscience/bloom-1b7,1,side,18,1,hi,neutral,bn,0.5,0.8666666666666667,0.0786458333333333,120
bigscience/bloom-1b7,1,side,18,1,hi,neutral,en,0.4916666666666666,0.5083333333333333,0.0010416666666666,120
bigscience/bloom-1b7,1,side,18,1,hi,neutral,hi,0.4666666666666667,0.0083333333333333,-0.1364583353201548,120
bigscience/bloom-1b7,1,side,20,1,hi,informative,bn,0.5,0.9,0.1807291666666666,120
bigscience/bloom-1b7,1,side,20,1,hi,informative,en,0.5416666666666666,1.0,0.1302083333333333,120
bigscience/bloom-1b7,1,side,20,1,hi,informative,hi,0.475,0.4416666666666666,-0.048437484105428,120
bigscience/bloom-1b7,1,side,20,1,hi,neutral,bn,0.5,0.8833333333333333,0.0786458273728688,120
bigscience/bloom-1b7,1,side,20,1,hi,neutral,en,0.4916666666666666,0.5,0.0,120
bigscience/bloom-1b7,1,side,20,1,hi,neutral,hi,0.4583333333333333,0.0,-0.1713541567325592,120
bigscience/bloom-1b7,1,side,22,1,hi,informative,bn,0.5083333333333333,0.875,0.1750000178813934,120
bigscience/bloom-1b7,1,side,22,1,hi,informative,en,0.5416666666666666,0.9833333333333332,0.134375,120
bigscience/bloom-1b7,1,side,22,1,hi,informative,hi,0.4666666666666667,0.2916666666666667,-0.0901041587193807,120
bigscience/bloom-1b7,1,side,22,1,hi,neutral,bn,0.5,0.9166666666666666,0.0885416547457377,120
bigscience/bloom-1b7,1,side,22,1,hi,neutral,en,0.4916666666666666,0.5,0.0,120
bigscience/bloom-1b7,1,side,22,1,hi,neutral,hi,0.4583333333333333,0.0,-0.2046875059604644,120
bigscience/bloom-1b7,1,side,0,1,en,informative,bn,0.5,0.9166666666666666,0.182812503973643,120
bigscience/bloom-1b7,1,side,0,1,en,informative,en,0.5416666666666666,0.9666666666666668,0.1239583333333333,120
bigscience/bloom-1b7,1,side,0,1,en,informative,hi,0.475,0.425,-0.0411458273728688,120
bigscience/bloom-1b7,1,side,0,1,en,neutral,bn,0.5,0.9166666666666666,0.0916666388511657,120
bigscience/bloom-1b7,1,side,0,1,en,neutral,en,0.5,0.4916666666666666,-0.0010416666666666,120
bigscience/bloom-1b7,1,side,0,1,en,neutral,hi,0.45,0.0,-0.1666666487852732,120
bigscience/bloom-1b7,1,side,2,1,en,informative,bn,0.5,0.9166666666666666,0.1760416706403096,120
bigscience/bloom-1b7,1,side,2,1,en,informative,en,0.5416666666666666,0.9833333333333332,0.121875,120
bigscience/bloom-1b7,1,side,2,1,en,informative,hi,0.5,0.425,-0.0421875,120
bigscience/bloom-1b7,1,side,2,1,en,neutral,bn,0.5,0.9,0.0833333392937978,120
bigscience/bloom-1b7,1,side,2,1,en,neutral,en,0.5,0.5,0.0,120
bigscience/bloom-1b7,1,side,2,1,en,neutral,hi,0.4583333333333333,0.0083333333333333,-0.1677083333333333,120
bigscience/bloom-1b7,1,side,4,1,en,informative,bn,0.5,0.9,0.1744791686534881,120
bigscience/bloom-1b7,1,side,4,1,en,informative,en,0.55,0.975,0.140625,120
bigscience/bloom-1b7,1,side,4,1,en,informative,hi,0.4833333333333333,0.45,-0.0442708273728688,120
bigscience/bloom-1b7,1,side,4,1,en,neutral,bn,0.5,0.9083333333333332,0.0859375119209289,120
bigscience/bloom-1b7,1,side,4,1,en,neutral,en,0.4916666666666666,0.4916666666666666,-0.0010416666666666,120
bigscience/bloom-1b7,1,side,4,1,en,neutral,hi,0.4583333333333333,0.0,-0.1671875079472859,120
bigscience/bloom-1b7,1,side,6,1,en,informative,bn,0.5,0.9166666666666666,0.1864583214124043,120
bigscience/bloom-1b7,1,side,6,1,en,informative,en,0.55,0.9833333333333332,0.1364583333333333,120
bigscience/bloom-1b7,1,side,6,1,en,informative,hi,0.4833333333333333,0.4583333333333333,-0.0447916746139526,120
bigscience/bloom-1b7,1,side,6,1,en,neutral,bn,0.5,0.875,0.0859374940395355,120
bigscience/bloom-1b7,1,side,6,1,en,neutral,en,0.4916666666666666,0.5,0.0,120
bigscience/bloom-1b7,1,side,6,1,en,neutral,hi,0.4583333333333333,0.0,-0.1536458353201548,120
bigscience/bloom-1b7,1,side,8,1,en,informative,bn,0.5166666666666667,0.9583333333333334,0.2145833214124043,120
bigscience/bloom-1b7,1,side,8,1,en,informative,en,0.55,1.0,0.1708333333333333,120
bigscience/bloom-1b7,1,side,8,1,en,informative,hi,0.5166666666666667,0.55,0.0369791607062021,120
bigscience/bloom-1b7,1,side,8,1,en,neutral,bn,0.5,0.7833333333333333,0.0651041448116302,120
bigscience/bloom-1b7,1,side,8,1,en,neutral,en,0.4833333333333333,0.5,0.0,120
bigscience/bloom-1b7,1,side,8,1,en,neutral,hi,0.45,0.0166666666666666,-0.1302083333333333,120
bigscience/bloom-1b7,1,side,10,1,en,informative,bn,0.5166666666666667,0.9083333333333332,0.1739583333333333,120
bigscience/bloom-1b7,1,side,10,1,en,informative,en,0.5583333333333333,0.9916666666666668,0.1729166666666666,120
bigscience/bloom-1b7,1,side,10,1,en,informative,hi,0.5,0.5416666666666666,0.0098958313465118,120
bigscience/bloom-1b7,1,side,10,1,en,neutral,bn,0.5,0.6833333333333333,0.0484374860922495,120
bigscience/bloom-1b7,1,side,10,1,en,neutral,en,0.4916666666666666,0.5083333333333333,0.0010416666666666,120
bigscience/bloom-1b7,1,side,10,1,en,neutral,hi,0.45,0.0,-0.1557291726271311,120
bigscience/bloom-1b7,1,side,12,1,en,informative,bn,0.5083333333333333,0.9583333333333334,0.215624988079071,120
bigscience/bloom-1b7,1,side,12,1,en,informative,en,0.5416666666666666,1.0,0.2072916666666666,120
bigscience/bloom-1b7,1,side,12,1,en,informative,hi,0.5,0.5166666666666667,-1.9868214925130212e-09,120
bigscience/bloom-1b7,1,side,12,1,en,neutral,bn,0.5,0.85,0.0838541587193806,120
bigscience/bloom-1b7,1,side,12,1,en,neutral,en,0.4833333333333333,0.5,0.0,120
bigscience/bloom-1b7,1,side,12,1,en,neutral,hi,0.45,0.0,-0.1677083373069763,120
bigscience/bloom-1b7,1,side,12,4,en,informative,bn,0.5083333333333333,0.95,0.2135416706403096,120
bigscience/bloom-1b7,1,side,12,4,en,informative,en,0.525,1.0,0.209375,120
bigscience/bloom-1b7,1,side,12,4,en,informative,hi,0.475,0.4666666666666667,-0.0223958293596903,120
bigscience/bloom-1b7,1,side,12,4,en,neutral,bn,0.5,0.7333333333333333,0.0499999940395355,120
bigscience/bloom-1b7,1,side,12,4,en,neutral,en,0.4833333333333333,0.5,0.0,120
bigscience/bloom-1b7,1,side,12,4,en,neutral,hi,0.4416666666666666,0.0,-0.1755208154519399,120
bigscience/bloom-1b7,1,side,14,1,en,informative,bn,0.5083333333333333,0.9333333333333332,0.1895833214124044,120
bigscience/bloom-1b7,1,side,14,1,en,informative,en,0.5583333333333333,1.0,0.1739583333333333,120
bigscience/bloom-1b7,1,side,14,1,en,informative,hi,0.5,0.525,0.0057291547457377,120
bigscience/bloom-1b7,1,side,14,1,en,neutral,bn,0.5,0.8416666666666667,0.068749980131785,120
bigscience/bloom-1b7,1,side,14,1,en,neutral,en,0.475,0.5,0.0,120
bigscience/bloom-1b7,1,side,14,1,en,neutral,hi,0.4666666666666667,0.0,-0.1614583392937978,120
bigscience/bloom-1b7,1,side,16,1,en,informative,bn,0.5166666666666667,0.925,0.1885416825612386,120
bigscience/bloom-1b7,1,side,16,1,en,informative,en,0.55,1.0,0.1854166666666666,120
bigscience/bloom-1b7,1,side,16,1,en,informative,hi,0.475,0.475,-0.0197916567325592,120
bigscience/bloom-1b7,1,side,16,1,en,neutral,bn,0.5,0.8083333333333333,0.0677083412806193,120
bigscience/bloom-1b7,1,side,16,1,en,neutral,en,0.475,0.5,0.0,120
bigscience/bloom-1b7,1,side,16,1,en,neutral,hi,0.45,0.0,-0.154687496026357,120
bigscience/bloom-1b7,1,side,18,1,en,informative,bn,0.5083333333333333,0.9,0.1822916686534881,120
bigscience/bloom-1b7,1,side,18,1,en,informative,en,0.55,1.0,0.1645833333333333,120
bigscience/bloom-1b7,1,side,18,1,en,informative,hi,0.475,0.4416666666666666,-0.04375,120
bigscience/bloom-1b7,1,side,18,1,en,neutral,bn,0.5,0.875,0.0864583472410837,120
bigscience/bloom-1b7,1,side,18,1,en,neutral,en,0.475,0.5,0.0,120
bigscience/bloom-1b7,1,side,18,1,en,neutral,hi,0.4416666666666666,0.0083333333333333,-0.1630208333333333,120
bigscience/bloom-1b7,1,side,20,1,en,informative,bn,0.525,0.8833333333333333,0.1802083452542623,120
bigscience/bloom-1b7,1,side,20,1,en,informative,en,0.55,0.9916666666666668,0.1427083333333333,120
bigscience/bloom-1b7,1,side,20,1,en,informative,hi,0.475,0.4166666666666667,-0.0437500178813934,120
bigscience/bloom-1b7,1,side,20,1,en,neutral,bn,0.5,0.9083333333333332,0.0869791686534881,120
bigscience/bloom-1b7,1,side,20,1,en,neutral,en,0.5,0.5,0.0,120
bigscience/bloom-1b7,1,side,20,1,en,neutral,hi,0.45,0.0,-0.1614583273728688,120
bigscience/bloom-1b7,1,side,22,1,en,informative,bn,0.5333333333333333,0.9,0.1942708313465118,120
bigscience/bloom-1b7,1,side,22,1,en,informative,en,0.5583333333333333,0.9916666666666668,0.1385416666666666,120
bigscience/bloom-1b7,1,side,22,1,en,informative,hi,0.4833333333333333,0.4333333333333333,-0.0489583512147267,120
bigscience/bloom-1b7,1,side,22,1,en,neutral,bn,0.5,0.9333333333333332,0.1041666567325592,120
bigscience/bloom-1b7,1,side,22,1,en,neutral,en,0.4833333333333333,0.5,0.0,120
bigscience/bloom-1b7,1,side,22,1,en,neutral,hi,0.45,0.0,-0.160416688521703,120
bigscience/bloom-1b7,1,gender,0,1,bn,informative,bn,0.5,1.0,0.3572916706403096,120
bigscience/bloom-1b7,1,gender,0,1,bn,informative,en,0.8416666666666667,1.0,0.9145833492279052,120
bigscience/bloom-1b7,1,gender,0,1,bn,informative,hi,0.5,0.575,0.0046875,120
bigscience/bloom-1b7,1,gender,0,1,bn,neutral,bn,0.5,1.0,0.265625,120
bigscience/bloom-1b7,1,gender,0,1,bn,neutral,en,0.8083333333333333,1.0,0.9072916706403096,120
bigscience/bloom-1b7,1,gender,0,1,bn,neutral,hi,0.5,1.0,0.165625,120
bigscience/bloom-1b7,1,gender,2,1,bn,informative,bn,0.5,1.0,0.4614583333333333,120
bigscience/bloom-1b7,1,gender,2,1,bn,informative,en,0.8416666666666667,1.0,0.915624992052714,120
bigscience/bloom-1b7,1,gender,2,1,bn,informative,hi,0.5,0.5583333333333333,0.0067708333333333,120
bigscience/bloom-1b7,1,gender,2,1,bn,neutral,bn,0.5,1.0,0.3401041805744171,120
bigscience/bloom-1b7,1,gender,2,1,bn,neutral,en,0.8166666666666667,1.0,0.9,120
bigscience/bloom-1b7,1,gender,2,1,bn,neutral,hi,0.5,1.0,0.1734375019868214,120
bigscience/bloom-1b7,1,gender,4,1,bn,informative,bn,0.5,1.0,0.3109375,120
bigscience/bloom-1b7,1,gender,4,1,bn,informative,en,0.8416666666666667,1.0,0.9239583373069764,120
bigscience/bloom-1b7,1,gender,4,1,bn,informative,hi,0.5,0.575,0.0098958333333333,120
bigscience/bloom-1b7,1,gender,4,1,bn,neutral,bn,0.5,1.0,0.2015624662240346,120
bigscience/bloom-1b7,1,gender,4,1,bn,neutral,en,0.8166666666666667,1.0,0.9020833333333332,120
bigscience/bloom-1b7,1,gender,4,1,bn,neutral,hi,0.5,1.0,0.1718750019868214,120
bigscience/bloom-1b7,1,gender,6,1,bn,informative,bn,0.5,1.0,0.3093750059604644,120
bigscience/bloom-1b7,1,gender,6,1,bn,informative,en,0.8416666666666667,1.0,0.9083333333333332,120
bigscience/bloom-1b7,1,gender,6,1,bn,informative,hi,0.5,0.5583333333333333,0.0130208333333333,120
bigscience/bloom-1b7,1,gender,6,1,bn,neutral,bn,0.5,1.0,0.2130208233992258,120
bigscience/bloom-1b7,1,gender,6,1,bn,neutral,en,0.8166666666666667,1.0,0.887499996026357,120
bigscience/bloom-1b7,1,gender,6,1,bn,neutral,hi,0.5,1.0,0.1755208313465118,120
bigscience/bloom-1b7,1,gender,8,1,bn,informative,bn,0.5,1.0,0.3812500059604645,120
bigscience/bloom-1b7,1,gender,8,1,bn,informative,en,0.8416666666666667,1.0,0.9239583214124044,120
bigscience/bloom-1b7,1,gender,8,1,bn,informative,hi,0.5,0.5583333333333333,0.0109375,120
bigscience/bloom-1b7,1,gender,8,1,bn,neutral,bn,0.5,1.0,0.2588541567325592,120
bigscience/bloom-1b7,1,gender,8,1,bn,neutral,en,0.8166666666666667,1.0,0.8947916706403096,120
bigscience/bloom-1b7,1,gender,8,1,bn,neutral,hi,0.5,1.0,0.167187503973643,120
bigscience/bloom-1b7,1,gender,10,1,bn,informative,bn,0.5,1.0,0.4098958412806193,120
bigscience/bloom-1b7,1,gender,10,1,bn,informative,en,0.8333333333333334,1.0,0.9270833373069765,120
bigscience/bloom-1b7,1,gender,10,1,bn,informative,hi,0.5,0.55,0.0041666666666666,120
bigscience/bloom-1b7,1,gender,10,1,bn,neutral,bn,0.5,1.0,0.278124988079071,120
bigscience/bloom-1b7,1,gender,10,1,bn,neutral,en,0.825,1.0,0.9333333373069764,120
bigscience/bloom-1b7,1,gender,10,1,bn,neutral,hi,0.5,1.0,0.1703125,120
bigscience/bloom-1b7,1,gender,12,1,bn,informative,bn,0.5,1.0,0.4130208392937978,120
bigscience/bloom-1b7,1,gender,12,1,bn,informative,en,0.825,1.0,0.9229166547457376,120
bigscience/bloom-1b7,1,gender,12,1,bn,informative,hi,0.5,0.55,0.0046875,120
bigscience/bloom-1b7,1,gender,12,1,bn,neutral,bn,0.5,1.0,0.2901041626930237,120
bigscience/bloom-1b7,1,gender,12,1,bn,neutral,en,0.8166666666666667,1.0,0.9041666666666668,120
bigscience/bloom-1b7,1,gender,12,1,bn,neutral,hi,0.5,1.0,0.1755208333333333,120
bigscience/bloom-1b7,1,gender,12,4,bn,informative,bn,0.5,1.0,0.4229166746139526,120
bigscience/bloom-1b7,1,gender,12,4,bn,informative,en,0.8083333333333333,1.0,0.9791666587193808,120
bigscience/bloom-1b7,1,gender,12,4,bn,informative,hi,0.5,0.5666666666666667,0.0130208353201548,120
bigscience/bloom-1b7,1,gender,12,4,bn,neutral,bn,0.5,1.0,0.2906249980131785,120
bigscience/bloom-1b7,1,gender,12,4,bn,neutral,en,0.8,1.0,0.9489583293596904,120
bigscience/bloom-1b7,1,gender,12,4,bn,neutral,hi,0.5,1.0,0.1786458373069763,120
bigscience/bloom-1b7,1,gender,14,1,bn,informative,bn,0.5,1.0,0.4359375059604645,120
bigscience/bloom-1b7,1,gender,14,1,bn,informative,en,0.8416666666666667,1.0,0.9385416706403096,120
bigscience/bloom-1b7,1,gender,14,1,bn,informative,hi,0.5,0.5416666666666666,0.0072916666666666,120
bigscience/bloom-1b7,1,gender,14,1,bn,neutral,bn,0.5,1.0,0.3151041805744171,120
bigscience/bloom-1b7,1,gender,14,1,bn,neutral,en,0.8083333333333333,1.0,0.9104166706403096,120
bigscience/bloom-1b7,1,gender,14,1,bn,neutral,hi,0.5,1.0,0.1859375019868215,120
bigscience/bloom-1b7,1,gender,16,1,bn,informative,bn,0.5,1.0,0.3713541646798451,120
bigscience/bloom-1b7,1,gender,16,1,bn,informative,en,0.8416666666666667,1.0,0.9302083214124044,120
bigscience/bloom-1b7,1,gender,16,1,bn,informative,hi,0.5,0.525,0.0020833353201548,120
bigscience/bloom-1b7,1,gender,16,1,bn,neutral,bn,0.5,1.0,0.2489583333333333,120
bigscience/bloom-1b7,1,gender,16,1,bn,neutral,en,0.8083333333333333,1.0,0.903125,120
bigscience/bloom-1b7,1,gender,16,1,bn,neutral,hi,0.5,1.0,0.1682291666666666,120
bigscience/bloom-1b7,1,gender,18,1,bn,informative,bn,0.5,1.0,0.4255208512147267,120
bigscience/bloom-1b7,1,gender,18,1,bn,informative,en,0.8416666666666667,1.0,0.91875,120
bigscience/bloom-1b7,1,gender,18,1,bn,informative,hi,0.5,0.6166666666666667,0.0182291666666666,120
bigscience/bloom-1b7,1,gender,18,1,bn,neutral,bn,0.5,1.0,0.2838541547457377,120
bigscience/bloom-1b7,1,gender,18,1,bn,neutral,en,0.8166666666666667,1.0,0.9,120
bigscience/bloom-1b7,1,gender,18,1,bn,neutral,hi,0.5,1.0,0.173437496026357,120
bigscience/bloom-1b7,1,gender,20,1,bn,informative,bn,0.5,1.0,0.3791666587193807,120
bigscience/bloom-1b7,1,gender,20,1,bn,informative,en,0.8333333333333334,1.0,0.8927083373069763,120
bigscience/bloom-1b7,1,gender,20,1,bn,informative,hi,0.5,0.5833333333333334,0.0078125,120
bigscience/bloom-1b7,1,gender,20,1,bn,neutral,bn,0.5,1.0,0.2473958293596903,120
bigscience/bloom-1b7,1,gender,20,1,bn,neutral,en,0.8083333333333333,1.0,0.8760416626930236,120
bigscience/bloom-1b7,1,gender,20,1,bn,neutral,hi,0.5,1.0,0.1765625,120
bigscience/bloom-1b7,1,gender,22,1,bn,informative,bn,0.5,1.0,0.3614583194255829,120
bigscience/bloom-1b7,1,gender,22,1,bn,informative,en,0.8333333333333334,1.0,0.8833333293596903,120
bigscience/bloom-1b7,1,gender,22,1,bn,informative,hi,0.5,0.5666666666666667,0.0078125,120
bigscience/bloom-1b7,1,gender,22,1,bn,neutral,bn,0.5,1.0,0.2270833313465118,120
bigscience/bloom-1b7,1,gender,22,1,bn,neutral,en,0.8083333333333333,1.0,0.871874996026357,120
bigscience/bloom-1b7,1,gender,22,1,bn,neutral,hi,0.5,1.0,0.1656249980131785,120
bigscience/bloom-1b7,1,gender,0,1,hi,informative,bn,0.5,1.0,0.4192708353201548,120
bigscience/bloom-1b7,1,gender,0,1,hi,informative,en,0.8333333333333334,1.0,0.9052083253860472,120
bigscience/bloom-1b7,1,gender,0,1,hi,informative,hi,0.5,0.5916666666666667,0.0140625,120
bigscience/bloom-1b7,1,gender,0,1,hi,neutral,bn,0.5,1.0,0.2739583313465118,120
bigscience/bloom-1b7,1,gender,0,1,hi,neutral,en,0.8166666666666667,1.0,0.9010416666666666,120
bigscience/bloom-1b7,1,gender,0,1,hi,neutral,hi,0.5,1.0,0.1859375039736429,120
bigscience/bloom-1b7,1,gender,2,1,hi,informative,bn,0.5,1.0,0.410937496026357,120
bigscience/bloom-1b7,1,gender,2,1,hi,informative,en,0.8166666666666667,1.0,0.896874996026357,120
bigscience/bloom-1b7,1,gender,2,1,hi,informative,hi,0.5,0.5916666666666667,0.0151041666666666,120
bigscience/bloom-1b7,1,gender,2,1,hi,neutral,bn,0.5,1.0,0.2729166626930236,120
bigscience/bloom-1b7,1,gender,2,1,hi,neutral,en,0.8166666666666667,1.0,0.9010416706403096,120
bigscience/bloom-1b7,1,gender,2,1,hi,neutral,hi,0.5,1.0,0.1749999980131785,120
bigscience/bloom-1b7,1,gender,4,1,hi,informative,bn,0.5,1.0,0.4229166785875956,120
bigscience/bloom-1b7,1,gender,4,1,hi,informative,en,0.8416666666666667,1.0,0.9041666746139526,120
bigscience/bloom-1b7,1,gender,4,1,hi,informative,hi,0.5,0.6583333333333333,0.0395833333333333,120
bigscience/bloom-1b7,1,gender,4,1,hi,neutral,bn,0.5,1.0,0.2786458373069763,120
bigscience/bloom-1b7,1,gender,4,1,hi,neutral,en,0.825,1.0,0.8989583333333333,120
bigscience/bloom-1b7,1,gender,4,1,hi,neutral,hi,0.5,1.0,0.2119791626930237,120
bigscience/bloom-1b7,1,gender,6,1,hi,informative,bn,0.5,1.0,0.404687488079071,120
bigscience/bloom-1b7,1,gender,6,1,hi,informative,en,0.825,1.0,0.921875,120
bigscience/bloom-1b7,1,gender,6,1,hi,informative,hi,0.5,0.6083333333333333,0.0166666666666666,120
bigscience/bloom-1b7,1,gender,6,1,hi,neutral,bn,0.5,1.0,0.2786458452542623,120
bigscience/bloom-1b7,1,gender,6,1,hi,neutral,en,0.825,1.0,0.915625,120
bigscience/bloom-1b7,1,gender,6,1,hi,neutral,hi,0.5,1.0,0.1973958313465118,120
bigscience/bloom-1b7,1,gender,8,1,hi,informative,bn,0.5,1.0,0.4078125139077505,120
bigscience/bloom-1b7,1,gender,8,1,hi,informative,en,0.8416666666666667,1.0,0.9208333412806192,120
bigscience/bloom-1b7,1,gender,8,1,hi,informative,hi,0.5,0.4666666666666667,-0.0114583353201548,120
bigscience/bloom-1b7,1,gender,8,1,hi,neutral,bn,0.5,1.0,0.2812500059604644,120
bigscience/bloom-1b7,1,gender,8,1,hi,neutral,en,0.825,1.0,0.896874996026357,120
bigscience/bloom-1b7,1,gender,8,1,hi,neutral,hi,0.5,1.0,0.1713541686534881,120
bigscience/bloom-1b7,1,gender,10,1,hi,informative,bn,0.5,1.0,0.423437492052714,120
bigscience/bloom-1b7,1,gender,10,1,hi,informative,en,0.8416666666666667,1.0,0.9104166666666668,120
bigscience/bloom-1b7,1,gender,10,1,hi,informative,hi,0.5,0.6666666666666666,0.0317708333333333,120
bigscience/bloom-1b7,1,gender,10,1,hi,neutral,bn,0.5,1.0,0.282812480131785,120
bigscience/bloom-1b7,1,gender,10,1,hi,neutral,en,0.8333333333333334,1.0,0.9020833333333332,120
bigscience/bloom-1b7,1,gender,10,1,hi,neutral,hi,0.5,1.0,0.2005208392937978,120
bigscience/bloom-1b7,1,gender,12,1,hi,informative,bn,0.5,1.0,0.418749988079071,120
bigscience/bloom-1b7,1,gender,12,1,hi,informative,en,0.8416666666666667,1.0,0.9052083492279052,120
bigscience/bloom-1b7,1,gender,12,1,hi,informative,hi,0.5,0.6833333333333333,0.0348958333333333,120
bigscience/bloom-1b7,1,gender,12,1,hi,neutral,bn,0.5,1.0,0.2760416666666667,120
bigscience/bloom-1b7,1,gender,12,1,hi,neutral,en,0.8333333333333334,1.0,0.8927083293596904,120
bigscience/bloom-1b7,1,gender,12,1,hi,neutral,hi,0.5,1.0,0.1932291646798451,120
bigscience/bloom-1b7,1,gender,12,4,hi,informative,bn,0.5,1.0,0.4130208412806193,120
bigscience/bloom-1b7,1,gender,12,4,hi,informative,en,0.8416666666666667,1.0,0.918750003973643,120
bigscience/bloom-1b7,1,gender,12,4,hi,informative,hi,0.5,0.7416666666666667,0.0520833333333333,120
bigscience/bloom-1b7,1,gender,12,4,hi,neutral,bn,0.5,1.0,0.2807291467984517,120
bigscience/bloom-1b7,1,gender,12,4,hi,neutral,en,0.8,1.0,0.8864583373069763,120
bigscience/bloom-1b7,1,gender,12,4,hi,neutral,hi,0.5,1.0,0.2223958313465118,120
bigscience/bloom-1b7,1,gender,14,1,hi,informative,bn,0.5,1.0,0.4213541746139526,120
bigscience/bloom-1b7,1,gender,14,1,hi,informative,en,0.8416666666666667,1.0,0.9072916666666668,120
bigscience/bloom-1b7,1,gender,14,1,hi,informative,hi,0.5,0.7916666666666666,0.0661458353201548,120
bigscience/bloom-1b7,1,gender,14,1,hi,neutral,bn,0.5,1.0,0.274999988079071,120
bigscience/bloom-1b7,1,gender,14,1,hi,neutral,en,0.8416666666666667,1.0,0.893749996026357,120
bigscience/bloom-1b7,1,gender,14,1,hi,neutral,hi,0.5,1.0,0.220312496026357,120
bigscience/bloom-1b7,1,gender,16,1,hi,informative,bn,0.5,1.0,0.4187500019868215,120
bigscience/bloom-1b7,1,gender,16,1,hi,informative,en,0.8333333333333334,1.0,0.903125003973643,120
bigscience/bloom-1b7,1,gender,16,1,hi,informative,hi,0.5,0.625,0.0171875,120
bigscience/bloom-1b7,1,gender,16,1,hi,neutral,bn,0.5,1.0,0.2729166666666666,120
bigscience/bloom-1b7,1,gender,16,1,hi,neutral,en,0.825,1.0,0.8729166706403096,120
bigscience/bloom-1b7,1,gender,16,1,hi,neutral,hi,0.5,1.0,0.1765625,120
bigscience/bloom-1b7,1,gender,18,1,hi,informative,bn,0.5,1.0,0.4192708512147268,120
bigscience/bloom-1b7,1,gender,18,1,hi,informative,en,0.7333333333333333,1.0,0.8614583253860474,120
bigscience/bloom-1b7,1,gender,18,1,hi,informative,hi,0.5,0.4333333333333333,-0.0151041666666666,120
bigscience/bloom-1b7,1,gender,18,1,hi,neutral,bn,0.5,1.0,0.2833333293596903,120
bigscience/bloom-1b7,1,gender,18,1,hi,neutral,en,0.7666666666666667,1.0,0.8427083373069764,120
bigscience/bloom-1b7,1,gender,18,1,hi,neutral,hi,0.5,1.0,0.1421875,120
bigscience/bloom-1b7,1,gender,20,1,hi,informative,bn,0.5,1.0,0.4140624980131785,120
bigscience/bloom-1b7,1,gender,20,1,hi,informative,en,0.6666666666666666,1.0,0.787499996026357,120
bigscience/bloom-1b7,1,gender,20,1,hi,informative,hi,0.5,0.375,-0.0390625,120
bigscience/bloom-1b7,1,gender,20,1,hi,neutral,bn,0.5,1.0,0.2833333094914754,120
bigscience/bloom-1b7,1,gender,20,1,hi,neutral,en,0.7,1.0,0.7791666626930237,120
bigscience/bloom-1b7,1,gender,20,1,hi,neutral,hi,0.5,0.9916666666666668,0.1328125,120
bigscience/bloom-1b7,1,gender,22,1,hi,informative,bn,0.5,1.0,0.4041666547457377,120
bigscience/bloom-1b7,1,gender,22,1,hi,informative,en,0.7333333333333333,1.0,0.8364583293596903,120
bigscience/bloom-1b7,1,gender,22,1,hi,informative,hi,0.5,0.35,-0.04375,120
bigscience/bloom-1b7,1,gender,22,1,hi,neutral,bn,0.5,1.0,0.2677083253860474,120
bigscience/bloom-1b7,1,gender,22,1,hi,neutral,en,0.7416666666666667,1.0,0.8270833333333333,120
bigscience/bloom-1b7,1,gender,22,1,hi,neutral,hi,0.5,0.9833333333333332,0.1234375,120
bigscience/bloom-1b7,1,gender,0,1,en,informative,bn,0.5,1.0,0.4156249980131785,120
bigscience/bloom-1b7,1,gender,0,1,en,informative,en,0.825,1.0,0.9177083293596904,120
bigscience/bloom-1b7,1,gender,0,1,en,informative,hi,0.5,0.5583333333333333,0.0078125,120
bigscience/bloom-1b7,1,gender,0,1,en,neutral,bn,0.5,1.0,0.2760416706403096,120
bigscience/bloom-1b7,1,gender,0,1,en,neutral,en,0.8083333333333333,1.0,0.9052083333333332,120
bigscience/bloom-1b7,1,gender,0,1,en,neutral,hi,0.5,1.0,0.1713541666666666,120
bigscience/bloom-1b7,1,gender,2,1,en,informative,bn,0.5,1.0,0.4296875,120
bigscience/bloom-1b7,1,gender,2,1,en,informative,en,0.85,1.0,0.9677083333333332,120
bigscience/bloom-1b7,1,gender,2,1,en,informative,hi,0.5,0.5,-0.0015625,120
bigscience/bloom-1b7,1,gender,2,1,en,neutral,bn,0.5,1.0,0.2854166865348816,120
bigscience/bloom-1b7,1,gender,2,1,en,neutral,en,0.825,1.0,0.9395833333333332,120
bigscience/bloom-1b7,1,gender,2,1,en,neutral,hi,0.5,1.0,0.1661458333333333,120
bigscience/bloom-1b7,1,gender,4,1,en,informative,bn,0.5,1.0,0.4270833532015483,120
bigscience/bloom-1b7,1,gender,4,1,en,informative,en,0.8583333333333333,1.0,0.9447916666666668,120
bigscience/bloom-1b7,1,gender,4,1,en,informative,hi,0.5,0.5583333333333333,0.0078125,120
bigscience/bloom-1b7,1,gender,4,1,en,neutral,bn,0.5,1.0,0.2838541567325592,120
bigscience/bloom-1b7,1,gender,4,1,en,neutral,en,0.825,1.0,0.909375,120
bigscience/bloom-1b7,1,gender,4,1,en,neutral,hi,0.5,1.0,0.1697916686534881,120
bigscience/bloom-1b7,1,gender,6,1,en,informative,bn,0.5,1.0,0.4447916666666666,120
bigscience/bloom-1b7,1,gender,6,1,en,informative,en,0.8333333333333334,1.0,0.8916666626930236,120
bigscience/bloom-1b7,1,gender,6,1,en,informative,hi,0.5,0.6083333333333333,0.0135416666666666,120
bigscience/bloom-1b7,1,gender,6,1,en,neutral,bn,0.5,1.0,0.2822916547457377,120
bigscience/bloom-1b7,1,gender,6,1,en,neutral,en,0.7666666666666667,1.0,0.8291666626930236,120
bigscience/bloom-1b7,1,gender,6,1,en,neutral,hi,0.5,1.0,0.1718749980131785,120
bigscience/bloom-1b7,1,gender,8,1,en,informative,bn,0.5,1.0,0.429687507947286,120
bigscience/bloom-1b7,1,gender,8,1,en,informative,en,0.8416666666666667,1.0,0.8885416785875956,120
bigscience/bloom-1b7,1,gender,8,1,en,informative,hi,0.5,0.55,0.0109375,120
bigscience/bloom-1b7,1,gender,8,1,en,neutral,bn,0.5,1.0,0.2885416547457377,120
bigscience/bloom-1b7,1,gender,8,1,en,neutral,en,0.8,1.0,0.8510416706403097,120
bigscience/bloom-1b7,1,gender,8,1,en,neutral,hi,0.5,1.0,0.1682291646798451,120
bigscience/bloom-1b7,1,gender,10,1,en,informative,bn,0.5,1.0,0.4322916607062022,120
bigscience/bloom-1b7,1,gender,10,1,en,informative,en,0.8416666666666667,1.0,0.8979166626930237,120
bigscience/bloom-1b7,1,gender,10,1,en,informative,hi,0.5,0.575,0.0119791646798451,120
bigscience/bloom-1b7,1,gender,10,1,en,neutral,bn,0.5,1.0,0.2817708492279053,120
bigscience/bloom-1b7,1,gender,10,1,en,neutral,en,0.775,1.0,0.86875,120
bigscience/bloom-1b7,1,gender,10,1,en,neutral,hi,0.5,1.0,0.1713541666666666,120
bigscience/bloom-1b7,1,gender,12,1,en,informative,bn,0.5,1.0,0.4234375218550364,120
bigscience/bloom-1b7,1,gender,12,1,en,informative,en,0.8416666666666667,1.0,0.8697916706403096,120
bigscience/bloom-1b7,1,gender,12,1,en,informative,hi,0.5,0.575,0.0088541686534881,120
bigscience/bloom-1b7,1,gender,12,1,en,neutral,bn,0.5,1.0,0.2802083492279053,120
bigscience/bloom-1b7,1,gender,12,1,en,neutral,en,0.8,1.0,0.8427083293596903,120
bigscience/bloom-1b7,1,gender,12,1,en,neutral,hi,0.5,1.0,0.1697916666666666,120
bigscience/bloom-1b7,1,gender,12,4,en,informative,bn,0.5,1.0,0.4312500139077505,120
bigscience/bloom-1b7,1,gender,12,4,en,informative,en,0.7416666666666667,1.0,0.6489583373069763,120
bigscience/bloom-1b7,1,gender,12,4,en,informative,hi,0.5,0.6083333333333333,0.0203125,120
bigscience/bloom-1b7,1,gender,12,4,en,neutral,bn,0.5,1.0,0.278125011920929,120
bigscience/bloom-1b7,1,gender,12,4,en,neutral,en,0.6083333333333333,1.0,0.571874996026357,120
bigscience/bloom-1b7,1,gender,12,4,en,neutral,hi,0.5,1.0,0.1770833353201548,120
bigscience/bloom-1b7,1,gender,14,1,en,informative,bn,0.5,1.0,0.4437499821186065,120
bigscience/bloom-1b7,1,gender,14,1,en,informative,en,0.8166666666666667,1.0,0.8010416746139526,120
bigscience/bloom-1b7,1,gender,14,1,en,informative,hi,0.5,0.55,0.0083333333333333,120
bigscience/bloom-1b7,1,gender,14,1,en,neutral,bn,0.5,1.0,0.2802083293596903,120
bigscience/bloom-1b7,1,gender,14,1,en,neutral,en,0.7666666666666667,1.0,0.778125,120
bigscience/bloom-1b7,1,gender,14,1,en,neutral,hi,0.5,1.0,0.1718749980131785,120
bigscience/bloom-1b7,1,gender,16,1,en,informative,bn,0.5,1.0,0.4026041746139526,120
bigscience/bloom-1b7,1,gender,16,1,en,informative,en,0.7916666666666666,1.0,0.7302083412806193,120
bigscience/bloom-1b7,1,gender,16,1,en,informative,hi,0.5,0.525,0.0015625,120
bigscience/bloom-1b7,1,gender,16,1,en,neutral,bn,0.5,1.0,0.2729166686534882,120
bigscience/bloom-1b7,1,gender,16,1,en,neutral,en,0.7833333333333333,1.0,0.7510416706403097,120
bigscience/bloom-1b7,1,gender,16,1,en,neutral,hi,0.5,1.0,0.1635416626930236,120
bigscience/bloom-1b7,1,gender,18,1,en,informative,bn,0.5,1.0,0.4057291865348816,120
bigscience/bloom-1b7,1,gender,18,1,en,informative,en,0.8083333333333333,1.0,0.7197916547457377,120
bigscience/bloom-1b7,1,gender,18,1,en,informative,hi,0.5,0.4166666666666667,-0.0192708333333333,120
bigscience/bloom-1b7,1,gender,18,1,en,neutral,bn,0.5,1.0,0.271874992052714,120
bigscience/bloom-1b7,1,gender,18,1,en,neutral,en,0.7916666666666666,1.0,0.7385416706403096,120
bigscience/bloom-1b7,1,gender,18,1,en,neutral,hi,0.5,1.0,0.1447916646798451,120
bigscience/bloom-1b7,1,gender,20,1,en,informative,bn,0.5,1.0,0.4026041845480601,120
bigscience/bloom-1b7,1,gender,20,1,en,informative,en,0.7416666666666667,1.0,0.7541666666666667,120
bigscience/bloom-1b7,1,gender,20,1,en,informative,hi,0.5,0.4833333333333333,-0.0072916666666666,120
bigscience/bloom-1b7,1,gender,20,1,en,neutral,bn,0.5,1.0,0.2661458094914754,120
bigscience/bloom-1b7,1,gender,20,1,en,neutral,en,0.75,1.0,0.7635416666666667,120
bigscience/bloom-1b7,1,gender,20,1,en,neutral,hi,0.5,1.0,0.159375,120
bigscience/bloom-1b7,1,gender,22,1,en,informative,bn,0.5,1.0,0.3828125019868215,120
bigscience/bloom-1b7,1,gender,22,1,en,informative,en,0.7333333333333333,1.0,0.7895833373069763,120
bigscience/bloom-1b7,1,gender,22,1,en,informative,hi,0.5,0.55,0.0020833333333333,120
bigscience/bloom-1b7,1,gender,22,1,en,neutral,bn,0.5,1.0,0.2458333313465118,120
bigscience/bloom-1b7,1,gender,22,1,en,neutral,en,0.7166666666666667,1.0,0.759375,120
bigscience/bloom-1b7,1,gender,22,1,en,neutral,hi,0.5,1.0,0.1666666686534881,120
bigscience/bloom-1b7,1,side,0,1,random,informative,bn,0.5,0.8916666666666667,0.1822916726271311,120
bigscience/bloom-1b7,1,side,0,1,random,informative,en,0.55,1.0,0.1364583333333333,120
bigscience/bloom-1b7,1,side,0,1,random,informative,hi,0.4833333333333333,0.4666666666666667,-0.0395833472410837,120
bigscience/bloom-1b7,1,side,0,1,random,neutral,bn,0.5,0.8833333333333333,0.0864583373069763,120
bigscience/bloom-1b7,1,side,0,1,random,neutral,en,0.4916666666666666,0.5,0.0,120
bigscience/bloom-1b7,1,side,0,1,random,neutral,hi,0.4583333333333333,0.0,-0.1703124980131785,120
bigscience/bloom-1b7,1,gender,0,1,random,informative,bn,0.5,1.0,0.4250000178813934,120
bigscience/bloom-1b7,1,gender,0,1,random,informative,en,0.8333333333333334,1.0,0.9135416706403096,120
bigscience/bloom-1b7,1,gender,0,1,random,informative,hi,0.5,0.5333333333333333,0.0062500019868214,120
bigscience/bloom-1b7,1,gender,0,1,random,neutral,bn,0.5,1.0,0.2786458412806193,120
bigscience/bloom-1b7,1,gender,0,1,random,neutral,en,0.8166666666666667,1.0,0.8947916666666667,120
bigscience/bloom-1b7,1,gender,0,1,random,neutral,hi,0.5,1.0,0.1776041607062022,120
bigscience/bloom-1b7,1,side,2,1,random,informative,bn,0.5,0.925,0.1791666626930236,120
bigscience/bloom-1b7,1,side,2,1,random,informative,en,0.5583333333333333,0.9916666666666668,0.140625,120
bigscience/bloom-1b7,1,side,2,1,random,informative,hi,0.4583333333333333,0.4,-0.0447916686534881,120
bigscience/bloom-1b7,1,side,2,1,random,neutral,bn,0.5,0.8833333333333333,0.0869791587193807,120
bigscience/bloom-1b7,1,side,2,1,random,neutral,en,0.4833333333333333,0.5,0.0,120
bigscience/bloom-1b7,1,side,2,1,random,neutral,hi,0.4583333333333333,0.0166666666666666,-0.1671874860922495,120
bigscience/bloom-1b7,1,gender,2,1,random,informative,bn,0.5,1.0,0.4125000119209289,120
bigscience/bloom-1b7,1,gender,2,1,random,informative,en,0.8416666666666667,1.0,0.9114583174387614,120
bigscience/bloom-1b7,1,gender,2,1,random,informative,hi,0.5,0.6083333333333333,0.0208333333333333,120
bigscience/bloom-1b7,1,gender,2,1,random,neutral,bn,0.5,1.0,0.2786458432674408,120
bigscience/bloom-1b7,1,gender,2,1,random,neutral,en,0.8333333333333334,1.0,0.9041666666666668,120
bigscience/bloom-1b7,1,gender,2,1,random,neutral,hi,0.5,1.0,0.1729166626930237,120
bigscience/bloom-1b7,1,side,4,1,random,informative,bn,0.5,0.9,0.1848958214124043,120
bigscience/bloom-1b7,1,side,4,1,random,informative,en,0.5416666666666666,1.0,0.1385416666666666,120
bigscience/bloom-1b7,1,side,4,1,random,informative,hi,0.5,0.45,-0.0380208333333333,120
bigscience/bloom-1b7,1,side,4,1,random,neutral,bn,0.5,0.875,0.0848958551883697,120
bigscience/bloom-1b7,1,side,4,1,random,neutral,en,0.5,0.5,0.0,120
bigscience/bloom-1b7,1,side,4,1,random,neutral,hi,0.4583333333333333,0.0,-0.1734375198682149,120
bigscience/bloom-1b7,1,gender,4,1,random,informative,bn,0.5,1.0,0.4177083512147267,120
bigscience/bloom-1b7,1,gender,4,1,random,informative,en,0.8416666666666667,1.0,0.890624996026357,120
bigscience/bloom-1b7,1,gender,4,1,random,informative,hi,0.5,0.5416666666666666,0.0026041666666666,120
bigscience/bloom-1b7,1,gender,4,1,random,neutral,bn,0.5,1.0,0.2848958233992258,120
bigscience/bloom-1b7,1,gender,4,1,random,neutral,en,0.8083333333333333,1.0,0.8864583293596904,120
bigscience/bloom-1b7,1,gender,4,1,random,neutral,hi,0.5,1.0,0.1734375019868214,120
bigscience/bloom-1b7,1,side,6,1,random,informative,bn,0.5,0.875,0.1848958214124043,120
bigscience/bloom-1b7,1,side,6,1,random,informative,en,0.55,0.9916666666666668,0.13125,120
bigscience/bloom-1b7,1,side,6,1,random,informative,hi,0.4833333333333333,0.4583333333333333,-0.0395833353201548,120
bigscience/bloom-1b7,1,side,6,1,random,neutral,bn,0.5,0.8916666666666667,0.0838541706403096,120
bigscience/bloom-1b7,1,side,6,1,random,neutral,en,0.4833333333333333,0.5,0.0,120
bigscience/bloom-1b7,1,side,6,1,random,neutral,hi,0.4583333333333333,0.0,-0.171875,120
bigscience/bloom-1b7,1,gender,6,1,random,informative,bn,0.5,1.0,0.4182291905085246,120
bigscience/bloom-1b7,1,gender,6,1,random,informative,en,0.8333333333333334,1.0,0.9166666785875957,120
bigscience/bloom-1b7,1,gender,6,1,random,informative,hi,0.5,0.55,0.0052083333333333,120
bigscience/bloom-1b7,1,gender,6,1,random,neutral,bn,0.5,1.0,0.2770833233992258,120
bigscience/bloom-1b7,1,gender,6,1,random,neutral,en,0.8333333333333334,1.0,0.8916666626930236,120
bigscience/bloom-1b7,1,gender,6,1,random,neutral,hi,0.5,1.0,0.1661458333333333,120
bigscience/bloom-1b7,1,side,8,1,random,informative,bn,0.5083333333333333,0.8833333333333333,0.1838541587193806,120
bigscience/bloom-1b7,1,side,8,1,random,informative,en,0.5416666666666666,0.9916666666666668,0.140625,120
bigscience/bloom-1b7,1,side,8,1,random,informative,hi,0.4916666666666666,0.4333333333333333,-0.0406250039736429,120
bigscience/bloom-1b7,1,side,8,1,random,neutral,bn,0.5,0.8833333333333333,0.0864583373069763,120
bigscience/bloom-1b7,1,side,8,1,random,neutral,en,0.4916666666666666,0.5,0.0,120
bigscience/bloom-1b7,1,side,8,1,random,neutral,hi,0.4583333333333333,0.0,-0.1656250019868214,120
bigscience/bloom-1b7,1,gender,8,1,random,informative,bn,0.5,1.0,0.407812488079071,120
bigscience/bloom-1b7,1,gender,8,1,random,informative,en,0.8333333333333334,1.0,0.9041666626930236,120
bigscience/bloom-1b7,1,gender,8,1,random,informative,hi,0.5,0.4916666666666666,0.0,120
bigscience/bloom-1b7,1,gender,8,1,random,neutral,bn,0.5,1.0,0.2802083591620127,120
bigscience/bloom-1b7,1,gender,8,1,random,neutral,en,0.8333333333333334,1.0,0.896874996026357,120
bigscience/bloom-1b7,1,gender,8,1,random,neutral,hi,0.5,1.0,0.1697916626930236,120
bigscience/bloom-1b7,1,side,10,1,random,informative,bn,0.5,0.875,0.1744791706403096,120
bigscience/bloom-1b7,1,side,10,1,random,informative,en,0.5416666666666666,0.9916666666666668,0.1416666666666666,120
bigscience/bloom-1b7,1,side,10,1,random,informative,hi,0.5083333333333333,0.45,-0.0385416706403096,120
bigscience/bloom-1b7,1,side,10,1,random,neutral,bn,0.5,0.9166666666666666,0.087499992052714,120
bigscience/bloom-1b7,1,side,10,1,random,neutral,en,0.4833333333333333,0.5083333333333333,0.0010416666666666,120
bigscience/bloom-1b7,1,side,10,1,random,neutral,hi,0.4583333333333333,0.0,-0.168749984105428,120
bigscience/bloom-1b7,1,gender,10,1,random,informative,bn,0.5,1.0,0.4171875158945719,120
bigscience/bloom-1b7,1,gender,10,1,random,informative,en,0.8416666666666667,1.0,0.9114583293596904,120
bigscience/bloom-1b7,1,gender,10,1,random,informative,hi,0.5,0.5916666666666667,0.0130208333333333,120
bigscience/bloom-1b7,1,gender,10,1,random,neutral,bn,0.5,1.0,0.2755208273728688,120
bigscience/bloom-1b7,1,gender,10,1,random,neutral,en,0.8166666666666667,1.0,0.896875,120
bigscience/bloom-1b7,1,gender,10,1,random,neutral,hi,0.5,1.0,0.1739583333333333,120
bigscience/bloom-1b7,1,side,12,1,random,informative,bn,0.5,0.8916666666666667,0.1734375139077504,120
bigscience/bloom-1b7,1,side,12,1,random,informative,en,0.5583333333333333,0.975,0.1385416666666666,120
bigscience/bloom-1b7,1,side,12,1,random,informative,hi,0.4916666666666666,0.3916666666666666,-0.0499999940395355,120
bigscience/bloom-1b7,1,side,12,1,random,neutral,bn,0.5,0.8666666666666667,0.0854166726271311,120
bigscience/bloom-1b7,1,side,12,1,random,neutral,en,0.4833333333333333,0.5,0.0,120
bigscience/bloom-1b7,1,side,12,1,random,neutral,hi,0.4583333333333333,0.0,-0.165625003973643,120
bigscience/bloom-1b7,1,gender,12,1,random,informative,bn,0.5,1.0,0.4124999980131785,120
bigscience/bloom-1b7,1,gender,12,1,random,informative,en,0.8416666666666667,1.0,0.9145833412806194,120
bigscience/bloom-1b7,1,gender,12,1,random,informative,hi,0.5,0.5083333333333333,0.0026041666666666,120
bigscience/bloom-1b7,1,gender,12,1,random,neutral,bn,0.5,1.0,0.2828125,120
bigscience/bloom-1b7,1,gender,12,1,random,neutral,en,0.825,1.0,0.8958333293596904,120
bigscience/bloom-1b7,1,gender,12,1,random,neutral,hi,0.5,1.0,0.1708333253860473,120
bigscience/bloom-1b7,1,side,12,4,random,informative,bn,0.5,0.9,0.178124996026357,120
bigscience/bloom-1b7,1,side,12,4,random,informative,en,0.5666666666666667,0.975,0.1447916666666666,120
bigscience/bloom-1b7,1,side,12,4,random,informative,hi,0.4666666666666667,0.425,-0.0552083293596903,120
bigscience/bloom-1b7,1,side,12,4,random,neutral,bn,0.5,0.8916666666666667,0.0848958472410837,120
bigscience/bloom-1b7,1,side,12,4,random,neutral,en,0.5,0.4916666666666666,-0.0010416666666666,120
bigscience/bloom-1b7,1,side,12,4,random,neutral,hi,0.4583333333333333,0.0,-0.1677083134651184,120
bigscience/bloom-1b7,1,gender,12,4,random,informative,bn,0.5,1.0,0.4109374980131785,120
bigscience/bloom-1b7,1,gender,12,4,random,informative,en,0.8416666666666667,1.0,0.9052083293596904,120
bigscience/bloom-1b7,1,gender,12,4,random,informative,hi,0.5,0.5333333333333333,0.003125,120
bigscience/bloom-1b7,1,gender,12,4,random,neutral,bn,0.5,1.0,0.2765624900658925,120
bigscience/bloom-1b7,1,gender,12,4,random,neutral,en,0.8083333333333333,1.0,0.8989583333333333,120
bigscience/bloom-1b7,1,gender,12,4,random,neutral,hi,0.5,1.0,0.1598958273728688,120
bigscience/bloom-1b7,1,side,14,1,random,informative,bn,0.5083333333333333,0.875,0.1859375079472859,120
bigscience/bloom-1b7,1,side,14,1,random,informative,en,0.5583333333333333,0.9916666666666668,0.1552083333333333,120
bigscience/bloom-1b7,1,side,14,1,random,informative,hi,0.5,0.4583333333333333,-0.0302083293596903,120
bigscience/bloom-1b7,1,side,14,1,random,neutral,bn,0.5,0.9166666666666666,0.0864583015441894,120
bigscience/bloom-1b7,1,side,14,1,random,neutral,en,0.475,0.5083333333333333,0.0010416666666666,120
bigscience/bloom-1b7,1,side,14,1,random,neutral,hi,0.4583333333333333,0.0,-0.1661458313465118,120
bigscience/bloom-1b7,1,gender,14,1,random,informative,bn,0.5,1.0,0.4145833392937978,120
bigscience/bloom-1b7,1,gender,14,1,random,informative,en,0.8416666666666667,1.0,0.918750007947286,120
bigscience/bloom-1b7,1,gender,14,1,random,informative,hi,0.5,0.5916666666666667,0.0130208333333333,120
bigscience/bloom-1b7,1,gender,14,1,random,neutral,bn,0.5,1.0,0.2755208412806193,120
bigscience/bloom-1b7,1,gender,14,1,random,neutral,en,0.8166666666666667,1.0,0.9041666626930236,120
bigscience/bloom-1b7,1,gender,14,1,random,neutral,hi,0.5,1.0,0.171875,120
bigscience/bloom-1b7,1,side,16,1,random,informative,bn,0.5,0.925,0.1885416646798451,120
bigscience/bloom-1b7,1,side,16,1,random,informative,en,0.5583333333333333,0.9916666666666668,0.1427083333333333,120
bigscience/bloom-1b7,1,side,16,1,random,informative,hi,0.4916666666666666,0.425,-0.0411458233992258,120
bigscience/bloom-1b7,1,side,16,1,random,neutral,bn,0.5,0.875,0.0843750019868214,120
bigscience/bloom-1b7,1,side,16,1,random,neutral,en,0.4833333333333333,0.5,0.0,120
bigscience/bloom-1b7,1,side,16,1,random,neutral,hi,0.4583333333333333,0.0,-0.1682291666666666,120
bigscience/bloom-1b7,1,gender,16,1,random,informative,bn,0.5,1.0,0.4192708472410837,120
bigscience/bloom-1b7,1,gender,16,1,random,informative,en,0.8416666666666667,1.0,0.9083333373069764,120
bigscience/bloom-1b7,1,gender,16,1,random,informative,hi,0.5,0.575,0.0119791666666666,120
bigscience/bloom-1b7,1,gender,16,1,random,neutral,bn,0.5,1.0,0.2729166487852732,120
bigscience/bloom-1b7,1,gender,16,1,random,neutral,en,0.8166666666666667,1.0,0.8895833333333333,120
bigscience/bloom-1b7,1,gender,16,1,random,neutral,hi,0.5,1.0,0.1739583373069763,120
bigscience/bloom-1b7,1,side,18,1,random,informative,bn,0.5,0.875,0.1812500019868214,120
bigscience/bloom-1b7,1,side,18,1,random,informative,en,0.5583333333333333,1.0,0.1479166666666666,120
bigscience/bloom-1b7,1,side,18,1,random,informative,hi,0.4916666666666666,0.4333333333333333,-0.040625,120
bigscience/bloom-1b7,1,side,18,1,random,neutral,bn,0.5,0.9,0.0911458273728688,120
bigscience/bloom-1b7,1,side,18,1,random,neutral,en,0.5,0.5,0.0,120
bigscience/bloom-1b7,1,side,18,1,random,neutral,hi,0.4583333333333333,0.0,-0.1666666626930237,120
bigscience/bloom-1b7,1,gender,18,1,random,informative,bn,0.5,1.0,0.4223958373069763,120
bigscience/bloom-1b7,1,gender,18,1,random,informative,en,0.8416666666666667,1.0,0.9229166785875956,120
bigscience/bloom-1b7,1,gender,18,1,random,informative,hi,0.5,0.5583333333333333,0.009375,120
bigscience/bloom-1b7,1,gender,18,1,random,neutral,bn,0.5,1.0,0.2781250099341074,120
bigscience/bloom-1b7,1,gender,18,1,random,neutral,en,0.8166666666666667,1.0,0.8979166587193806,120
bigscience/bloom-1b7,1,gender,18,1,random,neutral,hi,0.5,1.0,0.1729166666666666,120
bigscience/bloom-1b7,1,side,20,1,random,informative,bn,0.5,0.875,0.171874984105428,120
bigscience/bloom-1b7,1,side,20,1,random,informative,en,0.5416666666666666,0.9833333333333332,0.1354166666666666,120
bigscience/bloom-1b7,1,side,20,1,random,informative,hi,0.4833333333333333,0.425,-0.04375,120
bigscience/bloom-1b7,1,side,20,1,random,neutral,bn,0.5,0.875,0.0802083551883697,120
bigscience/bloom-1b7,1,side,20,1,random,neutral,en,0.475,0.5,0.0,120
bigscience/bloom-1b7,1,side,20,1,random,neutral,hi,0.4583333333333333,0.0,-0.1708333373069763,120
bigscience/bloom-1b7,1,gender,20,1,random,informative,bn,0.5,1.0,0.4177083094914754,120
bigscience/bloom-1b7,1,gender,20,1,random,informative,en,0.8416666666666667,1.0,0.909375,120
bigscience/bloom-1b7,1,gender,20,1,random,informative,hi,0.5,0.525,0.0072916666666666,120
bigscience/bloom-1b7,1,gender,20,1,random,neutral,bn,0.5,1.0,0.2781249900658925,120
bigscience/bloom-1b7,1,gender,20,1,random,neutral,en,0.8166666666666667,1.0,0.8895833333333333,120
bigscience/bloom-1b7,1,gender,20,1,random,neutral,hi,0.5,1.0,0.1708333313465118,120
bigscience/bloom-1b7,1,side,22,1,random,informative,bn,0.5,0.8916666666666667,0.1822916865348816,120
bigscience/bloom-1b7,1,side,22,1,random,informative,en,0.5583333333333333,0.9916666666666668,0.140625,120
bigscience/bloom-1b7,1,side,22,1,random,informative,hi,0.5,0.45,-0.0421874860922495,120
bigscience/bloom-1b7,1,side,22,1,random,neutral,bn,0.5,0.9,0.0895833452542622,120
bigscience/bloom-1b7,1,side,22,1,random,neutral,en,0.4833333333333333,0.5,0.0,120
bigscience/bloom-1b7,1,side,22,1,random,neutral,hi,0.4583333333333333,0.0,-0.1640625139077504,120
bigscience/bloom-1b7,1,gender,22,1,random,informative,bn,0.5,1.0,0.415625,120
bigscience/bloom-1b7,1,gender,22,1,random,informative,en,0.8416666666666667,1.0,0.9145833293596904,120
bigscience/bloom-1b7,1,gender,22,1,random,informative,hi,0.5,0.575,0.0078124980131785,120
bigscience/bloom-1b7,1,gender,22,1,random,neutral,bn,0.5,1.0,0.2744791607062022,120
bigscience/bloom-1b7,1,gender,22,1,random,neutral,en,0.8333333333333334,1.0,0.896875,120
bigscience/bloom-1b7,1,gender,22,1,random,neutral,hi,0.5,1.0,0.1671875,120
bigscience/bloom-1b7,2,side,-1,0,none,informative,bn,0.5,0.9,0.1677083353201548,120
bigscience/bloom-1b7,2,side,-1,0,none,informative,en,0.575,1.0,0.1822916666666666,120
bigscience/bloom-1b7,2,side,-1,0,none,informative,hi,0.475,0.2833333333333333,-0.1005208412806193,120
bigscience/bloom-1b7,2,side,-1,0,none,neutral,bn,0.5,0.8833333333333333,0.0770833591620127,120
bigscience/bloom-1b7,2,side,-1,0,none,neutral,en,0.4833333333333333,0.5,0.0,120
bigscience/bloom-1b7,2,side,-1,0,none,neutral,hi,0.5,0.0,-0.1697916646798451,120
bigscience/bloom-1b7,2,gender,-1,0,none,informative,bn,0.5,1.0,0.4286458313465118,120
bigscience/bloom-1b7,2,gender,-1,0,none,informative,en,0.7416666666666667,1.0,0.8760416746139527,120
bigscience/bloom-1b7,2,gender,-1,0,none,informative,hi,0.5083333333333333,0.475,-0.0083333373069763,120
bigscience/bloom-1b7,2,gender,-1,0,none,neutral,bn,0.5,1.0,0.2786458392937978,120
bigscience/bloom-1b7,2,gender,-1,0,none,neutral,en,0.6833333333333333,1.0,0.8333333333333334,120
bigscience/bloom-1b7,2,gender,-1,0,none,neutral,hi,0.5,1.0,0.1854166666666666,120
bigscience/bloom-1b7,2,side,0,1,bn,informative,bn,0.5083333333333333,0.8833333333333333,0.1562499860922495,120
bigscience/bloom-1b7,2,side,0,1,bn,informative,en,0.5833333333333334,1.0,0.1770833333333333,120
bigscience/bloom-1b7,2,side,0,1,bn,informative,hi,0.4833333333333333,0.3,-0.0927083253860473,120
bigscience/bloom-1b7,2,side,0,1,bn,neutral,bn,0.5,0.85,0.0812500099341074,120
bigscience/bloom-1b7,2,side,0,1,bn,neutral,en,0.4833333333333333,0.5,0.0,120
bigscience/bloom-1b7,2,side,0,1,bn,neutral,hi,0.5,0.0,-0.1692708353201548,120
bigscience/bloom-1b7,2,side,2,1,bn,informative,bn,0.5083333333333333,0.9,0.173437492052714,120
bigscience/bloom-1b7,2,side,2,1,bn,informative,en,0.5666666666666667,0.9916666666666668,0.1770833333333333,120
bigscience/bloom-1b7,2,side,2,1,bn,informative,hi,0.475,0.3166666666666666,-0.1015625099341074,120
bigscience/bloom-1b7,2,side,2,1,bn,neutral,bn,0.5,0.8833333333333333,0.0932291706403096,120
bigscience/bloom-1b7,2,side,2,1,bn,neutral,en,0.4833333333333333,0.5083333333333333,0.0010416666666666,120
bigscience/bloom-1b7,2,side,2,1,bn,neutral,hi,0.5,0.0,-0.1739583353201548,120
bigscience/bloom-1b7,2,side,4,1,bn,informative,bn,0.5,0.9166666666666666,0.1604166686534881,120
bigscience/bloom-1b7,2,side,4,1,bn,informative,en,0.575,0.9916666666666668,0.1677083333333333,120
bigscience/bloom-1b7,2,side,4,1,bn,informative,hi,0.4833333333333333,0.3083333333333333,-0.1015625039736429,120
bigscience/bloom-1b7,2,side,4,1,bn,neutral,bn,0.5,0.8583333333333333,0.0776041766007741,120
bigscience/bloom-1b7,2,side,4,1,bn,neutral,en,0.4833333333333333,0.5083333333333333,0.0010416666666666,120
bigscience/bloom-1b7,2,side,4,1,bn,neutral,hi,0.5,0.0,-0.1750000158945719,120
bigscience/bloom-1b7,2,side,6,1,bn,informative,bn,0.5,0.775,0.0942708333333333,120
bigscience/bloom-1b7,2,side,6,1,bn,informative,en,0.5583333333333333,1.0,0.1635416666666666,120
bigscience/bloom-1b7,2,side,6,1,bn,informative,hi,0.475,0.2666666666666666,-0.1119791726271311,120
bigscience/bloom-1b7,2,side,6,1,bn,neutral,bn,0.5,0.6333333333333333,0.0296874980131785,120
bigscience/bloom-1b7,2,side,6,1,bn,neutral,en,0.4833333333333333,0.5,0.0,120
bigscience/bloom-1b7,2,side,6,1,bn,neutral,hi,0.5,0.0,-0.1729166587193807,120
bigscience/bloom-1b7,2,side,8,1,bn,informative,bn,0.5,0.8583333333333333,0.1338541785875956,120
bigscience/bloom-1b7,2,side,8,1,bn,informative,en,0.5666666666666667,0.9916666666666668,0.1729166666666666,120
bigscience/bloom-1b7,2,side,8,1,bn,informative,hi,0.4666666666666667,0.2666666666666666,-0.1098958233992258,120
bigscience/bloom-1b7,2,side,8,1,bn,neutral,bn,0.5,0.7416666666666667,0.0484375039736429,120
bigscience/bloom-1b7,2,side,8,1,bn,neutral,en,0.4833333333333333,0.5,0.0,120
bigscience/bloom-1b7,2,side,8,1,bn,neutral,hi,0.5,0.0,-0.174999992052714,120
bigscience/bloom-1b7,2,side,10,1,bn,informative,bn,0.5,0.9416666666666668,0.1656249900658925,120
bigscience/bloom-1b7,2,side,10,1,bn,informative,en,0.575,0.9916666666666668,0.1729166666666666,120
bigscience/bloom-1b7,2,side,10,1,bn,informative,hi,0.475,0.3,-0.0885416547457377,120
bigscience/bloom-1b7,2,side,10,1,bn,neutral,bn,0.5,0.8333333333333334,0.0739583353201548,120
bigscience/bloom-1b7,2,side,10,1,bn,neutral,en,0.4833333333333333,0.5083333333333333,0.0010416666666666,120
bigscience/bloom-1b7,2,side,10,1,bn,neutral,hi,0.5,0.0,-0.1682291547457377,120
bigscience/bloom-1b7,2,side,12,1,bn,informative,bn,0.5,0.8833333333333333,0.1348958492279052,120
bigscience/bloom-1b7,2,side,12,1,bn,informative,en,0.575,0.9916666666666668,0.1770833333333333,120
bigscience/bloom-1b7,2,side,12,1,bn,informative,hi,0.4666666666666667,0.3083333333333333,-0.0906250119209289,120
bigscience/bloom-1b7,2,side,12,1,bn,neutral,bn,0.5,0.7333333333333333,0.0479166587193806,120
bigscience/bloom-1b7,2,side,12,1,bn,neutral,en,0.4833333333333333,0.5,0.0,120
bigscience/bloom-1b7,2,side,12,1,bn,neutral,hi,0.5,0.0,-0.1791666905085245,120
bigscience/bloom-1b7,2,side,12,4,bn,informative,bn,0.5,0.825,0.1151041785875956,120
bigscience/bloom-1b7,2,side,12,4,bn,informative,en,0.5916666666666667,0.9916666666666668,0.171875,120
bigscience/bloom-1b7,2,side,12,4,bn,informative,hi,0.4666666666666667,0.3,-0.092187488079071,120
bigscience/bloom-1b7,2,side,12,4,bn,neutral,bn,0.5,0.5666666666666667,0.0130208373069763,120
bigscience/bloom-1b7,2,side,12,4,bn,neutral,en,0.475,0.5083333333333333,0.0010416666666666,120
bigscience/bloom-1b7,2,side,12,4,bn,neutral,hi,0.5,0.0,-0.1848958333333333,120
bigscience/bloom-1b7,2,side,14,1,bn,informative,bn,0.5,0.8166666666666667,0.1239583313465118,120
bigscience/bloom-1b7,2,side,14,1,bn,informative,en,0.575,0.9916666666666668,0.175,120
bigscience/bloom-1b7,2,side,14,1,bn,informative,hi,0.475,0.2916666666666667,-0.103124992052714,120
bigscience/bloom-1b7,2,side,14,1,bn,neutral,bn,0.5,0.6416666666666667,0.0307291726271311,120
bigscience/bloom-1b7,2,side,14,1,bn,neutral,en,0.4833333333333333,0.5,0.0,120
bigscience/bloom-1b7,2,side,14,1,bn,neutral,hi,0.5,0.0,-0.1781249980131785,120
bigscience/bloom-1b7,2,side,16,1,bn,informative,bn,0.5,0.925,0.1609375139077504,120
bigscience/bloom-1b7,2,side,16,1,bn,informative,en,0.5666666666666667,0.9916666666666668,0.175,120
bigscience/bloom-1b7,2,side,16,1,bn,informative,hi,0.4833333333333333,0.2583333333333333,-0.1166666805744171,120
bigscience/bloom-1b7,2,side,16,1,bn,neutral,bn,0.5,0.8666666666666667,0.0671875139077504,120
bigscience/bloom-1b7,2,side,16,1,bn,neutral,en,0.475,0.4916666666666666,-0.0010416666666666,120
bigscience/bloom-1b7,2,side,16,1,bn,neutral,hi,0.5,0.0,-0.1828125,120
bigscience/bloom-1b7,2,side,18,1,bn,informative,bn,0.5,0.9083333333333332,0.1781250099341074,120
bigscience/bloom-1b7,2,side,18,1,bn,informative,en,0.5666666666666667,0.9916666666666668,0.171875,120
bigscience/bloom-1b7,2,side,18,1,bn,informative,hi,0.4666666666666667,0.2916666666666667,-0.1057291766007741,120
bigscience/bloom-1b7,2,side,18,1,bn,neutral,bn,0.5,0.8833333333333333,0.0833333412806193,120
bigscience/bloom-1b7,2,side,18,1,bn,neutral,en,0.4916666666666666,0.4916666666666666,-0.0010416666666666,120
bigscience/bloom-1b7,2,side,18,1,bn,neutral,hi,0.5,0.0,-0.1723958253860473,120
bigscience/bloom-1b7,2,side,20,1,bn,informative,bn,0.5,0.8916666666666667,0.1583333253860473,120
bigscience/bloom-1b7,2,side,20,1,bn,informative,en,0.5583333333333333,1.0,0.1770833333333333,120
bigscience/bloom-1b7,2,side,20,1,bn,informative,hi,0.4833333333333333,0.275,-0.0937500178813934,120
bigscience/bloom-1b7,2,side,20,1,bn,neutral,bn,0.5,0.775,0.0578125099341074,120
bigscience/bloom-1b7,2,side,20,1,bn,neutral,en,0.5,0.5083333333333333,0.0010416666666666,120
bigscience/bloom-1b7,2,side,20,1,bn,neutral,hi,0.5,0.0,-0.1692708233992258,120
bigscience/bloom-1b7,2,side,22,1,bn,informative,bn,0.5,0.8916666666666667,0.1510416607062022,120
bigscience/bloom-1b7,2,side,22,1,bn,informative,en,0.5583333333333333,0.9916666666666668,0.1729166666666666,120
bigscience/bloom-1b7,2,side,22,1,bn,informative,hi,0.4666666666666667,0.2666666666666666,-0.1093749940395355,120
bigscience/bloom-1b7,2,side,22,1,bn,neutral,bn,0.5,0.7416666666666667,0.0562499980131785,120
bigscience/bloom-1b7,2,side,22,1,bn,neutral,en,0.5,0.4916666666666666,-0.0010416666666666,120
bigscience/bloom-1b7,2,side,22,1,bn,neutral,hi,0.5,0.0,-0.168749984105428,120
bigscience/bloom-1b7,2,side,0,1,hi,informative,bn,0.5,0.9166666666666666,0.1750000099341074,120
bigscience/bloom-1b7,2,side,0,1,hi,informative,en,0.575,1.0,0.1729166666666666,120
bigscience/bloom-1b7,2,side,0,1,hi,informative,hi,0.475,0.3416666666666667,-0.0661458373069763,120
bigscience/bloom-1b7,2,side,0,1,hi,neutral,bn,0.5,0.875,0.0812500039736429,120
bigscience/bloom-1b7,2,side,0,1,hi,neutral,en,0.4833333333333333,0.4916666666666666,-0.0010416666666666,120
bigscience/bloom-1b7,2,side,0,1,hi,neutral,hi,0.5,0.05,-0.1104166567325592,120
bigscience/bloom-1b7,2,side,2,1,hi,informative,bn,0.5,0.8833333333333333,0.1708333233992258,120
bigscience/bloom-1b7,2,side,2,1,hi,informative,en,0.5666666666666667,1.0,0.1708333333333333,120
bigscience/bloom-1b7,2,side,2,1,hi,informative,hi,0.4666666666666667,0.2333333333333333,-0.1255208293596903,120
bigscience/bloom-1b7,2,side,2,1,hi,neutral,bn,0.5,0.875,0.0828125139077504,120
bigscience/bloom-1b7,2,side,2,1,hi,neutral,en,0.4833333333333333,0.5,0.0,120
bigscience/bloom-1b7,2,side,2,1,hi,neutral,hi,0.5,0.0,-0.1755208412806193,120
bigscience/bloom-1b7,2,side,4,1,hi,informative,bn,0.5,0.8916666666666667,0.1708333373069763,120
bigscience/bloom-1b7,2,side,4,1,hi,informative,en,0.5833333333333334,1.0,0.1864583333333333,120
bigscience/bloom-1b7,2,side,4,1,hi,informative,hi,0.4583333333333333,0.175,-0.1541666666666666,120
bigscience/bloom-1b7,2,side,4,1,hi,neutral,bn,0.5,0.8166666666666667,0.071874996026357,120
bigscience/bloom-1b7,2,side,4,1,hi,neutral,en,0.4916666666666666,0.5,0.0,120
bigscience/bloom-1b7,2,side,4,1,hi,neutral,hi,0.4916666666666666,0.0,-0.2151041626930236,120
bigscience/bloom-1b7,2,side,6,1,hi,informative,bn,0.5,0.9083333333333332,0.1635416746139526,120
bigscience/bloom-1b7,2,side,6,1,hi,informative,en,0.575,0.9916666666666668,0.18125,120
bigscience/bloom-1b7,2,side,6,1,hi,informative,hi,0.475,0.2583333333333333,-0.1208333253860473,120
bigscience/bloom-1b7,2,side,6,1,hi,neutral,bn,0.5,0.825,0.0703125,120
bigscience/bloom-1b7,2,side,6,1,hi,neutral,en,0.4916666666666666,0.5083333333333333,0.0010416666666666,120
bigscience/bloom-1b7,2,side,6,1,hi,neutral,hi,0.5,0.0,-0.2010416865348815,120
bigscience/bloom-1b7,2,side,8,1,hi,informative,bn,0.5,0.9,0.1666666607062022,120
bigscience/bloom-1b7,2,side,8,1,hi,informative,en,0.5833333333333334,1.0,0.1822916666666666,120
bigscience/bloom-1b7,2,side,8,1,hi,informative,hi,0.4916666666666666,0.35,-0.0526041607062021,120
bigscience/bloom-1b7,2,side,8,1,hi,neutral,bn,0.5,0.875,0.0807291646798451,120
bigscience/bloom-1b7,2,side,8,1,hi,neutral,en,0.5,0.4916666666666666,-0.0010416666666666,120
bigscience/bloom-1b7,2,side,8,1,hi,neutral,hi,0.5,0.0166666666666666,-0.1114583214124043,120
bigscience/bloom-1b7,2,side,10,1,hi,informative,bn,0.5,0.9166666666666666,0.1651041666666666,120
bigscience/bloom-1b7,2,side,10,1,hi,informative,en,0.575,1.0,0.1875,120
bigscience/bloom-1b7,2,side,10,1,hi,informative,hi,0.5083333333333333,0.4,0.0057291626930236,120
bigscience/bloom-1b7,2,side,10,1,hi,neutral,bn,0.5,0.825,0.0713541726271311,120
bigscience/bloom-1b7,2,side,10,1,hi,neutral,en,0.5,0.4916666666666666,-0.0010416666666666,120
bigscience/bloom-1b7,2,side,10,1,hi,neutral,hi,0.5,0.1583333333333333,-0.0625000059604644,120
bigscience/bloom-1b7,2,side,12,1,hi,informative,bn,0.5,0.9,0.1666666825612386,120
bigscience/bloom-1b7,2,side,12,1,hi,informative,en,0.55,0.9916666666666668,0.1760416666666666,120
bigscience/bloom-1b7,2,side,12,1,hi,informative,hi,0.4833333333333333,0.3666666666666666,-0.0432291666666666,120
bigscience/bloom-1b7,2,side,12,1,hi,neutral,bn,0.5,0.9083333333333332,0.0864583313465118,120
bigscience/bloom-1b7,2,side,12,1,hi,neutral,en,0.4916666666666666,0.5,0.0,120
bigscience/bloom-1b7,2,side,12,1,hi,neutral,hi,0.5,0.05,-0.1036458432674408,120
bigscience/bloom-1b7,2,side,12,4,hi,informative,bn,0.5,0.85,0.1411458373069763,120
bigscience/bloom-1b7,2,side,12,4,hi,informative,en,0.55,0.9916666666666668,0.1552083333333333,120
bigscience/bloom-1b7,2,side,12,4,hi,informative,hi,0.4833333333333333,0.3333333333333333,-0.0874999980131785,120
bigscience/bloom-1b7,2,side,12,4,hi,neutral,bn,0.5,0.7916666666666666,0.0598958373069763,120
bigscience/bloom-1b7,2,side,12,4,hi,neutral,en,0.5,0.4916666666666666,-0.0010416666666666,120
bigscience/bloom-1b7,2,side,12,4,hi,neutral,hi,0.5,0.0083333333333333,-0.1255208174387614,120
bigscience/bloom-1b7,2,side,14,1,hi,informative,bn,0.5,0.9,0.1645833214124043,120
bigscience/bloom-1b7,2,side,14,1,hi,informative,en,0.5666666666666667,1.0,0.1739583333333333,120
bigscience/bloom-1b7,2,side,14,1,hi,informative,hi,0.4916666666666666,0.3666666666666666,-0.0177083532015482,120
bigscience/bloom-1b7,2,side,14,1,hi,neutral,bn,0.5,0.85,0.079687484105428,120
bigscience/bloom-1b7,2,side,14,1,hi,neutral,en,0.4833333333333333,0.5,0.0,120
bigscience/bloom-1b7,2,side,14,1,hi,neutral,hi,0.5,0.0833333333333333,-0.0906250119209289,120
bigscience/bloom-1b7,2,side,16,1,hi,informative,bn,0.5,0.9083333333333332,0.1713541626930236,120
bigscience/bloom-1b7,2,side,16,1,hi,informative,en,0.5583333333333333,0.9833333333333332,0.1677083333333333,120
bigscience/bloom-1b7,2,side,16,1,hi,informative,hi,0.4916666666666666,0.325,-0.0583333313465118,120
bigscience/bloom-1b7,2,side,16,1,hi,neutral,bn,0.5,0.9166666666666666,0.0859375298023223,120
bigscience/bloom-1b7,2,side,16,1,hi,neutral,en,0.4916666666666666,0.5083333333333333,0.0010416666666666,120
bigscience/bloom-1b7,2,side,16,1,hi,neutral,hi,0.5,0.0166666666666666,-0.1119791686534881,120
bigscience/bloom-1b7,2,side,18,1,hi,informative,bn,0.5,0.8916666666666667,0.1640625019868214,120
bigscience/bloom-1b7,2,side,18,1,hi,informative,en,0.575,1.0,0.1677083333333333,120
bigscience/bloom-1b7,2,side,18,1,hi,informative,hi,0.4833333333333333,0.3166666666666666,-0.0786458353201548,120
bigscience/bloom-1b7,2,side,18,1,hi,neutral,bn,0.5,0.8583333333333333,0.0713541825612386,120
bigscience/bloom-1b7,2,side,18,1,hi,neutral,en,0.4916666666666666,0.5,0.0,120
bigscience/bloom-1b7,2,side,18,1,hi,neutral,hi,0.5,0.0166666666666666,-0.1463541746139526,120
bigscience/bloom-1b7,2,side,20,1,hi,informative,bn,0.5,0.9,0.1635416666666666,120
bigscience/bloom-1b7,2,side,20,1,hi,informative,en,0.55,1.0,0.1645833333333333,120
bigscience/bloom-1b7,2,side,20,1,hi,informative,hi,0.475,0.2583333333333333,-0.1140625059604644,120
bigscience/bloom-1b7,2,side,20,1,hi,neutral,bn,0.5,0.8833333333333333,0.0791666666666666,120
bigscience/bloom-1b7,2,side,20,1,hi,neutral,en,0.5,0.4916666666666666,-0.0010416666666666,120
bigscience/bloom-1b7,2,side,20,1,hi,neutral,hi,0.5,0.0,-0.1729166527589162,120
bigscience/bloom-1b7,2,side,22,1,hi,informative,bn,0.5083333333333333,0.8833333333333333,0.170312492052714,120
bigscience/bloom-1b7,2,side,22,1,hi,informative,en,0.5666666666666667,1.0,0.1666666666666666,120
bigscience/bloom-1b7,2,side,22,1,hi,informative,hi,0.4666666666666667,0.2166666666666666,-0.1432291587193807,120
bigscience/bloom-1b7,2,side,22,1,hi,neutral,bn,0.5,0.85,0.0760416547457377,120
bigscience/bloom-1b7,2,side,22,1,hi,neutral,en,0.4833333333333333,0.5,0.0,120
bigscience/bloom-1b7,2,side,22,1,hi,neutral,hi,0.5,0.0,-0.2010416825612386,120
bigscience/bloom-1b7,2,side,0,1,en,informative,bn,0.5,0.9166666666666666,0.1723958392937978,120
bigscience/bloom-1b7,2,side,0,1,en,informative,en,0.55,0.975,0.1552083333333333,120
bigscience/bloom-1b7,2,side,0,1,en,informative,hi,0.475,0.2916666666666667,-0.0994791547457377,120
bigscience/bloom-1b7,2,side,0,1,en,neutral,bn,0.5,0.9083333333333332,0.0833333114782969,120
bigscience/bloom-1b7,2,side,0,1,en,neutral,en,0.4916666666666666,0.5,0.0,120
bigscience/bloom-1b7,2,side,0,1,en,neutral,hi,0.5,0.0,-0.1671874940395355,120
bigscience/bloom-1b7,2,side,2,1,en,informative,bn,0.5,0.8666666666666667,0.1583333492279052,120
bigscience/bloom-1b7,2,side,2,1,en,informative,en,0.575,0.9583333333333334,0.1479166666666666,120
bigscience/bloom-1b7,2,side,2,1,en,informative,hi,0.4666666666666667,0.3,-0.1124999900658925,120
bigscience/bloom-1b7,2,side,2,1,en,neutral,bn,0.5,0.8583333333333333,0.0744791666666666,120
bigscience/bloom-1b7,2,side,2,1,en,neutral,en,0.5,0.5,0.0,120
bigscience/bloom-1b7,2,side,2,1,en,neutral,hi,0.5,0.0083333333333333,-0.1645833392937978,120
bigscience/bloom-1b7,2,side,4,1,en,informative,bn,0.5,0.9083333333333332,0.1697916785875956,120
bigscience/bloom-1b7,2,side,4,1,en,informative,en,0.5833333333333334,1.0,0.1729166666666666,120
bigscience/bloom-1b7,2,side,4,1,en,informative,hi,0.4833333333333333,0.2916666666666667,-0.0963541587193807,120
bigscience/bloom-1b7,2,side,4,1,en,neutral,bn,0.5,0.85,0.0802083551883697,120
bigscience/bloom-1b7,2,side,4,1,en,neutral,en,0.4916666666666666,0.5,0.0,120
bigscience/bloom-1b7,2,side,4,1,en,neutral,hi,0.5,0.0083333333333333,-0.1666666328907013,120
bigscience/bloom-1b7,2,side,6,1,en,informative,bn,0.5,0.9,0.1776041726271311,120
bigscience/bloom-1b7,2,side,6,1,en,informative,en,0.575,0.9833333333333332,0.171875,120
bigscience/bloom-1b7,2,side,6,1,en,informative,hi,0.4833333333333333,0.2833333333333333,-0.1067708233992258,120
bigscience/bloom-1b7,2,side,6,1,en,neutral,bn,0.5,0.9,0.0859374900658925,120
bigscience/bloom-1b7,2,side,6,1,en,neutral,en,0.4916666666666666,0.5,0.0,120
bigscience/bloom-1b7,2,side,6,1,en,neutral,hi,0.5,0.0083333333333333,-0.1510416666666666,120
bigscience/bloom-1b7,2,side,8,1,en,informative,bn,0.5083333333333333,0.9416666666666668,0.1895833233992258,120
bigscience/bloom-1b7,2,side,8,1,en,informative,en,0.5833333333333334,1.0,0.2020833333333333,120
bigscience/bloom-1b7,2,side,8,1,en,informative,hi,0.4833333333333333,0.35,-0.0328125059604644,120
bigscience/bloom-1b7,2,side,8,1,en,neutral,bn,0.5,0.7666666666666667,0.0625000158945719,120
bigscience/bloom-1b7,2,side,8,1,en,neutral,en,0.4833333333333333,0.5083333333333333,0.0010416666666666,120
bigscience/bloom-1b7,2,side,8,1,en,neutral,hi,0.5,0.0,-0.137499992052714,120
bigscience/bloom-1b7,2,side,10,1,en,informative,bn,0.5083333333333333,0.9083333333333332,0.1671875099341074,120
bigscience/bloom-1b7,2,side,10,1,en,informative,en,0.6,1.0,0.215625,120
bigscience/bloom-1b7,2,side,10,1,en,informative,hi,0.4833333333333333,0.3166666666666666,-0.0557291726271311,120
bigscience/bloom-1b7,2,side,10,1,en,neutral,bn,0.5,0.7083333333333334,0.0442708333333333,120
bigscience/bloom-1b7,2,side,10,1,en,neutral,en,0.4833333333333333,0.5083333333333333,0.0010416666666666,120
bigscience/bloom-1b7,2,side,10,1,en,neutral,hi,0.5,0.0,-0.1635416587193807,120
bigscience/bloom-1b7,2,side,12,1,en,informative,bn,0.5166666666666667,0.95,0.2083333492279052,120
bigscience/bloom-1b7,2,side,12,1,en,informative,en,0.6,1.0,0.2520833333333333,120
bigscience/bloom-1b7,2,side,12,1,en,informative,hi,0.4916666666666666,0.3166666666666666,-0.0656250099341074,120
bigscience/bloom-1b7,2,side,12,1,en,neutral,bn,0.5,0.8333333333333334,0.0708333233992258,120
bigscience/bloom-1b7,2,side,12,1,en,neutral,en,0.4666666666666667,0.5,0.0,120
bigscience/bloom-1b7,2,side,12,1,en,neutral,hi,0.5,0.0,-0.1687500099341074,120
bigscience/bloom-1b7,2,side,12,4,en,informative,bn,0.5083333333333333,0.9666666666666668,0.2088541567325592,120
bigscience/bloom-1b7,2,side,12,4,en,informative,en,0.5916666666666667,1.0,0.2333333333333333,120
bigscience/bloom-1b7,2,side,12,4,en,informative,hi,0.4833333333333333,0.3,-0.0791666726271311,120
bigscience/bloom-1b7,2,side,12,4,en,neutral,bn,0.5,0.75,0.0536458333333333,120
bigscience/bloom-1b7,2,side,12,4,en,neutral,en,0.475,0.5,0.0,120
bigscience/bloom-1b7,2,side,12,4,en,neutral,hi,0.4916666666666666,0.0,-0.1781249940395355,120
bigscience/bloom-1b7,2,side,14,1,en,informative,bn,0.5166666666666667,0.9166666666666666,0.1749999900658925,120
bigscience/bloom-1b7,2,side,14,1,en,informative,en,0.5916666666666667,1.0,0.2166666666666666,120
bigscience/bloom-1b7,2,side,14,1,en,informative,hi,0.4833333333333333,0.3416666666666667,-0.0546874900658925,120
bigscience/bloom-1b7,2,side,14,1,en,neutral,bn,0.5,0.8,0.0635416646798451,120
bigscience/bloom-1b7,2,side,14,1,en,neutral,en,0.4916666666666666,0.4916666666666666,-0.0010416666666666,120
bigscience/bloom-1b7,2,side,14,1,en,neutral,hi,0.5,0.0,-0.1651041805744171,120
bigscience/bloom-1b7,2,side,16,1,en,informative,bn,0.525,0.925,0.1776041686534881,120
bigscience/bloom-1b7,2,side,16,1,en,informative,en,0.6083333333333333,1.0,0.2239583333333333,120
bigscience/bloom-1b7,2,side,16,1,en,informative,hi,0.4833333333333333,0.325,-0.0786458214124043,120
bigscience/bloom-1b7,2,side,16,1,en,neutral,bn,0.5,0.8083333333333333,0.0572916547457377,120
bigscience/bloom-1b7,2,side,16,1,en,neutral,en,0.4833333333333333,0.4916666666666666,-0.0010416666666666,120
bigscience/bloom-1b7,2,side,16,1,en,neutral,hi,0.5,0.0,-0.1583333273728688,120
bigscience/bloom-1b7,2,side,18,1,en,informative,bn,0.5083333333333333,0.925,0.1770833194255829,120
bigscience/bloom-1b7,2,side,18,1,en,informative,en,0.5916666666666667,1.0,0.2020833333333333,120
bigscience/bloom-1b7,2,side,18,1,en,informative,hi,0.4666666666666667,0.2833333333333333,-0.1083333432674407,120
bigscience/bloom-1b7,2,side,18,1,en,neutral,bn,0.5,0.85,0.0755208432674408,120
bigscience/bloom-1b7,2,side,18,1,en,neutral,en,0.475,0.4833333333333333,-0.0020833333333333,120
bigscience/bloom-1b7,2,side,18,1,en,neutral,hi,0.5,0.0,-0.1635416706403096,120
bigscience/bloom-1b7,2,side,20,1,en,informative,bn,0.525,0.8916666666666667,0.1666666706403096,120
bigscience/bloom-1b7,2,side,20,1,en,informative,en,0.5833333333333334,1.0,0.1875,120
bigscience/bloom-1b7,2,side,20,1,en,informative,hi,0.4583333333333333,0.2833333333333333,-0.1067708333333333,120
bigscience/bloom-1b7,2,side,20,1,en,neutral,bn,0.5,0.9,0.0807291666666666,120
bigscience/bloom-1b7,2,side,20,1,en,neutral,en,0.5,0.4916666666666666,-0.0010416666666666,120
bigscience/bloom-1b7,2,side,20,1,en,neutral,hi,0.5,0.0,-0.1713541607062021,120
bigscience/bloom-1b7,2,side,22,1,en,informative,bn,0.55,0.925,0.1838541706403096,120
bigscience/bloom-1b7,2,side,22,1,en,informative,en,0.575,1.0,0.1729166666666666,120
bigscience/bloom-1b7,2,side,22,1,en,informative,hi,0.4666666666666667,0.275,-0.1005208412806193,120
bigscience/bloom-1b7,2,side,22,1,en,neutral,bn,0.5,0.9416666666666668,0.0984374860922495,120
bigscience/bloom-1b7,2,side,22,1,en,neutral,en,0.4833333333333333,0.5,0.0,120
bigscience/bloom-1b7,2,side,22,1,en,neutral,hi,0.5,0.0166666666666666,-0.1593749980131785,120
bigscience/bloom-1b7,2,gender,0,1,bn,informative,bn,0.5,1.0,0.3645833532015483,120
bigscience/bloom-1b7,2,gender,0,1,bn,informative,en,0.75,1.0,0.8708333373069763,120
bigscience/bloom-1b7,2,gender,0,1,bn,informative,hi,0.5083333333333333,0.5,-0.0052083412806193,120
bigscience/bloom-1b7,2,gender,0,1,bn,neutral,bn,0.5,1.0,0.2703124761581421,120
bigscience/bloom-1b7,2,gender,0,1,bn,neutral,en,0.675,1.0,0.8458333333333333,120
bigscience/bloom-1b7,2,gender,0,1,bn,neutral,hi,0.5,1.0,0.1791666706403096,120
bigscience/bloom-1b7,2,gender,2,1,bn,informative,bn,0.5,1.0,0.4671875059604645,120
bigscience/bloom-1b7,2,gender,2,1,bn,informative,en,0.75,1.0,0.884374996026357,120
bigscience/bloom-1b7,2,gender,2,1,bn,informative,hi,0.5083333333333333,0.4916666666666666,-0.0041666626930236,120
bigscience/bloom-1b7,2,gender,2,1,bn,neutral,bn,0.5,1.0,0.3395833253860473,120
bigscience/bloom-1b7,2,gender,2,1,bn,neutral,en,0.6833333333333333,1.0,0.8364583373069763,120
bigscience/bloom-1b7,2,gender,2,1,bn,neutral,hi,0.5,1.0,0.1833333293596903,120
bigscience/bloom-1b7,2,gender,4,1,bn,informative,bn,0.5,1.0,0.3317708174387614,120
bigscience/bloom-1b7,2,gender,4,1,bn,informative,en,0.75,1.0,0.8864583333333333,120
bigscience/bloom-1b7,2,gender,4,1,bn,informative,hi,0.5,0.5,-0.0067708333333333,120
bigscience/bloom-1b7,2,gender,4,1,bn,neutral,bn,0.5,1.0,0.2244791706403096,120
bigscience/bloom-1b7,2,gender,4,1,bn,neutral,en,0.6833333333333333,1.0,0.8416666626930237,120
bigscience/bloom-1b7,2,gender,4,1,bn,neutral,hi,0.5,1.0,0.1828125,120
bigscience/bloom-1b7,2,gender,6,1,bn,informative,bn,0.5,1.0,0.3380208253860474,120
bigscience/bloom-1b7,2,gender,6,1,bn,informative,en,0.7583333333333333,1.0,0.8749999880790711,120
bigscience/bloom-1b7,2,gender,6,1,bn,informative,hi,0.5083333333333333,0.45,-0.0015625,120
bigscience/bloom-1b7,2,gender,6,1,bn,neutral,bn,0.5,1.0,0.2208333174387614,120
bigscience/bloom-1b7,2,gender,6,1,bn,neutral,en,0.6833333333333333,1.0,0.8333333373069763,120
bigscience/bloom-1b7,2,gender,6,1,bn,neutral,hi,0.5,1.0,0.1869791626930236,120
bigscience/bloom-1b7,2,gender,8,1,bn,informative,bn,0.5,1.0,0.3906250119209289,120
bigscience/bloom-1b7,2,gender,8,1,bn,informative,en,0.7416666666666667,1.0,0.8843749920527141,120
bigscience/bloom-1b7,2,gender,8,1,bn,informative,hi,0.5083333333333333,0.5083333333333333,-0.0010416626930236,120
bigscience/bloom-1b7,2,gender,8,1,bn,neutral,bn,0.5,1.0,0.2656250059604644,120
bigscience/bloom-1b7,2,gender,8,1,bn,neutral,en,0.675,1.0,0.8427083293596903,120
bigscience/bloom-1b7,2,gender,8,1,bn,neutral,hi,0.5,1.0,0.1770833214124043,120
bigscience/bloom-1b7,2,gender,10,1,bn,informative,bn,0.5,1.0,0.4052083273728689,120
bigscience/bloom-1b7,2,gender,10,1,bn,informative,en,0.7583333333333333,1.0,0.9114583333333334,120
bigscience/bloom-1b7,2,gender,10,1,bn,informative,hi,0.5,0.4666666666666667,-0.0083333333333333,120
bigscience/bloom-1b7,2,gender,10,1,bn,neutral,bn,0.5,1.0,0.2760416487852732,120
bigscience/bloom-1b7,2,gender,10,1,bn,neutral,en,0.6833333333333333,1.0,0.8666666706403097,120
bigscience/bloom-1b7,2,gender,10,1,bn,neutral,hi,0.5,1.0,0.1760416626930236,120
bigscience/bloom-1b7,2,gender,12,1,bn,informative,bn,0.5,1.0,0.4213541726271311,120
bigscience/bloom-1b7,2,gender,12,1,bn,informative,en,0.75,1.0,0.8895833293596903,120
bigscience/bloom-1b7,2,gender,12,1,bn,informative,hi,0.5083333333333333,0.4916666666666666,-0.003124992052714,120
bigscience/bloom-1b7,2,gender,12,1,bn,neutral,bn,0.5,1.0,0.2901041547457377,120
bigscience/bloom-1b7,2,gender,12,1,bn,neutral,en,0.6833333333333333,1.0,0.8479166666666667,120
bigscience/bloom-1b7,2,gender,12,1,bn,neutral,hi,0.5,1.0,0.1843750039736429,120
bigscience/bloom-1b7,2,gender,12,4,bn,informative,bn,0.5,1.0,0.4239583273728688,120
bigscience/bloom-1b7,2,gender,12,4,bn,informative,en,0.7333333333333333,1.0,0.9520833452542624,120
bigscience/bloom-1b7,2,gender,12,4,bn,informative,hi,0.5083333333333333,0.5083333333333333,0.0046875,120
bigscience/bloom-1b7,2,gender,12,4,bn,neutral,bn,0.5,1.0,0.2765624761581421,120
bigscience/bloom-1b7,2,gender,12,4,bn,neutral,en,0.675,1.0,0.8916666706403097,120
bigscience/bloom-1b7,2,gender,12,4,bn,neutral,hi,0.5,1.0,0.1921875,120
bigscience/bloom-1b7,2,gender,14,1,bn,informative,bn,0.5,1.0,0.4380208174387613,120
bigscience/bloom-1b7,2,gender,14,1,bn,informative,en,0.75,1.0,0.903125007947286,120
bigscience/bloom-1b7,2,gender,14,1,bn,informative,hi,0.5,0.5333333333333333,0.0020833333333333,120
bigscience/bloom-1b7,2,gender,14,1,bn,neutral,bn,0.5,1.0,0.3098958194255828,120
bigscience/bloom-1b7,2,gender,14,1,bn,neutral,en,0.6833333333333333,1.0,0.8510416626930237,120
bigscience/bloom-1b7,2,gender,14,1,bn,neutral,hi,0.5,1.0,0.2010416626930236,120
bigscience/bloom-1b7,2,gender,16,1,bn,informative,bn,0.5,1.0,0.3640624980131785,120
bigscience/bloom-1b7,2,gender,16,1,bn,informative,en,0.7333333333333333,1.0,0.893750003973643,120
bigscience/bloom-1b7,2,gender,16,1,bn,informative,hi,0.5,0.475,-0.0062500039736429,120
bigscience/bloom-1b7,2,gender,16,1,bn,neutral,bn,0.5,1.0,0.2411458313465118,120
bigscience/bloom-1b7,2,gender,16,1,bn,neutral,en,0.6833333333333333,1.0,0.8458333293596904,120
bigscience/bloom-1b7,2,gender,16,1,bn,neutral,hi,0.5,1.0,0.173437492052714,120
bigscience/bloom-1b7,2,gender,18,1,bn,informative,bn,0.5,1.0,0.4223958392937978,120
bigscience/bloom-1b7,2,gender,18,1,bn,informative,en,0.75,1.0,0.8770833293596904,120
bigscience/bloom-1b7,2,gender,18,1,bn,informative,hi,0.5,0.525,0.0088541746139526,120
bigscience/bloom-1b7,2,gender,18,1,bn,neutral,bn,0.5,1.0,0.2802083333333333,120
bigscience/bloom-1b7,2,gender,18,1,bn,neutral,en,0.675,1.0,0.8270833174387614,120
bigscience/bloom-1b7,2,gender,18,1,bn,neutral,hi,0.5,1.0,0.1895833333333333,120
bigscience/bloom-1b7,2,gender,20,1,bn,informative,bn,0.5,1.0,0.3739583194255829,120
bigscience/bloom-1b7,2,gender,20,1,bn,informative,en,0.75,1.0,0.8583333293596903,120
bigscience/bloom-1b7,2,gender,20,1,bn,informative,hi,0.5,0.475,-0.0015625,120
bigscience/bloom-1b7,2,gender,20,1,bn,neutral,bn,0.5,1.0,0.2359374860922495,120
bigscience/bloom-1b7,2,gender,20,1,bn,neutral,en,0.6833333333333333,1.0,0.80625,120
bigscience/bloom-1b7,2,gender,20,1,bn,neutral,hi,0.5,1.0,0.1864583293596903,120
bigscience/bloom-1b7,2,gender,22,1,bn,informative,bn,0.5,1.0,0.3703124900658925,120
bigscience/bloom-1b7,2,gender,22,1,bn,informative,en,0.7083333333333334,1.0,0.840624992052714,120
bigscience/bloom-1b7,2,gender,22,1,bn,informative,hi,0.5,0.4333333333333333,-0.0072916706403096,120
bigscience/bloom-1b7,2,gender,22,1,bn,neutral,bn,0.5,1.0,0.2229166845480601,120
bigscience/bloom-1b7,2,gender,22,1,bn,neutral,en,0.675,1.0,0.8,120
bigscience/bloom-1b7,2,gender,22,1,bn,neutral,hi,0.5,1.0,0.1760416587193806,120
bigscience/bloom-1b7,2,gender,0,1,hi,informative,bn,0.5,1.0,0.4239583532015482,120
bigscience/bloom-1b7,2,gender,0,1,hi,informative,en,0.7416666666666667,1.0,0.865625,120
bigscience/bloom-1b7,2,gender,0,1,hi,informative,hi,0.5,0.5,0.0026041626930236,120
bigscience/bloom-1b7,2,gender,0,1,hi,neutral,bn,0.5,1.0,0.275000003973643,120
bigscience/bloom-1b7,2,gender,0,1,hi,neutral,en,0.6833333333333333,1.0,0.8395833333333333,120
bigscience/bloom-1b7,2,gender,0,1,hi,neutral,hi,0.5,1.0,0.1942708214124043,120
bigscience/bloom-1b7,2,gender,2,1,hi,informative,bn,0.5,1.0,0.4239583313465118,120
bigscience/bloom-1b7,2,gender,2,1,hi,informative,en,0.725,1.0,0.8708333373069763,120
bigscience/bloom-1b7,2,gender,2,1,hi,informative,hi,0.5083333333333333,0.5333333333333333,0.0041666666666666,120
bigscience/bloom-1b7,2,gender,2,1,hi,neutral,bn,0.5,1.0,0.2723958233992258,120
bigscience/bloom-1b7,2,gender,2,1,hi,neutral,en,0.675,1.0,0.8354166666666667,120
bigscience/bloom-1b7,2,gender,2,1,hi,neutral,hi,0.5,1.0,0.1812500079472859,120
bigscience/bloom-1b7,2,gender,4,1,hi,informative,bn,0.5,1.0,0.4255208214124044,120
bigscience/bloom-1b7,2,gender,4,1,hi,informative,en,0.7416666666666667,1.0,0.8666666626930237,120
bigscience/bloom-1b7,2,gender,4,1,hi,informative,hi,0.5083333333333333,0.65,0.031249992052714,120
bigscience/bloom-1b7,2,gender,4,1,hi,neutral,bn,0.5,1.0,0.2765625039736429,120
bigscience/bloom-1b7,2,gender,4,1,hi,neutral,en,0.675,1.0,0.8322916587193807,120
bigscience/bloom-1b7,2,gender,4,1,hi,neutral,hi,0.5,1.0,0.2229166666666666,120
bigscience/bloom-1b7,2,gender,6,1,hi,informative,bn,0.5,1.0,0.4135416666666666,120
bigscience/bloom-1b7,2,gender,6,1,hi,informative,en,0.7416666666666667,1.0,0.884375003973643,120
bigscience/bloom-1b7,2,gender,6,1,hi,informative,hi,0.5083333333333333,0.5833333333333334,0.0166666746139526,120
bigscience/bloom-1b7,2,gender,6,1,hi,neutral,bn,0.5,1.0,0.2770833551883697,120
bigscience/bloom-1b7,2,gender,6,1,hi,neutral,en,0.6833333333333333,1.0,0.846874996026357,120
bigscience/bloom-1b7,2,gender,6,1,hi,neutral,hi,0.5,1.0,0.2114583253860473,120
bigscience/bloom-1b7,2,gender,8,1,hi,informative,bn,0.5,1.0,0.4244791646798452,120
bigscience/bloom-1b7,2,gender,8,1,hi,informative,en,0.75,1.0,0.8802083333333334,120
bigscience/bloom-1b7,2,gender,8,1,hi,informative,hi,0.5,0.4416666666666666,-0.020312492052714,120
bigscience/bloom-1b7,2,gender,8,1,hi,neutral,bn,0.5,1.0,0.2713541686534881,120
bigscience/bloom-1b7,2,gender,8,1,hi,neutral,en,0.6833333333333333,1.0,0.8322916666666667,120
bigscience/bloom-1b7,2,gender,8,1,hi,neutral,hi,0.5,1.0,0.1880208333333333,120
bigscience/bloom-1b7,2,gender,10,1,hi,informative,bn,0.5,1.0,0.4338541567325592,120
bigscience/bloom-1b7,2,gender,10,1,hi,informative,en,0.75,1.0,0.8854166666666666,120
bigscience/bloom-1b7,2,gender,10,1,hi,informative,hi,0.5083333333333333,0.6083333333333333,0.0213541507720947,120
bigscience/bloom-1b7,2,gender,10,1,hi,neutral,bn,0.5,1.0,0.2843750039736429,120
bigscience/bloom-1b7,2,gender,10,1,hi,neutral,en,0.6833333333333333,1.0,0.8333333373069763,120
bigscience/bloom-1b7,2,gender,10,1,hi,neutral,hi,0.5,1.0,0.2156250039736429,120
bigscience/bloom-1b7,2,gender,12,1,hi,informative,bn,0.5,1.0,0.4291666686534882,120
bigscience/bloom-1b7,2,gender,12,1,hi,informative,en,0.7416666666666667,1.0,0.8729166666666667,120
bigscience/bloom-1b7,2,gender,12,1,hi,informative,hi,0.5083333333333333,0.6083333333333333,0.0203125039736429,120
bigscience/bloom-1b7,2,gender,12,1,hi,neutral,bn,0.5,1.0,0.2755208551883698,120
bigscience/bloom-1b7,2,gender,12,1,hi,neutral,en,0.6833333333333333,1.0,0.824999996026357,120
bigscience/bloom-1b7,2,gender,12,1,hi,neutral,hi,0.5,1.0,0.2078125039736429,120
bigscience/bloom-1b7,2,gender,12,4,hi,informative,bn,0.5,1.0,0.4286458313465118,120
bigscience/bloom-1b7,2,gender,12,4,hi,informative,en,0.7333333333333333,1.0,0.8875,120
bigscience/bloom-1b7,2,gender,12,4,hi,informative,hi,0.5,0.7083333333333334,0.0458333293596903,120
bigscience/bloom-1b7,2,gender,12,4,hi,neutral,bn,0.5,1.0,0.2755208333333333,120
bigscience/bloom-1b7,2,gender,12,4,hi,neutral,en,0.675,1.0,0.831249992052714,120
bigscience/bloom-1b7,2,gender,12,4,hi,neutral,hi,0.5,1.0,0.2317708253860473,120
bigscience/bloom-1b7,2,gender,14,1,hi,informative,bn,0.5,1.0,0.4380208452542622,120
bigscience/bloom-1b7,2,gender,14,1,hi,informative,en,0.75,1.0,0.8729166706403096,120
bigscience/bloom-1b7,2,gender,14,1,hi,informative,hi,0.5083333333333333,0.7333333333333333,0.0500000039736429,120
bigscience/bloom-1b7,2,gender,14,1,hi,neutral,bn,0.5,1.0,0.2776041805744171,120
bigscience/bloom-1b7,2,gender,14,1,hi,neutral,en,0.6916666666666667,1.0,0.831249992052714,120
bigscience/bloom-1b7,2,gender,14,1,hi,neutral,hi,0.5,1.0,0.2348958293596903,120
bigscience/bloom-1b7,2,gender,16,1,hi,informative,bn,0.5,1.0,0.4322916666666667,120
bigscience/bloom-1b7,2,gender,16,1,hi,informative,en,0.7416666666666667,1.0,0.8604166785875956,120
bigscience/bloom-1b7,2,gender,16,1,hi,informative,hi,0.5083333333333333,0.525,0.0083333253860473,120
bigscience/bloom-1b7,2,gender,16,1,hi,neutral,bn,0.5,1.0,0.2781250139077504,120
bigscience/bloom-1b7,2,gender,16,1,hi,neutral,en,0.675,1.0,0.809375,120
bigscience/bloom-1b7,2,gender,16,1,hi,neutral,hi,0.5,1.0,0.1895833293596903,120
bigscience/bloom-1b7,2,gender,18,1,hi,informative,bn,0.5,1.0,0.4239583293596903,120
bigscience/bloom-1b7,2,gender,18,1,hi,informative,en,0.6833333333333333,1.0,0.828125,120
bigscience/bloom-1b7,2,gender,18,1,hi,informative,hi,0.5,0.3916666666666666,-0.026562496026357,120
bigscience/bloom-1b7,2,gender,18,1,hi,neutral,bn,0.5,1.0,0.2807291785875956,120
bigscience/bloom-1b7,2,gender,18,1,hi,neutral,en,0.6666666666666666,1.0,0.7927083293596904,120
bigscience/bloom-1b7,2,gender,18,1,hi,neutral,hi,0.5,1.0,0.1552083253860473,120
bigscience/bloom-1b7,2,gender,20,1,hi,informative,bn,0.5,1.0,0.4302083412806193,120
bigscience/bloom-1b7,2,gender,20,1,hi,informative,en,0.675,1.0,0.7645833253860473,120
bigscience/bloom-1b7,2,gender,20,1,hi,informative,hi,0.5,0.2833333333333333,-0.046875,120
bigscience/bloom-1b7,2,gender,20,1,hi,neutral,bn,0.5,1.0,0.2796874980131785,120
bigscience/bloom-1b7,2,gender,20,1,hi,neutral,en,0.6666666666666666,1.0,0.7364583333333333,120
bigscience/bloom-1b7,2,gender,20,1,hi,neutral,hi,0.5,0.9833333333333332,0.1416666825612386,120
bigscience/bloom-1b7,2,gender,22,1,hi,informative,bn,0.5,1.0,0.4166666626930236,120
bigscience/bloom-1b7,2,gender,22,1,hi,informative,en,0.6833333333333333,1.0,0.815625,120
bigscience/bloom-1b7,2,gender,22,1,hi,informative,hi,0.4916666666666666,0.3083333333333333,-0.0515625,120
bigscience/bloom-1b7,2,gender,22,1,hi,neutral,bn,0.5,1.0,0.2682291527589162,120
bigscience/bloom-1b7,2,gender,22,1,hi,neutral,en,0.6666666666666666,1.0,0.7697916746139526,120
bigscience/bloom-1b7,2,gender,22,1,hi,neutral,hi,0.5,0.9833333333333332,0.1296875,120
bigscience/bloom-1b7,2,gender,0,1,en,informative,bn,0.5,1.0,0.4260416666666666,120
bigscience/bloom-1b7,2,gender,0,1,en,informative,en,0.7333333333333333,1.0,0.8822916666666667,120
bigscience/bloom-1b7,2,gender,0,1,en,informative,hi,0.5,0.4833333333333333,-0.001562492052714,120
bigscience/bloom-1b7,2,gender,0,1,en,neutral,bn,0.5,1.0,0.2734375059604644,120
bigscience/bloom-1b7,2,gender,0,1,en,neutral,en,0.6833333333333333,1.0,0.84375,120
bigscience/bloom-1b7,2,gender,0,1,en,neutral,hi,0.5,0.9916666666666668,0.1776041626930236,120
bigscience/bloom-1b7,2,gender,2,1,en,informative,bn,0.5,1.0,0.4416666706403097,120
bigscience/bloom-1b7,2,gender,2,1,en,informative,en,0.7583333333333333,1.0,0.9458333333333332,120
bigscience/bloom-1b7,2,gender,2,1,en,informative,hi,0.5,0.425,-0.0151041626930236,120
bigscience/bloom-1b7,2,gender,2,1,en,neutral,bn,0.5,1.0,0.2812499801317851,120
bigscience/bloom-1b7,2,gender,2,1,en,neutral,en,0.7083333333333334,1.0,0.8895833373069764,120
bigscience/bloom-1b7,2,gender,2,1,en,neutral,hi,0.5,1.0,0.1786458412806193,120
bigscience/bloom-1b7,2,gender,4,1,en,informative,bn,0.5,1.0,0.4322916388511658,120
bigscience/bloom-1b7,2,gender,4,1,en,informative,en,0.775,1.0,0.9385416666666668,120
bigscience/bloom-1b7,2,gender,4,1,en,informative,hi,0.5083333333333333,0.5083333333333333,-0.0020833253860473,120
bigscience/bloom-1b7,2,gender,4,1,en,neutral,bn,0.5,1.0,0.2802083412806193,120
bigscience/bloom-1b7,2,gender,4,1,en,neutral,en,0.7416666666666667,1.0,0.8729166666666667,120
bigscience/bloom-1b7,2,gender,4,1,en,neutral,hi,0.5,1.0,0.1817708253860473,120
bigscience/bloom-1b7,2,gender,6,1,en,informative,bn,0.5,1.0,0.4494791706403097,120
bigscience/bloom-1b7,2,gender,6,1,en,informative,en,0.7583333333333333,1.0,0.8604166706403097,120
bigscience/bloom-1b7,2,gender,6,1,en,informative,hi,0.5,0.5583333333333333,0.0072916746139526,120
bigscience/bloom-1b7,2,gender,6,1,en,neutral,bn,0.5,1.0,0.2854166805744171,120
bigscience/bloom-1b7,2,gender,6,1,en,neutral,en,0.7166666666666667,1.0,0.796875,120
bigscience/bloom-1b7,2,gender,6,1,en,neutral,hi,0.5,1.0,0.1802083293596903,120
bigscience/bloom-1b7,2,gender,8,1,en,informative,bn,0.5,1.0,0.4401041865348816,120
bigscience/bloom-1b7,2,gender,8,1,en,informative,en,0.7583333333333333,1.0,0.856250007947286,120
bigscience/bloom-1b7,2,gender,8,1,en,informative,hi,0.5,0.5333333333333333,0.006249996026357,120
bigscience/bloom-1b7,2,gender,8,1,en,neutral,bn,0.5,1.0,0.2895833094914754,120
bigscience/bloom-1b7,2,gender,8,1,en,neutral,en,0.7,1.0,0.803124992052714,120
bigscience/bloom-1b7,2,gender,8,1,en,neutral,hi,0.5,1.0,0.1864583253860473,120
bigscience/bloom-1b7,2,gender,10,1,en,informative,bn,0.5,1.0,0.4406249940395355,120
bigscience/bloom-1b7,2,gender,10,1,en,informative,en,0.7583333333333333,1.0,0.8552083412806193,120
bigscience/bloom-1b7,2,gender,10,1,en,informative,hi,0.5083333333333333,0.5,0.0041666666666666,120
bigscience/bloom-1b7,2,gender,10,1,en,neutral,bn,0.5,1.0,0.287500007947286,120
bigscience/bloom-1b7,2,gender,10,1,en,neutral,en,0.6833333333333333,1.0,0.81875,120
bigscience/bloom-1b7,2,gender,10,1,en,neutral,hi,0.5,1.0,0.1833333293596903,120
bigscience/bloom-1b7,2,gender,12,1,en,informative,bn,0.5,1.0,0.432812492052714,120
bigscience/bloom-1b7,2,gender,12,1,en,informative,en,0.7583333333333333,1.0,0.8458333333333333,120
bigscience/bloom-1b7,2,gender,12,1,en,informative,hi,0.5,0.4916666666666666,-3.9736429850260424e-09,120
bigscience/bloom-1b7,2,gender,12,1,en,neutral,bn,0.5,1.0,0.2765625,120
bigscience/bloom-1b7,2,gender,12,1,en,neutral,en,0.6833333333333333,1.0,0.7927083293596904,120
bigscience/bloom-1b7,2,gender,12,1,en,neutral,hi,0.5,1.0,0.1875000079472859,120
bigscience/bloom-1b7,2,gender,12,4,en,informative,bn,0.5,1.0,0.4473958313465118,120
bigscience/bloom-1b7,2,gender,12,4,en,informative,en,0.7,1.0,0.6260416706403097,120
bigscience/bloom-1b7,2,gender,12,4,en,informative,hi,0.5,0.5333333333333333,0.0010416626930236,120
bigscience/bloom-1b7,2,gender,12,4,en,neutral,bn,0.5,1.0,0.2723958392937978,120
bigscience/bloom-1b7,2,gender,12,4,en,neutral,en,0.6,1.0,0.5354166666666667,120
bigscience/bloom-1b7,2,gender,12,4,en,neutral,hi,0.5,1.0,0.1802083412806193,120
bigscience/bloom-1b7,2,gender,14,1,en,informative,bn,0.5,1.0,0.4442708710829416,120
bigscience/bloom-1b7,2,gender,14,1,en,informative,en,0.7416666666666667,1.0,0.771874992052714,120
bigscience/bloom-1b7,2,gender,14,1,en,informative,hi,0.5,0.4666666666666667,-0.0041666746139526,120
bigscience/bloom-1b7,2,gender,14,1,en,neutral,bn,0.5,1.0,0.2796874900658925,120
bigscience/bloom-1b7,2,gender,14,1,en,neutral,en,0.6833333333333333,1.0,0.7385416706403096,120
bigscience/bloom-1b7,2,gender,14,1,en,neutral,hi,0.5,1.0,0.1822916706403096,120
bigscience/bloom-1b7,2,gender,16,1,en,informative,bn,0.5,1.0,0.4109374841054281,120
bigscience/bloom-1b7,2,gender,16,1,en,informative,en,0.7083333333333334,1.0,0.6895833412806193,120
bigscience/bloom-1b7,2,gender,16,1,en,informative,hi,0.5,0.4833333333333333,-0.0062500039736429,120
bigscience/bloom-1b7,2,gender,16,1,en,neutral,bn,0.5,1.0,0.2744791766007741,120
bigscience/bloom-1b7,2,gender,16,1,en,neutral,en,0.6833333333333333,1.0,0.6822916706403096,120
bigscience/bloom-1b7,2,gender,16,1,en,neutral,hi,0.5,1.0,0.1651041507720947,120
bigscience/bloom-1b7,2,gender,18,1,en,informative,bn,0.5,1.0,0.421354196468989,120
bigscience/bloom-1b7,2,gender,18,1,en,informative,en,0.7166666666666667,1.0,0.684374992052714,120
bigscience/bloom-1b7,2,gender,18,1,en,informative,hi,0.5,0.35,-0.0338541666666666,120
bigscience/bloom-1b7,2,gender,18,1,en,neutral,bn,0.5,1.0,0.2671874841054281,120
bigscience/bloom-1b7,2,gender,18,1,en,neutral,en,0.675,1.0,0.6854166626930237,120
bigscience/bloom-1b7,2,gender,18,1,en,neutral,hi,0.5,1.0,0.1572916706403096,120
bigscience/bloom-1b7,2,gender,20,1,en,informative,bn,0.5,1.0,0.4125000059604645,120
bigscience/bloom-1b7,2,gender,20,1,en,informative,en,0.675,1.0,0.737500007947286,120
bigscience/bloom-1b7,2,gender,20,1,en,informative,hi,0.5083333333333333,0.4,-0.0229166706403096,120
bigscience/bloom-1b7,2,gender,20,1,en,neutral,bn,0.5,1.0,0.2723958333333333,120
bigscience/bloom-1b7,2,gender,20,1,en,neutral,en,0.6666666666666666,1.0,0.7041666706403097,120
bigscience/bloom-1b7,2,gender,20,1,en,neutral,hi,0.5,1.0,0.1671875,120
bigscience/bloom-1b7,2,gender,22,1,en,informative,bn,0.5,1.0,0.3906250039736429,120
bigscience/bloom-1b7,2,gender,22,1,en,informative,en,0.6666666666666666,1.0,0.7489583293596903,120
bigscience/bloom-1b7,2,gender,22,1,en,informative,hi,0.5,0.4666666666666667,-0.010937492052714,120
bigscience/bloom-1b7,2,gender,22,1,en,neutral,bn,0.5,1.0,0.2421874940395355,120
bigscience/bloom-1b7,2,gender,22,1,en,neutral,en,0.6666666666666666,1.0,0.699999988079071,120
bigscience/bloom-1b7,2,gender,22,1,en,neutral,hi,0.5,0.9916666666666668,0.1770833333333333,120
bigscience/bloom-1b7,2,side,0,1,random,informative,bn,0.5,0.9166666666666666,0.1687500039736429,120
bigscience/bloom-1b7,2,side,0,1,random,informative,en,0.575,0.9916666666666668,0.1802083333333333,120
bigscience/bloom-1b7,2,side,0,1,random,informative,hi,0.475,0.2833333333333333,-0.1088541646798451,120
bigscience/bloom-1b7,2,side,0,1,random,neutral,bn,0.5,0.8583333333333333,0.0723958412806193,120
bigscience/bloom-1b7,2,side,0,1,random,neutral,en,0.4916666666666666,0.4916666666666666,-0.0010416666666666,120
bigscience/bloom-1b7,2,side,0,1,random,neutral,hi,0.5,0.0,-0.1713541626930236,120
bigscience/bloom-1b7,2,gender,0,1,random,informative,bn,0.5,1.0,0.4281250198682149,120
bigscience/bloom-1b7,2,gender,0,1,random,informative,en,0.7416666666666667,1.0,0.887499992052714,120
bigscience/bloom-1b7,2,gender,0,1,random,informative,hi,0.5083333333333333,0.5,-0.0010416626930236,120
bigscience/bloom-1b7,2,gender,0,1,random,neutral,bn,0.5,1.0,0.2843750158945719,120
bigscience/bloom-1b7,2,gender,0,1,random,neutral,en,0.6833333333333333,1.0,0.8364583293596903,120
bigscience/bloom-1b7,2,gender,0,1,random,neutral,hi,0.5,1.0,0.1770833293596903,120
bigscience/bloom-1b7,2,side,2,1,random,informative,bn,0.5,0.8833333333333333,0.1562499821186065,120
bigscience/bloom-1b7,2,side,2,1,random,informative,en,0.575,0.9916666666666668,0.178125,120
bigscience/bloom-1b7,2,side,2,1,random,informative,hi,0.4833333333333333,0.2583333333333333,-0.1130208373069763,120
bigscience/bloom-1b7,2,side,2,1,random,neutral,bn,0.5,0.8416666666666667,0.0760416825612386,120
bigscience/bloom-1b7,2,side,2,1,random,neutral,en,0.5,0.5,0.0,120
bigscience/bloom-1b7,2,side,2,1,random,neutral,hi,0.5,0.0,-0.181249988079071,120
bigscience/bloom-1b7,2,gender,2,1,random,informative,bn,0.5,1.0,0.4213541785875956,120
bigscience/bloom-1b7,2,gender,2,1,random,informative,en,0.75,1.0,0.8770833412806193,120
bigscience/bloom-1b7,2,gender,2,1,random,informative,hi,0.5083333333333333,0.4583333333333333,-0.0072916746139526,120
bigscience/bloom-1b7,2,gender,2,1,random,neutral,bn,0.5,1.0,0.2770833392937978,120
bigscience/bloom-1b7,2,gender,2,1,random,neutral,en,0.6833333333333333,1.0,0.840624992052714,120
bigscience/bloom-1b7,2,gender,2,1,random,neutral,hi,0.5,1.0,0.185937496026357,120
bigscience/bloom-1b7,2,side,4,1,random,informative,bn,0.5,0.9,0.1703124940395355,120
bigscience/bloom-1b7,2,side,4,1,random,informative,en,0.575,1.0,0.178125,120
bigscience/bloom-1b7,2,side,4,1,random,informative,hi,0.475,0.3,-0.1020833293596903,120
bigscience/bloom-1b7,2,side,4,1,random,neutral,bn,0.5,0.85,0.0760416766007741,120
bigscience/bloom-1b7,2,side,4,1,random,neutral,en,0.5,0.5,0.0,120
bigscience/bloom-1b7,2,side,4,1,random,neutral,hi,0.5,0.0,-0.1640624860922495,120
bigscience/bloom-1b7,2,gender,4,1,random,informative,bn,0.5,1.0,0.4192708273728688,120
bigscience/bloom-1b7,2,gender,4,1,random,informative,en,0.7416666666666667,1.0,0.871875003973643,120
bigscience/bloom-1b7,2,gender,4,1,random,informative,hi,0.5,0.4583333333333333,-0.0020833333333333,120
bigscience/bloom-1b7,2,gender,4,1,random,neutral,bn,0.5,1.0,0.2817708214124044,120
bigscience/bloom-1b7,2,gender,4,1,random,neutral,en,0.6833333333333333,1.0,0.8322916547457377,120
bigscience/bloom-1b7,2,gender,4,1,random,neutral,hi,0.5,1.0,0.1796875,120
bigscience/bloom-1b7,2,side,6,1,random,informative,bn,0.5,0.9083333333333332,0.1682291666666666,120
bigscience/bloom-1b7,2,side,6,1,random,informative,en,0.575,1.0,0.178125,120
bigscience/bloom-1b7,2,side,6,1,random,informative,hi,0.475,0.3083333333333333,-0.1078124980131785,120
bigscience/bloom-1b7,2,side,6,1,random,neutral,bn,0.5,0.8583333333333333,0.0796875019868215,120
bigscience/bloom-1b7,2,side,6,1,random,neutral,en,0.5,0.5083333333333333,0.0010416666666666,120
bigscience/bloom-1b7,2,side,6,1,random,neutral,hi,0.5,0.0,-0.1692708373069763,120
bigscience/bloom-1b7,2,gender,6,1,random,informative,bn,0.5,1.0,0.4234375119209289,120
bigscience/bloom-1b7,2,gender,6,1,random,informative,en,0.7416666666666667,1.0,0.865625003973643,120
bigscience/bloom-1b7,2,gender,6,1,random,informative,hi,0.5,0.4666666666666667,-0.0052083333333333,120
bigscience/bloom-1b7,2,gender,6,1,random,neutral,bn,0.5,1.0,0.2838541587193807,120
bigscience/bloom-1b7,2,gender,6,1,random,neutral,en,0.6833333333333333,1.0,0.8322916587193807,120
bigscience/bloom-1b7,2,gender,6,1,random,neutral,hi,0.5,1.0,0.1817708333333333,120
bigscience/bloom-1b7,2,side,8,1,random,informative,bn,0.5,0.9166666666666666,0.1713541706403096,120
bigscience/bloom-1b7,2,side,8,1,random,informative,en,0.5666666666666667,1.0,0.1770833333333333,120
bigscience/bloom-1b7,2,side,8,1,random,informative,hi,0.475,0.25,-0.1161458253860473,120
bigscience/bloom-1b7,2,side,8,1,random,neutral,bn,0.5,0.875,0.0786458392937978,120
bigscience/bloom-1b7,2,side,8,1,random,neutral,en,0.4833333333333333,0.4916666666666666,-0.0010416666666666,120
bigscience/bloom-1b7,2,side,8,1,random,neutral,hi,0.5,0.0,-0.1677083373069763,120
bigscience/bloom-1b7,2,gender,8,1,random,informative,bn,0.5,1.0,0.4213541646798451,120
bigscience/bloom-1b7,2,gender,8,1,random,informative,en,0.75,1.0,0.8760416666666667,120
bigscience/bloom-1b7,2,gender,8,1,random,informative,hi,0.5,0.5166666666666667,0.0026041626930236,120
bigscience/bloom-1b7,2,gender,8,1,random,neutral,bn,0.5,1.0,0.2744791845480601,120
bigscience/bloom-1b7,2,gender,8,1,random,neutral,en,0.6833333333333333,1.0,0.837500007947286,120
bigscience/bloom-1b7,2,gender,8,1,random,neutral,hi,0.5,1.0,0.1822916626930237,120
bigscience/bloom-1b7,2,side,10,1,random,informative,bn,0.5,0.8916666666666667,0.1520833492279052,120
bigscience/bloom-1b7,2,side,10,1,random,informative,en,0.5833333333333334,1.0,0.1770833333333333,120
bigscience/bloom-1b7,2,side,10,1,random,informative,hi,0.475,0.275,-0.0979166607062021,120
bigscience/bloom-1b7,2,side,10,1,random,neutral,bn,0.5,0.8583333333333333,0.0739583333333333,120
bigscience/bloom-1b7,2,side,10,1,random,neutral,en,0.475,0.4916666666666666,-0.0010416666666666,120
bigscience/bloom-1b7,2,side,10,1,random,neutral,hi,0.5,0.0,-0.1651041626930237,120
bigscience/bloom-1b7,2,gender,10,1,random,informative,bn,0.5,1.0,0.423437496026357,120
bigscience/bloom-1b7,2,gender,10,1,random,informative,en,0.7333333333333333,1.0,0.8760416746139527,120
bigscience/bloom-1b7,2,gender,10,1,random,informative,hi,0.5083333333333333,0.5333333333333333,-0.0010416666666666,120
bigscience/bloom-1b7,2,gender,10,1,random,neutral,bn,0.5,1.0,0.276562507947286,120
bigscience/bloom-1b7,2,gender,10,1,random,neutral,en,0.6916666666666667,1.0,0.8322916626930237,120
bigscience/bloom-1b7,2,gender,10,1,random,neutral,hi,0.5,1.0,0.1859375,120
bigscience/bloom-1b7,2,side,12,1,random,informative,bn,0.5,0.9166666666666666,0.1760416746139526,120
bigscience/bloom-1b7,2,side,12,1,random,informative,en,0.575,1.0,0.1802083333333333,120
bigscience/bloom-1b7,2,side,12,1,random,informative,hi,0.475,0.2583333333333333,-0.1062499980131785,120
bigscience/bloom-1b7,2,side,12,1,random,neutral,bn,0.5,0.8666666666666667,0.0776041626930236,120
bigscience/bloom-1b7,2,side,12,1,random,neutral,en,0.5,0.5083333333333333,0.0010416666666666,120
bigscience/bloom-1b7,2,side,12,1,random,neutral,hi,0.5,0.0,-0.168749996026357,120
bigscience/bloom-1b7,2,gender,12,1,random,informative,bn,0.5,1.0,0.4322916785875956,120
bigscience/bloom-1b7,2,gender,12,1,random,informative,en,0.7416666666666667,1.0,0.8802083412806193,120
bigscience/bloom-1b7,2,gender,12,1,random,informative,hi,0.5,0.5083333333333333,0.001562496026357,120
bigscience/bloom-1b7,2,gender,12,1,random,neutral,bn,0.5,1.0,0.2776041666666666,120
bigscience/bloom-1b7,2,gender,12,1,random,neutral,en,0.6833333333333333,1.0,0.8354166666666667,120
bigscience/bloom-1b7,2,gender,12,1,random,neutral,hi,0.5,1.0,0.1833333373069763,120
bigscience/bloom-1b7,2,side,12,4,random,informative,bn,0.5,0.9333333333333332,0.1859374781449635,120
bigscience/bloom-1b7,2,side,12,4,random,informative,en,0.575,1.0,0.1833333333333333,120
bigscience/bloom-1b7,2,side,12,4,random,informative,hi,0.475,0.3083333333333333,-0.084374992052714,120
bigscience/bloom-1b7,2,side,12,4,random,neutral,bn,0.5,0.9166666666666666,0.087499996026357,120
bigscience/bloom-1b7,2,side,12,4,random,neutral,en,0.5,0.4916666666666666,-0.0010416666666666,120
bigscience/bloom-1b7,2,side,12,4,random,neutral,hi,0.5,0.0,-0.1661458392937978,120
bigscience/bloom-1b7,2,gender,12,4,random,informative,bn,0.5,1.0,0.3999999841054281,120
bigscience/bloom-1b7,2,gender,12,4,random,informative,en,0.7416666666666667,1.0,0.8864583452542623,120
bigscience/bloom-1b7,2,gender,12,4,random,informative,hi,0.5,0.4916666666666666,-0.0041666587193806,120
bigscience/bloom-1b7,2,gender,12,4,random,neutral,bn,0.5,1.0,0.2635416686534881,120
bigscience/bloom-1b7,2,gender,12,4,random,neutral,en,0.6833333333333333,1.0,0.8302083293596904,120
bigscience/bloom-1b7,2,gender,12,4,random,neutral,hi,0.5,1.0,0.1692708333333333,120
bigscience/bloom-1b7,2,side,14,1,random,informative,bn,0.5083333333333333,0.8916666666666667,0.1572916766007741,120
bigscience/bloom-1b7,2,side,14,1,random,informative,en,0.575,0.9916666666666668,0.175,120
bigscience/bloom-1b7,2,side,14,1,random,informative,hi,0.475,0.2916666666666667,-0.0932291686534881,120
bigscience/bloom-1b7,2,side,14,1,random,neutral,bn,0.5,0.8583333333333333,0.0786458551883697,120
bigscience/bloom-1b7,2,side,14,1,random,neutral,en,0.4833333333333333,0.4916666666666666,-0.0010416666666666,120
bigscience/bloom-1b7,2,side,14,1,random,neutral,hi,0.5,0.0,-0.1671875178813934,120
bigscience/bloom-1b7,2,gender,14,1,random,informative,bn,0.5,1.0,0.4239583392937978,120
bigscience/bloom-1b7,2,gender,14,1,random,informative,en,0.7416666666666667,1.0,0.868749988079071,120
bigscience/bloom-1b7,2,gender,14,1,random,informative,hi,0.5083333333333333,0.5,0.0005208333333333,120
bigscience/bloom-1b7,2,gender,14,1,random,neutral,bn,0.5,1.0,0.2765624821186065,120
bigscience/bloom-1b7,2,gender,14,1,random,neutral,en,0.6833333333333333,1.0,0.828125,120
bigscience/bloom-1b7,2,gender,14,1,random,neutral,hi,0.5,1.0,0.1812500119209289,120
bigscience/bloom-1b7,2,side,16,1,random,informative,bn,0.5,0.9166666666666666,0.1682291686534881,120
bigscience/bloom-1b7,2,side,16,1,random,informative,en,0.575,0.9916666666666668,0.1708333333333333,120
bigscience/bloom-1b7,2,side,16,1,random,informative,hi,0.475,0.2833333333333333,-0.1041666766007741,120
bigscience/bloom-1b7,2,side,16,1,random,neutral,bn,0.5,0.8916666666666667,0.0848958293596903,120
bigscience/bloom-1b7,2,side,16,1,random,neutral,en,0.4833333333333333,0.5,0.0,120
bigscience/bloom-1b7,2,side,16,1,random,neutral,hi,0.5,0.0083333333333333,-0.1666666785875956,120
bigscience/bloom-1b7,2,gender,16,1,random,informative,bn,0.5,1.0,0.4276041666666667,120
bigscience/bloom-1b7,2,gender,16,1,random,informative,en,0.7333333333333333,1.0,0.868749996026357,120
bigscience/bloom-1b7,2,gender,16,1,random,informative,hi,0.5083333333333333,0.525,0.003124996026357,120
bigscience/bloom-1b7,2,gender,16,1,random,neutral,bn,0.5,1.0,0.2744791785875956,120
bigscience/bloom-1b7,2,gender,16,1,random,neutral,en,0.6833333333333333,1.0,0.8302083452542622,120
bigscience/bloom-1b7,2,gender,16,1,random,neutral,hi,0.5,1.0,0.1869791666666666,120
bigscience/bloom-1b7,2,side,18,1,random,informative,bn,0.5,0.8833333333333333,0.164062488079071,120
bigscience/bloom-1b7,2,side,18,1,random,informative,en,0.575,1.0,0.1708333333333333,120
bigscience/bloom-1b7,2,side,18,1,random,informative,hi,0.4833333333333333,0.3,-0.0942708412806193,120
bigscience/bloom-1b7,2,side,18,1,random,neutral,bn,0.5,0.8833333333333333,0.0776041666666666,120
bigscience/bloom-1b7,2,side,18,1,random,neutral,en,0.4833333333333333,0.5,0.0,120
bigscience/bloom-1b7,2,side,18,1,random,neutral,hi,0.5,0.0083333333333333,-0.1666666507720947,120
bigscience/bloom-1b7,2,gender,18,1,random,informative,bn,0.5,1.0,0.4265624860922495,120
bigscience/bloom-1b7,2,gender,18,1,random,informative,en,0.75,1.0,0.8822916905085246,120
bigscience/bloom-1b7,2,gender,18,1,random,informative,hi,0.5083333333333333,0.475,-0.006249992052714,120
bigscience/bloom-1b7,2,gender,18,1,random,neutral,bn,0.5,1.0,0.2770833452542623,120
bigscience/bloom-1b7,2,gender,18,1,random,neutral,en,0.6833333333333333,1.0,0.831249992052714,120
bigscience/bloom-1b7,2,gender,18,1,random,neutral,hi,0.5,1.0,0.1807291587193807,120
bigscience/bloom-1b7,2,side,20,1,random,informative,bn,0.5,0.9083333333333332,0.1692708412806193,120
bigscience/bloom-1b7,2,side,20,1,random,informative,en,0.5916666666666667,1.0,0.1833333333333333,120
bigscience/bloom-1b7,2,side,20,1,random,informative,hi,0.4833333333333333,0.275,-0.10625,120
bigscience/bloom-1b7,2,side,20,1,random,neutral,bn,0.5,0.8666666666666667,0.0817708353201548,120
bigscience/bloom-1b7,2,side,20,1,random,neutral,en,0.5,0.5,0.0,120
bigscience/bloom-1b7,2,side,20,1,random,neutral,hi,0.5,0.0,-0.1614583373069763,120
bigscience/bloom-1b7,2,gender,20,1,random,informative,bn,0.5,1.0,0.4255208313465118,120
bigscience/bloom-1b7,2,gender,20,1,random,informative,en,0.7416666666666667,1.0,0.878124992052714,120
bigscience/bloom-1b7,2,gender,20,1,random,informative,hi,0.5,0.5,-0.0026041626930236,120
bigscience/bloom-1b7,2,gender,20,1,random,neutral,bn,0.5,1.0,0.2791666944821676,120
bigscience/bloom-1b7,2,gender,20,1,random,neutral,en,0.6833333333333333,1.0,0.834374996026357,120
bigscience/bloom-1b7,2,gender,20,1,random,neutral,hi,0.5,1.0,0.1802083373069763,120
bigscience/bloom-1b7,2,side,22,1,random,informative,bn,0.5,0.9,0.1645833114782969,120
bigscience/bloom-1b7,2,side,22,1,random,informative,en,0.5666666666666667,0.9916666666666668,0.1708333333333333,120
bigscience/bloom-1b7,2,side,22,1,random,informative,hi,0.475,0.2833333333333333,-0.1036458412806193,120
bigscience/bloom-1b7,2,side,22,1,random,neutral,bn,0.5,0.8416666666666667,0.0723958392937978,120
bigscience/bloom-1b7,2,side,22,1,random,neutral,en,0.475,0.5,0.0,120
bigscience/bloom-1b7,2,side,22,1,random,neutral,hi,0.5,0.0,-0.1666666607062022,120
bigscience/bloom-1b7,2,gender,22,1,random,informative,bn,0.5,1.0,0.4369791626930236,120
bigscience/bloom-1b7,2,gender,22,1,random,informative,en,0.7416666666666667,1.0,0.8791666706403096,120
bigscience/bloom-1b7,2,gender,22,1,random,informative,hi,0.5083333333333333,0.4583333333333333,-0.0057291626930236,120
bigscience/bloom-1b7,2,gender,22,1,random,neutral,bn,0.5,1.0,0.2854166706403097,120
bigscience/bloom-1b7,2,gender,22,1,random,neutral,en,0.6833333333333333,1.0,0.831250003973643,120
bigscience/bloom-1b7,2,gender,22,1,random,neutral,hi,0.5,1.0,0.1822916666666666,120
bigscience/bloom-1b7,3,side,-1,0,none,informative,bn,0.5,1.0,0.2421875158945719,120
bigscience/bloom-1b7,3,side,-1,0,none,informative,en,0.5166666666666667,0.9666666666666668,0.115625,120
bigscience/bloom-1b7,3,side,-1,0,none,informative,hi,0.475,0.5333333333333333,-0.0177083273728688,120
bigscience/bloom-1b7,3,side,-1,0,none,neutral,bn,0.5,0.925,0.1020833392937978,120
bigscience/bloom-1b7,3,side,-1,0,none,neutral,en,0.4833333333333333,0.5,0.0,120
bigscience/bloom-1b7,3,side,-1,0,none,neutral,hi,0.4166666666666667,0.0083333333333333,-0.1442708313465118,120
bigscience/bloom-1b7,3,gender,-1,0,none,informative,bn,0.5,1.0,0.4125000119209289,120
bigscience/bloom-1b7,3,gender,-1,0,none,informative,en,0.8083333333333333,1.0,0.806250003973643,120
bigscience/bloom-1b7,3,gender,-1,0,none,informative,hi,0.5,0.625,0.021874996026357,120
bigscience/bloom-1b7,3,gender,-1,0,none,neutral,bn,0.5,1.0,0.2723958432674408,120
bigscience/bloom-1b7,3,gender,-1,0,none,neutral,en,0.8166666666666667,1.0,0.7802083333333333,120
bigscience/bloom-1b7,3,gender,-1,0,none,neutral,hi,0.5,1.0,0.1859375039736429,120
bigscience/bloom-1b7,3,side,0,1,bn,informative,bn,0.5,1.0,0.2442708214124044,120
bigscience/bloom-1b7,3,side,0,1,bn,informative,en,0.5083333333333333,0.9833333333333332,0.11875,120
bigscience/bloom-1b7,3,side,0,1,bn,informative,hi,0.4583333333333333,0.4833333333333333,-0.0291666666666666,120
bigscience/bloom-1b7,3,side,0,1,bn,neutral,bn,0.5,0.925,0.1145833273728688,120
bigscience/bloom-1b7,3,side,0,1,bn,neutral,en,0.4833333333333333,0.5,0.0,120
bigscience/bloom-1b7,3,side,0,1,bn,neutral,hi,0.4166666666666667,0.025,-0.1505208293596903,120
bigscience/bloom-1b7,3,side,2,1,bn,informative,bn,0.5,1.0,0.2583333273728688,120
bigscience/bloom-1b7,3,side,2,1,bn,informative,en,0.4833333333333333,0.9333333333333332,0.1104166666666666,120
bigscience/bloom-1b7,3,side,2,1,bn,informative,hi,0.4666666666666667,0.5666666666666667,-0.0192708313465118,120
bigscience/bloom-1b7,3,side,2,1,bn,neutral,bn,0.5,0.9166666666666666,0.1083333214124043,120
bigscience/bloom-1b7,3,side,2,1,bn,neutral,en,0.4833333333333333,0.5,0.0,120
bigscience/bloom-1b7,3,side,2,1,bn,neutral,hi,0.4166666666666667,0.0083333333333333,-0.1510416865348816,120
bigscience/bloom-1b7,3,side,4,1,bn,informative,bn,0.5,1.0,0.2468750139077504,120
bigscience/bloom-1b7,3,side,4,1,bn,informative,en,0.5,0.95,0.1125,120
bigscience/bloom-1b7,3,side,4,1,bn,informative,hi,0.4666666666666667,0.425,-0.0328125039736429,120
bigscience/bloom-1b7,3,side,4,1,bn,neutral,bn,0.5,0.9166666666666666,0.1031250019868215,120
bigscience/bloom-1b7,3,side,4,1,bn,neutral,en,0.4833333333333333,0.5083333333333333,0.0020833333333333,120
bigscience/bloom-1b7,3,side,4,1,bn,neutral,hi,0.4,0.0166666666666666,-0.1583333174387614,120
bigscience/bloom-1b7,3,side,6,1,bn,informative,bn,0.5,0.9833333333333332,0.1781249980131785,120
bigscience/bloom-1b7,3,side,6,1,bn,informative,en,0.5,0.9916666666666668,0.1104166666666666,120
bigscience/bloom-1b7,3,side,6,1,bn,informative,hi,0.45,0.4333333333333333,-0.0328125119209289,120
bigscience/bloom-1b7,3,side,6,1,bn,neutral,bn,0.5,0.7333333333333333,0.0578125278155009,120
bigscience/bloom-1b7,3,side,6,1,bn,neutral,en,0.4916666666666666,0.5083333333333333,0.0010416666666666,120
bigscience/bloom-1b7,3,side,6,1,bn,neutral,hi,0.425,0.0166666666666666,-0.1499999761581421,120
bigscience/bloom-1b7,3,side,8,1,bn,informative,bn,0.5083333333333333,0.9916666666666668,0.2197916646798451,120
bigscience/bloom-1b7,3,side,8,1,bn,informative,en,0.5,0.9666666666666668,0.1145833333333333,120
bigscience/bloom-1b7,3,side,8,1,bn,informative,hi,0.4583333333333333,0.5,-0.0223958353201548,120
bigscience/bloom-1b7,3,side,8,1,bn,neutral,bn,0.5,0.8666666666666667,0.0786458333333333,120
bigscience/bloom-1b7,3,side,8,1,bn,neutral,en,0.4916666666666666,0.5,0.0,120
bigscience/bloom-1b7,3,side,8,1,bn,neutral,hi,0.4083333333333333,0.0166666666666666,-0.1578125,120
bigscience/bloom-1b7,3,side,10,1,bn,informative,bn,0.5,1.0,0.2546874980131785,120
bigscience/bloom-1b7,3,side,10,1,bn,informative,en,0.5083333333333333,0.9666666666666668,0.1083333333333333,120
bigscience/bloom-1b7,3,side,10,1,bn,informative,hi,0.5,0.5333333333333333,-0.0098958333333333,120
bigscience/bloom-1b7,3,side,10,1,bn,neutral,bn,0.5,0.9416666666666668,0.1057292024294535,120
bigscience/bloom-1b7,3,side,10,1,bn,neutral,en,0.4833333333333333,0.5,0.0,120
bigscience/bloom-1b7,3,side,10,1,bn,neutral,hi,0.425,0.0083333333333333,-0.1484375019868214,120
bigscience/bloom-1b7,3,side,12,1,bn,informative,bn,0.5,1.0,0.2276041785875956,120
bigscience/bloom-1b7,3,side,12,1,bn,informative,en,0.5,0.9666666666666668,0.10625,120
bigscience/bloom-1b7,3,side,12,1,bn,informative,hi,0.45,0.475,-0.034375,120
bigscience/bloom-1b7,3,side,12,1,bn,neutral,bn,0.5,0.875,0.0723958512147267,120
bigscience/bloom-1b7,3,side,12,1,bn,neutral,en,0.4833333333333333,0.4833333333333333,-0.0020833333333333,120
bigscience/bloom-1b7,3,side,12,1,bn,neutral,hi,0.425,0.0083333333333333,-0.1619791746139526,120
bigscience/bloom-1b7,3,side,12,4,bn,informative,bn,0.5,0.9916666666666668,0.204687492052714,120
bigscience/bloom-1b7,3,side,12,4,bn,informative,en,0.5,0.9666666666666668,0.1072916666666666,120
bigscience/bloom-1b7,3,side,12,4,bn,informative,hi,0.4416666666666666,0.4166666666666667,-0.0348958273728688,120
bigscience/bloom-1b7,3,side,12,4,bn,neutral,bn,0.5,0.75,0.0447916626930236,120
bigscience/bloom-1b7,3,side,12,4,bn,neutral,en,0.4916666666666666,0.5083333333333333,0.0010416666666666,120
bigscience/bloom-1b7,3,side,12,4,bn,neutral,hi,0.425,0.0166666666666666,-0.1666666805744171,120
bigscience/bloom-1b7,3,side,14,1,bn,informative,bn,0.5,1.0,0.2239583253860473,120
bigscience/bloom-1b7,3,side,14,1,bn,informative,en,0.5,0.9666666666666668,0.1052083333333333,120
bigscience/bloom-1b7,3,side,14,1,bn,informative,hi,0.4583333333333333,0.45,-0.0276041567325592,120
bigscience/bloom-1b7,3,side,14,1,bn,neutral,bn,0.5,0.875,0.0734375,120
bigscience/bloom-1b7,3,side,14,1,bn,neutral,en,0.4833333333333333,0.5,0.0,120
bigscience/bloom-1b7,3,side,14,1,bn,neutral,hi,0.4166666666666667,0.0083333333333333,-0.164062496026357,120
bigscience/bloom-1b7,3,side,16,1,bn,informative,bn,0.5083333333333333,1.0,0.251562488079071,120
bigscience/bloom-1b7,3,side,16,1,bn,informative,en,0.5,0.9666666666666668,0.109375,120
bigscience/bloom-1b7,3,side,16,1,bn,informative,hi,0.4583333333333333,0.4416666666666666,-0.0395833273728688,120
bigscience/bloom-1b7,3,side,16,1,bn,neutral,bn,0.5,0.9416666666666668,0.1052083293596903,120
bigscience/bloom-1b7,3,side,16,1,bn,neutral,en,0.4916666666666666,0.5083333333333333,0.0010416666666666,120
bigscience/bloom-1b7,3,side,16,1,bn,neutral,hi,0.4166666666666667,0.0166666666666666,-0.160416688521703,120
bigscience/bloom-1b7,3,side,18,1,bn,informative,bn,0.5,1.0,0.2625000059604644,120
bigscience/bloom-1b7,3,side,18,1,bn,informative,en,0.5,0.975,0.109375,120
bigscience/bloom-1b7,3,side,18,1,bn,informative,hi,0.4333333333333333,0.4333333333333333,-0.0411458293596903,120
bigscience/bloom-1b7,3,side,18,1,bn,neutral,bn,0.5,0.95,0.1171875019868215,120
bigscience/bloom-1b7,3,side,18,1,bn,neutral,en,0.4833333333333333,0.5,0.0,120
bigscience/bloom-1b7,3,side,18,1,bn,neutral,hi,0.4333333333333333,0.0166666666666666,-0.157812492052714,120
bigscience/bloom-1b7,3,side,20,1,bn,informative,bn,0.5,1.0,0.2401041666666666,120
bigscience/bloom-1b7,3,side,20,1,bn,informative,en,0.5083333333333333,0.9666666666666668,0.11875,120
bigscience/bloom-1b7,3,side,20,1,bn,informative,hi,0.4666666666666667,0.5333333333333333,-0.0151041785875956,120
bigscience/bloom-1b7,3,side,20,1,bn,neutral,bn,0.5,0.9,0.0807291706403096,120
bigscience/bloom-1b7,3,side,20,1,bn,neutral,en,0.4833333333333333,0.5,0.0,120
bigscience/bloom-1b7,3,side,20,1,bn,neutral,hi,0.4333333333333333,0.0166666666666666,-0.1432291487852732,120
bigscience/bloom-1b7,3,side,22,1,bn,informative,bn,0.5,0.9916666666666668,0.2260416487852732,120
bigscience/bloom-1b7,3,side,22,1,bn,informative,en,0.5,0.9416666666666668,0.103125,120
bigscience/bloom-1b7,3,side,22,1,bn,informative,hi,0.4583333333333333,0.4833333333333333,-0.026562492052714,120
bigscience/bloom-1b7,3,side,22,1,bn,neutral,bn,0.5,0.875,0.0812500079472859,120
bigscience/bloom-1b7,3,side,22,1,bn,neutral,en,0.4833333333333333,0.5083333333333333,0.0010416666666666,120
bigscience/bloom-1b7,3,side,22,1,bn,neutral,hi,0.4166666666666667,0.025,-0.1546875019868215,120
bigscience/bloom-1b7,3,side,0,1,hi,informative,bn,0.5,1.0,0.2505208233992259,120
bigscience/bloom-1b7,3,side,0,1,hi,informative,en,0.5,0.9666666666666668,0.1177083333333333,120
bigscience/bloom-1b7,3,side,0,1,hi,informative,hi,0.4916666666666666,0.5833333333333334,0.0067708333333333,120
bigscience/bloom-1b7,3,side,0,1,hi,neutral,bn,0.5,0.9083333333333332,0.1052083233992258,120
bigscience/bloom-1b7,3,side,0,1,hi,neutral,en,0.4916666666666666,0.5,0.0,120
bigscience/bloom-1b7,3,side,0,1,hi,neutral,hi,0.425,0.0583333333333333,-0.1072916626930236,120
bigscience/bloom-1b7,3,side,2,1,hi,informative,bn,0.5,1.0,0.2510416547457377,120
bigscience/bloom-1b7,3,side,2,1,hi,informative,en,0.5,1.0,0.1166666666666666,120
bigscience/bloom-1b7,3,side,2,1,hi,informative,hi,0.4583333333333333,0.375,-0.0447916766007741,120
bigscience/bloom-1b7,3,side,2,1,hi,neutral,bn,0.5,0.9083333333333332,0.098437496026357,120
bigscience/bloom-1b7,3,side,2,1,hi,neutral,en,0.4916666666666666,0.4916666666666666,-0.0010416666666666,120
bigscience/bloom-1b7,3,side,2,1,hi,neutral,hi,0.4,0.0083333333333333,-0.1578125,120
bigscience/bloom-1b7,3,side,4,1,hi,informative,bn,0.5,1.0,0.2369791547457377,120
bigscience/bloom-1b7,3,side,4,1,hi,informative,en,0.5,0.975,0.1145833333333333,120
bigscience/bloom-1b7,3,side,4,1,hi,informative,hi,0.4333333333333333,0.2333333333333333,-0.085937492052714,120
bigscience/bloom-1b7,3,side,4,1,hi,neutral,bn,0.5,0.8833333333333333,0.0963541766007741,120
bigscience/bloom-1b7,3,side,4,1,hi,neutral,en,0.4833333333333333,0.5,0.0,120
bigscience/bloom-1b7,3,side,4,1,hi,neutral,hi,0.4083333333333333,0.0,-0.199999992052714,120
bigscience/bloom-1b7,3,side,6,1,hi,informative,bn,0.5,1.0,0.2411458313465118,120
bigscience/bloom-1b7,3,side,6,1,hi,informative,en,0.5,0.975,0.1197916666666666,120
bigscience/bloom-1b7,3,side,6,1,hi,informative,hi,0.45,0.4,-0.0432291547457377,120
bigscience/bloom-1b7,3,side,6,1,hi,neutral,bn,0.5,0.9166666666666666,0.0937499900658925,120
bigscience/bloom-1b7,3,side,6,1,hi,neutral,en,0.475,0.5,0.0,120
bigscience/bloom-1b7,3,side,6,1,hi,neutral,hi,0.4,0.0,-0.1838541607062022,120
bigscience/bloom-1b7,3,side,8,1,hi,informative,bn,0.5,0.9916666666666668,0.2385416646798451,120
bigscience/bloom-1b7,3,side,8,1,hi,informative,en,0.5,0.9833333333333332,0.1291666666666666,120
bigscience/bloom-1b7,3,side,8,1,hi,informative,hi,0.475,0.5666666666666667,0.0031250158945719,120
bigscience/bloom-1b7,3,side,8,1,hi,neutral,bn,0.5,0.9333333333333332,0.0984375079472859,120
bigscience/bloom-1b7,3,side,8,1,hi,neutral,en,0.4916666666666666,0.5083333333333333,0.0010416666666666,120
bigscience/bloom-1b7,3,side,8,1,hi,neutral,hi,0.425,0.025,-0.1161458333333333,120
bigscience/bloom-1b7,3,side,10,1,hi,informative,bn,0.5,1.0,0.2442708353201548,120
bigscience/bloom-1b7,3,side,10,1,hi,informative,en,0.5,0.975,0.125,120
bigscience/bloom-1b7,3,side,10,1,hi,informative,hi,0.5166666666666667,0.7666666666666667,0.0869791666666666,120
bigscience/bloom-1b7,3,side,10,1,hi,neutral,bn,0.5,0.9,0.0979166666666666,120
bigscience/bloom-1b7,3,side,10,1,hi,neutral,en,0.4916666666666666,0.5,0.0,120
bigscience/bloom-1b7,3,side,10,1,hi,neutral,hi,0.475,0.3333333333333333,-0.0302083174387613,120
bigscience/bloom-1b7,3,side,12,1,hi,informative,bn,0.5,0.9916666666666668,0.243749992052714,120
bigscience/bloom-1b7,3,side,12,1,hi,informative,en,0.5083333333333333,0.95,0.1166666666666666,120
bigscience/bloom-1b7,3,side,12,1,hi,informative,hi,0.5083333333333333,0.6916666666666667,0.0494791706403096,120
bigscience/bloom-1b7,3,side,12,1,hi,neutral,bn,0.5,0.9166666666666666,0.0989583353201548,120
bigscience/bloom-1b7,3,side,12,1,hi,neutral,en,0.4916666666666666,0.5,0.0,120
bigscience/bloom-1b7,3,side,12,1,hi,neutral,hi,0.45,0.1416666666666666,-0.0682291686534881,120
bigscience/bloom-1b7,3,side,12,4,hi,informative,bn,0.5,1.0,0.2218750238418579,120
bigscience/bloom-1b7,3,side,12,4,hi,informative,en,0.4833333333333333,0.95,0.1010416666666666,120
bigscience/bloom-1b7,3,side,12,4,hi,informative,hi,0.4916666666666666,0.575,0.0312499980131785,120
bigscience/bloom-1b7,3,side,12,4,hi,neutral,bn,0.5,0.8916666666666667,0.0906250119209289,120
bigscience/bloom-1b7,3,side,12,4,hi,neutral,en,0.5,0.5,0.0,120
bigscience/bloom-1b7,3,side,12,4,hi,neutral,hi,0.45,0.0416666666666666,-0.0744791686534881,120
bigscience/bloom-1b7,3,side,14,1,hi,informative,bn,0.5,1.0,0.239062492052714,120
bigscience/bloom-1b7,3,side,14,1,hi,informative,en,0.4916666666666666,0.9583333333333334,0.1083333333333333,120
bigscience/bloom-1b7,3,side,14,1,hi,informative,hi,0.5416666666666666,0.75,0.0807291706403096,120
bigscience/bloom-1b7,3,side,14,1,hi,neutral,bn,0.5,0.9166666666666666,0.1041666726271311,120
bigscience/bloom-1b7,3,side,14,1,hi,neutral,en,0.4916666666666666,0.5,0.0,120
bigscience/bloom-1b7,3,side,14,1,hi,neutral,hi,0.4666666666666667,0.3,-0.0322916746139526,120
bigscience/bloom-1b7,3,side,16,1,hi,informative,bn,0.5,1.0,0.2473958432674408,120
bigscience/bloom-1b7,3,side,16,1,hi,informative,en,0.5083333333333333,0.95,0.103125,120
bigscience/bloom-1b7,3,side,16,1,hi,informative,hi,0.5,0.6666666666666666,0.037499988079071,120
bigscience/bloom-1b7,3,side,16,1,hi,neutral,bn,0.5,0.925,0.0973958253860473,120
bigscience/bloom-1b7,3,side,16,1,hi,neutral,en,0.4916666666666666,0.5,0.0,120
bigscience/bloom-1b7,3,side,16,1,hi,neutral,hi,0.45,0.0833333333333333,-0.0859374980131785,120
bigscience/bloom-1b7,3,side,18,1,hi,informative,bn,0.5,1.0,0.2406249980131785,120
bigscience/bloom-1b7,3,side,18,1,hi,informative,en,0.5083333333333333,0.9666666666666668,0.1104166666666666,120
bigscience/bloom-1b7,3,side,18,1,hi,informative,hi,0.4833333333333333,0.5916666666666667,0.0015625,120
bigscience/bloom-1b7,3,side,18,1,hi,neutral,bn,0.5,0.9,0.0890624980131785,120
bigscience/bloom-1b7,3,side,18,1,hi,neutral,en,0.4916666666666666,0.4916666666666666,-0.0010416666666666,120
bigscience/bloom-1b7,3,side,18,1,hi,neutral,hi,0.4333333333333333,0.0333333333333333,-0.1244791865348815,120
bigscience/bloom-1b7,3,side,20,1,hi,informative,bn,0.5,1.0,0.2473958551883697,120
bigscience/bloom-1b7,3,side,20,1,hi,informative,en,0.5166666666666667,0.975,0.1145833333333333,120
bigscience/bloom-1b7,3,side,20,1,hi,informative,hi,0.4583333333333333,0.4666666666666667,-0.031249996026357,120
bigscience/bloom-1b7,3,side,20,1,hi,neutral,bn,0.5,0.9333333333333332,0.099999988079071,120
bigscience/bloom-1b7,3,side,20,1,hi,neutral,en,0.4833333333333333,0.5083333333333333,0.0010416666666666,120
bigscience/bloom-1b7,3,side,20,1,hi,neutral,hi,0.4166666666666667,0.0083333333333333,-0.1604166686534881,120
bigscience/bloom-1b7,3,side,22,1,hi,informative,bn,0.5083333333333333,1.0,0.2437499860922495,120
bigscience/bloom-1b7,3,side,22,1,hi,informative,en,0.5,0.9666666666666668,0.115625,120
bigscience/bloom-1b7,3,side,22,1,hi,informative,hi,0.425,0.3416666666666667,-0.0666666746139526,120
bigscience/bloom-1b7,3,side,22,1,hi,neutral,bn,0.5,0.925,0.1036458313465118,120
bigscience/bloom-1b7,3,side,22,1,hi,neutral,en,0.4833333333333333,0.5,0.0,120
bigscience/bloom-1b7,3,side,22,1,hi,neutral,hi,0.4083333333333333,0.0166666666666666,-0.18125,120
bigscience/bloom-1b7,3,side,0,1,en,informative,bn,0.5,1.0,0.2562499940395355,120
bigscience/bloom-1b7,3,side,0,1,en,informative,en,0.5,0.925,0.0895833333333333,120
bigscience/bloom-1b7,3,side,0,1,en,informative,hi,0.4833333333333333,0.5666666666666667,-0.0104166666666666,120
bigscience/bloom-1b7,3,side,0,1,en,neutral,bn,0.5,0.9416666666666668,0.1114583412806193,120
bigscience/bloom-1b7,3,side,0,1,en,neutral,en,0.4916666666666666,0.5166666666666667,0.0020833333333333,120
bigscience/bloom-1b7,3,side,0,1,en,neutral,hi,0.4166666666666667,0.0083333333333333,-0.1515625019868215,120
bigscience/bloom-1b7,3,side,2,1,en,informative,bn,0.5,1.0,0.2348958293596903,120
bigscience/bloom-1b7,3,side,2,1,en,informative,en,0.4916666666666666,0.9166666666666666,0.0854166666666666,120
bigscience/bloom-1b7,3,side,2,1,en,informative,hi,0.4833333333333333,0.4916666666666666,-0.0171874980131785,120
bigscience/bloom-1b7,3,side,2,1,en,neutral,bn,0.5,0.9416666666666668,0.1041666686534881,120
bigscience/bloom-1b7,3,side,2,1,en,neutral,en,0.5,0.5,0.0,120
bigscience/bloom-1b7,3,side,2,1,en,neutral,hi,0.4166666666666667,0.0083333333333333,-0.1458333233992258,120
bigscience/bloom-1b7,3,side,4,1,en,informative,bn,0.5,1.0,0.2416666646798451,120
bigscience/bloom-1b7,3,side,4,1,en,informative,en,0.5083333333333333,0.9583333333333334,0.1114583333333333,120
bigscience/bloom-1b7,3,side,4,1,en,informative,hi,0.4583333333333333,0.4666666666666667,-0.0348958333333333,120
bigscience/bloom-1b7,3,side,4,1,en,neutral,bn,0.5,0.9166666666666666,0.104687496026357,120
bigscience/bloom-1b7,3,side,4,1,en,neutral,en,0.4916666666666666,0.5083333333333333,0.0010416666666666,120
bigscience/bloom-1b7,3,side,4,1,en,neutral,hi,0.4166666666666667,0.0083333333333333,-0.1515624781449635,120
bigscience/bloom-1b7,3,side,6,1,en,informative,bn,0.5,1.0,0.2520833293596903,120
bigscience/bloom-1b7,3,side,6,1,en,informative,en,0.4916666666666666,0.9583333333333334,0.1083333333333333,120
bigscience/bloom-1b7,3,side,6,1,en,informative,hi,0.475,0.55,-0.0260416686534881,120
bigscience/bloom-1b7,3,side,6,1,en,neutral,bn,0.5,0.925,0.1026041567325592,120
bigscience/bloom-1b7,3,side,6,1,en,neutral,en,0.4833333333333333,0.5,0.0,120
bigscience/bloom-1b7,3,side,6,1,en,neutral,hi,0.4166666666666667,0.025,-0.1338541706403096,120
bigscience/bloom-1b7,3,side,8,1,en,informative,bn,0.5083333333333333,1.0,0.2630208114782969,120
bigscience/bloom-1b7,3,side,8,1,en,informative,en,0.5083333333333333,1.0,0.1489583333333333,120
bigscience/bloom-1b7,3,side,8,1,en,informative,hi,0.5,0.675,0.0552083273728688,120
bigscience/bloom-1b7,3,side,8,1,en,neutral,bn,0.5,0.825,0.0734375019868214,120
bigscience/bloom-1b7,3,side,8,1,en,neutral,en,0.4833333333333333,0.5,0.0,120
bigscience/bloom-1b7,3,side,8,1,en,neutral,hi,0.4333333333333333,0.0333333333333333,-0.1161458293596903,120
bigscience/bloom-1b7,3,side,10,1,en,informative,bn,0.5166666666666667,0.9916666666666668,0.2281250019868214,120
bigscience/bloom-1b7,3,side,10,1,en,informative,en,0.5166666666666667,0.9833333333333332,0.1520833333333333,120
bigscience/bloom-1b7,3,side,10,1,en,informative,hi,0.4833333333333333,0.6333333333333333,0.023437484105428,120
bigscience/bloom-1b7,3,side,10,1,en,neutral,bn,0.5,0.7833333333333333,0.05,120
bigscience/bloom-1b7,3,side,10,1,en,neutral,en,0.4833333333333333,0.5,0.0,120
bigscience/bloom-1b7,3,side,10,1,en,neutral,hi,0.4166666666666667,0.0083333333333333,-0.1489583293596903,120
bigscience/bloom-1b7,3,side,12,1,en,informative,bn,0.5083333333333333,1.0,0.2739583293596903,120
bigscience/bloom-1b7,3,side,12,1,en,informative,en,0.525,1.0,0.1885416666666666,120
bigscience/bloom-1b7,3,side,12,1,en,informative,hi,0.4833333333333333,0.5666666666666667,0.0041666646798451,120
bigscience/bloom-1b7,3,side,12,1,en,neutral,bn,0.5,0.9,0.0947916626930236,120
bigscience/bloom-1b7,3,side,12,1,en,neutral,en,0.4916666666666666,0.5,0.0,120
bigscience/bloom-1b7,3,side,12,1,en,neutral,hi,0.4083333333333333,0.0166666666666666,-0.1578124940395355,120
bigscience/bloom-1b7,3,side,12,4,en,informative,bn,0.5166666666666667,1.0,0.2697916686534881,120
bigscience/bloom-1b7,3,side,12,4,en,informative,en,0.5583333333333333,1.0,0.1885416666666666,120
bigscience/bloom-1b7,3,side,12,4,en,informative,hi,0.4916666666666666,0.5583333333333333,0.0052083293596903,120
bigscience/bloom-1b7,3,side,12,4,en,neutral,bn,0.5,0.875,0.0786458432674408,120
bigscience/bloom-1b7,3,side,12,4,en,neutral,en,0.475,0.5083333333333333,0.0010416666666666,120
bigscience/bloom-1b7,3,side,12,4,en,neutral,hi,0.4166666666666667,0.0333333333333333,-0.151562496026357,120
bigscience/bloom-1b7,3,side,14,1,en,informative,bn,0.5083333333333333,1.0,0.2427083253860473,120
bigscience/bloom-1b7,3,side,14,1,en,informative,en,0.5166666666666667,0.9833333333333332,0.14375,120
bigscience/bloom-1b7,3,side,14,1,en,informative,hi,0.4916666666666666,0.5833333333333334,0.0171875178813934,120
bigscience/bloom-1b7,3,side,14,1,en,neutral,bn,0.5,0.85,0.0760416726271311,120
bigscience/bloom-1b7,3,side,14,1,en,neutral,en,0.475,0.4916666666666666,-0.0010416666666666,120
bigscience/bloom-1b7,3,side,14,1,en,neutral,hi,0.425,0.0083333333333333,-0.1494791607062021,120
bigscience/bloom-1b7,3,side,16,1,en,informative,bn,0.5166666666666667,1.0,0.2546874900658925,120
bigscience/bloom-1b7,3,side,16,1,en,informative,en,0.525,1.0,0.1708333333333333,120
bigscience/bloom-1b7,3,side,16,1,en,informative,hi,0.4666666666666667,0.6,0.0072916805744171,120
bigscience/bloom-1b7,3,side,16,1,en,neutral,bn,0.5,0.8416666666666667,0.0739583611488342,120
bigscience/bloom-1b7,3,side,16,1,en,neutral,en,0.4833333333333333,0.5,0.0,120
bigscience/bloom-1b7,3,side,16,1,en,neutral,hi,0.4083333333333333,0.0333333333333333,-0.1401041587193807,120
bigscience/bloom-1b7,3,side,18,1,en,informative,bn,0.5166666666666667,1.0,0.2463541547457377,120
bigscience/bloom-1b7,3,side,18,1,en,informative,en,0.5083333333333333,0.975,0.1375,120
bigscience/bloom-1b7,3,side,18,1,en,informative,hi,0.45,0.475,-0.0354166666666666,120
bigscience/bloom-1b7,3,side,18,1,en,neutral,bn,0.5,0.9083333333333332,0.0937500059604644,120
bigscience/bloom-1b7,3,side,18,1,en,neutral,en,0.5,0.5083333333333333,0.0010416666666666,120
bigscience/bloom-1b7,3,side,18,1,en,neutral,hi,0.4166666666666667,0.0083333333333333,-0.1520833512147267,120
bigscience/bloom-1b7,3,side,20,1,en,informative,bn,0.5083333333333333,1.0,0.2369791726271311,120
bigscience/bloom-1b7,3,side,20,1,en,informative,en,0.5,0.9833333333333332,0.1229166666666666,120
bigscience/bloom-1b7,3,side,20,1,en,informative,hi,0.45,0.45,-0.0369791746139526,120
bigscience/bloom-1b7,3,side,20,1,en,neutral,bn,0.5,0.9,0.0906250079472859,120
bigscience/bloom-1b7,3,side,20,1,en,neutral,en,0.4833333333333333,0.5,0.0,120
bigscience/bloom-1b7,3,side,20,1,en,neutral,hi,0.4083333333333333,0.0166666666666666,-0.1494791766007741,120
bigscience/bloom-1b7,3,side,22,1,en,informative,bn,0.5333333333333333,1.0,0.2593749940395355,120
bigscience/bloom-1b7,3,side,22,1,en,informative,en,0.5083333333333333,0.9583333333333334,0.1083333333333333,120
bigscience/bloom-1b7,3,side,22,1,en,informative,hi,0.4666666666666667,0.45,-0.026562492052714,120
bigscience/bloom-1b7,3,side,22,1,en,neutral,bn,0.5,0.9666666666666668,0.1203125039736429,120
bigscience/bloom-1b7,3,side,22,1,en,neutral,en,0.4916666666666666,0.5,0.0,120
bigscience/bloom-1b7,3,side,22,1,en,neutral,hi,0.4166666666666667,0.0083333333333333,-0.1536458392937978,120
bigscience/bloom-1b7,3,gender,0,1,bn,informative,bn,0.5,1.0,0.3380208313465118,120
bigscience/bloom-1b7,3,gender,0,1,bn,informative,en,0.8,1.0,0.8218750119209289,120
bigscience/bloom-1b7,3,gender,0,1,bn,informative,hi,0.5,0.5916666666666667,0.0171875,120
bigscience/bloom-1b7,3,gender,0,1,bn,neutral,bn,0.5,1.0,0.2619791686534881,120
bigscience/bloom-1b7,3,gender,0,1,bn,neutral,en,0.8083333333333333,1.0,0.7802083333333333,120
bigscience/bloom-1b7,3,gender,0,1,bn,neutral,hi,0.5,1.0,0.1880208452542623,120
bigscience/bloom-1b7,3,gender,2,1,bn,informative,bn,0.5,1.0,0.4708333293596903,120
bigscience/bloom-1b7,3,gender,2,1,bn,informative,en,0.8166666666666667,1.0,0.8114583333333333,120
bigscience/bloom-1b7,3,gender,2,1,bn,informative,hi,0.5,0.625,0.025,120
bigscience/bloom-1b7,3,gender,2,1,bn,neutral,bn,0.5,1.0,0.3598958273728688,120
bigscience/bloom-1b7,3,gender,2,1,bn,neutral,en,0.8,1.0,0.7833333333333333,120
bigscience/bloom-1b7,3,gender,2,1,bn,neutral,hi,0.5,1.0,0.1854166587193807,120
bigscience/bloom-1b7,3,gender,4,1,bn,informative,bn,0.5,1.0,0.2838541646798452,120
bigscience/bloom-1b7,3,gender,4,1,bn,informative,en,0.8166666666666667,1.0,0.815624996026357,120
bigscience/bloom-1b7,3,gender,4,1,bn,informative,hi,0.5,0.6166666666666667,0.0223958373069763,120
bigscience/bloom-1b7,3,gender,4,1,bn,neutral,bn,0.5,1.0,0.2135416646798451,120
bigscience/bloom-1b7,3,gender,4,1,bn,neutral,en,0.8333333333333334,1.0,0.79375,120
bigscience/bloom-1b7,3,gender,4,1,bn,neutral,hi,0.5,1.0,0.1885416686534881,120
bigscience/bloom-1b7,3,gender,6,1,bn,informative,bn,0.5,1.0,0.3026041587193807,120
bigscience/bloom-1b7,3,gender,6,1,bn,informative,en,0.8,1.0,0.803125,120
bigscience/bloom-1b7,3,gender,6,1,bn,informative,hi,0.5,0.65,0.0286458333333333,120
bigscience/bloom-1b7,3,gender,6,1,bn,neutral,bn,0.5,1.0,0.2328125059604645,120
bigscience/bloom-1b7,3,gender,6,1,bn,neutral,en,0.8083333333333333,1.0,0.7770833333333333,120
bigscience/bloom-1b7,3,gender,6,1,bn,neutral,hi,0.5,1.0,0.1932291646798451,120
bigscience/bloom-1b7,3,gender,8,1,bn,informative,bn,0.5,1.0,0.356249980131785,120
bigscience/bloom-1b7,3,gender,8,1,bn,informative,en,0.8166666666666667,1.0,0.818749996026357,120
bigscience/bloom-1b7,3,gender,8,1,bn,informative,hi,0.5,0.6333333333333333,0.028125,120
bigscience/bloom-1b7,3,gender,8,1,bn,neutral,bn,0.5,1.0,0.2614583392937978,120
bigscience/bloom-1b7,3,gender,8,1,bn,neutral,en,0.825,1.0,0.7854166626930237,120
bigscience/bloom-1b7,3,gender,8,1,bn,neutral,hi,0.5,1.0,0.1901041587193807,120
bigscience/bloom-1b7,3,gender,10,1,bn,informative,bn,0.5,1.0,0.4109374860922495,120
bigscience/bloom-1b7,3,gender,10,1,bn,informative,en,0.8,1.0,0.8270833293596903,120
bigscience/bloom-1b7,3,gender,10,1,bn,informative,hi,0.5,0.5583333333333333,0.0119791666666666,120
bigscience/bloom-1b7,3,gender,10,1,bn,neutral,bn,0.5,1.0,0.2739583293596903,120
bigscience/bloom-1b7,3,gender,10,1,bn,neutral,en,0.8166666666666667,1.0,0.8177083333333334,120
bigscience/bloom-1b7,3,gender,10,1,bn,neutral,hi,0.5,0.9916666666666668,0.1874999940395355,120
bigscience/bloom-1b7,3,gender,12,1,bn,informative,bn,0.5,1.0,0.4026041607062022,120
bigscience/bloom-1b7,3,gender,12,1,bn,informative,en,0.7666666666666667,1.0,0.8260416587193807,120
bigscience/bloom-1b7,3,gender,12,1,bn,informative,hi,0.5,0.6083333333333333,0.0171875,120
bigscience/bloom-1b7,3,gender,12,1,bn,neutral,bn,0.5,1.0,0.2796874940395355,120
bigscience/bloom-1b7,3,gender,12,1,bn,neutral,en,0.7916666666666666,1.0,0.7812499920527141,120
bigscience/bloom-1b7,3,gender,12,1,bn,neutral,hi,0.5,1.0,0.1968750019868214,120
bigscience/bloom-1b7,3,gender,12,4,bn,informative,bn,0.5,1.0,0.4062499940395355,120
bigscience/bloom-1b7,3,gender,12,4,bn,informative,en,0.7416666666666667,1.0,0.8802083412806193,120
bigscience/bloom-1b7,3,gender,12,4,bn,informative,hi,0.5,0.65,0.0229166626930236,120
bigscience/bloom-1b7,3,gender,12,4,bn,neutral,bn,0.5,1.0,0.2723958392937978,120
bigscience/bloom-1b7,3,gender,12,4,bn,neutral,en,0.775,1.0,0.8427083373069764,120
bigscience/bloom-1b7,3,gender,12,4,bn,neutral,hi,0.5,1.0,0.190624992052714,120
bigscience/bloom-1b7,3,gender,14,1,bn,informative,bn,0.5,1.0,0.4249999980131785,120
bigscience/bloom-1b7,3,gender,14,1,bn,informative,en,0.7833333333333333,1.0,0.8333333373069763,120
bigscience/bloom-1b7,3,gender,14,1,bn,informative,hi,0.5,0.65,0.0223958373069763,120
bigscience/bloom-1b7,3,gender,14,1,bn,neutral,bn,0.5,1.0,0.3098958432674408,120
bigscience/bloom-1b7,3,gender,14,1,bn,neutral,en,0.7833333333333333,1.0,0.7864583293596904,120
bigscience/bloom-1b7,3,gender,14,1,bn,neutral,hi,0.5,1.0,0.2041666666666666,120
bigscience/bloom-1b7,3,gender,16,1,bn,informative,bn,0.5,1.0,0.3557291706403097,120
bigscience/bloom-1b7,3,gender,16,1,bn,informative,en,0.8083333333333333,1.0,0.8197916666666667,120
bigscience/bloom-1b7,3,gender,16,1,bn,informative,hi,0.5,0.6083333333333333,0.0203125039736429,120
bigscience/bloom-1b7,3,gender,16,1,bn,neutral,bn,0.5,1.0,0.2395833253860473,120
bigscience/bloom-1b7,3,gender,16,1,bn,neutral,en,0.7916666666666666,1.0,0.7791666626930237,120
bigscience/bloom-1b7,3,gender,16,1,bn,neutral,hi,0.5,1.0,0.179687503973643,120
bigscience/bloom-1b7,3,gender,18,1,bn,informative,bn,0.5,1.0,0.4093750059604645,120
bigscience/bloom-1b7,3,gender,18,1,bn,informative,en,0.8166666666666667,1.0,0.8083333293596904,120
bigscience/bloom-1b7,3,gender,18,1,bn,informative,hi,0.5,0.6666666666666666,0.0270833392937978,120
bigscience/bloom-1b7,3,gender,18,1,bn,neutral,bn,0.5,1.0,0.2729166507720947,120
bigscience/bloom-1b7,3,gender,18,1,bn,neutral,en,0.825,1.0,0.79375,120
bigscience/bloom-1b7,3,gender,18,1,bn,neutral,hi,0.5,1.0,0.2000000099341074,120
bigscience/bloom-1b7,3,gender,20,1,bn,informative,bn,0.5,1.0,0.370312496026357,120
bigscience/bloom-1b7,3,gender,20,1,bn,informative,en,0.8083333333333333,1.0,0.79375,120
bigscience/bloom-1b7,3,gender,20,1,bn,informative,hi,0.5,0.625,0.0255208353201548,120
bigscience/bloom-1b7,3,gender,20,1,bn,neutral,bn,0.5,1.0,0.2354166626930237,120
bigscience/bloom-1b7,3,gender,20,1,bn,neutral,en,0.8416666666666667,1.0,0.76875,120
bigscience/bloom-1b7,3,gender,20,1,bn,neutral,hi,0.5,1.0,0.1932291666666666,120
bigscience/bloom-1b7,3,gender,22,1,bn,informative,bn,0.5,1.0,0.3609375218550364,120
bigscience/bloom-1b7,3,gender,22,1,bn,informative,en,0.7916666666666666,1.0,0.7833333373069763,120
bigscience/bloom-1b7,3,gender,22,1,bn,informative,hi,0.5,0.6166666666666667,0.0177083373069763,120
bigscience/bloom-1b7,3,gender,22,1,bn,neutral,bn,0.5,1.0,0.223437492052714,120
bigscience/bloom-1b7,3,gender,22,1,bn,neutral,en,0.8166666666666667,1.0,0.756249996026357,120
bigscience/bloom-1b7,3,gender,22,1,bn,neutral,hi,0.5,1.0,0.1880208313465118,120
bigscience/bloom-1b7,3,gender,0,1,hi,informative,bn,0.5,1.0,0.415624992052714,120
bigscience/bloom-1b7,3,gender,0,1,hi,informative,en,0.8,1.0,0.80625,120
bigscience/bloom-1b7,3,gender,0,1,hi,informative,hi,0.5,0.7,0.0296875,120
bigscience/bloom-1b7,3,gender,0,1,hi,neutral,bn,0.5,1.0,0.2776041726271311,120
bigscience/bloom-1b7,3,gender,0,1,hi,neutral,en,0.825,1.0,0.7833333333333333,120
bigscience/bloom-1b7,3,gender,0,1,hi,neutral,hi,0.5,1.0,0.2052083333333333,120
bigscience/bloom-1b7,3,gender,2,1,hi,informative,bn,0.5,1.0,0.403125003973643,120
bigscience/bloom-1b7,3,gender,2,1,hi,informative,en,0.8,1.0,0.7989583373069763,120
bigscience/bloom-1b7,3,gender,2,1,hi,informative,hi,0.5,0.625,0.0255208293596903,120
bigscience/bloom-1b7,3,gender,2,1,hi,neutral,bn,0.5,1.0,0.2739583333333333,120
bigscience/bloom-1b7,3,gender,2,1,hi,neutral,en,0.825,1.0,0.7760416666666666,120
bigscience/bloom-1b7,3,gender,2,1,hi,neutral,hi,0.5,1.0,0.1864583373069763,120
bigscience/bloom-1b7,3,gender,4,1,hi,informative,bn,0.5,1.0,0.4255208591620127,120
bigscience/bloom-1b7,3,gender,4,1,hi,informative,en,0.8083333333333333,1.0,0.8041666626930237,120
bigscience/bloom-1b7,3,gender,4,1,hi,informative,hi,0.5,0.7333333333333333,0.0468750079472859,120
bigscience/bloom-1b7,3,gender,4,1,hi,neutral,bn,0.5,1.0,0.279687488079071,120
bigscience/bloom-1b7,3,gender,4,1,hi,neutral,en,0.8,1.0,0.7791666626930237,120
bigscience/bloom-1b7,3,gender,4,1,hi,neutral,hi,0.5,1.0,0.2182291666666666,120
bigscience/bloom-1b7,3,gender,6,1,hi,informative,bn,0.5,1.0,0.4046874980131785,120
bigscience/bloom-1b7,3,gender,6,1,hi,informative,en,0.8083333333333333,1.0,0.8135416706403097,120
bigscience/bloom-1b7,3,gender,6,1,hi,informative,hi,0.5,0.6833333333333333,0.035937496026357,120
bigscience/bloom-1b7,3,gender,6,1,hi,neutral,bn,0.5,1.0,0.278125003973643,120
bigscience/bloom-1b7,3,gender,6,1,hi,neutral,en,0.825,1.0,0.7916666666666666,120
bigscience/bloom-1b7,3,gender,6,1,hi,neutral,hi,0.5,1.0,0.2156250039736429,120
bigscience/bloom-1b7,3,gender,8,1,hi,informative,bn,0.5,1.0,0.4088541805744171,120
bigscience/bloom-1b7,3,gender,8,1,hi,informative,en,0.8166666666666667,1.0,0.8208333373069763,120
bigscience/bloom-1b7,3,gender,8,1,hi,informative,hi,0.5,0.5166666666666667,-0.0010416626930236,120
bigscience/bloom-1b7,3,gender,8,1,hi,neutral,bn,0.5,1.0,0.2749999860922495,120
bigscience/bloom-1b7,3,gender,8,1,hi,neutral,en,0.8333333333333334,1.0,0.787499996026357,120
bigscience/bloom-1b7,3,gender,8,1,hi,neutral,hi,0.5,1.0,0.1932291726271311,120
bigscience/bloom-1b7,3,gender,10,1,hi,informative,bn,0.5,1.0,0.417187488079071,120
bigscience/bloom-1b7,3,gender,10,1,hi,informative,en,0.8416666666666667,1.0,0.815624996026357,120
bigscience/bloom-1b7,3,gender,10,1,hi,informative,hi,0.5,0.6833333333333333,0.0307291626930236,120
bigscience/bloom-1b7,3,gender,10,1,hi,neutral,bn,0.5,1.0,0.2755208293596903,120
bigscience/bloom-1b7,3,gender,10,1,hi,neutral,en,0.8416666666666667,1.0,0.784375,120
bigscience/bloom-1b7,3,gender,10,1,hi,neutral,hi,0.5,1.0,0.2171875,120
bigscience/bloom-1b7,3,gender,12,1,hi,informative,bn,0.5,1.0,0.4140624940395355,120
bigscience/bloom-1b7,3,gender,12,1,hi,informative,en,0.8,1.0,0.8062499920527141,120
bigscience/bloom-1b7,3,gender,12,1,hi,informative,hi,0.5,0.6916666666666667,0.0375,120
bigscience/bloom-1b7,3,gender,12,1,hi,neutral,bn,0.5,1.0,0.2723958253860473,120
bigscience/bloom-1b7,3,gender,12,1,hi,neutral,en,0.8166666666666667,1.0,0.7708333333333334,120
bigscience/bloom-1b7,3,gender,12,1,hi,neutral,hi,0.5,1.0,0.2057291666666666,120
bigscience/bloom-1b7,3,gender,12,4,hi,informative,bn,0.5,1.0,0.4140624900658925,120
bigscience/bloom-1b7,3,gender,12,4,hi,informative,en,0.8083333333333333,1.0,0.8114583333333333,120
bigscience/bloom-1b7,3,gender,12,4,hi,informative,hi,0.5,0.7166666666666667,0.043749996026357,120
bigscience/bloom-1b7,3,gender,12,4,hi,neutral,bn,0.5,1.0,0.2817708373069763,120
bigscience/bloom-1b7,3,gender,12,4,hi,neutral,en,0.8,1.0,0.781249996026357,120
bigscience/bloom-1b7,3,gender,12,4,hi,neutral,hi,0.5,1.0,0.2322916686534881,120
bigscience/bloom-1b7,3,gender,14,1,hi,informative,bn,0.5,1.0,0.4161458214124043,120
bigscience/bloom-1b7,3,gender,14,1,hi,informative,en,0.8333333333333334,1.0,0.8072916666666666,120
bigscience/bloom-1b7,3,gender,14,1,hi,informative,hi,0.5,0.8166666666666667,0.0708333293596903,120
bigscience/bloom-1b7,3,gender,14,1,hi,neutral,bn,0.5,1.0,0.2765625,120
bigscience/bloom-1b7,3,gender,14,1,hi,neutral,en,0.8416666666666667,1.0,0.7833333412806193,120
bigscience/bloom-1b7,3,gender,14,1,hi,neutral,hi,0.5,1.0,0.2375,120
bigscience/bloom-1b7,3,gender,16,1,hi,informative,bn,0.5,1.0,0.4156249821186065,120
bigscience/bloom-1b7,3,gender,16,1,hi,informative,en,0.8166666666666667,1.0,0.7968749920527141,120
bigscience/bloom-1b7,3,gender,16,1,hi,informative,hi,0.5,0.6666666666666666,0.028125,120
bigscience/bloom-1b7,3,gender,16,1,hi,neutral,bn,0.5,1.0,0.2734375,120
bigscience/bloom-1b7,3,gender,16,1,hi,neutral,en,0.8083333333333333,1.0,0.7635416666666667,120
bigscience/bloom-1b7,3,gender,16,1,hi,neutral,hi,0.5,1.0,0.1927083392937978,120
bigscience/bloom-1b7,3,gender,18,1,hi,informative,bn,0.5,1.0,0.4192708273728688,120
bigscience/bloom-1b7,3,gender,18,1,hi,informative,en,0.6916666666666667,1.0,0.7489583333333333,120
bigscience/bloom-1b7,3,gender,18,1,hi,informative,hi,0.5,0.5583333333333333,0.0057291666666666,120
bigscience/bloom-1b7,3,gender,18,1,hi,neutral,bn,0.5,1.0,0.2755208253860474,120
bigscience/bloom-1b7,3,gender,18,1,hi,neutral,en,0.75,1.0,0.7354166666666667,120
bigscience/bloom-1b7,3,gender,18,1,hi,neutral,hi,0.5,1.0,0.1635416626930236,120
bigscience/bloom-1b7,3,gender,20,1,hi,informative,bn,0.5,1.0,0.4140624821186066,120
bigscience/bloom-1b7,3,gender,20,1,hi,informative,en,0.6833333333333333,1.0,0.6833333293596904,120
bigscience/bloom-1b7,3,gender,20,1,hi,informative,hi,0.5,0.3666666666666666,-0.0333333333333333,120
bigscience/bloom-1b7,3,gender,20,1,hi,neutral,bn,0.5,1.0,0.2807291567325592,120
bigscience/bloom-1b7,3,gender,20,1,hi,neutral,en,0.7083333333333334,1.0,0.6697916666666667,120
bigscience/bloom-1b7,3,gender,20,1,hi,neutral,hi,0.5,1.0,0.1499999980131785,120
bigscience/bloom-1b7,3,gender,22,1,hi,informative,bn,0.5,1.0,0.4015624781449636,120
bigscience/bloom-1b7,3,gender,22,1,hi,informative,en,0.7083333333333334,1.0,0.7427083293596903,120
bigscience/bloom-1b7,3,gender,22,1,hi,informative,hi,0.5,0.3833333333333333,-0.0244791706403096,120
bigscience/bloom-1b7,3,gender,22,1,hi,neutral,bn,0.5,1.0,0.2630208293596903,120
bigscience/bloom-1b7,3,gender,22,1,hi,neutral,en,0.7583333333333333,1.0,0.721875,120
bigscience/bloom-1b7,3,gender,22,1,hi,neutral,hi,0.5,0.9916666666666668,0.1375000039736429,120
bigscience/bloom-1b7,3,gender,0,1,en,informative,bn,0.5,1.0,0.4098958452542623,120
bigscience/bloom-1b7,3,gender,0,1,en,informative,en,0.8083333333333333,1.0,0.8145833373069763,120
bigscience/bloom-1b7,3,gender,0,1,en,informative,hi,0.5,0.65,0.0218750039736429,120
bigscience/bloom-1b7,3,gender,0,1,en,neutral,bn,0.5,1.0,0.276562492052714,120
bigscience/bloom-1b7,3,gender,0,1,en,neutral,en,0.85,1.0,0.790625003973643,120
bigscience/bloom-1b7,3,gender,0,1,en,neutral,hi,0.5,1.0,0.1838541626930236,120
bigscience/bloom-1b7,3,gender,2,1,en,informative,bn,0.5,1.0,0.4244791746139526,120
bigscience/bloom-1b7,3,gender,2,1,en,informative,en,0.9,1.0,0.8760416547457377,120
bigscience/bloom-1b7,3,gender,2,1,en,informative,hi,0.5,0.5666666666666667,0.0057291587193806,120
bigscience/bloom-1b7,3,gender,2,1,en,neutral,bn,0.5,1.0,0.281249984105428,120
bigscience/bloom-1b7,3,gender,2,1,en,neutral,en,0.8416666666666667,1.0,0.825,120
bigscience/bloom-1b7,3,gender,2,1,en,neutral,hi,0.5,1.0,0.1875000019868214,120
bigscience/bloom-1b7,3,gender,4,1,en,informative,bn,0.5,1.0,0.4229166785875956,120
bigscience/bloom-1b7,3,gender,4,1,en,informative,en,0.9,1.0,0.8583333412806193,120
bigscience/bloom-1b7,3,gender,4,1,en,informative,hi,0.5,0.6583333333333333,0.0229166666666666,120
bigscience/bloom-1b7,3,gender,4,1,en,neutral,bn,0.5,1.0,0.2828125119209289,120
bigscience/bloom-1b7,3,gender,4,1,en,neutral,en,0.8333333333333334,1.0,0.803125,120
bigscience/bloom-1b7,3,gender,4,1,en,neutral,hi,0.5,1.0,0.1901041567325592,120
bigscience/bloom-1b7,3,gender,6,1,en,informative,bn,0.5,1.0,0.4338541507720947,120
bigscience/bloom-1b7,3,gender,6,1,en,informative,en,0.8083333333333333,1.0,0.796875,120
bigscience/bloom-1b7,3,gender,6,1,en,informative,hi,0.5,0.675,0.031249996026357,120
bigscience/bloom-1b7,3,gender,6,1,en,neutral,bn,0.5,1.0,0.2749999980131785,120
bigscience/bloom-1b7,3,gender,6,1,en,neutral,en,0.7916666666666666,1.0,0.7395833373069763,120
bigscience/bloom-1b7,3,gender,6,1,en,neutral,hi,0.5,1.0,0.1880208333333333,120
bigscience/bloom-1b7,3,gender,8,1,en,informative,bn,0.5,1.0,0.4265624980131785,120
bigscience/bloom-1b7,3,gender,8,1,en,informative,en,0.8166666666666667,1.0,0.7822916666666667,120
bigscience/bloom-1b7,3,gender,8,1,en,informative,hi,0.5,0.6666666666666666,0.0270833293596903,120
bigscience/bloom-1b7,3,gender,8,1,en,neutral,bn,0.5,1.0,0.2833333373069763,120
bigscience/bloom-1b7,3,gender,8,1,en,neutral,en,0.775,1.0,0.7395833333333334,120
bigscience/bloom-1b7,3,gender,8,1,en,neutral,hi,0.5,1.0,0.1906249980131785,120
bigscience/bloom-1b7,3,gender,10,1,en,informative,bn,0.5,1.0,0.4239583253860474,120
bigscience/bloom-1b7,3,gender,10,1,en,informative,en,0.8083333333333333,1.0,0.8041666547457377,120
bigscience/bloom-1b7,3,gender,10,1,en,informative,hi,0.5,0.625,0.0234375039736429,120
bigscience/bloom-1b7,3,gender,10,1,en,neutral,bn,0.5,1.0,0.2765624900658925,120
bigscience/bloom-1b7,3,gender,10,1,en,neutral,en,0.775,1.0,0.7583333293596903,120
bigscience/bloom-1b7,3,gender,10,1,en,neutral,hi,0.5,1.0,0.1932291726271311,120
bigscience/bloom-1b7,3,gender,12,1,en,informative,bn,0.5,1.0,0.4135416785875956,120
bigscience/bloom-1b7,3,gender,12,1,en,informative,en,0.8166666666666667,1.0,0.7697916666666667,120
bigscience/bloom-1b7,3,gender,12,1,en,informative,hi,0.5,0.65,0.0244791686534881,120
bigscience/bloom-1b7,3,gender,12,1,en,neutral,bn,0.5,1.0,0.274999988079071,120
bigscience/bloom-1b7,3,gender,12,1,en,neutral,en,0.7916666666666666,1.0,0.725,120
bigscience/bloom-1b7,3,gender,12,1,en,neutral,hi,0.5,1.0,0.187499992052714,120
bigscience/bloom-1b7,3,gender,12,4,en,informative,bn,0.5,1.0,0.4213541646798451,120
bigscience/bloom-1b7,3,gender,12,4,en,informative,en,0.7416666666666667,1.0,0.581250003973643,120
bigscience/bloom-1b7,3,gender,12,4,en,informative,hi,0.5,0.6583333333333333,0.0276041626930236,120
bigscience/bloom-1b7,3,gender,12,4,en,neutral,bn,0.5,1.0,0.2666666666666666,120
bigscience/bloom-1b7,3,gender,12,4,en,neutral,en,0.6333333333333333,1.0,0.474999996026357,120
bigscience/bloom-1b7,3,gender,12,4,en,neutral,hi,0.5,1.0,0.1927083293596903,120
bigscience/bloom-1b7,3,gender,14,1,en,informative,bn,0.5,1.0,0.4281250158945719,120
bigscience/bloom-1b7,3,gender,14,1,en,informative,en,0.8,1.0,0.700000003973643,120
bigscience/bloom-1b7,3,gender,14,1,en,informative,hi,0.5,0.625,0.0182291626930236,120
bigscience/bloom-1b7,3,gender,14,1,en,neutral,bn,0.5,1.0,0.2786458412806193,120
bigscience/bloom-1b7,3,gender,14,1,en,neutral,en,0.75,1.0,0.6666666626930237,120
bigscience/bloom-1b7,3,gender,14,1,en,neutral,hi,0.5,1.0,0.1854166587193807,120
bigscience/bloom-1b7,3,gender,16,1,en,informative,bn,0.5,1.0,0.3973958432674408,120
bigscience/bloom-1b7,3,gender,16,1,en,informative,en,0.75,1.0,0.6229166706403096,120
bigscience/bloom-1b7,3,gender,16,1,en,informative,hi,0.5,0.6333333333333333,0.0229166666666666,120
bigscience/bloom-1b7,3,gender,16,1,en,neutral,bn,0.5,1.0,0.2739583512147268,120
bigscience/bloom-1b7,3,gender,16,1,en,neutral,en,0.7666666666666667,1.0,0.6385416706403096,120
bigscience/bloom-1b7,3,gender,16,1,en,neutral,hi,0.5,1.0,0.179687496026357,120
bigscience/bloom-1b7,3,gender,18,1,en,informative,bn,0.5,1.0,0.4093750019868215,120
bigscience/bloom-1b7,3,gender,18,1,en,informative,en,0.7833333333333333,1.0,0.6135416626930237,120
bigscience/bloom-1b7,3,gender,18,1,en,informative,hi,0.5,0.475,-0.0067708333333333,120
bigscience/bloom-1b7,3,gender,18,1,en,neutral,bn,0.5,1.0,0.2630208174387614,120
bigscience/bloom-1b7,3,gender,18,1,en,neutral,en,0.7833333333333333,1.0,0.6197916626930237,120
bigscience/bloom-1b7,3,gender,18,1,en,neutral,hi,0.5,1.0,0.1692708353201548,120
bigscience/bloom-1b7,3,gender,20,1,en,informative,bn,0.5,1.0,0.4005208710829417,120
bigscience/bloom-1b7,3,gender,20,1,en,informative,en,0.6833333333333333,1.0,0.6750000158945719,120
bigscience/bloom-1b7,3,gender,20,1,en,informative,hi,0.5,0.5166666666666667,0.0020833333333333,120
bigscience/bloom-1b7,3,gender,20,1,en,neutral,bn,0.5,1.0,0.2640624940395355,120
bigscience/bloom-1b7,3,gender,20,1,en,neutral,en,0.7166666666666667,1.0,0.6666666666666666,120
bigscience/bloom-1b7,3,gender,20,1,en,neutral,hi,0.5,0.9916666666666668,0.1770833293596903,120
bigscience/bloom-1b7,3,gender,22,1,en,informative,bn,0.5,1.0,0.3838541607062022,120
bigscience/bloom-1b7,3,gender,22,1,en,informative,en,0.6833333333333333,1.0,0.6958333253860474,120
bigscience/bloom-1b7,3,gender,22,1,en,informative,hi,0.5,0.6,0.0213541666666666,120
bigscience/bloom-1b7,3,gender,22,1,en,neutral,bn,0.5,1.0,0.2432291348775228,120
bigscience/bloom-1b7,3,gender,22,1,en,neutral,en,0.7083333333333334,1.0,0.653125,120
bigscience/bloom-1b7,3,gender,22,1,en,neutral,hi,0.5,1.0,0.1822916706403096,120
bigscience/bloom-1b7,3,side,0,1,random,informative,bn,0.5,1.0,0.2447916607062022,120
bigscience/bloom-1b7,3,side,0,1,random,informative,en,0.5083333333333333,0.975,0.1177083333333333,120
bigscience/bloom-1b7,3,side,0,1,random,informative,hi,0.4666666666666667,0.4416666666666666,-0.0307291646798451,120
bigscience/bloom-1b7,3,side,0,1,random,neutral,bn,0.5,0.9166666666666666,0.1067708353201548,120
bigscience/bloom-1b7,3,side,0,1,random,neutral,en,0.4916666666666666,0.5,0.0,120
bigscience/bloom-1b7,3,side,0,1,random,neutral,hi,0.425,0.0166666666666666,-0.1546874940395355,120
bigscience/bloom-1b7,3,gender,0,1,random,informative,bn,0.5,1.0,0.4114583492279052,120
bigscience/bloom-1b7,3,gender,0,1,random,informative,en,0.8083333333333333,1.0,0.809375,120
bigscience/bloom-1b7,3,gender,0,1,random,informative,hi,0.5,0.625,0.0229166666666666,120
bigscience/bloom-1b7,3,gender,0,1,random,neutral,bn,0.5,1.0,0.2713541805744171,120
bigscience/bloom-1b7,3,gender,0,1,random,neutral,en,0.8166666666666667,1.0,0.7822916626930236,120
bigscience/bloom-1b7,3,gender,0,1,random,neutral,hi,0.5,1.0,0.1921874980131785,120
bigscience/bloom-1b7,3,side,2,1,random,informative,bn,0.5083333333333333,1.0,0.2411458412806193,120
bigscience/bloom-1b7,3,side,2,1,random,informative,en,0.4916666666666666,0.95,0.103125,120
bigscience/bloom-1b7,3,side,2,1,random,informative,hi,0.45,0.4583333333333333,-0.0322916746139526,120
bigscience/bloom-1b7,3,side,2,1,random,neutral,bn,0.5,0.9083333333333332,0.0927083333333333,120
bigscience/bloom-1b7,3,side,2,1,random,neutral,en,0.4833333333333333,0.5,0.0,120
bigscience/bloom-1b7,3,side,2,1,random,neutral,hi,0.4166666666666667,0.0,-0.1505208194255828,120
bigscience/bloom-1b7,3,gender,2,1,random,informative,bn,0.5,1.0,0.4229166646798452,120
bigscience/bloom-1b7,3,gender,2,1,random,informative,en,0.8083333333333333,1.0,0.8104166706403096,120
bigscience/bloom-1b7,3,gender,2,1,random,informative,hi,0.5,0.6583333333333333,0.0276041666666666,120
bigscience/bloom-1b7,3,gender,2,1,random,neutral,bn,0.5,1.0,0.2776041567325592,120
bigscience/bloom-1b7,3,gender,2,1,random,neutral,en,0.8,1.0,0.775000007947286,120
bigscience/bloom-1b7,3,gender,2,1,random,neutral,hi,0.5,1.0,0.1921875039736429,120
bigscience/bloom-1b7,3,side,4,1,random,informative,bn,0.5083333333333333,1.0,0.2453125,120
bigscience/bloom-1b7,3,side,4,1,random,informative,en,0.5166666666666667,0.95,0.1145833333333333,120
bigscience/bloom-1b7,3,side,4,1,random,informative,hi,0.4666666666666667,0.525,-0.0203124900658925,120
bigscience/bloom-1b7,3,side,4,1,random,neutral,bn,0.5,0.9333333333333332,0.1026041746139526,120
bigscience/bloom-1b7,3,side,4,1,random,neutral,en,0.4916666666666666,0.5,0.0,120
bigscience/bloom-1b7,3,side,4,1,random,neutral,hi,0.4166666666666667,0.0083333333333333,-0.1526041626930236,120
bigscience/bloom-1b7,3,gender,4,1,random,informative,bn,0.5,1.0,0.4151041408379872,120
bigscience/bloom-1b7,3,gender,4,1,random,informative,en,0.8166666666666667,1.0,0.812499996026357,120
bigscience/bloom-1b7,3,gender,4,1,random,informative,hi,0.5,0.6583333333333333,0.0265625,120
bigscience/bloom-1b7,3,gender,4,1,random,neutral,bn,0.5,1.0,0.2750000019868215,120
bigscience/bloom-1b7,3,gender,4,1,random,neutral,en,0.7916666666666666,1.0,0.768749996026357,120
bigscience/bloom-1b7,3,gender,4,1,random,neutral,hi,0.5,1.0,0.1927083333333333,120
bigscience/bloom-1b7,3,side,6,1,random,informative,bn,0.5,1.0,0.2416666626930236,120
bigscience/bloom-1b7,3,side,6,1,random,informative,en,0.5083333333333333,0.95,0.1166666666666666,120
bigscience/bloom-1b7,3,side,6,1,random,informative,hi,0.475,0.5666666666666667,-0.0208333373069763,120
bigscience/bloom-1b7,3,side,6,1,random,neutral,bn,0.5,0.9166666666666666,0.0989583392937978,120
bigscience/bloom-1b7,3,side,6,1,random,neutral,en,0.4833333333333333,0.5083333333333333,0.0010416666666666,120
bigscience/bloom-1b7,3,side,6,1,random,neutral,hi,0.4166666666666667,0.0083333333333333,-0.1494791746139526,120
bigscience/bloom-1b7,3,gender,6,1,random,informative,bn,0.5,1.0,0.4250000158945719,120
bigscience/bloom-1b7,3,gender,6,1,random,informative,en,0.8166666666666667,1.0,0.8197916626930237,120
bigscience/bloom-1b7,3,gender,6,1,random,informative,hi,0.5,0.625,0.0223958412806193,120
bigscience/bloom-1b7,3,gender,6,1,random,neutral,bn,0.5,1.0,0.2822916587193807,120
bigscience/bloom-1b7,3,gender,6,1,random,neutral,en,0.8166666666666667,1.0,0.7802083293596903,120
bigscience/bloom-1b7,3,gender,6,1,random,neutral,hi,0.5,1.0,0.1869791666666666,120
bigscience/bloom-1b7,3,side,8,1,random,informative,bn,0.5,1.0,0.2447916607062022,120
bigscience/bloom-1b7,3,side,8,1,random,informative,en,0.4833333333333333,0.95,0.1125,120
bigscience/bloom-1b7,3,side,8,1,random,informative,hi,0.4833333333333333,0.5,-0.0234374821186065,120
bigscience/bloom-1b7,3,side,8,1,random,neutral,bn,0.5,0.925,0.0973958412806193,120
bigscience/bloom-1b7,3,side,8,1,random,neutral,en,0.5,0.5,0.0,120
bigscience/bloom-1b7,3,side,8,1,random,neutral,hi,0.425,0.0166666666666666,-0.1458333532015482,120
bigscience/bloom-1b7,3,gender,8,1,random,informative,bn,0.5,1.0,0.4119791626930237,120
bigscience/bloom-1b7,3,gender,8,1,random,informative,en,0.8166666666666667,1.0,0.8052083412806194,120
bigscience/bloom-1b7,3,gender,8,1,random,informative,hi,0.5,0.675,0.0338541646798451,120
bigscience/bloom-1b7,3,gender,8,1,random,neutral,bn,0.5,1.0,0.2838541567325592,120
bigscience/bloom-1b7,3,gender,8,1,random,neutral,en,0.8166666666666667,1.0,0.7770833373069763,120
bigscience/bloom-1b7,3,gender,8,1,random,neutral,hi,0.5,1.0,0.1906250019868215,120
bigscience/bloom-1b7,3,side,10,1,random,informative,bn,0.5,1.0,0.2343750059604644,120
bigscience/bloom-1b7,3,side,10,1,random,informative,en,0.4916666666666666,0.95,0.1052083333333333,120
bigscience/bloom-1b7,3,side,10,1,random,informative,hi,0.4583333333333333,0.4833333333333333,-0.0244791626930236,120
bigscience/bloom-1b7,3,side,10,1,random,neutral,bn,0.5,0.9416666666666668,0.0994791865348816,120
bigscience/bloom-1b7,3,side,10,1,random,neutral,en,0.4833333333333333,0.5083333333333333,0.0010416666666666,120
bigscience/bloom-1b7,3,side,10,1,random,neutral,hi,0.4083333333333333,0.0,-0.1505208373069763,120
bigscience/bloom-1b7,3,gender,10,1,random,informative,bn,0.5,1.0,0.4114583492279052,120
bigscience/bloom-1b7,3,gender,10,1,random,informative,en,0.8083333333333333,1.0,0.7895833293596903,120
bigscience/bloom-1b7,3,gender,10,1,random,informative,hi,0.5,0.575,0.0098958293596903,120
bigscience/bloom-1b7,3,gender,10,1,random,neutral,bn,0.5,1.0,0.2776041527589162,120
bigscience/bloom-1b7,3,gender,10,1,random,neutral,en,0.8416666666666667,1.0,0.78125,120
bigscience/bloom-1b7,3,gender,10,1,random,neutral,hi,0.5,1.0,0.1916666626930236,120
bigscience/bloom-1b7,3,side,12,1,random,informative,bn,0.5,1.0,0.2453125059604644,120
bigscience/bloom-1b7,3,side,12,1,random,informative,en,0.5,0.975,0.11875,120
bigscience/bloom-1b7,3,side,12,1,random,informative,hi,0.4666666666666667,0.5083333333333333,-0.0208333392937978,120
bigscience/bloom-1b7,3,side,12,1,random,neutral,bn,0.5,0.9083333333333332,0.0973958253860473,120
bigscience/bloom-1b7,3,side,12,1,random,neutral,en,0.4916666666666666,0.5,0.0,120
bigscience/bloom-1b7,3,side,12,1,random,neutral,hi,0.4166666666666667,0.025,-0.148437496026357,120
bigscience/bloom-1b7,3,gender,12,1,random,informative,bn,0.5,1.0,0.4234375019868215,120
bigscience/bloom-1b7,3,gender,12,1,random,informative,en,0.7833333333333333,1.0,0.8229166666666666,120
bigscience/bloom-1b7,3,gender,12,1,random,informative,hi,0.5,0.6083333333333333,0.0192708333333333,120
bigscience/bloom-1b7,3,gender,12,1,random,neutral,bn,0.5,1.0,0.273437496026357,120
bigscience/bloom-1b7,3,gender,12,1,random,neutral,en,0.7916666666666666,1.0,0.7854166706403096,120
bigscience/bloom-1b7,3,gender,12,1,random,neutral,hi,0.5,1.0,0.1880208333333333,120
bigscience/bloom-1b7,3,side,12,4,random,informative,bn,0.5,1.0,0.2427083373069763,120
bigscience/bloom-1b7,3,side,12,4,random,informative,en,0.4916666666666666,0.975,0.1083333333333333,120
bigscience/bloom-1b7,3,side,12,4,random,informative,hi,0.4583333333333333,0.4666666666666667,-0.0281250019868214,120
bigscience/bloom-1b7,3,side,12,4,random,neutral,bn,0.5,0.9166666666666666,0.0958333233992258,120
bigscience/bloom-1b7,3,side,12,4,random,neutral,en,0.4833333333333333,0.5,0.0,120
bigscience/bloom-1b7,3,side,12,4,random,neutral,hi,0.4166666666666667,0.0166666666666666,-0.1432291567325592,120
bigscience/bloom-1b7,3,gender,12,4,random,informative,bn,0.5,1.0,0.4182291646798451,120
bigscience/bloom-1b7,3,gender,12,4,random,informative,en,0.7833333333333333,1.0,0.8041666666666667,120
bigscience/bloom-1b7,3,gender,12,4,random,informative,hi,0.5,0.625,0.0260416666666666,120
bigscience/bloom-1b7,3,gender,12,4,random,neutral,bn,0.5,1.0,0.264062503973643,120
bigscience/bloom-1b7,3,gender,12,4,random,neutral,en,0.8,1.0,0.7666666706403097,120
bigscience/bloom-1b7,3,gender,12,4,random,neutral,hi,0.5,1.0,0.1864583253860473,120
bigscience/bloom-1b7,3,side,14,1,random,informative,bn,0.5,1.0,0.2557291706403096,120
bigscience/bloom-1b7,3,side,14,1,random,informative,en,0.5,0.975,0.11875,120
bigscience/bloom-1b7,3,side,14,1,random,informative,hi,0.4666666666666667,0.475,-0.0244791766007741,120
bigscience/bloom-1b7,3,side,14,1,random,neutral,bn,0.5,0.9333333333333332,0.1031249940395355,120
bigscience/bloom-1b7,3,side,14,1,random,neutral,en,0.4833333333333333,0.5083333333333333,0.0010416666666666,120
bigscience/bloom-1b7,3,side,14,1,random,neutral,hi,0.4166666666666667,0.0166666666666666,-0.1578125,120
bigscience/bloom-1b7,3,gender,14,1,random,informative,bn,0.5,1.0,0.4270833412806193,120
bigscience/bloom-1b7,3,gender,14,1,random,informative,en,0.8416666666666667,1.0,0.8364583412806194,120
bigscience/bloom-1b7,3,gender,14,1,random,informative,hi,0.5,0.6666666666666666,0.0302083333333333,120
bigscience/bloom-1b7,3,gender,14,1,random,neutral,bn,0.5,1.0,0.2848958253860473,120
bigscience/bloom-1b7,3,gender,14,1,random,neutral,en,0.8166666666666667,1.0,0.7885416666666667,120
bigscience/bloom-1b7,3,gender,14,1,random,neutral,hi,0.5,1.0,0.1953125,120
bigscience/bloom-1b7,3,side,16,1,random,informative,bn,0.5,1.0,0.2536458313465118,120
bigscience/bloom-1b7,3,side,16,1,random,informative,en,0.5083333333333333,0.9666666666666668,0.109375,120
bigscience/bloom-1b7,3,side,16,1,random,informative,hi,0.475,0.5166666666666667,-0.0177083373069763,120
bigscience/bloom-1b7,3,side,16,1,random,neutral,bn,0.5,0.9333333333333332,0.1052083333333333,120
bigscience/bloom-1b7,3,side,16,1,random,neutral,en,0.4916666666666666,0.5,0.0,120
bigscience/bloom-1b7,3,side,16,1,random,neutral,hi,0.4166666666666667,0.025,-0.1453125019868215,120
bigscience/bloom-1b7,3,gender,16,1,random,informative,bn,0.5,1.0,0.4151041626930237,120
bigscience/bloom-1b7,3,gender,16,1,random,informative,en,0.7916666666666666,1.0,0.8166666706403096,120
bigscience/bloom-1b7,3,gender,16,1,random,informative,hi,0.5,0.5833333333333334,0.0208333293596903,120
bigscience/bloom-1b7,3,gender,16,1,random,neutral,bn,0.5,1.0,0.2734375,120
bigscience/bloom-1b7,3,gender,16,1,random,neutral,en,0.8166666666666667,1.0,0.7854166666666667,120
bigscience/bloom-1b7,3,gender,16,1,random,neutral,hi,0.5,1.0,0.1906250019868215,120
bigscience/bloom-1b7,3,side,18,1,random,informative,bn,0.5,1.0,0.2463541726271311,120
bigscience/bloom-1b7,3,side,18,1,random,informative,en,0.5083333333333333,0.9666666666666668,0.1145833333333333,120
bigscience/bloom-1b7,3,side,18,1,random,informative,hi,0.4583333333333333,0.5083333333333333,-0.0229166746139526,120
bigscience/bloom-1b7,3,side,18,1,random,neutral,bn,0.5,0.95,0.1026041805744171,120
bigscience/bloom-1b7,3,side,18,1,random,neutral,en,0.4916666666666666,0.5,0.0,120
bigscience/bloom-1b7,3,side,18,1,random,neutral,hi,0.4333333333333333,0.0083333333333333,-0.1562500059604644,120
bigscience/bloom-1b7,3,gender,18,1,random,informative,bn,0.5,1.0,0.4114583353201548,120
bigscience/bloom-1b7,3,gender,18,1,random,informative,en,0.8083333333333333,1.0,0.8166666626930237,120
bigscience/bloom-1b7,3,gender,18,1,random,informative,hi,0.5,0.6083333333333333,0.0244791706403096,120
bigscience/bloom-1b7,3,gender,18,1,random,neutral,bn,0.5,1.0,0.2677083253860474,120
bigscience/bloom-1b7,3,gender,18,1,random,neutral,en,0.8166666666666667,1.0,0.7875,120
bigscience/bloom-1b7,3,gender,18,1,random,neutral,hi,0.5,1.0,0.187499992052714,120
bigscience/bloom-1b7,3,side,20,1,random,informative,bn,0.5,1.0,0.2458333194255829,120
bigscience/bloom-1b7,3,side,20,1,random,informative,en,0.5,0.9833333333333332,0.1104166666666666,120
bigscience/bloom-1b7,3,side,20,1,random,informative,hi,0.475,0.4833333333333333,-0.0281250039736429,120
bigscience/bloom-1b7,3,side,20,1,random,neutral,bn,0.5,0.9166666666666666,0.0994791587193806,120
bigscience/bloom-1b7,3,side,20,1,random,neutral,en,0.4833333333333333,0.5083333333333333,0.0010416666666666,120
bigscience/bloom-1b7,3,side,20,1,random,neutral,hi,0.425,0.0166666666666666,-0.1526041646798451,120
bigscience/bloom-1b7,3,gender,20,1,random,informative,bn,0.5,1.0,0.4218749781449636,120
bigscience/bloom-1b7,3,gender,20,1,random,informative,en,0.8083333333333333,1.0,0.8104166746139526,120
bigscience/bloom-1b7,3,gender,20,1,random,informative,hi,0.5,0.5916666666666667,0.0182291746139526,120
bigscience/bloom-1b7,3,gender,20,1,random,neutral,bn,0.5,1.0,0.2874999940395355,120
bigscience/bloom-1b7,3,gender,20,1,random,neutral,en,0.8083333333333333,1.0,0.781249996026357,120
bigscience/bloom-1b7,3,gender,20,1,random,neutral,hi,0.5,1.0,0.1859375039736429,120
bigscience/bloom-1b7,3,side,22,1,random,informative,bn,0.5,1.0,0.2385416646798451,120
bigscience/bloom-1b7,3,side,22,1,random,informative,en,0.5,0.975,0.1072916666666666,120
bigscience/bloom-1b7,3,side,22,1,random,informative,hi,0.475,0.4916666666666666,-0.0260416626930236,120
bigscience/bloom-1b7,3,side,22,1,random,neutral,bn,0.5,0.9333333333333332,0.0994791706403096,120
bigscience/bloom-1b7,3,side,22,1,random,neutral,en,0.4916666666666666,0.5,0.0,120
bigscience/bloom-1b7,3,side,22,1,random,neutral,hi,0.425,0.025,-0.1437499940395355,120
bigscience/bloom-1b7,3,gender,22,1,random,informative,bn,0.5,1.0,0.409374996026357,120
bigscience/bloom-1b7,3,gender,22,1,random,informative,en,0.8,1.0,0.815624996026357,120
bigscience/bloom-1b7,3,gender,22,1,random,informative,hi,0.5,0.5916666666666667,0.0104166686534881,120
bigscience/bloom-1b7,3,gender,22,1,random,neutral,bn,0.5,1.0,0.2682291626930236,120
bigscience/bloom-1b7,3,gender,22,1,random,neutral,en,0.8083333333333333,1.0,0.7927083333333333,120
bigscience/bloom-1b7,3,gender,22,1,random,neutral,hi,0.5,1.0,0.1822916646798451,120
bigscience/bloom-1b7,4,side,-1,0,none,informative,bn,0.5,1.0,0.2401041885217031,120
bigscience/bloom-1b7,4,side,-1,0,none,informative,en,0.575,0.975,0.146875,120
bigscience/bloom-1b7,4,side,-1,0,none,informative,hi,0.4583333333333333,0.5666666666666667,-0.0026041686534881,120
bigscience/bloom-1b7,4,side,-1,0,none,neutral,bn,0.5,0.925,0.1098958412806193,120
bigscience/bloom-1b7,4,side,-1,0,none,neutral,en,0.4833333333333333,0.5,0.0,120
bigscience/bloom-1b7,4,side,-1,0,none,neutral,hi,0.4583333333333333,0.1083333333333333,-0.1119791726271311,120
bigscience/bloom-1b7,4,gender,-1,0,none,informative,bn,0.5,1.0,0.4166666626930236,120
bigscience/bloom-1b7,4,gender,-1,0,none,informative,en,0.6833333333333333,1.0,0.8656250079472859,120
bigscience/bloom-1b7,4,gender,-1,0,none,informative,hi,0.5,0.7166666666666667,0.0723958293596903,120
bigscience/bloom-1b7,4,gender,-1,0,none,neutral,bn,0.5,1.0,0.2656250139077504,120
bigscience/bloom-1b7,4,gender,-1,0,none,neutral,en,0.6833333333333333,1.0,0.840625003973643,120
bigscience/bloom-1b7,4,gender,-1,0,none,neutral,hi,0.5,1.0,0.2437500079472859,120
bigscience/bloom-1b7,4,side,0,1,bn,informative,bn,0.5,1.0,0.2276041587193807,120
bigscience/bloom-1b7,4,side,0,1,bn,informative,en,0.5666666666666667,0.9833333333333332,0.153125,120
bigscience/bloom-1b7,4,side,0,1,bn,informative,hi,0.4583333333333333,0.6,-0.0005208353201548,120
bigscience/bloom-1b7,4,side,0,1,bn,neutral,bn,0.5,0.9333333333333332,0.1088541766007741,120
bigscience/bloom-1b7,4,side,0,1,bn,neutral,en,0.4916666666666666,0.5,0.0,120
bigscience/bloom-1b7,4,side,0,1,bn,neutral,hi,0.45,0.0916666666666666,-0.1166666706403096,120
bigscience/bloom-1b7,4,side,2,1,bn,informative,bn,0.5,1.0,0.2473958253860473,120
bigscience/bloom-1b7,4,side,2,1,bn,informative,en,0.5666666666666667,1.0,0.1645833333333333,120
bigscience/bloom-1b7,4,side,2,1,bn,informative,hi,0.45,0.6333333333333333,0.0046874900658925,120
bigscience/bloom-1b7,4,side,2,1,bn,neutral,bn,0.5,0.9416666666666668,0.1203125079472859,120
bigscience/bloom-1b7,4,side,2,1,bn,neutral,en,0.4916666666666666,0.5,0.0,120
bigscience/bloom-1b7,4,side,2,1,bn,neutral,hi,0.4583333333333333,0.075,-0.1156250019868214,120
bigscience/bloom-1b7,4,side,4,1,bn,informative,bn,0.5,1.0,0.2463541666666666,120
bigscience/bloom-1b7,4,side,4,1,bn,informative,en,0.5583333333333333,0.9916666666666668,0.14375,120
bigscience/bloom-1b7,4,side,4,1,bn,informative,hi,0.4416666666666666,0.5333333333333333,-0.0151041666666666,120
bigscience/bloom-1b7,4,side,4,1,bn,neutral,bn,0.5,0.95,0.1197916825612386,120
bigscience/bloom-1b7,4,side,4,1,bn,neutral,en,0.475,0.5,0.0,120
bigscience/bloom-1b7,4,side,4,1,bn,neutral,hi,0.45,0.0916666666666666,-0.1239583313465118,120
bigscience/bloom-1b7,4,side,6,1,bn,informative,bn,0.5,0.95,0.1635416865348816,120
bigscience/bloom-1b7,4,side,6,1,bn,informative,en,0.5583333333333333,0.9833333333333332,0.1447916666666666,120
bigscience/bloom-1b7,4,side,6,1,bn,informative,hi,0.45,0.55,-0.0208333373069763,120
bigscience/bloom-1b7,4,side,6,1,bn,neutral,bn,0.5,0.775,0.0515625,120
bigscience/bloom-1b7,4,side,6,1,bn,neutral,en,0.4833333333333333,0.5,0.0,120
bigscience/bloom-1b7,4,side,6,1,bn,neutral,hi,0.4666666666666667,0.0583333333333333,-0.1218750218550364,120
bigscience/bloom-1b7,4,side,8,1,bn,informative,bn,0.5,0.9916666666666668,0.203125003973643,120
bigscience/bloom-1b7,4,side,8,1,bn,informative,en,0.575,0.9916666666666668,0.1447916666666666,120
bigscience/bloom-1b7,4,side,8,1,bn,informative,hi,0.4333333333333333,0.5833333333333334,-0.0046874980131785,120
bigscience/bloom-1b7,4,side,8,1,bn,neutral,bn,0.5,0.85,0.0770833432674407,120
bigscience/bloom-1b7,4,side,8,1,bn,neutral,en,0.4833333333333333,0.5083333333333333,0.0010416666666666,120
bigscience/bloom-1b7,4,side,8,1,bn,neutral,hi,0.4583333333333333,0.0916666666666666,-0.1244791467984517,120
bigscience/bloom-1b7,4,side,10,1,bn,informative,bn,0.5,1.0,0.2255208373069763,120
bigscience/bloom-1b7,4,side,10,1,bn,informative,en,0.575,0.9833333333333332,0.1510416666666666,120
bigscience/bloom-1b7,4,side,10,1,bn,informative,hi,0.4583333333333333,0.575,0.0057291785875956,120
bigscience/bloom-1b7,4,side,10,1,bn,neutral,bn,0.5,0.9416666666666668,0.099999980131785,120
bigscience/bloom-1b7,4,side,10,1,bn,neutral,en,0.5,0.5,0.0,120
bigscience/bloom-1b7,4,side,10,1,bn,neutral,hi,0.4583333333333333,0.0916666666666666,-0.1145833452542623,120
bigscience/bloom-1b7,4,side,12,1,bn,informative,bn,0.5083333333333333,1.0,0.2161458313465118,120
bigscience/bloom-1b7,4,side,12,1,bn,informative,en,0.5583333333333333,1.0,0.1479166666666666,120
bigscience/bloom-1b7,4,side,12,1,bn,informative,hi,0.4416666666666666,0.5333333333333333,-0.0067708293596903,120
bigscience/bloom-1b7,4,side,12,1,bn,neutral,bn,0.5,0.8916666666666667,0.0807291666666666,120
bigscience/bloom-1b7,4,side,12,1,bn,neutral,en,0.4833333333333333,0.5,0.0,120
bigscience/bloom-1b7,4,side,12,1,bn,neutral,hi,0.4666666666666667,0.0416666666666666,-0.1343749980131785,120
bigscience/bloom-1b7,4,side,12,4,bn,informative,bn,0.5,0.975,0.1916666944821675,120
bigscience/bloom-1b7,4,side,12,4,bn,informative,en,0.55,0.975,0.1333333333333333,120
bigscience/bloom-1b7,4,side,12,4,bn,informative,hi,0.45,0.55,-0.0072916646798451,120
bigscience/bloom-1b7,4,side,12,4,bn,neutral,bn,0.5,0.8083333333333333,0.0468750158945719,120
bigscience/bloom-1b7,4,side,12,4,bn,neutral,en,0.5,0.5,0.0,120
bigscience/bloom-1b7,4,side,12,4,bn,neutral,hi,0.4666666666666667,0.0333333333333333,-0.1479166587193807,120
bigscience/bloom-1b7,4,side,14,1,bn,informative,bn,0.5,0.9833333333333332,0.1989583392937978,120
bigscience/bloom-1b7,4,side,14,1,bn,informative,en,0.5666666666666667,0.975,0.14375,120
bigscience/bloom-1b7,4,side,14,1,bn,informative,hi,0.4583333333333333,0.525,-0.0104166607062021,120
bigscience/bloom-1b7,4,side,14,1,bn,neutral,bn,0.5,0.85,0.0635416785875956,120
bigscience/bloom-1b7,4,side,14,1,bn,neutral,en,0.4833333333333333,0.5,0.0,120
bigscience/bloom-1b7,4,side,14,1,bn,neutral,hi,0.4583333333333333,0.05,-0.1265625,120
bigscience/bloom-1b7,4,side,16,1,bn,informative,bn,0.5,1.0,0.2286458253860473,120
bigscience/bloom-1b7,4,side,16,1,bn,informative,en,0.5666666666666667,0.9833333333333332,0.1489583333333333,120
bigscience/bloom-1b7,4,side,16,1,bn,informative,hi,0.45,0.5666666666666667,-0.012499996026357,120
bigscience/bloom-1b7,4,side,16,1,bn,neutral,bn,0.5,0.9333333333333332,0.0989583353201548,120
bigscience/bloom-1b7,4,side,16,1,bn,neutral,en,0.475,0.5,0.0,120
bigscience/bloom-1b7,4,side,16,1,bn,neutral,hi,0.45,0.075,-0.1338541646798451,120
bigscience/bloom-1b7,4,side,18,1,bn,informative,bn,0.5,1.0,0.2557291805744171,120
bigscience/bloom-1b7,4,side,18,1,bn,informative,en,0.575,0.9916666666666668,0.1520833333333333,120
bigscience/bloom-1b7,4,side,18,1,bn,informative,hi,0.4333333333333333,0.4833333333333333,-0.0156250158945719,120
bigscience/bloom-1b7,4,side,18,1,bn,neutral,bn,0.5,0.95,0.1145833134651184,120
bigscience/bloom-1b7,4,side,18,1,bn,neutral,en,0.4916666666666666,0.5,0.0,120
bigscience/bloom-1b7,4,side,18,1,bn,neutral,hi,0.4666666666666667,0.0666666666666666,-0.1244791527589162,120
bigscience/bloom-1b7,4,side,20,1,bn,informative,bn,0.5,0.9916666666666668,0.2286458373069763,120
bigscience/bloom-1b7,4,side,20,1,bn,informative,en,0.5583333333333333,1.0,0.1489583333333333,120
bigscience/bloom-1b7,4,side,20,1,bn,informative,hi,0.45,0.5416666666666666,0.0046875139077504,120
bigscience/bloom-1b7,4,side,20,1,bn,neutral,bn,0.5,0.8833333333333333,0.0906250139077504,120
bigscience/bloom-1b7,4,side,20,1,bn,neutral,en,0.5,0.5083333333333333,0.0010416666666666,120
bigscience/bloom-1b7,4,side,20,1,bn,neutral,hi,0.4666666666666667,0.1,-0.1078125099341074,120
bigscience/bloom-1b7,4,side,22,1,bn,informative,bn,0.5,0.9833333333333332,0.2151041805744171,120
bigscience/bloom-1b7,4,side,22,1,bn,informative,en,0.5583333333333333,0.9916666666666668,0.1520833333333333,120
bigscience/bloom-1b7,4,side,22,1,bn,informative,hi,0.4583333333333333,0.5166666666666667,-0.0125,120
bigscience/bloom-1b7,4,side,22,1,bn,neutral,bn,0.5,0.875,0.0848958412806193,120
bigscience/bloom-1b7,4,side,22,1,bn,neutral,en,0.5,0.5,0.0,120
bigscience/bloom-1b7,4,side,22,1,bn,neutral,hi,0.4583333333333333,0.075,-0.1203124940395355,120
bigscience/bloom-1b7,4,side,0,1,hi,informative,bn,0.5,1.0,0.2484374860922495,120
bigscience/bloom-1b7,4,side,0,1,hi,informative,en,0.5666666666666667,0.9666666666666668,0.1447916666666666,120
bigscience/bloom-1b7,4,side,0,1,hi,informative,hi,0.4583333333333333,0.6083333333333333,0.0203125,120
bigscience/bloom-1b7,4,side,0,1,hi,neutral,bn,0.5,0.925,0.1078125119209289,120
bigscience/bloom-1b7,4,side,0,1,hi,neutral,en,0.475,0.5,0.0,120
bigscience/bloom-1b7,4,side,0,1,hi,neutral,hi,0.4583333333333333,0.1333333333333333,-0.078124992052714,120
bigscience/bloom-1b7,4,side,2,1,hi,informative,bn,0.5,1.0,0.2416666785875956,120
bigscience/bloom-1b7,4,side,2,1,hi,informative,en,0.5583333333333333,0.9916666666666668,0.1416666666666666,120
bigscience/bloom-1b7,4,side,2,1,hi,informative,hi,0.4583333333333333,0.4416666666666666,-0.0296875059604644,120
bigscience/bloom-1b7,4,side,2,1,hi,neutral,bn,0.5,0.925,0.1067708253860473,120
bigscience/bloom-1b7,4,side,2,1,hi,neutral,en,0.4916666666666666,0.5,0.0,120
bigscience/bloom-1b7,4,side,2,1,hi,neutral,hi,0.45,0.0333333333333333,-0.1286458273728688,120
bigscience/bloom-1b7,4,side,4,1,hi,informative,bn,0.5,1.0,0.2406250158945719,120
bigscience/bloom-1b7,4,side,4,1,hi,informative,en,0.5666666666666667,0.9833333333333332,0.1479166666666666,120
bigscience/bloom-1b7,4,side,4,1,hi,informative,hi,0.4416666666666666,0.3083333333333333,-0.059374996026357,120
bigscience/bloom-1b7,4,side,4,1,hi,neutral,bn,0.5,0.8833333333333333,0.1020833392937978,120
bigscience/bloom-1b7,4,side,4,1,hi,neutral,en,0.4916666666666666,0.5083333333333333,0.0010416666666666,120
bigscience/bloom-1b7,4,side,4,1,hi,neutral,hi,0.45,0.0166666666666666,-0.16875,120
bigscience/bloom-1b7,4,side,6,1,hi,informative,bn,0.5,1.0,0.2333333472410838,120
bigscience/bloom-1b7,4,side,6,1,hi,informative,en,0.5666666666666667,1.0,0.1635416666666666,120
bigscience/bloom-1b7,4,side,6,1,hi,informative,hi,0.4583333333333333,0.5333333333333333,-0.0171875059604644,120
bigscience/bloom-1b7,4,side,6,1,hi,neutral,bn,0.5,0.9166666666666666,0.0963541646798451,120
bigscience/bloom-1b7,4,side,6,1,hi,neutral,en,0.4833333333333333,0.5166666666666667,0.0020833333333333,120
bigscience/bloom-1b7,4,side,6,1,hi,neutral,hi,0.45,0.0916666666666666,-0.1312499821186065,120
bigscience/bloom-1b7,4,side,8,1,hi,informative,bn,0.5,1.0,0.2390625079472859,120
bigscience/bloom-1b7,4,side,8,1,hi,informative,en,0.5666666666666667,1.0,0.1645833333333333,120
bigscience/bloom-1b7,4,side,8,1,hi,informative,hi,0.4666666666666667,0.7,0.0328125099341074,120
bigscience/bloom-1b7,4,side,8,1,hi,neutral,bn,0.5,0.9416666666666668,0.1067708452542623,120
bigscience/bloom-1b7,4,side,8,1,hi,neutral,en,0.4833333333333333,0.5083333333333333,0.0010416666666666,120
bigscience/bloom-1b7,4,side,8,1,hi,neutral,hi,0.4666666666666667,0.2,-0.0776041805744171,120
bigscience/bloom-1b7,4,side,10,1,hi,informative,bn,0.5,0.9916666666666668,0.228124992052714,120
bigscience/bloom-1b7,4,side,10,1,hi,informative,en,0.5666666666666667,0.9833333333333332,0.1520833333333333,120
bigscience/bloom-1b7,4,side,10,1,hi,informative,hi,0.5,0.8166666666666667,0.0942708233992258,120
bigscience/bloom-1b7,4,side,10,1,hi,neutral,bn,0.5,0.9166666666666666,0.1041666646798451,120
bigscience/bloom-1b7,4,side,10,1,hi,neutral,en,0.5,0.4916666666666666,-0.0010416666666666,120
bigscience/bloom-1b7,4,side,10,1,hi,neutral,hi,0.4916666666666666,0.4166666666666667,-0.0067708233992258,120
bigscience/bloom-1b7,4,side,12,1,hi,informative,bn,0.5,0.9916666666666668,0.2359374761581421,120
bigscience/bloom-1b7,4,side,12,1,hi,informative,en,0.575,1.0,0.1583333333333333,120
bigscience/bloom-1b7,4,side,12,1,hi,informative,hi,0.4666666666666667,0.8083333333333333,0.0635416607062022,120
bigscience/bloom-1b7,4,side,12,1,hi,neutral,bn,0.5,0.925,0.1119791626930236,120
bigscience/bloom-1b7,4,side,12,1,hi,neutral,en,0.4916666666666666,0.5083333333333333,0.0010416666666666,120
bigscience/bloom-1b7,4,side,12,1,hi,neutral,hi,0.4916666666666666,0.3,-0.0265625099341074,120
bigscience/bloom-1b7,4,side,12,4,hi,informative,bn,0.5,0.9833333333333332,0.2213541686534881,120
bigscience/bloom-1b7,4,side,12,4,hi,informative,en,0.5666666666666667,0.9833333333333332,0.1447916666666666,120
bigscience/bloom-1b7,4,side,12,4,hi,informative,hi,0.4583333333333333,0.6583333333333333,0.0229166487852732,120
bigscience/bloom-1b7,4,side,12,4,hi,neutral,bn,0.5,0.9083333333333332,0.0968750119209289,120
bigscience/bloom-1b7,4,side,12,4,hi,neutral,en,0.5,0.4916666666666666,-0.0010416666666666,120
bigscience/bloom-1b7,4,side,12,4,hi,neutral,hi,0.475,0.2083333333333333,-0.0692708233992258,120
bigscience/bloom-1b7,4,side,14,1,hi,informative,bn,0.5,0.9916666666666668,0.2401041626930236,120
bigscience/bloom-1b7,4,side,14,1,hi,informative,en,0.5666666666666667,0.9916666666666668,0.146875,120
bigscience/bloom-1b7,4,side,14,1,hi,informative,hi,0.4916666666666666,0.8333333333333334,0.0942708353201548,120
bigscience/bloom-1b7,4,side,14,1,hi,neutral,bn,0.5,0.9166666666666666,0.110937488079071,120
bigscience/bloom-1b7,4,side,14,1,hi,neutral,en,0.4833333333333333,0.5083333333333333,0.0010416666666666,120
bigscience/bloom-1b7,4,side,14,1,hi,neutral,hi,0.4916666666666666,0.375,-0.0187500139077504,120
bigscience/bloom-1b7,4,side,16,1,hi,informative,bn,0.5,1.0,0.2505208154519399,120
bigscience/bloom-1b7,4,side,16,1,hi,informative,en,0.5666666666666667,0.9833333333333332,0.1489583333333333,120
bigscience/bloom-1b7,4,side,16,1,hi,informative,hi,0.4833333333333333,0.7666666666666667,0.059374996026357,120
bigscience/bloom-1b7,4,side,16,1,hi,neutral,bn,0.5,0.9416666666666668,0.1083333353201548,120
bigscience/bloom-1b7,4,side,16,1,hi,neutral,en,0.4916666666666666,0.5,0.0,120
bigscience/bloom-1b7,4,side,16,1,hi,neutral,hi,0.4833333333333333,0.2083333333333333,-0.0505208273728688,120
bigscience/bloom-1b7,4,side,18,1,hi,informative,bn,0.5,1.0,0.2296875,120
bigscience/bloom-1b7,4,side,18,1,hi,informative,en,0.575,0.9833333333333332,0.1447916666666666,120
bigscience/bloom-1b7,4,side,18,1,hi,informative,hi,0.4583333333333333,0.6416666666666667,0.0151041666666666,120
bigscience/bloom-1b7,4,side,18,1,hi,neutral,bn,0.5,0.925,0.1026041805744171,120
bigscience/bloom-1b7,4,side,18,1,hi,neutral,en,0.5,0.5,0.0,120
bigscience/bloom-1b7,4,side,18,1,hi,neutral,hi,0.4666666666666667,0.1333333333333333,-0.1010416706403096,120
bigscience/bloom-1b7,4,side,20,1,hi,informative,bn,0.5,1.0,0.2395833273728688,120
bigscience/bloom-1b7,4,side,20,1,hi,informative,en,0.5583333333333333,1.0,0.1458333333333333,120
bigscience/bloom-1b7,4,side,20,1,hi,informative,hi,0.4416666666666666,0.4916666666666666,-0.0130208253860473,120
bigscience/bloom-1b7,4,side,20,1,hi,neutral,bn,0.5,0.9416666666666668,0.1088541467984517,120
bigscience/bloom-1b7,4,side,20,1,hi,neutral,en,0.5,0.5,0.0,120
bigscience/bloom-1b7,4,side,20,1,hi,neutral,hi,0.4583333333333333,0.0583333333333333,-0.1276041626930237,120
bigscience/bloom-1b7,4,side,22,1,hi,informative,bn,0.5083333333333333,1.0,0.235937492052714,120
bigscience/bloom-1b7,4,side,22,1,hi,informative,en,0.5666666666666667,0.9916666666666668,0.146875,120
bigscience/bloom-1b7,4,side,22,1,hi,informative,hi,0.4333333333333333,0.3416666666666667,-0.0458333313465118,120
bigscience/bloom-1b7,4,side,22,1,hi,neutral,bn,0.5,0.9333333333333332,0.1088541805744171,120
bigscience/bloom-1b7,4,side,22,1,hi,neutral,en,0.4833333333333333,0.5,0.0,120
bigscience/bloom-1b7,4,side,22,1,hi,neutral,hi,0.45,0.0666666666666666,-0.1468749781449635,120
bigscience/bloom-1b7,4,side,0,1,en,informative,bn,0.5,1.0,0.2411458293596903,120
bigscience/bloom-1b7,4,side,0,1,en,informative,en,0.5666666666666667,0.975,0.1270833333333333,120
bigscience/bloom-1b7,4,side,0,1,en,informative,hi,0.4583333333333333,0.5666666666666667,0.0020833392937978,120
bigscience/bloom-1b7,4,side,0,1,en,neutral,bn,0.5,0.9166666666666666,0.1114583194255828,120
bigscience/bloom-1b7,4,side,0,1,en,neutral,en,0.5,0.5,0.0,120
bigscience/bloom-1b7,4,side,0,1,en,neutral,hi,0.4666666666666667,0.05,-0.1192708392937978,120
bigscience/bloom-1b7,4,side,2,1,en,informative,bn,0.5,1.0,0.2276041646798451,120
bigscience/bloom-1b7,4,side,2,1,en,informative,en,0.55,0.9416666666666668,0.115625,120
bigscience/bloom-1b7,4,side,2,1,en,informative,hi,0.4583333333333333,0.5916666666666667,0.0015625119209289,120
bigscience/bloom-1b7,4,side,2,1,en,neutral,bn,0.5,0.9416666666666668,0.1083333432674407,120
bigscience/bloom-1b7,4,side,2,1,en,neutral,en,0.5,0.5,0.0,120
bigscience/bloom-1b7,4,side,2,1,en,neutral,hi,0.4583333333333333,0.0833333333333333,-0.1130208313465118,120
bigscience/bloom-1b7,4,side,4,1,en,informative,bn,0.5,1.0,0.2406249940395355,120
bigscience/bloom-1b7,4,side,4,1,en,informative,en,0.5666666666666667,0.9833333333333332,0.146875,120
bigscience/bloom-1b7,4,side,4,1,en,informative,hi,0.45,0.55,-0.0088541567325592,120
bigscience/bloom-1b7,4,side,4,1,en,neutral,bn,0.5,0.9416666666666668,0.112499992052714,120
bigscience/bloom-1b7,4,side,4,1,en,neutral,en,0.4916666666666666,0.5,0.0,120
bigscience/bloom-1b7,4,side,4,1,en,neutral,hi,0.4583333333333333,0.1083333333333333,-0.1104166666666666,120
bigscience/bloom-1b7,4,side,6,1,en,informative,bn,0.5,1.0,0.2588541706403096,120
bigscience/bloom-1b7,4,side,6,1,en,informative,en,0.5666666666666667,0.9666666666666668,0.1489583333333333,120
bigscience/bloom-1b7,4,side,6,1,en,informative,hi,0.4583333333333333,0.575,-0.0005208313465118,120
bigscience/bloom-1b7,4,side,6,1,en,neutral,bn,0.5,0.925,0.1187500079472859,120
bigscience/bloom-1b7,4,side,6,1,en,neutral,en,0.4833333333333333,0.5083333333333333,0.0010416666666666,120
bigscience/bloom-1b7,4,side,6,1,en,neutral,hi,0.45,0.1083333333333333,-0.0973958253860473,120
bigscience/bloom-1b7,4,side,8,1,en,informative,bn,0.5083333333333333,1.0,0.2640625099341074,120
bigscience/bloom-1b7,4,side,8,1,en,informative,en,0.575,1.0,0.1895833333333333,120
bigscience/bloom-1b7,4,side,8,1,en,informative,hi,0.4666666666666667,0.8083333333333333,0.0729166686534881,120
bigscience/bloom-1b7,4,side,8,1,en,neutral,bn,0.5,0.9,0.1005208353201548,120
bigscience/bloom-1b7,4,side,8,1,en,neutral,en,0.4833333333333333,0.5,0.0,120
bigscience/bloom-1b7,4,side,8,1,en,neutral,hi,0.4666666666666667,0.1666666666666666,-0.082812488079071,120
bigscience/bloom-1b7,4,side,10,1,en,informative,bn,0.5083333333333333,1.0,0.2432291646798451,120
bigscience/bloom-1b7,4,side,10,1,en,informative,en,0.5916666666666667,1.0,0.1885416666666666,120
bigscience/bloom-1b7,4,side,10,1,en,informative,hi,0.4666666666666667,0.725,0.0395833293596903,120
bigscience/bloom-1b7,4,side,10,1,en,neutral,bn,0.5,0.8416666666666667,0.0718750178813934,120
bigscience/bloom-1b7,4,side,10,1,en,neutral,en,0.475,0.5083333333333333,0.0010416666666666,120
bigscience/bloom-1b7,4,side,10,1,en,neutral,hi,0.4583333333333333,0.1,-0.1104166805744171,120
bigscience/bloom-1b7,4,side,12,1,en,informative,bn,0.5166666666666667,1.0,0.2822916746139526,120
bigscience/bloom-1b7,4,side,12,1,en,informative,en,0.6,1.0,0.2125,120
bigscience/bloom-1b7,4,side,12,1,en,informative,hi,0.4583333333333333,0.65,0.0197916646798451,120
bigscience/bloom-1b7,4,side,12,1,en,neutral,bn,0.5,0.9333333333333332,0.1140625139077504,120
bigscience/bloom-1b7,4,side,12,1,en,neutral,en,0.4833333333333333,0.5083333333333333,0.0010416666666666,120
bigscience/bloom-1b7,4,side,12,1,en,neutral,hi,0.45,0.1083333333333333,-0.1234374860922495,120
bigscience/bloom-1b7,4,side,12,4,en,informative,bn,0.525,1.0,0.2734375039736429,120
bigscience/bloom-1b7,4,side,12,4,en,informative,en,0.5916666666666667,1.0,0.2135416666666666,120
bigscience/bloom-1b7,4,side,12,4,en,informative,hi,0.4666666666666667,0.6083333333333333,0.0192708373069763,120
bigscience/bloom-1b7,4,side,12,4,en,neutral,bn,0.5,0.8833333333333333,0.1026041785875956,120
bigscience/bloom-1b7,4,side,12,4,en,neutral,en,0.4833333333333333,0.5,0.0,120
bigscience/bloom-1b7,4,side,12,4,en,neutral,hi,0.4666666666666667,0.125,-0.1192708392937978,120
bigscience/bloom-1b7,4,side,14,1,en,informative,bn,0.5166666666666667,0.9916666666666668,0.246874988079071,120
bigscience/bloom-1b7,4,side,14,1,en,informative,en,0.5833333333333334,1.0,0.184375,120
bigscience/bloom-1b7,4,side,14,1,en,informative,hi,0.4666666666666667,0.7166666666666667,0.0395833233992258,120
bigscience/bloom-1b7,4,side,14,1,en,neutral,bn,0.5,0.8916666666666667,0.0942708392937978,120
bigscience/bloom-1b7,4,side,14,1,en,neutral,en,0.4833333333333333,0.5083333333333333,0.0010416666666666,120
bigscience/bloom-1b7,4,side,14,1,en,neutral,hi,0.4583333333333333,0.125,-0.1130208452542622,120
bigscience/bloom-1b7,4,side,16,1,en,informative,bn,0.525,1.0,0.2546874940395355,120
bigscience/bloom-1b7,4,side,16,1,en,informative,en,0.6,1.0,0.203125,120
bigscience/bloom-1b7,4,side,16,1,en,informative,hi,0.4583333333333333,0.6416666666666667,0.0171874860922495,120
bigscience/bloom-1b7,4,side,16,1,en,neutral,bn,0.5,0.8583333333333333,0.0864583293596903,120
bigscience/bloom-1b7,4,side,16,1,en,neutral,en,0.4916666666666666,0.5,0.0,120
bigscience/bloom-1b7,4,side,16,1,en,neutral,hi,0.4583333333333333,0.1416666666666666,-0.1067708492279052,120
bigscience/bloom-1b7,4,side,18,1,en,informative,bn,0.5166666666666667,1.0,0.2536458273728688,120
bigscience/bloom-1b7,4,side,18,1,en,informative,en,0.5666666666666667,1.0,0.1822916666666666,120
bigscience/bloom-1b7,4,side,18,1,en,informative,hi,0.45,0.5666666666666667,-0.007812492052714,120
bigscience/bloom-1b7,4,side,18,1,en,neutral,bn,0.5,0.9333333333333332,0.1156250079472859,120
bigscience/bloom-1b7,4,side,18,1,en,neutral,en,0.4833333333333333,0.5,0.0,120
bigscience/bloom-1b7,4,side,18,1,en,neutral,hi,0.4583333333333333,0.1,-0.1156249821186065,120
bigscience/bloom-1b7,4,side,20,1,en,informative,bn,0.5083333333333333,1.0,0.2307291805744171,120
bigscience/bloom-1b7,4,side,20,1,en,informative,en,0.5666666666666667,0.9916666666666668,0.16875,120
bigscience/bloom-1b7,4,side,20,1,en,informative,hi,0.4583333333333333,0.55,-0.0046875119209289,120
bigscience/bloom-1b7,4,side,20,1,en,neutral,bn,0.5,0.9333333333333332,0.1031250139077504,120
bigscience/bloom-1b7,4,side,20,1,en,neutral,en,0.4916666666666666,0.5,0.0,120
bigscience/bloom-1b7,4,side,20,1,en,neutral,hi,0.4583333333333333,0.1083333333333333,-0.1125,120
bigscience/bloom-1b7,4,side,22,1,en,informative,bn,0.5416666666666666,1.0,0.2494791666666666,120
bigscience/bloom-1b7,4,side,22,1,en,informative,en,0.5666666666666667,0.9916666666666668,0.14375,120
bigscience/bloom-1b7,4,side,22,1,en,informative,hi,0.45,0.5333333333333333,-0.0052083293596903,120
bigscience/bloom-1b7,4,side,22,1,en,neutral,bn,0.5,0.9583333333333334,0.1276041666666666,120
bigscience/bloom-1b7,4,side,22,1,en,neutral,en,0.4833333333333333,0.5,0.0,120
bigscience/bloom-1b7,4,side,22,1,en,neutral,hi,0.4583333333333333,0.0833333333333333,-0.1124999860922495,120
bigscience/bloom-1b7,4,gender,0,1,bn,informative,bn,0.5,1.0,0.3369791746139526,120
bigscience/bloom-1b7,4,gender,0,1,bn,informative,en,0.6833333333333333,1.0,0.865624996026357,120
bigscience/bloom-1b7,4,gender,0,1,bn,informative,hi,0.5,0.7,0.0697916666666666,120
bigscience/bloom-1b7,4,gender,0,1,bn,neutral,bn,0.5,1.0,0.246875,120
bigscience/bloom-1b7,4,gender,0,1,bn,neutral,en,0.6833333333333333,1.0,0.843750003973643,120
bigscience/bloom-1b7,4,gender,0,1,bn,neutral,hi,0.5,1.0,0.2348958353201548,120
bigscience/bloom-1b7,4,gender,2,1,bn,informative,bn,0.5,1.0,0.4583333432674408,120
bigscience/bloom-1b7,4,gender,2,1,bn,informative,en,0.6833333333333333,1.0,0.8677083373069763,120
bigscience/bloom-1b7,4,gender,2,1,bn,informative,hi,0.5,0.725,0.0781250019868215,120
bigscience/bloom-1b7,4,gender,2,1,bn,neutral,bn,0.5,1.0,0.3432291746139526,120
bigscience/bloom-1b7,4,gender,2,1,bn,neutral,en,0.675,1.0,0.8395833333333333,120
bigscience/bloom-1b7,4,gender,2,1,bn,neutral,hi,0.5,1.0,0.2380208313465118,120
bigscience/bloom-1b7,4,gender,4,1,bn,informative,bn,0.5,1.0,0.2989583373069763,120
bigscience/bloom-1b7,4,gender,4,1,bn,informative,en,0.6916666666666667,1.0,0.8791666825612386,120
bigscience/bloom-1b7,4,gender,4,1,bn,informative,hi,0.5,0.7,0.0739583353201548,120
bigscience/bloom-1b7,4,gender,4,1,bn,neutral,bn,0.5,1.0,0.2125000298023223,120
bigscience/bloom-1b7,4,gender,4,1,bn,neutral,en,0.6916666666666667,1.0,0.8489583412806193,120
bigscience/bloom-1b7,4,gender,4,1,bn,neutral,hi,0.5,1.0,0.2447916666666666,120
bigscience/bloom-1b7,4,gender,6,1,bn,informative,bn,0.5,1.0,0.3135416825612386,120
bigscience/bloom-1b7,4,gender,6,1,bn,informative,en,0.6833333333333333,1.0,0.8635416706403096,120
bigscience/bloom-1b7,4,gender,6,1,bn,informative,hi,0.5,0.7416666666666667,0.0791666646798451,120
bigscience/bloom-1b7,4,gender,6,1,bn,neutral,bn,0.5,1.0,0.2192708174387614,120
bigscience/bloom-1b7,4,gender,6,1,bn,neutral,en,0.6833333333333333,1.0,0.8354166666666667,120
bigscience/bloom-1b7,4,gender,6,1,bn,neutral,hi,0.5,1.0,0.2447916706403096,120
bigscience/bloom-1b7,4,gender,8,1,bn,informative,bn,0.5,1.0,0.3499999900658925,120
bigscience/bloom-1b7,4,gender,8,1,bn,informative,en,0.6833333333333333,1.0,0.8697916467984518,120
bigscience/bloom-1b7,4,gender,8,1,bn,informative,hi,0.5,0.6833333333333333,0.0776041607062021,120
bigscience/bloom-1b7,4,gender,8,1,bn,neutral,bn,0.5,1.0,0.2369791726271311,120
bigscience/bloom-1b7,4,gender,8,1,bn,neutral,en,0.6833333333333333,1.0,0.8479166587193807,120
bigscience/bloom-1b7,4,gender,8,1,bn,neutral,hi,0.5,1.0,0.2406250099341074,120
bigscience/bloom-1b7,4,gender,10,1,bn,informative,bn,0.5,1.0,0.3963541845480601,120
bigscience/bloom-1b7,4,gender,10,1,bn,informative,en,0.6833333333333333,1.0,0.8822916785875956,120
bigscience/bloom-1b7,4,gender,10,1,bn,informative,hi,0.5,0.6666666666666666,0.0671874980131785,120
bigscience/bloom-1b7,4,gender,10,1,bn,neutral,bn,0.5,1.0,0.2572916587193807,120
bigscience/bloom-1b7,4,gender,10,1,bn,neutral,en,0.675,1.0,0.8656250198682149,120
bigscience/bloom-1b7,4,gender,10,1,bn,neutral,hi,0.5,1.0,0.2364583313465118,120
bigscience/bloom-1b7,4,gender,12,1,bn,informative,bn,0.5,1.0,0.3828124701976776,120
bigscience/bloom-1b7,4,gender,12,1,bn,informative,en,0.6833333333333333,1.0,0.88125,120
bigscience/bloom-1b7,4,gender,12,1,bn,informative,hi,0.5,0.7166666666666667,0.071874996026357,120
bigscience/bloom-1b7,4,gender,12,1,bn,neutral,bn,0.5,1.0,0.2484375,120
bigscience/bloom-1b7,4,gender,12,1,bn,neutral,en,0.675,1.0,0.8458333333333333,120
bigscience/bloom-1b7,4,gender,12,1,bn,neutral,hi,0.5,1.0,0.2463541487852732,120
bigscience/bloom-1b7,4,gender,12,4,bn,informative,bn,0.5,1.0,0.3765625079472859,120
bigscience/bloom-1b7,4,gender,12,4,bn,informative,en,0.675,1.0,0.9322916666666666,120
bigscience/bloom-1b7,4,gender,12,4,bn,informative,hi,0.5,0.7,0.0765625019868214,120
bigscience/bloom-1b7,4,gender,12,4,bn,neutral,bn,0.5,1.0,0.2458333412806193,120
bigscience/bloom-1b7,4,gender,12,4,bn,neutral,en,0.675,1.0,0.9083333174387614,120
bigscience/bloom-1b7,4,gender,12,4,bn,neutral,hi,0.5,1.0,0.2427083313465118,120
bigscience/bloom-1b7,4,gender,14,1,bn,informative,bn,0.5,1.0,0.4119791448116302,120
bigscience/bloom-1b7,4,gender,14,1,bn,informative,en,0.675,1.0,0.881249992052714,120
bigscience/bloom-1b7,4,gender,14,1,bn,informative,hi,0.5,0.7583333333333333,0.0796874980131785,120
bigscience/bloom-1b7,4,gender,14,1,bn,neutral,bn,0.5,1.0,0.2812500059604644,120
bigscience/bloom-1b7,4,gender,14,1,bn,neutral,en,0.675,1.0,0.8479166706403096,120
bigscience/bloom-1b7,4,gender,14,1,bn,neutral,hi,0.5,1.0,0.2546874980131785,120
bigscience/bloom-1b7,4,gender,16,1,bn,informative,bn,0.5,1.0,0.3505208154519399,120
bigscience/bloom-1b7,4,gender,16,1,bn,informative,en,0.6833333333333333,1.0,0.8770833333333333,120
bigscience/bloom-1b7,4,gender,16,1,bn,informative,hi,0.5,0.7083333333333334,0.0713541626930236,120
bigscience/bloom-1b7,4,gender,16,1,bn,neutral,bn,0.5,0.9916666666666668,0.2229166607062022,120
bigscience/bloom-1b7,4,gender,16,1,bn,neutral,en,0.675,1.0,0.8458333373069763,120
bigscience/bloom-1b7,4,gender,16,1,bn,neutral,hi,0.5,1.0,0.2348958333333333,120
bigscience/bloom-1b7,4,gender,18,1,bn,informative,bn,0.5,1.0,0.4015624860922495,120
bigscience/bloom-1b7,4,gender,18,1,bn,informative,en,0.6833333333333333,1.0,0.856249992052714,120
bigscience/bloom-1b7,4,gender,18,1,bn,informative,hi,0.5,0.7583333333333333,0.0859375019868215,120
bigscience/bloom-1b7,4,gender,18,1,bn,neutral,bn,0.5,1.0,0.2515624900658925,120
bigscience/bloom-1b7,4,gender,18,1,bn,neutral,en,0.675,1.0,0.8427083412806193,120
bigscience/bloom-1b7,4,gender,18,1,bn,neutral,hi,0.5,1.0,0.2505208353201548,120
bigscience/bloom-1b7,4,gender,20,1,bn,informative,bn,0.5,1.0,0.3729166487852732,120
bigscience/bloom-1b7,4,gender,20,1,bn,informative,en,0.6833333333333333,1.0,0.8427083452542623,120
bigscience/bloom-1b7,4,gender,20,1,bn,informative,hi,0.5,0.7,0.0796875,120
bigscience/bloom-1b7,4,gender,20,1,bn,neutral,bn,0.5,0.9916666666666668,0.2208333233992258,120
bigscience/bloom-1b7,4,gender,20,1,bn,neutral,en,0.6833333333333333,1.0,0.8270833373069764,120
bigscience/bloom-1b7,4,gender,20,1,bn,neutral,hi,0.5,1.0,0.2479166626930236,120
bigscience/bloom-1b7,4,gender,22,1,bn,informative,bn,0.5,1.0,0.3583333353201548,120
bigscience/bloom-1b7,4,gender,22,1,bn,informative,en,0.6833333333333333,1.0,0.8468750158945719,120
bigscience/bloom-1b7,4,gender,22,1,bn,informative,hi,0.5,0.6916666666666667,0.0708333353201548,120
bigscience/bloom-1b7,4,gender,22,1,bn,neutral,bn,0.5,0.9916666666666668,0.2098958313465118,120
bigscience/bloom-1b7,4,gender,22,1,bn,neutral,en,0.6833333333333333,1.0,0.8197916706403097,120
bigscience/bloom-1b7,4,gender,22,1,bn,neutral,hi,0.5,1.0,0.237499996026357,120
bigscience/bloom-1b7,4,gender,0,1,hi,informative,bn,0.5,1.0,0.4088541646798452,120
bigscience/bloom-1b7,4,gender,0,1,hi,informative,en,0.6833333333333333,1.0,0.8552083214124043,120
bigscience/bloom-1b7,4,gender,0,1,hi,informative,hi,0.5,0.7333333333333333,0.0833333313465118,120
bigscience/bloom-1b7,4,gender,0,1,hi,neutral,bn,0.5,1.0,0.2651041666666666,120
bigscience/bloom-1b7,4,gender,0,1,hi,neutral,en,0.675,1.0,0.8416666746139526,120
bigscience/bloom-1b7,4,gender,0,1,hi,neutral,hi,0.5,1.0,0.2494791626930236,120
bigscience/bloom-1b7,4,gender,2,1,hi,informative,bn,0.5,1.0,0.4145833412806193,120
bigscience/bloom-1b7,4,gender,2,1,hi,informative,en,0.6833333333333333,1.0,0.8635416746139526,120
bigscience/bloom-1b7,4,gender,2,1,hi,informative,hi,0.5,0.7333333333333333,0.0822916686534881,120
bigscience/bloom-1b7,4,gender,2,1,hi,neutral,bn,0.5,1.0,0.2614583174387614,120
bigscience/bloom-1b7,4,gender,2,1,hi,neutral,en,0.675,1.0,0.8416666706403096,120
bigscience/bloom-1b7,4,gender,2,1,hi,neutral,hi,0.5,1.0,0.2432291567325592,120
bigscience/bloom-1b7,4,gender,4,1,hi,informative,bn,0.5,1.0,0.4234374980131785,120
bigscience/bloom-1b7,4,gender,4,1,hi,informative,en,0.6916666666666667,1.0,0.8645833333333334,120
bigscience/bloom-1b7,4,gender,4,1,hi,informative,hi,0.5,0.8,0.1036458333333333,120
bigscience/bloom-1b7,4,gender,4,1,hi,neutral,bn,0.5,1.0,0.2661458532015482,120
bigscience/bloom-1b7,4,gender,4,1,hi,neutral,en,0.6916666666666667,1.0,0.8416666626930237,120
bigscience/bloom-1b7,4,gender,4,1,hi,neutral,hi,0.5,1.0,0.2671875,120
bigscience/bloom-1b7,4,gender,6,1,hi,informative,bn,0.5,1.0,0.4083333353201548,120
bigscience/bloom-1b7,4,gender,6,1,hi,informative,en,0.6833333333333333,1.0,0.8739583293596903,120
bigscience/bloom-1b7,4,gender,6,1,hi,informative,hi,0.5,0.7583333333333333,0.08125,120
bigscience/bloom-1b7,4,gender,6,1,hi,neutral,bn,0.5,1.0,0.2723958512147267,120
bigscience/bloom-1b7,4,gender,6,1,hi,neutral,en,0.7,1.0,0.859374996026357,120
bigscience/bloom-1b7,4,gender,6,1,hi,neutral,hi,0.5,1.0,0.259374996026357,120
bigscience/bloom-1b7,4,gender,8,1,hi,informative,bn,0.5,1.0,0.4072916666666666,120
bigscience/bloom-1b7,4,gender,8,1,hi,informative,en,0.6916666666666667,1.0,0.8697916666666666,120
bigscience/bloom-1b7,4,gender,8,1,hi,informative,hi,0.5,0.6833333333333333,0.0619791666666666,120
bigscience/bloom-1b7,4,gender,8,1,hi,neutral,bn,0.5,1.0,0.2697916527589162,120
bigscience/bloom-1b7,4,gender,8,1,hi,neutral,en,0.6833333333333333,1.0,0.846874996026357,120
bigscience/bloom-1b7,4,gender,8,1,hi,neutral,hi,0.5,1.0,0.2473958333333333,120
bigscience/bloom-1b7,4,gender,10,1,hi,informative,bn,0.5,1.0,0.418750003973643,120
bigscience/bloom-1b7,4,gender,10,1,hi,informative,en,0.7,1.0,0.859374996026357,120
bigscience/bloom-1b7,4,gender,10,1,hi,informative,hi,0.5,0.7916666666666666,0.095312496026357,120
bigscience/bloom-1b7,4,gender,10,1,hi,neutral,bn,0.5,1.0,0.2687500019868215,120
bigscience/bloom-1b7,4,gender,10,1,hi,neutral,en,0.6833333333333333,1.0,0.834375003973643,120
bigscience/bloom-1b7,4,gender,10,1,hi,neutral,hi,0.5,1.0,0.2677083293596903,120
bigscience/bloom-1b7,4,gender,12,1,hi,informative,bn,0.5,1.0,0.4182291686534881,120
bigscience/bloom-1b7,4,gender,12,1,hi,informative,en,0.6833333333333333,1.0,0.8489583253860473,120
bigscience/bloom-1b7,4,gender,12,1,hi,informative,hi,0.5,0.75,0.0895833373069763,120
bigscience/bloom-1b7,4,gender,12,1,hi,neutral,bn,0.5,1.0,0.2697916527589162,120
bigscience/bloom-1b7,4,gender,12,1,hi,neutral,en,0.675,1.0,0.8270833293596903,120
bigscience/bloom-1b7,4,gender,12,1,hi,neutral,hi,0.5,1.0,0.2619791666666666,120
bigscience/bloom-1b7,4,gender,12,4,hi,informative,bn,0.5,1.0,0.4031250178813934,120
bigscience/bloom-1b7,4,gender,12,4,hi,informative,en,0.6833333333333333,1.0,0.8802083253860473,120
bigscience/bloom-1b7,4,gender,12,4,hi,informative,hi,0.5,0.7666666666666667,0.1109375,120
bigscience/bloom-1b7,4,gender,12,4,hi,neutral,bn,0.5,1.0,0.2750000099341074,120
bigscience/bloom-1b7,4,gender,12,4,hi,neutral,en,0.6833333333333333,1.0,0.853125,120
bigscience/bloom-1b7,4,gender,12,4,hi,neutral,hi,0.5,1.0,0.28125,120
bigscience/bloom-1b7,4,gender,14,1,hi,informative,bn,0.5,1.0,0.421875007947286,120
bigscience/bloom-1b7,4,gender,14,1,hi,informative,en,0.6916666666666667,1.0,0.8604166626930236,120
bigscience/bloom-1b7,4,gender,14,1,hi,informative,hi,0.5,0.8416666666666667,0.1244791686534881,120
bigscience/bloom-1b7,4,gender,14,1,hi,neutral,bn,0.5,1.0,0.2604166507720947,120
bigscience/bloom-1b7,4,gender,14,1,hi,neutral,en,0.7,1.0,0.8385416746139527,120
bigscience/bloom-1b7,4,gender,14,1,hi,neutral,hi,0.5,1.0,0.2927083373069763,120
bigscience/bloom-1b7,4,gender,16,1,hi,informative,bn,0.5,1.0,0.421875,120
bigscience/bloom-1b7,4,gender,16,1,hi,informative,en,0.6833333333333333,1.0,0.846875,120
bigscience/bloom-1b7,4,gender,16,1,hi,informative,hi,0.5,0.7,0.0869791626930236,120
bigscience/bloom-1b7,4,gender,16,1,hi,neutral,bn,0.5,1.0,0.2645833392937978,120
bigscience/bloom-1b7,4,gender,16,1,hi,neutral,en,0.675,1.0,0.8166666706403096,120
bigscience/bloom-1b7,4,gender,16,1,hi,neutral,hi,0.5,1.0,0.2447916706403096,120
bigscience/bloom-1b7,4,gender,18,1,hi,informative,bn,0.5,1.0,0.4234374940395355,120
bigscience/bloom-1b7,4,gender,18,1,hi,informative,en,0.6666666666666666,1.0,0.818750003973643,120
bigscience/bloom-1b7,4,gender,18,1,hi,informative,hi,0.5,0.6416666666666667,0.0484375019868214,120
bigscience/bloom-1b7,4,gender,18,1,hi,neutral,bn,0.5,1.0,0.2723958253860473,120
bigscience/bloom-1b7,4,gender,18,1,hi,neutral,en,0.6666666666666666,1.0,0.7989583293596904,120
bigscience/bloom-1b7,4,gender,18,1,hi,neutral,hi,0.5,1.0,0.210937503973643,120
bigscience/bloom-1b7,4,gender,20,1,hi,informative,bn,0.5,1.0,0.415625003973643,120
bigscience/bloom-1b7,4,gender,20,1,hi,informative,en,0.6666666666666666,1.0,0.7510416547457377,120
bigscience/bloom-1b7,4,gender,20,1,hi,informative,hi,0.5,0.5666666666666667,0.0286458333333333,120
bigscience/bloom-1b7,4,gender,20,1,hi,neutral,bn,0.5,1.0,0.2666666706403096,120
bigscience/bloom-1b7,4,gender,20,1,hi,neutral,en,0.6666666666666666,1.0,0.7333333333333333,120
bigscience/bloom-1b7,4,gender,20,1,hi,neutral,hi,0.5,1.0,0.204687503973643,120
bigscience/bloom-1b7,4,gender,22,1,hi,informative,bn,0.5,1.0,0.3979166746139526,120
bigscience/bloom-1b7,4,gender,22,1,hi,informative,en,0.6666666666666666,1.0,0.7916666785875957,120
bigscience/bloom-1b7,4,gender,22,1,hi,informative,hi,0.5,0.5916666666666667,0.0296875039736429,120
bigscience/bloom-1b7,4,gender,22,1,hi,neutral,bn,0.5,1.0,0.2541666547457377,120
bigscience/bloom-1b7,4,gender,22,1,hi,neutral,en,0.6666666666666666,1.0,0.7802083293596903,120
bigscience/bloom-1b7,4,gender,22,1,hi,neutral,hi,0.5,1.0,0.1968750059604644,120
bigscience/bloom-1b7,4,gender,0,1,en,informative,bn,0.5,1.0,0.4166666646798452,120
bigscience/bloom-1b7,4,gender,0,1,en,informative,en,0.6833333333333333,1.0,0.878124992052714,120
bigscience/bloom-1b7,4,gender,0,1,en,informative,hi,0.5,0.7,0.0770833353201548,120
bigscience/bloom-1b7,4,gender,0,1,en,neutral,bn,0.5,1.0,0.2687499980131785,120
bigscience/bloom-1b7,4,gender,0,1,en,neutral,en,0.6916666666666667,1.0,0.8510416785875956,120
bigscience/bloom-1b7,4,gender,0,1,en,neutral,hi,0.5,1.0,0.2359375019868214,120
bigscience/bloom-1b7,4,gender,2,1,en,informative,bn,0.5,1.0,0.4234375,120
bigscience/bloom-1b7,4,gender,2,1,en,informative,en,0.7166666666666667,1.0,0.9166666785875957,120
bigscience/bloom-1b7,4,gender,2,1,en,informative,hi,0.5,0.6916666666666667,0.0630208392937978,120
bigscience/bloom-1b7,4,gender,2,1,en,neutral,bn,0.5,1.0,0.2645833154519399,120
bigscience/bloom-1b7,4,gender,2,1,en,neutral,en,0.7083333333333334,1.0,0.88125,120
bigscience/bloom-1b7,4,gender,2,1,en,neutral,hi,0.5,1.0,0.2380208353201548,120
bigscience/bloom-1b7,4,gender,4,1,en,informative,bn,0.5,1.0,0.4291666686534882,120
bigscience/bloom-1b7,4,gender,4,1,en,informative,en,0.7416666666666667,1.0,0.9114583253860472,120
bigscience/bloom-1b7,4,gender,4,1,en,informative,hi,0.5,0.7166666666666667,0.073437496026357,120
bigscience/bloom-1b7,4,gender,4,1,en,neutral,bn,0.5,1.0,0.2677083472410838,120
bigscience/bloom-1b7,4,gender,4,1,en,neutral,en,0.7083333333333334,1.0,0.8677083412806194,120
bigscience/bloom-1b7,4,gender,4,1,en,neutral,hi,0.5,1.0,0.2395833333333333,120
bigscience/bloom-1b7,4,gender,6,1,en,informative,bn,0.5,1.0,0.4374999781449636,120
bigscience/bloom-1b7,4,gender,6,1,en,informative,en,0.6916666666666667,1.0,0.8375,120
bigscience/bloom-1b7,4,gender,6,1,en,informative,hi,0.5,0.75,0.0812500019868214,120
bigscience/bloom-1b7,4,gender,6,1,en,neutral,bn,0.5,1.0,0.2677083333333333,120
bigscience/bloom-1b7,4,gender,6,1,en,neutral,en,0.6833333333333333,1.0,0.7864583253860473,120
bigscience/bloom-1b7,4,gender,6,1,en,neutral,hi,0.5,1.0,0.2411458333333333,120
bigscience/bloom-1b7,4,gender,8,1,en,informative,bn,0.5,1.0,0.4291666507720947,120
bigscience/bloom-1b7,4,gender,8,1,en,informative,en,0.6833333333333333,1.0,0.8291666428248088,120
bigscience/bloom-1b7,4,gender,8,1,en,informative,hi,0.5,0.7416666666666667,0.0723958253860473,120
bigscience/bloom-1b7,4,gender,8,1,en,neutral,bn,0.5,1.0,0.2760416587193807,120
bigscience/bloom-1b7,4,gender,8,1,en,neutral,en,0.675,1.0,0.7833333373069763,120
bigscience/bloom-1b7,4,gender,8,1,en,neutral,hi,0.5,1.0,0.2453125019868215,120
bigscience/bloom-1b7,4,gender,10,1,en,informative,bn,0.5,1.0,0.4302083432674408,120
bigscience/bloom-1b7,4,gender,10,1,en,informative,en,0.6833333333333333,1.0,0.840625003973643,120
bigscience/bloom-1b7,4,gender,10,1,en,informative,hi,0.5,0.7583333333333333,0.0802083373069763,120
bigscience/bloom-1b7,4,gender,10,1,en,neutral,bn,0.5,1.0,0.267187488079071,120
bigscience/bloom-1b7,4,gender,10,1,en,neutral,en,0.675,1.0,0.81875,120
bigscience/bloom-1b7,4,gender,10,1,en,neutral,hi,0.5,1.0,0.2421875,120
bigscience/bloom-1b7,4,gender,12,1,en,informative,bn,0.5,1.0,0.4203125278155009,120
bigscience/bloom-1b7,4,gender,12,1,en,informative,en,0.6916666666666667,1.0,0.8260416666666667,120
bigscience/bloom-1b7,4,gender,12,1,en,informative,hi,0.5,0.7,0.076562496026357,120
bigscience/bloom-1b7,4,gender,12,1,en,neutral,bn,0.5,1.0,0.2666666785875956,120
bigscience/bloom-1b7,4,gender,12,1,en,neutral,en,0.675,1.0,0.7822916587193807,120
bigscience/bloom-1b7,4,gender,12,1,en,neutral,hi,0.5,1.0,0.2401041666666666,120
bigscience/bloom-1b7,4,gender,12,4,en,informative,bn,0.5,1.0,0.4265625,120
bigscience/bloom-1b7,4,gender,12,4,en,informative,en,0.6666666666666666,1.0,0.584374996026357,120
bigscience/bloom-1b7,4,gender,12,4,en,informative,hi,0.5,0.7583333333333333,0.0838541646798451,120
bigscience/bloom-1b7,4,gender,12,4,en,neutral,bn,0.5,1.0,0.2567708194255829,120
bigscience/bloom-1b7,4,gender,12,4,en,neutral,en,0.5833333333333334,1.0,0.4802083333333333,120
bigscience/bloom-1b7,4,gender,12,4,en,neutral,hi,0.5,1.0,0.2421875019868214,120
bigscience/bloom-1b7,4,gender,14,1,en,informative,bn,0.5,1.0,0.4348958571751912,120
bigscience/bloom-1b7,4,gender,14,1,en,informative,en,0.675,1.0,0.753124992052714,120
bigscience/bloom-1b7,4,gender,14,1,en,informative,hi,0.5,0.7083333333333334,0.0713541706403096,120
bigscience/bloom-1b7,4,gender,14,1,en,neutral,bn,0.5,1.0,0.2666666766007741,120
bigscience/bloom-1b7,4,gender,14,1,en,neutral,en,0.675,1.0,0.7177083293596903,120
bigscience/bloom-1b7,4,gender,14,1,en,neutral,hi,0.5,1.0,0.2317708333333333,120
bigscience/bloom-1b7,4,gender,16,1,en,informative,bn,0.5,1.0,0.3999999860922495,120
bigscience/bloom-1b7,4,gender,16,1,en,informative,en,0.675,1.0,0.6822916706403096,120
bigscience/bloom-1b7,4,gender,16,1,en,informative,hi,0.5,0.6583333333333333,0.0609375039736429,120
bigscience/bloom-1b7,4,gender,16,1,en,neutral,bn,0.5,1.0,0.2624999841054281,120
bigscience/bloom-1b7,4,gender,16,1,en,neutral,en,0.675,1.0,0.6822916666666666,120
bigscience/bloom-1b7,4,gender,16,1,en,neutral,hi,0.5,1.0,0.2322916686534881,120
bigscience/bloom-1b7,4,gender,18,1,en,informative,bn,0.5,1.0,0.4109375019868215,120
bigscience/bloom-1b7,4,gender,18,1,en,informative,en,0.6833333333333333,1.0,0.6552083333333333,120
bigscience/bloom-1b7,4,gender,18,1,en,informative,hi,0.5,0.6083333333333333,0.0380208373069763,120
bigscience/bloom-1b7,4,gender,18,1,en,neutral,bn,0.5,1.0,0.2598958551883698,120
bigscience/bloom-1b7,4,gender,18,1,en,neutral,en,0.675,1.0,0.6864583293596903,120
bigscience/bloom-1b7,4,gender,18,1,en,neutral,hi,0.5,1.0,0.2182291646798451,120
bigscience/bloom-1b7,4,gender,20,1,en,informative,bn,0.5,1.0,0.4031250099341074,120
bigscience/bloom-1b7,4,gender,20,1,en,informative,en,0.6666666666666666,1.0,0.728125,120
bigscience/bloom-1b7,4,gender,20,1,en,informative,hi,0.5,0.65,0.0562500039736429,120
bigscience/bloom-1b7,4,gender,20,1,en,neutral,bn,0.5,1.0,0.2557291607062021,120
bigscience/bloom-1b7,4,gender,20,1,en,neutral,en,0.6666666666666666,1.0,0.7166666666666667,120
bigscience/bloom-1b7,4,gender,20,1,en,neutral,hi,0.5,1.0,0.2276041746139526,120
bigscience/bloom-1b7,4,gender,22,1,en,informative,bn,0.5,1.0,0.383854196468989,120
bigscience/bloom-1b7,4,gender,22,1,en,informative,en,0.6666666666666666,1.0,0.7385416865348816,120
bigscience/bloom-1b7,4,gender,22,1,en,informative,hi,0.5,0.725,0.0739583373069763,120
bigscience/bloom-1b7,4,gender,22,1,en,neutral,bn,0.5,0.9916666666666668,0.2338541746139526,120
bigscience/bloom-1b7,4,gender,22,1,en,neutral,en,0.6666666666666666,1.0,0.700000003973643,120
bigscience/bloom-1b7,4,gender,22,1,en,neutral,hi,0.5,1.0,0.2380208373069763,120
bigscience/bloom-1b7,4,side,0,1,random,informative,bn,0.5083333333333333,1.0,0.2421875278155009,120
bigscience/bloom-1b7,4,side,0,1,random,informative,en,0.575,0.9833333333333332,0.1572916666666666,120
bigscience/bloom-1b7,4,side,0,1,random,informative,hi,0.4583333333333333,0.5583333333333333,-0.0083333353201548,120
bigscience/bloom-1b7,4,side,0,1,random,neutral,bn,0.5,0.925,0.1140625019868215,120
bigscience/bloom-1b7,4,side,0,1,random,neutral,en,0.4916666666666666,0.5083333333333333,0.0010416666666666,120
bigscience/bloom-1b7,4,side,0,1,random,neutral,hi,0.4583333333333333,0.1,-0.1182291666666666,120
bigscience/bloom-1b7,4,gender,0,1,random,informative,bn,0.5,1.0,0.4203124980131785,120
bigscience/bloom-1b7,4,gender,0,1,random,informative,en,0.6833333333333333,1.0,0.8760416666666667,120
bigscience/bloom-1b7,4,gender,0,1,random,informative,hi,0.5,0.7,0.0692708333333333,120
bigscience/bloom-1b7,4,gender,0,1,random,neutral,bn,0.5,1.0,0.2682291666666667,120
bigscience/bloom-1b7,4,gender,0,1,random,neutral,en,0.6833333333333333,1.0,0.843750003973643,120
bigscience/bloom-1b7,4,gender,0,1,random,neutral,hi,0.5,1.0,0.2348958253860473,120
bigscience/bloom-1b7,4,side,2,1,random,informative,bn,0.5,1.0,0.2390625139077504,120
bigscience/bloom-1b7,4,side,2,1,random,informative,en,0.575,0.9833333333333332,0.1458333333333333,120
bigscience/bloom-1b7,4,side,2,1,random,informative,hi,0.4583333333333333,0.6166666666666667,0.0057291726271311,120
bigscience/bloom-1b7,4,side,2,1,random,neutral,bn,0.5,0.95,0.1088541686534881,120
bigscience/bloom-1b7,4,side,2,1,random,neutral,en,0.4833333333333333,0.5,0.0,120
bigscience/bloom-1b7,4,side,2,1,random,neutral,hi,0.4666666666666667,0.05,-0.1187500337759653,120
bigscience/bloom-1b7,4,gender,2,1,random,informative,bn,0.5,1.0,0.4088541567325592,120
bigscience/bloom-1b7,4,gender,2,1,random,informative,en,0.6833333333333333,1.0,0.8656249880790711,120
bigscience/bloom-1b7,4,gender,2,1,random,informative,hi,0.5,0.7416666666666667,0.0781249980131785,120
bigscience/bloom-1b7,4,gender,2,1,random,neutral,bn,0.5,1.0,0.2640624940395355,120
bigscience/bloom-1b7,4,gender,2,1,random,neutral,en,0.6833333333333333,1.0,0.8416666706403096,120
bigscience/bloom-1b7,4,gender,2,1,random,neutral,hi,0.5,1.0,0.2401041726271311,120
bigscience/bloom-1b7,4,side,4,1,random,informative,bn,0.5,1.0,0.2359375019868214,120
bigscience/bloom-1b7,4,side,4,1,random,informative,en,0.5833333333333334,0.975,0.153125,120
bigscience/bloom-1b7,4,side,4,1,random,informative,hi,0.4583333333333333,0.55,-0.0052083392937978,120
bigscience/bloom-1b7,4,side,4,1,random,neutral,bn,0.5,0.9166666666666666,0.1067708353201548,120
bigscience/bloom-1b7,4,side,4,1,random,neutral,en,0.4833333333333333,0.4916666666666666,-0.0010416666666666,120
bigscience/bloom-1b7,4,side,4,1,random,neutral,hi,0.4583333333333333,0.1333333333333333,-0.1005208253860473,120
bigscience/bloom-1b7,4,gender,4,1,random,informative,bn,0.5,1.0,0.4166666567325592,120
bigscience/bloom-1b7,4,gender,4,1,random,informative,en,0.6833333333333333,1.0,0.8770833333333333,120
bigscience/bloom-1b7,4,gender,4,1,random,informative,hi,0.5,0.7083333333333334,0.076562492052714,120
bigscience/bloom-1b7,4,gender,4,1,random,neutral,bn,0.5,1.0,0.2656250059604644,120
bigscience/bloom-1b7,4,gender,4,1,random,neutral,en,0.6833333333333333,1.0,0.834374996026357,120
bigscience/bloom-1b7,4,gender,4,1,random,neutral,hi,0.5,1.0,0.2401041567325592,120
bigscience/bloom-1b7,4,side,6,1,random,informative,bn,0.5,1.0,0.2380208373069763,120
bigscience/bloom-1b7,4,side,6,1,random,informative,en,0.5666666666666667,1.0,0.146875,120
bigscience/bloom-1b7,4,side,6,1,random,informative,hi,0.4583333333333333,0.55,-0.0067708293596903,120
bigscience/bloom-1b7,4,side,6,1,random,neutral,bn,0.5,0.9,0.1041666785875956,120
bigscience/bloom-1b7,4,side,6,1,random,neutral,en,0.4833333333333333,0.5,0.0,120
bigscience/bloom-1b7,4,side,6,1,random,neutral,hi,0.4666666666666667,0.1,-0.1166666825612386,120
bigscience/bloom-1b7,4,gender,6,1,random,informative,bn,0.5,1.0,0.4161458532015482,120
bigscience/bloom-1b7,4,gender,6,1,random,informative,en,0.6833333333333333,1.0,0.8666666666666667,120
bigscience/bloom-1b7,4,gender,6,1,random,informative,hi,0.5,0.7,0.0708333353201548,120
bigscience/bloom-1b7,4,gender,6,1,random,neutral,bn,0.5,1.0,0.2708333571751912,120
bigscience/bloom-1b7,4,gender,6,1,random,neutral,en,0.6833333333333333,1.0,0.8354166706403097,120
bigscience/bloom-1b7,4,gender,6,1,random,neutral,hi,0.5,1.0,0.239062492052714,120
bigscience/bloom-1b7,4,side,8,1,random,informative,bn,0.5,1.0,0.2458333333333333,120
bigscience/bloom-1b7,4,side,8,1,random,informative,en,0.575,0.9916666666666668,0.159375,120
bigscience/bloom-1b7,4,side,8,1,random,informative,hi,0.45,0.525,-0.0046874980131785,120
bigscience/bloom-1b7,4,side,8,1,random,neutral,bn,0.5,0.9166666666666666,0.1114583333333333,120
bigscience/bloom-1b7,4,side,8,1,random,neutral,en,0.4916666666666666,0.5,0.0,120
bigscience/bloom-1b7,4,side,8,1,random,neutral,hi,0.4583333333333333,0.1,-0.1104166487852732,120
bigscience/bloom-1b7,4,gender,8,1,random,informative,bn,0.5,1.0,0.4218749582767486,120
bigscience/bloom-1b7,4,gender,8,1,random,informative,en,0.6833333333333333,1.0,0.8635416706403096,120
bigscience/bloom-1b7,4,gender,8,1,random,informative,hi,0.5,0.7333333333333333,0.0770833273728688,120
bigscience/bloom-1b7,4,gender,8,1,random,neutral,bn,0.5,1.0,0.2661458273728688,120
bigscience/bloom-1b7,4,gender,8,1,random,neutral,en,0.675,1.0,0.846875007947286,120
bigscience/bloom-1b7,4,gender,8,1,random,neutral,hi,0.5,1.0,0.2390625019868215,120
bigscience/bloom-1b7,4,side,10,1,random,informative,bn,0.5,1.0,0.2557291825612386,120
bigscience/bloom-1b7,4,side,10,1,random,informative,en,0.5583333333333333,0.9916666666666668,0.1385416666666666,120
bigscience/bloom-1b7,4,side,10,1,random,informative,hi,0.4583333333333333,0.5916666666666667,0.0083333253860473,120
bigscience/bloom-1b7,4,side,10,1,random,neutral,bn,0.5,0.9083333333333332,0.1026041666666666,120
bigscience/bloom-1b7,4,side,10,1,random,neutral,en,0.5,0.5,0.0,120
bigscience/bloom-1b7,4,side,10,1,random,neutral,hi,0.45,0.0666666666666666,-0.126562492052714,120
bigscience/bloom-1b7,4,gender,10,1,random,informative,bn,0.5,1.0,0.418750011920929,120
bigscience/bloom-1b7,4,gender,10,1,random,informative,en,0.6916666666666667,1.0,0.8708333293596904,120
bigscience/bloom-1b7,4,gender,10,1,random,informative,hi,0.5,0.75,0.0817708373069763,120
bigscience/bloom-1b7,4,gender,10,1,random,neutral,bn,0.5,1.0,0.2593749980131785,120
bigscience/bloom-1b7,4,gender,10,1,random,neutral,en,0.6833333333333333,1.0,0.8458333333333333,120
bigscience/bloom-1b7,4,gender,10,1,random,neutral,hi,0.5,1.0,0.2395833412806193,120
bigscience/bloom-1b7,4,side,12,1,random,informative,bn,0.5,1.0,0.2546874741713206,120
bigscience/bloom-1b7,4,side,12,1,random,informative,en,0.5583333333333333,0.9833333333333332,0.146875,120
bigscience/bloom-1b7,4,side,12,1,random,informative,hi,0.4583333333333333,0.5,-0.0062500079472859,120
bigscience/bloom-1b7,4,side,12,1,random,neutral,bn,0.5,0.9333333333333332,0.1156249940395355,120
bigscience/bloom-1b7,4,side,12,1,random,neutral,en,0.5,0.4916666666666666,-0.0010416666666666,120
bigscience/bloom-1b7,4,side,12,1,random,neutral,hi,0.4666666666666667,0.075,-0.110937488079071,120
bigscience/bloom-1b7,4,gender,12,1,random,informative,bn,0.5,1.0,0.4166666626930236,120
bigscience/bloom-1b7,4,gender,12,1,random,informative,en,0.6833333333333333,1.0,0.8604166666666667,120
bigscience/bloom-1b7,4,gender,12,1,random,informative,hi,0.5,0.7166666666666667,0.0744791646798451,120
bigscience/bloom-1b7,4,gender,12,1,random,neutral,bn,0.5,1.0,0.268749988079071,120
bigscience/bloom-1b7,4,gender,12,1,random,neutral,en,0.675,1.0,0.837499988079071,120
bigscience/bloom-1b7,4,gender,12,1,random,neutral,hi,0.5,1.0,0.2385416626930236,120
bigscience/bloom-1b7,4,side,12,4,random,informative,bn,0.5083333333333333,0.9916666666666668,0.2427083293596903,120
bigscience/bloom-1b7,4,side,12,4,random,informative,en,0.55,0.9833333333333332,0.1447916666666666,120
bigscience/bloom-1b7,4,side,12,4,random,informative,hi,0.4583333333333333,0.6,0.0046874980131785,120
bigscience/bloom-1b7,4,side,12,4,random,neutral,bn,0.5,0.9166666666666666,0.1109375079472859,120
bigscience/bloom-1b7,4,side,12,4,random,neutral,en,0.5,0.5,0.0,120
bigscience/bloom-1b7,4,side,12,4,random,neutral,hi,0.4583333333333333,0.0833333333333333,-0.1171875178813934,120
bigscience/bloom-1b7,4,gender,12,4,random,informative,bn,0.5,1.0,0.4041666467984517,120
bigscience/bloom-1b7,4,gender,12,4,random,informative,en,0.6833333333333333,1.0,0.8729166666666667,120
bigscience/bloom-1b7,4,gender,12,4,random,informative,hi,0.5,0.6916666666666667,0.0718750039736429,120
bigscience/bloom-1b7,4,gender,12,4,random,neutral,bn,0.5,1.0,0.2619791646798451,120
bigscience/bloom-1b7,4,gender,12,4,random,neutral,en,0.675,1.0,0.8541666666666666,120
bigscience/bloom-1b7,4,gender,12,4,random,neutral,hi,0.5,1.0,0.2546874980131785,120
bigscience/bloom-1b7,4,side,14,1,random,informative,bn,0.5,1.0,0.2317708412806193,120
bigscience/bloom-1b7,4,side,14,1,random,informative,en,0.575,1.0,0.15625,120
bigscience/bloom-1b7,4,side,14,1,random,informative,hi,0.4416666666666666,0.55,-0.0041666567325592,120
bigscience/bloom-1b7,4,side,14,1,random,neutral,bn,0.5,0.9333333333333332,0.1078125079472859,120
bigscience/bloom-1b7,4,side,14,1,random,neutral,en,0.475,0.5083333333333333,0.0010416666666666,120
bigscience/bloom-1b7,4,side,14,1,random,neutral,hi,0.45,0.0916666666666666,-0.1140624781449635,120
bigscience/bloom-1b7,4,gender,14,1,random,informative,bn,0.5,1.0,0.4192708174387614,120
bigscience/bloom-1b7,4,gender,14,1,random,informative,en,0.6833333333333333,1.0,0.865624996026357,120
bigscience/bloom-1b7,4,gender,14,1,random,informative,hi,0.5,0.7083333333333334,0.0682291646798451,120
bigscience/bloom-1b7,4,gender,14,1,random,neutral,bn,0.5,1.0,0.2666666646798452,120
bigscience/bloom-1b7,4,gender,14,1,random,neutral,en,0.675,1.0,0.8416666666666667,120
bigscience/bloom-1b7,4,gender,14,1,random,neutral,hi,0.5,1.0,0.2359374980131785,120
bigscience/bloom-1b7,4,side,16,1,random,informative,bn,0.5,1.0,0.234375003973643,120
bigscience/bloom-1b7,4,side,16,1,random,informative,en,0.575,0.9916666666666668,0.1427083333333333,120
bigscience/bloom-1b7,4,side,16,1,random,informative,hi,0.4583333333333333,0.5916666666666667,0.0,120
bigscience/bloom-1b7,4,side,16,1,random,neutral,bn,0.5,0.9166666666666666,0.1104166626930236,120
bigscience/bloom-1b7,4,side,16,1,random,neutral,en,0.4833333333333333,0.4916666666666666,-0.0010416666666666,120
bigscience/bloom-1b7,4,side,16,1,random,neutral,hi,0.4583333333333333,0.1,-0.1208333214124043,120
bigscience/bloom-1b7,4,gender,16,1,random,informative,bn,0.5,1.0,0.4208333512147267,120
bigscience/bloom-1b7,4,gender,16,1,random,informative,en,0.6833333333333333,1.0,0.8697916706403096,120
bigscience/bloom-1b7,4,gender,16,1,random,informative,hi,0.5,0.7166666666666667,0.0817708353201548,120
bigscience/bloom-1b7,4,gender,16,1,random,neutral,bn,0.5,1.0,0.2666666646798452,120
bigscience/bloom-1b7,4,gender,16,1,random,neutral,en,0.675,1.0,0.8458333253860474,120
bigscience/bloom-1b7,4,gender,16,1,random,neutral,hi,0.5,1.0,0.2411458333333333,120
bigscience/bloom-1b7,4,side,18,1,random,informative,bn,0.5,1.0,0.2276041487852732,120
bigscience/bloom-1b7,4,side,18,1,random,informative,en,0.5583333333333333,0.9833333333333332,0.1447916666666666,120
bigscience/bloom-1b7,4,side,18,1,random,informative,hi,0.4583333333333333,0.5333333333333333,-0.0057291567325592,120
bigscience/bloom-1b7,4,side,18,1,random,neutral,bn,0.5,0.9,0.0989583412806193,120
bigscience/bloom-1b7,4,side,18,1,random,neutral,en,0.4833333333333333,0.5,0.0,120
bigscience/bloom-1b7,4,side,18,1,random,neutral,hi,0.4583333333333333,0.075,-0.1197916766007741,120
bigscience/bloom-1b7,4,gender,18,1,random,informative,bn,0.5,1.0,0.4187500099341074,120
bigscience/bloom-1b7,4,gender,18,1,random,informative,en,0.6833333333333333,1.0,0.878125007947286,120
bigscience/bloom-1b7,4,gender,18,1,random,informative,hi,0.5,0.7,0.0739583293596903,120
bigscience/bloom-1b7,4,gender,18,1,random,neutral,bn,0.5,1.0,0.2671874821186065,120
bigscience/bloom-1b7,4,gender,18,1,random,neutral,en,0.7,1.0,0.84375,120
bigscience/bloom-1b7,4,gender,18,1,random,neutral,hi,0.5,1.0,0.2442708373069763,120
bigscience/bloom-1b7,4,side,20,1,random,informative,bn,0.5,1.0,0.2395833194255829,120
bigscience/bloom-1b7,4,side,20,1,random,informative,en,0.575,0.9833333333333332,0.1541666666666666,120
bigscience/bloom-1b7,4,side,20,1,random,informative,hi,0.4583333333333333,0.5833333333333334,-0.0041666646798451,120
bigscience/bloom-1b7,4,side,20,1,random,neutral,bn,0.5,0.9416666666666668,0.1130208313465118,120
bigscience/bloom-1b7,4,side,20,1,random,neutral,en,0.4916666666666666,0.5,0.0,120
bigscience/bloom-1b7,4,side,20,1,random,neutral,hi,0.4666666666666667,0.075,-0.1171874940395355,120
bigscience/bloom-1b7,4,gender,20,1,random,informative,bn,0.5,1.0,0.4192708293596903,120
bigscience/bloom-1b7,4,gender,20,1,random,informative,en,0.7,1.0,0.8822916706403097,120
bigscience/bloom-1b7,4,gender,20,1,random,informative,hi,0.5,0.6916666666666667,0.0713541666666666,120
bigscience/bloom-1b7,4,gender,20,1,random,neutral,bn,0.5,1.0,0.2666666646798452,120
bigscience/bloom-1b7,4,gender,20,1,random,neutral,en,0.7,1.0,0.859374996026357,120
bigscience/bloom-1b7,4,gender,20,1,random,neutral,hi,0.5,1.0,0.2432291567325592,120
bigscience/bloom-1b7,4,side,22,1,random,informative,bn,0.5,1.0,0.2385416626930236,120
bigscience/bloom-1b7,4,side,22,1,random,informative,en,0.5666666666666667,1.0,0.1479166666666666,120
bigscience/bloom-1b7,4,side,22,1,random,informative,hi,0.4416666666666666,0.4583333333333333,-0.0114583214124043,120
bigscience/bloom-1b7,4,side,22,1,random,neutral,bn,0.5,0.9583333333333334,0.1125000019868214,120
bigscience/bloom-1b7,4,side,22,1,random,neutral,en,0.475,0.5,0.0,120
bigscience/bloom-1b7,4,side,22,1,random,neutral,hi,0.45,0.0916666666666666,-0.1234374980131785,120
bigscience/bloom-1b7,4,gender,22,1,random,informative,bn,0.5,1.0,0.4161458233992258,120
bigscience/bloom-1b7,4,gender,22,1,random,informative,en,0.6833333333333333,1.0,0.862499992052714,120
bigscience/bloom-1b7,4,gender,22,1,random,informative,hi,0.5,0.7,0.0739583333333333,120
bigscience/bloom-1b7,4,gender,22,1,random,neutral,bn,0.5,1.0,0.2635416666666667,120
bigscience/bloom-1b7,4,gender,22,1,random,neutral,en,0.6833333333333333,1.0,0.8447916666666667,120
bigscience/bloom-1b7,4,gender,22,1,random,neutral,hi,0.5,1.0,0.2421875119209289,120
bigscience/bloom-560m,0,side,-1,0,none,informative,bn,0.6666666666666666,0.95,0.3204638044039408,120
bigscience/bloom-560m,0,side,-1,0,none,informative,en,0.5083333333333333,0.9833333333333332,0.0802714029947916,120
bigscience/bloom-560m,0,side,-1,0,none,informative,hi,0.6166666666666667,0.9833333333333332,0.3443317015965779,120
bigscience/bloom-560m,0,side,-1,0,none,neutral,bn,0.4333333333333333,0.0,-0.177580585082372,120
bigscience/bloom-560m,0,side,-1,0,none,neutral,en,0.5,0.5,0.0,120
bigscience/bloom-560m,0,side,-1,0,none,neutral,hi,0.4916666666666666,0.2833333333333333,-0.029097298781077,120
bigscience/bloom-560m,0,gender,-1,0,none,informative,bn,0.5,1.0,0.58680885831515,120
bigscience/bloom-560m,0,gender,-1,0,none,informative,en,0.9583333333333334,1.0,0.5642776489257812,120
bigscience/bloom-560m,0,gender,-1,0,none,informative,hi,0.725,1.0,0.4452760974566142,120
bigscience/bloom-560m,0,gender,-1,0,none,neutral,bn,0.5,0.6333333333333333,0.0450117051601409,120
bigscience/bloom-560m,0,gender,-1,0,none,neutral,en,0.85,1.0,0.5204607645670573,120
bigscience/bloom-560m,0,gender,-1,0,none,neutral,hi,0.55,1.0,0.1890127182006836,120
bigscience/bloom-560m,0,side,0,1,bn,informative,bn,0.6833333333333333,0.95,0.3284927845001221,120
bigscience/bloom-560m,0,side,0,1,bn,informative,en,0.5083333333333333,0.9833333333333332,0.0801938374837239,120
bigscience/bloom-560m,0,side,0,1,bn,informative,hi,0.6166666666666667,1.0,0.3434582521518071,120
bigscience/bloom-560m,0,side,0,1,bn,neutral,bn,0.4333333333333333,0.0166666666666666,-0.1681198438008626,120
bigscience/bloom-560m,0,side,0,1,bn,neutral,en,0.5,0.5,0.0,120
bigscience/bloom-560m,0,side,0,1,bn,neutral,hi,0.4916666666666666,0.2666666666666666,-0.0301411271095275,120
bigscience/bloom-560m,0,side,2,1,bn,informative,bn,0.6583333333333333,0.95,0.2958779414494832,120
bigscience/bloom-560m,0,side,2,1,bn,informative,en,0.5083333333333333,0.9833333333333332,0.0772661844889322,120
bigscience/bloom-560m,0,side,2,1,bn,informative,hi,0.6166666666666667,0.9833333333333332,0.3263724247614543,120
bigscience/bloom-560m,0,side,2,1,bn,neutral,bn,0.4333333333333333,0.0,-0.2142341474692027,120
bigscience/bloom-560m,0,side,2,1,bn,neutral,en,0.5,0.5,0.0,120
bigscience/bloom-560m,0,side,2,1,bn,neutral,hi,0.4666666666666667,0.2166666666666666,-0.0393700470527013,120
bigscience/bloom-560m,0,side,4,1,bn,informative,bn,0.65,0.9833333333333332,0.3142700294653575,120
bigscience/bloom-560m,0,side,4,1,bn,informative,en,0.5083333333333333,0.9833333333333332,0.073370869954427,120
bigscience/bloom-560m,0,side,4,1,bn,informative,hi,0.6083333333333333,0.9833333333333332,0.333747128645579,120
bigscience/bloom-560m,0,side,4,1,bn,neutral,bn,0.4416666666666666,0.0,-0.1788881162802378,120
bigscience/bloom-560m,0,side,4,1,bn,neutral,en,0.5,0.5,0.0,120
bigscience/bloom-560m,0,side,4,1,bn,neutral,hi,0.475,0.2666666666666666,-0.0350878715515136,120
bigscience/bloom-560m,0,side,6,1,bn,informative,bn,0.6833333333333333,1.0,0.3726106842358907,120
bigscience/bloom-560m,0,side,6,1,bn,informative,en,0.5083333333333333,0.9833333333333332,0.081085713704427,120
bigscience/bloom-560m,0,side,6,1,bn,informative,hi,0.6166666666666667,1.0,0.3613334029912948,120
bigscience/bloom-560m,0,side,6,1,bn,neutral,bn,0.4583333333333333,0.0,-0.1541149934132893,120
bigscience/bloom-560m,0,side,6,1,bn,neutral,en,0.5,0.5,0.0,120
bigscience/bloom-560m,0,side,6,1,bn,neutral,hi,0.5,0.5166666666666667,0.0106915722290674,120
bigscience/bloom-560m,0,side,8,1,bn,informative,bn,0.6583333333333333,1.0,0.3372974812984466,120
bigscience/bloom-560m,0,side,8,1,bn,informative,en,0.5083333333333333,0.9833333333333332,0.0784881591796875,120
bigscience/bloom-560m,0,side,8,1,bn,informative,hi,0.6166666666666667,0.9833333333333332,0.3455067028601964,120
bigscience/bloom-560m,0,side,8,1,bn,neutral,bn,0.4333333333333333,0.0,-0.2052780469258626,120
bigscience/bloom-560m,0,side,8,1,bn,neutral,en,0.5,0.5,0.0,120
bigscience/bloom-560m,0,side,8,1,bn,neutral,hi,0.5,0.3833333333333333,-0.0211165308952331,120
bigscience/bloom-560m,0,side,10,1,bn,informative,bn,0.6583333333333333,0.9833333333333332,0.3239638964335123,120
bigscience/bloom-560m,0,side,10,1,bn,informative,en,0.5083333333333333,0.9833333333333332,0.0781641642252604,120
bigscience/bloom-560m,0,side,10,1,bn,informative,hi,0.6083333333333333,0.9833333333333332,0.3341193785270055,120
bigscience/bloom-560m,0,side,10,1,bn,neutral,bn,0.4416666666666666,0.0,-0.1866359452406565,120
bigscience/bloom-560m,0,side,10,1,bn,neutral,en,0.5,0.5,0.0,120
bigscience/bloom-560m,0,side,10,1,bn,neutral,hi,0.475,0.2166666666666666,-0.0436718434095382,120
bigscience/bloom-560m,0,side,12,1,bn,informative,bn,0.65,0.95,0.2991086383660634,120
bigscience/bloom-560m,0,side,12,1,bn,informative,en,0.5083333333333333,0.9833333333333332,0.077588144938151,120
bigscience/bloom-560m,0,side,12,1,bn,informative,hi,0.6166666666666667,0.9833333333333332,0.3400477399428686,120
bigscience/bloom-560m,0,side,12,1,bn,neutral,bn,0.4583333333333333,0.0,-0.1786322096983591,120
bigscience/bloom-560m,0,side,12,1,bn,neutral,en,0.5,0.5,0.0,120
bigscience/bloom-560m,0,side,12,1,bn,neutral,hi,0.475,0.3666666666666666,-0.0229812224706014,120
bigscience/bloom-560m,0,side,12,4,bn,informative,bn,0.6416666666666667,0.9166666666666666,0.2477210144201914,120
bigscience/bloom-560m,0,side,12,4,bn,informative,en,0.5,0.9833333333333332,0.0708239237467447,120
bigscience/bloom-560m,0,side,12,4,bn,informative,hi,0.6166666666666667,0.9833333333333332,0.342751137415568,120
bigscience/bloom-560m,0,side,12,4,bn,neutral,bn,0.45,0.0,-0.2003974537054697,120
bigscience/bloom-560m,0,side,12,4,bn,neutral,en,0.5,0.5,0.0,120
bigscience/bloom-560m,0,side,12,4,bn,neutral,hi,0.4666666666666667,0.4166666666666667,-0.0287005265553792,120
bigscience/bloom-560m,0,side,14,1,bn,informative,bn,0.65,0.95,0.3023299992084503,120
bigscience/bloom-560m,0,side,14,1,bn,informative,en,0.5,0.9833333333333332,0.0778317769368489,120
bigscience/bloom-560m,0,side,14,1,bn,informative,hi,0.625,1.0,0.3482534776131312,120
bigscience/bloom-560m,0,side,14,1,bn,neutral,bn,0.4416666666666666,0.0,-0.1794102589289347,120
bigscience/bloom-560m,0,side,14,1,bn,neutral,en,0.5,0.5,0.0,120
bigscience/bloom-560m,0,side,14,1,bn,neutral,hi,0.4916666666666666,0.3666666666666666,-0.0222673227389653,120
bigscience/bloom-560m,0,side,16,1,bn,informative,bn,0.6416666666666667,0.95,0.2982613841692607,120
bigscience/bloom-560m,0,side,16,1,bn,informative,en,0.5083333333333333,0.9833333333333332,0.0831761678059895,120
bigscience/bloom-560m,0,side,16,1,bn,informative,hi,0.6083333333333333,0.9833333333333332,0.3384589771429697,120
bigscience/bloom-560m,0,side,16,1,bn,neutral,bn,0.4333333333333333,0.0,-0.1934270123640696,120
bigscience/bloom-560m,0,side,16,1,bn,neutral,en,0.5,0.5,0.0,120
bigscience/bloom-560m,0,side,16,1,bn,neutral,hi,0.4833333333333333,0.2666666666666666,-0.0393628607193628,120
bigscience/bloom-560m,0,side,18,1,bn,informative,bn,0.6833333333333333,0.95,0.3091926117738088,120
bigscience/bloom-560m,0,side,18,1,bn,informative,en,0.5083333333333333,1.0,0.0859896341959635,120
bigscience/bloom-560m,0,side,18,1,bn,informative,hi,0.6166666666666667,0.9833333333333332,0.3389054596424102,120
bigscience/bloom-560m,0,side,18,1,bn,neutral,bn,0.4333333333333333,0.0,-0.2055552045504252,120
bigscience/bloom-560m,0,side,18,1,bn,neutral,en,0.5,0.5,0.0,120
bigscience/bloom-560m,0,side,18,1,bn,neutral,hi,0.4666666666666667,0.2166666666666666,-0.0473659773667653,120
bigscience/bloom-560m,0,side,20,1,bn,informative,bn,0.65,0.95,0.3061238288879394,120
bigscience/bloom-560m,0,side,20,1,bn,informative,en,0.5,0.9833333333333332,0.0829060872395833,120
bigscience/bloom-560m,0,side,20,1,bn,informative,hi,0.6166666666666667,0.9833333333333332,0.3567760397990545,120
bigscience/bloom-560m,0,side,20,1,bn,neutral,bn,0.4416666666666666,0.0,-0.1968667844931284,120
bigscience/bloom-560m,0,side,20,1,bn,neutral,en,0.5,0.5,0.0,120
bigscience/bloom-560m,0,side,20,1,bn,neutral,hi,0.4916666666666666,0.3333333333333333,-0.026899187763532,120
bigscience/bloom-560m,0,side,22,1,bn,informative,bn,0.6333333333333333,0.9333333333333332,0.2563288410504659,120
bigscience/bloom-560m,0,side,22,1,bn,informative,en,0.5,0.9833333333333332,0.0802296956380208,120
bigscience/bloom-560m,0,side,22,1,bn,informative,hi,0.6166666666666667,0.9833333333333332,0.3464019825061162,120
bigscience/bloom-560m,0,side,22,1,bn,neutral,bn,0.4416666666666666,0.0,-0.2184530516465505,120
bigscience/bloom-560m,0,side,22,1,bn,neutral,en,0.5,0.5,0.0,120
bigscience/bloom-560m,0,side,22,1,bn,neutral,hi,0.4833333333333333,0.2833333333333333,-0.02799058953921,120
bigscience/bloom-560m,0,side,0,1,hi,informative,bn,0.65,0.95,0.3179551005363464,120
bigscience/bloom-560m,0,side,0,1,hi,informative,en,0.5083333333333333,0.9833333333333332,0.0780637105305989,120
bigscience/bloom-560m,0,side,0,1,hi,informative,hi,0.6166666666666667,0.9666666666666668,0.3192696809768677,120
bigscience/bloom-560m,0,side,0,1,hi,neutral,bn,0.4416666666666666,0.0,-0.1755508164564768,120
bigscience/bloom-560m,0,side,0,1,hi,neutral,en,0.5,0.5,0.0,120
bigscience/bloom-560m,0,side,0,1,hi,neutral,hi,0.475,0.2666666666666666,-0.0331072101990381,120
bigscience/bloom-560m,0,side,2,1,hi,informative,bn,0.6583333333333333,0.95,0.3104357341925303,120
bigscience/bloom-560m,0,side,2,1,hi,informative,en,0.5,0.9833333333333332,0.0814793904622395,120
bigscience/bloom-560m,0,side,2,1,hi,informative,hi,0.6416666666666667,1.0,0.384994892279307,120
bigscience/bloom-560m,0,side,2,1,hi,neutral,bn,0.4416666666666666,0.0,-0.1885761936505635,120
bigscience/bloom-560m,0,side,2,1,hi,neutral,en,0.5,0.5,0.0,120
bigscience/bloom-560m,0,side,2,1,hi,neutral,hi,0.4916666666666666,0.4333333333333333,-0.0060389230648676,120
bigscience/bloom-560m,0,side,4,1,hi,informative,bn,0.6583333333333333,0.95,0.316498464345932,120
bigscience/bloom-560m,0,side,4,1,hi,informative,en,0.5083333333333333,1.0,0.080945078531901,120
bigscience/bloom-560m,0,side,4,1,hi,informative,hi,0.5833333333333334,0.8833333333333333,0.2080467243989308,120
bigscience/bloom-560m,0,side,4,1,hi,neutral,bn,0.425,0.0,-0.1875103155771891,120
bigscience/bloom-560m,0,side,4,1,hi,neutral,en,0.5,0.5,0.0,120
bigscience/bloom-560m,0,side,4,1,hi,neutral,hi,0.4333333333333333,0.1333333333333333,-0.1481332619984944,120
bigscience/bloom-560m,0,side,6,1,hi,informative,bn,0.6666666666666666,0.95,0.3005806386470794,120
bigscience/bloom-560m,0,side,6,1,hi,informative,en,0.5083333333333333,0.9833333333333332,0.0853968302408854,120
bigscience/bloom-560m,0,side,6,1,hi,informative,hi,0.6166666666666667,1.0,0.3505839616060257,120
bigscience/bloom-560m,0,side,6,1,hi,neutral,bn,0.4333333333333333,0.0,-0.1848823030789693,120
bigscience/bloom-560m,0,side,6,1,hi,neutral,en,0.5,0.5,0.0,120
bigscience/bloom-560m,0,side,6,1,hi,neutral,hi,0.4916666666666666,0.5,-0.0019230624039967,120
bigscience/bloom-560m,0,side,8,1,hi,informative,bn,0.6833333333333333,0.9833333333333332,0.3319877286752065,120
bigscience/bloom-560m,0,side,8,1,hi,informative,en,0.5083333333333333,1.0,0.091144307454427,120
bigscience/bloom-560m,0,side,8,1,hi,informative,hi,0.6416666666666667,1.0,0.4852691729863485,120
bigscience/bloom-560m,0,side,8,1,hi,neutral,bn,0.4416666666666666,0.0,-0.1535639703273773,120
bigscience/bloom-560m,0,side,8,1,hi,neutral,en,0.5,0.5,0.0,120
bigscience/bloom-560m,0,side,8,1,hi,neutral,hi,0.525,0.8,0.0553260733683904,120
bigscience/bloom-560m,0,side,10,1,hi,informative,bn,0.675,0.95,0.3102147281169891,120
bigscience/bloom-560m,0,side,10,1,hi,informative,en,0.5083333333333333,0.9833333333333332,0.0810254414876302,120
bigscience/bloom-560m,0,side,10,1,hi,informative,hi,0.6166666666666667,1.0,0.3937354813019434,120
bigscience/bloom-560m,0,side,10,1,hi,neutral,bn,0.4333333333333333,0.0,-0.1642958084742228,120
bigscience/bloom-560m,0,side,10,1,hi,neutral,en,0.5,0.5,0.0,120
bigscience/bloom-560m,0,side,10,1,hi,neutral,hi,0.4916666666666666,0.5166666666666667,0.0025190601746241,120
bigscience/bloom-560m,0,side,12,1,hi,informative,bn,0.6916666666666667,0.95,0.3235668798287709,120
bigscience/bloom-560m,0,side,12,1,hi,informative,en,0.5083333333333333,0.9833333333333332,0.0817736307779948,120
bigscience/bloom-560m,0,side,12,1,hi,informative,hi,0.6166666666666667,1.0,0.4339547445376714,120
bigscience/bloom-560m,0,side,12,1,hi,neutral,bn,0.4416666666666666,0.0,-0.1639945169289906,120
bigscience/bloom-560m,0,side,12,1,hi,neutral,en,0.5,0.5,0.0,120
bigscience/bloom-560m,0,side,12,1,hi,neutral,hi,0.4916666666666666,0.55,0.0241014331579208,120
bigscience/bloom-560m,0,side,12,4,hi,informative,bn,0.65,0.95,0.2949750940004984,120
bigscience/bloom-560m,0,side,12,4,hi,informative,en,0.5,1.0,0.0843660990397135,120
bigscience/bloom-560m,0,side,12,4,hi,informative,hi,0.5833333333333334,0.9166666666666666,0.2811392178138097,120
bigscience/bloom-560m,0,side,12,4,hi,neutral,bn,0.45,0.0,-0.1663464804490407,120
bigscience/bloom-560m,0,side,12,4,hi,neutral,en,0.5,0.5,0.0,120
bigscience/bloom-560m,0,side,12,4,hi,neutral,hi,0.4333333333333333,0.1833333333333333,-0.0763141284386317,120
bigscience/bloom-560m,0,side,14,1,hi,informative,bn,0.6916666666666667,0.95,0.3137463847796122,120
bigscience/bloom-560m,0,side,14,1,hi,informative,en,0.5083333333333333,0.9833333333333332,0.0814343770345052,120
bigscience/bloom-560m,0,side,14,1,hi,informative,hi,0.6166666666666667,1.0,0.4323096285263697,120
bigscience/bloom-560m,0,side,14,1,hi,neutral,bn,0.4333333333333333,0.0,-0.17549556295077,120
bigscience/bloom-560m,0,side,14,1,hi,neutral,en,0.5,0.5,0.0,120
bigscience/bloom-560m,0,side,14,1,hi,neutral,hi,0.5,0.5666666666666667,0.0195874104897181,120
bigscience/bloom-560m,0,side,16,1,hi,informative,bn,0.675,0.95,0.3175286889076233,120
bigscience/bloom-560m,0,side,16,1,hi,informative,en,0.5083333333333333,1.0,0.0825950622558593,120
bigscience/bloom-560m,0,side,16,1,hi,informative,hi,0.625,1.0,0.4203281362851461,120
bigscience/bloom-560m,0,side,16,1,hi,neutral,bn,0.4416666666666666,0.0,-0.1745247979958852,120
bigscience/bloom-560m,0,side,16,1,hi,neutral,en,0.5,0.5,0.0,120
bigscience/bloom-560m,0,side,16,1,hi,neutral,hi,0.5,0.55,0.0097341587146123,120
bigscience/bloom-560m,0,side,18,1,hi,informative,bn,0.6666666666666666,0.95,0.3231784880161285,120
bigscience/bloom-560m,0,side,18,1,hi,informative,en,0.5083333333333333,1.0,0.0903551737467447,120
bigscience/bloom-560m,0,side,18,1,hi,informative,hi,0.6416666666666667,1.0,0.4378119071324666,120
bigscience/bloom-560m,0,side,18,1,hi,neutral,bn,0.4416666666666666,0.0,-0.1661769449710846,120
bigscience/bloom-560m,0,side,18,1,hi,neutral,en,0.5,0.5,0.0,120
bigscience/bloom-560m,0,side,18,1,hi,neutral,hi,0.5,0.5833333333333334,0.0226677944262822,120
bigscience/bloom-560m,0,side,20,1,hi,informative,bn,0.6583333333333333,0.95,0.3175214687983195,120
bigscience/bloom-560m,0,side,20,1,hi,informative,en,0.5083333333333333,1.0,0.0814748128255208,120
bigscience/bloom-560m,0,side,20,1,hi,informative,hi,0.6583333333333333,0.9833333333333332,0.3439162174860636,120
bigscience/bloom-560m,0,side,20,1,hi,neutral,bn,0.45,0.0,-0.180525400241216,120
bigscience/bloom-560m,0,side,20,1,hi,neutral,en,0.5,0.5,0.0,120
bigscience/bloom-560m,0,side,20,1,hi,neutral,hi,0.475,0.2833333333333333,-0.0387394706408182,120
bigscience/bloom-560m,0,side,22,1,hi,informative,bn,0.6583333333333333,0.95,0.3057695289452871,120
bigscience/bloom-560m,0,side,22,1,hi,informative,en,0.5083333333333333,0.9833333333333332,0.0803418477376302,120
bigscience/bloom-560m,0,side,22,1,hi,informative,hi,0.6166666666666667,0.9166666666666666,0.2754317224025726,120
bigscience/bloom-560m,0,side,22,1,hi,neutral,bn,0.4416666666666666,0.0,-0.1874785145123799,120
bigscience/bloom-560m,0,side,22,1,hi,neutral,en,0.5,0.5,0.0,120
bigscience/bloom-560m,0,side,22,1,hi,neutral,hi,0.4666666666666667,0.1333333333333333,-0.0743464867273966,120
bigscience/bloom-560m,0,side,0,1,en,informative,bn,0.6833333333333333,0.9666666666666668,0.3200958609580994,120
bigscience/bloom-560m,0,side,0,1,en,informative,en,0.5083333333333333,0.9666666666666668,0.065057881673177,120
bigscience/bloom-560m,0,side,0,1,en,informative,hi,0.6333333333333333,1.0,0.3866167197624842,120
bigscience/bloom-560m,0,side,0,1,en,neutral,bn,0.45,0.0,-0.1715727527936299,120
bigscience/bloom-560m,0,side,0,1,en,neutral,en,0.5,0.5,0.0,120
bigscience/bloom-560m,0,side,0,1,en,neutral,hi,0.4833333333333333,0.4,-0.0135247459014256,120
bigscience/bloom-560m,0,side,2,1,en,informative,bn,0.65,0.9666666666666668,0.3213053325812022,120
bigscience/bloom-560m,0,side,2,1,en,informative,en,0.5,0.9166666666666666,0.0509086608886718,120
bigscience/bloom-560m,0,side,2,1,en,informative,hi,0.6416666666666667,1.0,0.3569989542166392,120
bigscience/bloom-560m,0,side,2,1,en,neutral,bn,0.4583333333333333,0.0,-0.1741239647070566,120
bigscience/bloom-560m,0,side,2,1,en,neutral,en,0.5,0.5,0.0,120
bigscience/bloom-560m,0,side,2,1,en,neutral,hi,0.4666666666666667,0.2833333333333333,-0.0332292477289835,120
bigscience/bloom-560m,0,side,4,1,en,informative,bn,0.65,0.95,0.3063106040159861,120
bigscience/bloom-560m,0,side,4,1,en,informative,en,0.5083333333333333,0.9666666666666668,0.0639541625976562,120
bigscience/bloom-560m,0,side,4,1,en,informative,hi,0.6333333333333333,0.9833333333333332,0.3316103448470434,120
bigscience/bloom-560m,0,side,4,1,en,neutral,bn,0.45,0.0,-0.1900237619876861,120
bigscience/bloom-560m,0,side,4,1,en,neutral,en,0.5,0.5,0.0,120
bigscience/bloom-560m,0,side,4,1,en,neutral,hi,0.4666666666666667,0.2166666666666666,-0.039359293381373,120
bigscience/bloom-560m,0,side,6,1,en,informative,bn,0.675,0.95,0.3117423554261525,120
bigscience/bloom-560m,0,side,6,1,en,informative,en,0.5083333333333333,0.9833333333333332,0.0842809041341145,120
bigscience/bloom-560m,0,side,6,1,en,informative,hi,0.6166666666666667,1.0,0.3502552946408589,120
bigscience/bloom-560m,0,side,6,1,en,neutral,bn,0.4333333333333333,0.0,-0.1931687613328297,120
bigscience/bloom-560m,0,side,6,1,en,neutral,en,0.5,0.5,0.0,120
bigscience/bloom-560m,0,side,6,1,en,neutral,hi,0.4916666666666666,0.45,-0.0119244734446207,120
bigscience/bloom-560m,0,side,8,1,en,informative,bn,0.6833333333333333,0.9833333333333332,0.3388996263345082,120
bigscience/bloom-560m,0,side,8,1,en,informative,en,0.5083333333333333,1.0,0.1011512756347656,120
bigscience/bloom-560m,0,side,8,1,en,informative,hi,0.6083333333333333,1.0,0.4040272076924642,120
bigscience/bloom-560m,0,side,8,1,en,neutral,bn,0.4,0.0,-0.2004241128762563,120
bigscience/bloom-560m,0,side,8,1,en,neutral,en,0.5,0.5,0.0,120
bigscience/bloom-560m,0,side,8,1,en,neutral,hi,0.4833333333333333,0.4666666666666667,0.003046158949534,120
bigscience/bloom-560m,0,side,10,1,en,informative,bn,0.6583333333333333,1.0,0.341823289791743,120
bigscience/bloom-560m,0,side,10,1,en,informative,en,0.5083333333333333,1.0,0.1091639200846354,120
bigscience/bloom-560m,0,side,10,1,en,informative,hi,0.6166666666666667,1.0,0.4056208451588948,120
bigscience/bloom-560m,0,side,10,1,en,neutral,bn,0.425,0.0,-0.1803153018156687,120
bigscience/bloom-560m,0,side,10,1,en,neutral,en,0.5,0.5,0.0,120
bigscience/bloom-560m,0,side,10,1,en,neutral,hi,0.5083333333333333,0.4833333333333333,0.0026146272818247,120
bigscience/bloom-560m,0,side,12,1,en,informative,bn,0.6666666666666666,0.9833333333333332,0.3387367208798726,120
bigscience/bloom-560m,0,side,12,1,en,informative,en,0.5083333333333333,1.0,0.0971946716308593,120
bigscience/bloom-560m,0,side,12,1,en,informative,hi,0.6333333333333333,1.0,0.4061670949061711,120
bigscience/bloom-560m,0,side,12,1,en,neutral,bn,0.425,0.0,-0.1748634696006775,120
bigscience/bloom-560m,0,side,12,1,en,neutral,en,0.5,0.5,0.0,120
bigscience/bloom-560m,0,side,12,1,en,neutral,hi,0.4916666666666666,0.45,-0.0100181351105372,120
bigscience/bloom-560m,0,side,12,4,en,informative,bn,0.7,1.0,0.3618051687876383,120
bigscience/bloom-560m,0,side,12,4,en,informative,en,0.5083333333333333,0.9666666666666668,0.053870137532552,120
bigscience/bloom-560m,0,side,12,4,en,informative,hi,0.6166666666666667,0.9666666666666668,0.339881040652593,120
bigscience/bloom-560m,0,side,12,4,en,neutral,bn,0.4583333333333333,0.0,-0.1720854103565216,120
bigscience/bloom-560m,0,side,12,4,en,neutral,en,0.5,0.5,0.0,120
bigscience/bloom-560m,0,side,12,4,en,neutral,hi,0.5,0.6,0.023073536157608,120
bigscience/bloom-560m,0,side,14,1,en,informative,bn,0.6583333333333333,1.0,0.3382794876893361,120
bigscience/bloom-560m,0,side,14,1,en,informative,en,0.5083333333333333,1.0,0.1087354024251302,120
bigscience/bloom-560m,0,side,14,1,en,informative,hi,0.6166666666666667,1.0,0.4229529450337092,120
bigscience/bloom-560m,0,side,14,1,en,neutral,bn,0.425,0.0,-0.1868800024191538,120
bigscience/bloom-560m,0,side,14,1,en,neutral,en,0.5,0.5,0.0,120
bigscience/bloom-560m,0,side,14,1,en,neutral,hi,0.475,0.4666666666666667,-0.0027500430742899,120
bigscience/bloom-560m,0,side,16,1,en,informative,bn,0.675,1.0,0.348488171895345,120
bigscience/bloom-560m,0,side,16,1,en,informative,en,0.525,1.0,0.1161916097005208,120
bigscience/bloom-560m,0,side,16,1,en,informative,hi,0.6083333333333333,1.0,0.3737862060467402,120
bigscience/bloom-560m,0,side,16,1,en,neutral,bn,0.4416666666666666,0.0,-0.1752182821432749,120
bigscience/bloom-560m,0,side,16,1,en,neutral,en,0.5,0.5,0.0,120
bigscience/bloom-560m,0,side,16,1,en,neutral,hi,0.475,0.2166666666666666,-0.0434541185696919,120
bigscience/bloom-560m,0,side,18,1,en,informative,bn,0.6583333333333333,0.95,0.3107552369435628,120
bigscience/bloom-560m,0,side,18,1,en,informative,en,0.5666666666666667,1.0,0.1398274739583333,120
bigscience/bloom-560m,0,side,18,1,en,informative,hi,0.5916666666666667,1.0,0.4070974508921305,120
bigscience/bloom-560m,0,side,18,1,en,neutral,bn,0.4416666666666666,0.0166666666666666,-0.1666710615158081,120
bigscience/bloom-560m,0,side,18,1,en,neutral,en,0.5,0.5,0.0,120
bigscience/bloom-560m,0,side,18,1,en,neutral,hi,0.4833333333333333,0.2666666666666666,-0.0378636956214904,120
bigscience/bloom-560m,0,side,20,1,en,informative,bn,0.65,0.9833333333333332,0.3162388185660044,120
bigscience/bloom-560m,0,side,20,1,en,informative,en,0.5166666666666667,1.0,0.1045908610026041,120
bigscience/bloom-560m,0,side,20,1,en,informative,hi,0.6083333333333333,0.9666666666666668,0.3762161016464233,120
bigscience/bloom-560m,0,side,20,1,en,neutral,bn,0.4416666666666666,0.0,-0.1683703700701395,120
bigscience/bloom-560m,0,side,20,1,en,neutral,en,0.5,0.5,0.0,120
bigscience/bloom-560m,0,side,20,1,en,neutral,hi,0.475,0.35,-0.0279020299514134,120
bigscience/bloom-560m,0,side,22,1,en,informative,bn,0.7,1.0,0.3630963702996572,120
bigscience/bloom-560m,0,side,22,1,en,informative,en,0.5083333333333333,1.0,0.0870765686035156,120
bigscience/bloom-560m,0,side,22,1,en,informative,hi,0.6166666666666667,0.9833333333333332,0.3458109378814697,120
bigscience/bloom-560m,0,side,22,1,en,neutral,bn,0.4416666666666666,0.05,-0.1392754713694254,120
bigscience/bloom-560m,0,side,22,1,en,neutral,en,0.5,0.5,0.0,120
bigscience/bloom-560m,0,side,22,1,en,neutral,hi,0.4916666666666666,0.2833333333333333,-0.0293181786934534,120
bigscience/bloom-560m,0,gender,0,1,bn,informative,bn,0.5,1.0,0.5972245663404465,120
bigscience/bloom-560m,0,gender,0,1,bn,informative,en,0.9666666666666668,1.0,0.5671618143717448,120
bigscience/bloom-560m,0,gender,0,1,bn,informative,hi,0.725,1.0,0.4429432312647501,120
bigscience/bloom-560m,0,gender,0,1,bn,neutral,bn,0.5,0.6,0.0486674338579177,120
bigscience/bloom-560m,0,gender,0,1,bn,neutral,en,0.8583333333333333,1.0,0.5211761474609375,120
bigscience/bloom-560m,0,gender,0,1,bn,neutral,hi,0.55,1.0,0.1886525233586629,120
bigscience/bloom-560m,0,gender,2,1,bn,informative,bn,0.5,1.0,0.3247049947579701,120
bigscience/bloom-560m,0,gender,2,1,bn,informative,en,0.975,1.0,0.5654747009277343,120
bigscience/bloom-560m,0,gender,2,1,bn,informative,hi,0.7166666666666667,1.0,0.4467627882957458,120
bigscience/bloom-560m,0,gender,2,1,bn,neutral,bn,0.5,0.0,-0.281919793287913,120
bigscience/bloom-560m,0,gender,2,1,bn,neutral,en,0.85,1.0,0.5205525716145833,120
bigscience/bloom-560m,0,gender,2,1,bn,neutral,hi,0.5416666666666666,1.0,0.1869134386380513,120
bigscience/bloom-560m,0,gender,4,1,bn,informative,bn,0.5,1.0,0.6117847929398219,120
bigscience/bloom-560m,0,gender,4,1,bn,informative,en,0.95,1.0,0.5526214599609375,120
bigscience/bloom-560m,0,gender,4,1,bn,informative,hi,0.725,1.0,0.441527251402537,120
bigscience/bloom-560m,0,gender,4,1,bn,neutral,bn,0.5,0.65,0.0494853029648462,120
bigscience/bloom-560m,0,gender,4,1,bn,neutral,en,0.85,1.0,0.5196678161621093,120
bigscience/bloom-560m,0,gender,4,1,bn,neutral,hi,0.5583333333333333,1.0,0.1809270064036051,120
bigscience/bloom-560m,0,gender,6,1,bn,informative,bn,0.5,1.0,0.6133384476105372,120
bigscience/bloom-560m,0,gender,6,1,bn,informative,en,0.9666666666666668,1.0,0.573749033610026,120
bigscience/bloom-560m,0,gender,6,1,bn,informative,hi,0.7083333333333334,1.0,0.4589697122573852,120
bigscience/bloom-560m,0,gender,6,1,bn,neutral,bn,0.5,0.7166666666666667,0.0641748299201329,120
bigscience/bloom-560m,0,gender,6,1,bn,neutral,en,0.85,1.0,0.5280415852864583,120
bigscience/bloom-560m,0,gender,6,1,bn,neutral,hi,0.5416666666666666,1.0,0.2042620023091634,120
bigscience/bloom-560m,0,gender,8,1,bn,informative,bn,0.5,1.0,0.6402744303146998,120
bigscience/bloom-560m,0,gender,8,1,bn,informative,en,0.9666666666666668,1.0,0.5711390177408854,120
bigscience/bloom-560m,0,gender,8,1,bn,informative,hi,0.7,1.0,0.4414592385292053,120
bigscience/bloom-560m,0,gender,8,1,bn,neutral,bn,0.5,0.8,0.0924416253964106,120
bigscience/bloom-560m,0,gender,8,1,bn,neutral,en,0.8583333333333333,1.0,0.522845967610677,120
bigscience/bloom-560m,0,gender,8,1,bn,neutral,hi,0.5333333333333333,1.0,0.1901126146316528,120
bigscience/bloom-560m,0,gender,10,1,bn,informative,bn,0.5,1.0,0.6221852719783783,120
bigscience/bloom-560m,0,gender,10,1,bn,informative,en,0.9833333333333332,1.0,0.5981330871582031,120
bigscience/bloom-560m,0,gender,10,1,bn,informative,hi,0.7,1.0,0.4351178328196207,120
bigscience/bloom-560m,0,gender,10,1,bn,neutral,bn,0.5,0.7833333333333333,0.0801289439201355,120
bigscience/bloom-560m,0,gender,10,1,bn,neutral,en,0.8666666666666667,1.0,0.5475107828776041,120
bigscience/bloom-560m,0,gender,10,1,bn,neutral,hi,0.5333333333333333,1.0,0.1843668540318807,120
bigscience/bloom-560m,0,gender,12,1,bn,informative,bn,0.5,1.0,0.5181563357512157,120
bigscience/bloom-560m,0,gender,12,1,bn,informative,en,0.9833333333333332,1.0,0.5891609191894531,120
bigscience/bloom-560m,0,gender,12,1,bn,informative,hi,0.6666666666666666,1.0,0.4431417147318522,120
bigscience/bloom-560m,0,gender,12,1,bn,neutral,bn,0.5,0.55,0.0172663976748784,120
bigscience/bloom-560m,0,gender,12,1,bn,neutral,en,0.85,1.0,0.5290616353352865,120
bigscience/bloom-560m,0,gender,12,1,bn,neutral,hi,0.5333333333333333,1.0,0.1784146547317505,120
bigscience/bloom-560m,0,gender,12,4,bn,informative,bn,0.5,1.0,0.5805677940448125,120
bigscience/bloom-560m,0,gender,12,4,bn,informative,en,0.9166666666666666,1.0,0.5680137634277344,120
bigscience/bloom-560m,0,gender,12,4,bn,informative,hi,0.675,1.0,0.4407203555107116,120
bigscience/bloom-560m,0,gender,12,4,bn,neutral,bn,0.5,0.7666666666666667,0.0811102747917175,120
bigscience/bloom-560m,0,gender,12,4,bn,neutral,en,0.8666666666666667,1.0,0.5177640279134115,120
bigscience/bloom-560m,0,gender,12,4,bn,neutral,hi,0.5333333333333333,1.0,0.18647514184316,120
bigscience/bloom-560m,0,gender,14,1,bn,informative,bn,0.5,1.0,0.5716920077800751,120
bigscience/bloom-560m,0,gender,14,1,bn,informative,en,0.95,1.0,0.5704503377278646,120
bigscience/bloom-560m,0,gender,14,1,bn,informative,hi,0.7083333333333334,1.0,0.3964192310969034,120
bigscience/bloom-560m,0,gender,14,1,bn,neutral,bn,0.5,0.7666666666666667,0.0748014628887176,120
bigscience/bloom-560m,0,gender,14,1,bn,neutral,en,0.85,1.0,0.5133890787760417,120
bigscience/bloom-560m,0,gender,14,1,bn,neutral,hi,0.5333333333333333,1.0,0.1617130597432454,120
bigscience/bloom-560m,0,gender,16,1,bn,informative,bn,0.5,1.0,0.6303856492042541,120
bigscience/bloom-560m,0,gender,16,1,bn,informative,en,0.9583333333333334,1.0,0.5805895487467448,120
bigscience/bloom-560m,0,gender,16,1,bn,informative,hi,0.725,1.0,0.4542415420214335,120
bigscience/bloom-560m,0,gender,16,1,bn,neutral,bn,0.5,0.65,0.0508941709995269,120
bigscience/bloom-560m,0,gender,16,1,bn,neutral,en,0.8916666666666667,1.0,0.5318868001302083,120
bigscience/bloom-560m,0,gender,16,1,bn,neutral,hi,0.55,1.0,0.1845803578694661,120
bigscience/bloom-560m,0,gender,18,1,bn,informative,bn,0.5,1.0,0.6364882697661718,120
bigscience/bloom-560m,0,gender,18,1,bn,informative,en,0.95,1.0,0.610680898030599,120
bigscience/bloom-560m,0,gender,18,1,bn,informative,hi,0.725,1.0,0.514616479476293,120
bigscience/bloom-560m,0,gender,18,1,bn,neutral,bn,0.5,0.5333333333333333,0.0091655433177947,120
bigscience/bloom-560m,0,gender,18,1,bn,neutral,en,0.9166666666666666,1.0,0.5755213419596354,120
bigscience/bloom-560m,0,gender,18,1,bn,neutral,hi,0.5833333333333334,1.0,0.2243899265925089,120
bigscience/bloom-560m,0,gender,20,1,bn,informative,bn,0.5,1.0,0.567702200015386,120
bigscience/bloom-560m,0,gender,20,1,bn,informative,en,0.9666666666666668,1.0,0.5336619059244792,120
bigscience/bloom-560m,0,gender,20,1,bn,informative,hi,0.7166666666666667,1.0,0.4542784174283346,120
bigscience/bloom-560m,0,gender,20,1,bn,neutral,bn,0.5,0.6166666666666667,0.0274609565734863,120
bigscience/bloom-560m,0,gender,20,1,bn,neutral,en,0.8666666666666667,1.0,0.4915918986002604,120
bigscience/bloom-560m,0,gender,20,1,bn,neutral,hi,0.575,1.0,0.201454754670461,120
bigscience/bloom-560m,0,gender,22,1,bn,informative,bn,0.5,1.0,0.5496072808901469,120
bigscience/bloom-560m,0,gender,22,1,bn,informative,en,0.9583333333333334,1.0,0.5532867431640625,120
bigscience/bloom-560m,0,gender,22,1,bn,informative,hi,0.7333333333333333,1.0,0.4157484968503316,120
bigscience/bloom-560m,0,gender,22,1,bn,neutral,bn,0.5,0.5666666666666667,0.0151043107112248,120
bigscience/bloom-560m,0,gender,22,1,bn,neutral,en,0.85,1.0,0.5091990152994792,120
bigscience/bloom-560m,0,gender,22,1,bn,neutral,hi,0.5666666666666667,0.9833333333333332,0.1595844586690266,120
bigscience/bloom-560m,0,gender,0,1,hi,informative,bn,0.5,1.0,0.5680224965016047,120
bigscience/bloom-560m,0,gender,0,1,hi,informative,en,0.95,1.0,0.5575528462727865,120
bigscience/bloom-560m,0,gender,0,1,hi,informative,hi,0.7166666666666667,1.0,0.4345534761746724,120
bigscience/bloom-560m,0,gender,0,1,hi,neutral,bn,0.5,0.6166666666666667,0.0333713998397191,120
bigscience/bloom-560m,0,gender,0,1,hi,neutral,en,0.85,1.0,0.519159444173177,120
bigscience/bloom-560m,0,gender,0,1,hi,neutral,hi,0.5416666666666666,1.0,0.1800440311431884,120
bigscience/bloom-560m,0,gender,2,1,hi,informative,bn,0.5,1.0,0.5781130462884903,120
bigscience/bloom-560m,0,gender,2,1,hi,informative,en,0.9666666666666668,1.0,0.5613685607910156,120
bigscience/bloom-560m,0,gender,2,1,hi,informative,hi,0.725,1.0,0.4695868174235026,120
bigscience/bloom-560m,0,gender,2,1,hi,neutral,bn,0.5,0.6166666666666667,0.0376887867848078,120
bigscience/bloom-560m,0,gender,2,1,hi,neutral,en,0.8583333333333333,1.0,0.5191792805989583,120
bigscience/bloom-560m,0,gender,2,1,hi,neutral,hi,0.5583333333333333,1.0,0.2089607159296671,120
bigscience/bloom-560m,0,gender,4,1,hi,informative,bn,0.5,1.0,0.5844645271698634,120
bigscience/bloom-560m,0,gender,4,1,hi,informative,en,0.9666666666666668,1.0,0.5586321512858073,120
bigscience/bloom-560m,0,gender,4,1,hi,informative,hi,0.7166666666666667,1.0,0.4394671638806661,120
bigscience/bloom-560m,0,gender,4,1,hi,neutral,bn,0.5,0.65,0.0442915946245193,120
bigscience/bloom-560m,0,gender,4,1,hi,neutral,en,0.85,1.0,0.5165211995442708,120
bigscience/bloom-560m,0,gender,4,1,hi,neutral,hi,0.5416666666666666,1.0,0.1777535796165466,120
bigscience/bloom-560m,0,gender,6,1,hi,informative,bn,0.5,1.0,0.589303383231163,120
bigscience/bloom-560m,0,gender,6,1,hi,informative,en,0.9666666666666668,1.0,0.5601003011067708,120
bigscience/bloom-560m,0,gender,6,1,hi,informative,hi,0.7083333333333334,1.0,0.4225773135821024,120
bigscience/bloom-560m,0,gender,6,1,hi,neutral,bn,0.5,0.6333333333333333,0.0429976880550384,120
bigscience/bloom-560m,0,gender,6,1,hi,neutral,en,0.85,1.0,0.5180325826009115,120
bigscience/bloom-560m,0,gender,6,1,hi,neutral,hi,0.55,0.9833333333333332,0.1661298791567484,120
bigscience/bloom-560m,0,gender,8,1,hi,informative,bn,0.5,1.0,0.5875833610693614,120
bigscience/bloom-560m,0,gender,8,1,hi,informative,en,0.9833333333333332,1.0,0.5641962687174479,120
bigscience/bloom-560m,0,gender,8,1,hi,informative,hi,0.7083333333333334,1.0,0.4469051202138265,120
bigscience/bloom-560m,0,gender,8,1,hi,neutral,bn,0.5,0.6333333333333333,0.0434902509053548,120
bigscience/bloom-560m,0,gender,8,1,hi,neutral,en,0.8583333333333333,1.0,0.5186609903971354,120
bigscience/bloom-560m,0,gender,8,1,hi,neutral,hi,0.55,1.0,0.1866572459538777,120
bigscience/bloom-560m,0,gender,10,1,hi,informative,bn,0.5,1.0,0.5954983909924825,120
bigscience/bloom-560m,0,gender,10,1,hi,informative,en,0.9833333333333332,1.0,0.5670817057291667,120
bigscience/bloom-560m,0,gender,10,1,hi,informative,hi,0.7083333333333334,1.0,0.4272334456443786,120
bigscience/bloom-560m,0,gender,10,1,hi,neutral,bn,0.5,0.6666666666666666,0.0518293152252833,120
bigscience/bloom-560m,0,gender,10,1,hi,neutral,en,0.85,1.0,0.5178741455078125,120
bigscience/bloom-560m,0,gender,10,1,hi,neutral,hi,0.5416666666666666,1.0,0.1662973602612813,120
bigscience/bloom-560m,0,gender,12,1,hi,informative,bn,0.5,1.0,0.5651287068923314,120
bigscience/bloom-560m,0,gender,12,1,hi,informative,en,0.9583333333333334,1.0,0.5624412536621094,120
bigscience/bloom-560m,0,gender,12,1,hi,informative,hi,0.7083333333333334,1.0,0.4102083563804626,120
bigscience/bloom-560m,0,gender,12,1,hi,neutral,bn,0.5,0.6333333333333333,0.0449352482954661,120
bigscience/bloom-560m,0,gender,12,1,hi,neutral,en,0.875,1.0,0.5186564127604166,120
bigscience/bloom-560m,0,gender,12,1,hi,neutral,hi,0.5333333333333333,0.9833333333333332,0.1555206298828125,120
bigscience/bloom-560m,0,gender,12,4,hi,informative,bn,0.5,1.0,0.5714923073848088,120
bigscience/bloom-560m,0,gender,12,4,hi,informative,en,0.9666666666666668,1.0,0.5233922322591146,120
bigscience/bloom-560m,0,gender,12,4,hi,informative,hi,0.6333333333333333,1.0,0.3381456017494201,120
bigscience/bloom-560m,0,gender,12,4,hi,neutral,bn,0.5,0.6333333333333333,0.0473261892795562,120
bigscience/bloom-560m,0,gender,12,4,hi,neutral,en,0.8583333333333333,1.0,0.4813924153645833,120
bigscience/bloom-560m,0,gender,12,4,hi,neutral,hi,0.5166666666666667,0.9166666666666666,0.1061692674954732,120
bigscience/bloom-560m,0,gender,14,1,hi,informative,bn,0.5,1.0,0.5795102417469025,120
bigscience/bloom-560m,0,gender,14,1,hi,informative,en,0.9416666666666668,1.0,0.555652109781901,120
bigscience/bloom-560m,0,gender,14,1,hi,informative,hi,0.725,1.0,0.443529733022054,120
bigscience/bloom-560m,0,gender,14,1,hi,neutral,bn,0.5,0.6666666666666666,0.0582948098580042,120
bigscience/bloom-560m,0,gender,14,1,hi,neutral,en,0.8583333333333333,1.0,0.508275858561198,120
bigscience/bloom-560m,0,gender,14,1,hi,neutral,hi,0.55,1.0,0.1936542709668477,120
bigscience/bloom-560m,0,gender,16,1,hi,informative,bn,0.5,1.0,0.5692883123954137,120
bigscience/bloom-560m,0,gender,16,1,hi,informative,en,0.95,1.0,0.5373664855957031,120
bigscience/bloom-560m,0,gender,16,1,hi,informative,hi,0.675,1.0,0.3925587097803751,120
bigscience/bloom-560m,0,gender,16,1,hi,neutral,bn,0.5,0.6166666666666667,0.0375207165877024,120
bigscience/bloom-560m,0,gender,16,1,hi,neutral,en,0.8583333333333333,1.0,0.49647216796875,120
bigscience/bloom-560m,0,gender,16,1,hi,neutral,hi,0.5333333333333333,0.9666666666666668,0.1395756244659423,120
bigscience/bloom-560m,0,gender,18,1,hi,informative,bn,0.5,1.0,0.5663358380397161,120
bigscience/bloom-560m,0,gender,18,1,hi,informative,en,0.9166666666666666,1.0,0.5094912211100261,120
bigscience/bloom-560m,0,gender,18,1,hi,informative,hi,0.575,1.0,0.3309661825497945,120
bigscience/bloom-560m,0,gender,18,1,hi,neutral,bn,0.5,0.65,0.0494214663902918,120
bigscience/bloom-560m,0,gender,18,1,hi,neutral,en,0.8833333333333333,1.0,0.4537297566731771,120
bigscience/bloom-560m,0,gender,18,1,hi,neutral,hi,0.5,0.8,0.0788343985875447,120
bigscience/bloom-560m,0,gender,20,1,hi,informative,bn,0.5,1.0,0.589296301205953,120
bigscience/bloom-560m,0,gender,20,1,hi,informative,en,0.9083333333333332,1.0,0.4937454223632812,120
bigscience/bloom-560m,0,gender,20,1,hi,informative,hi,0.5583333333333333,1.0,0.2834079583485921,120
bigscience/bloom-560m,0,gender,20,1,hi,neutral,bn,0.5,0.6333333333333333,0.0468141059080759,120
bigscience/bloom-560m,0,gender,20,1,hi,neutral,en,0.825,1.0,0.4567771911621093,120
bigscience/bloom-560m,0,gender,20,1,hi,neutral,hi,0.5,0.7,0.0275596062342325,120
bigscience/bloom-560m,0,gender,22,1,hi,informative,bn,0.5,1.0,0.5812882721424103,120
bigscience/bloom-560m,0,gender,22,1,hi,informative,en,0.95,1.0,0.4980791727701822,120
bigscience/bloom-560m,0,gender,22,1,hi,informative,hi,0.6583333333333333,1.0,0.355457063515981,120
bigscience/bloom-560m,0,gender,22,1,hi,neutral,bn,0.5,0.6333333333333333,0.042942476272583,120
bigscience/bloom-560m,0,gender,22,1,hi,neutral,en,0.8583333333333333,1.0,0.4579353332519531,120
bigscience/bloom-560m,0,gender,22,1,hi,neutral,hi,0.525,0.9,0.1019205490748087,120
bigscience/bloom-560m,0,gender,0,1,en,informative,bn,0.5,1.0,0.585056244333585,120
bigscience/bloom-560m,0,gender,0,1,en,informative,en,0.9333333333333332,1.0,0.5439740498860677,120
bigscience/bloom-560m,0,gender,0,1,en,informative,hi,0.725,1.0,0.4295531233151753,120
bigscience/bloom-560m,0,gender,0,1,en,neutral,bn,0.5,0.65,0.0517784436543782,120
bigscience/bloom-560m,0,gender,0,1,en,neutral,en,0.8416666666666667,1.0,0.5095649719238281,120
bigscience/bloom-560m,0,gender,0,1,en,neutral,hi,0.55,1.0,0.1788752834002177,120
bigscience/bloom-560m,0,gender,2,1,en,informative,bn,0.5,1.0,0.5783416430155436,120
bigscience/bloom-560m,0,gender,2,1,en,informative,en,0.9666666666666668,1.0,0.5686424255371094,120
bigscience/bloom-560m,0,gender,2,1,en,informative,hi,0.725,1.0,0.4610487620035807,120
bigscience/bloom-560m,0,gender,2,1,en,neutral,bn,0.5,0.6166666666666667,0.0328778813282648,120
bigscience/bloom-560m,0,gender,2,1,en,neutral,en,0.8416666666666667,1.0,0.5049395243326823,120
bigscience/bloom-560m,0,gender,2,1,en,neutral,hi,0.5583333333333333,1.0,0.1968744079271952,120
bigscience/bloom-560m,0,gender,4,1,en,informative,bn,0.5,1.0,0.5897992372512817,120
bigscience/bloom-560m,0,gender,4,1,en,informative,en,0.9583333333333334,1.0,0.580791727701823,120
bigscience/bloom-560m,0,gender,4,1,en,informative,hi,0.725,1.0,0.4546246846516927,120
bigscience/bloom-560m,0,gender,4,1,en,neutral,bn,0.5,0.6333333333333333,0.0447643369436264,120
bigscience/bloom-560m,0,gender,4,1,en,neutral,en,0.85,1.0,0.5328104654947917,120
bigscience/bloom-560m,0,gender,4,1,en,neutral,hi,0.5416666666666666,1.0,0.1881446480751037,120
bigscience/bloom-560m,0,gender,6,1,en,informative,bn,0.5,1.0,0.5759482433398565,120
bigscience/bloom-560m,0,gender,6,1,en,informative,en,0.9,1.0,0.5265848795572917,120
bigscience/bloom-560m,0,gender,6,1,en,informative,hi,0.725,1.0,0.4506822228431701,120
bigscience/bloom-560m,0,gender,6,1,en,neutral,bn,0.5,0.6666666666666666,0.047969161470731,120
bigscience/bloom-560m,0,gender,6,1,en,neutral,en,0.8416666666666667,1.0,0.4719779968261718,120
bigscience/bloom-560m,0,gender,6,1,en,neutral,hi,0.55,1.0,0.1881713589032491,120
bigscience/bloom-560m,0,gender,8,1,en,informative,bn,0.5,1.0,0.5801739503939947,120
bigscience/bloom-560m,0,gender,8,1,en,informative,en,0.9083333333333332,1.0,0.5029273986816406,120
bigscience/bloom-560m,0,gender,8,1,en,informative,hi,0.725,1.0,0.4513269186019897,120
bigscience/bloom-560m,0,gender,8,1,en,neutral,bn,0.5,0.6666666666666666,0.0505466967821121,120
bigscience/bloom-560m,0,gender,8,1,en,neutral,en,0.8416666666666667,1.0,0.456744384765625,120
bigscience/bloom-560m,0,gender,8,1,en,neutral,hi,0.55,1.0,0.1886198719342549,120
bigscience/bloom-560m,0,gender,10,1,en,informative,bn,0.5,1.0,0.5670963933070501,120
bigscience/bloom-560m,0,gender,10,1,en,informative,en,0.9416666666666668,1.0,0.4894887288411458,120
bigscience/bloom-560m,0,gender,10,1,en,informative,hi,0.725,1.0,0.41349063316981,120
bigscience/bloom-560m,0,gender,10,1,en,neutral,bn,0.5,0.6333333333333333,0.0477645854155222,120
bigscience/bloom-560m,0,gender,10,1,en,neutral,en,0.8416666666666667,1.0,0.4511868794759114,120
bigscience/bloom-560m,0,gender,10,1,en,neutral,hi,0.55,1.0,0.1596741040547688,120
bigscience/bloom-560m,0,gender,12,1,en,informative,bn,0.5,1.0,0.5805120845635732,120
bigscience/bloom-560m,0,gender,12,1,en,informative,en,0.9166666666666666,1.0,0.5105913798014323,120
bigscience/bloom-560m,0,gender,12,1,en,informative,hi,0.7166666666666667,1.0,0.3912591814994812,120
bigscience/bloom-560m,0,gender,12,1,en,neutral,bn,0.5,0.6333333333333333,0.0390333463748296,120
bigscience/bloom-560m,0,gender,12,1,en,neutral,en,0.8416666666666667,1.0,0.4829727172851562,120
bigscience/bloom-560m,0,gender,12,1,en,neutral,hi,0.55,0.9833333333333332,0.1586834947268168,120
bigscience/bloom-560m,0,gender,12,4,en,informative,bn,0.5,1.0,0.6091956754525503,120
bigscience/bloom-560m,0,gender,12,4,en,informative,en,0.75,1.0,0.3055170694986979,120
bigscience/bloom-560m,0,gender,12,4,en,informative,hi,0.7083333333333334,1.0,0.3705069979031881,120
bigscience/bloom-560m,0,gender,12,4,en,neutral,bn,0.5,0.7666666666666667,0.0786299755175908,120
bigscience/bloom-560m,0,gender,12,4,en,neutral,en,0.8,1.0,0.3055229187011719,120
bigscience/bloom-560m,0,gender,12,4,en,neutral,hi,0.55,0.9833333333333332,0.1436235706011454,120
bigscience/bloom-560m,0,gender,14,1,en,informative,bn,0.5,1.0,0.5836778412262599,120
bigscience/bloom-560m,0,gender,14,1,en,informative,en,0.95,1.0,0.5446085611979167,120
bigscience/bloom-560m,0,gender,14,1,en,informative,hi,0.7416666666666667,1.0,0.4223568320274353,120
bigscience/bloom-560m,0,gender,14,1,en,neutral,bn,0.5,0.65,0.0504431764284769,120
bigscience/bloom-560m,0,gender,14,1,en,neutral,en,0.8583333333333333,1.0,0.5220820109049479,120
bigscience/bloom-560m,0,gender,14,1,en,neutral,hi,0.5833333333333334,1.0,0.1811035911242167,120
bigscience/bloom-560m,0,gender,16,1,en,informative,bn,0.5,1.0,0.5827800124883652,120
bigscience/bloom-560m,0,gender,16,1,en,informative,en,0.95,1.0,0.5540257771809896,120
bigscience/bloom-560m,0,gender,16,1,en,informative,hi,0.7416666666666667,1.0,0.4615314602851867,120
bigscience/bloom-560m,0,gender,16,1,en,neutral,bn,0.5,0.6666666666666666,0.0517850905656814,120
bigscience/bloom-560m,0,gender,16,1,en,neutral,en,0.85,1.0,0.5217086791992187,120
bigscience/bloom-560m,0,gender,16,1,en,neutral,hi,0.575,1.0,0.1948872049649556,120
bigscience/bloom-560m,0,gender,18,1,en,informative,bn,0.5,1.0,0.542749731739362,120
bigscience/bloom-560m,0,gender,18,1,en,informative,en,0.9,1.0,0.4957237243652344,120
bigscience/bloom-560m,0,gender,18,1,en,informative,hi,0.7416666666666667,1.0,0.4265086730321248,120
bigscience/bloom-560m,0,gender,18,1,en,neutral,bn,0.5,0.6,0.0309119304021199,120
bigscience/bloom-560m,0,gender,18,1,en,neutral,en,0.8166666666666667,1.0,0.4564064025878906,120
bigscience/bloom-560m,0,gender,18,1,en,neutral,hi,0.575,1.0,0.167960262298584,120
bigscience/bloom-560m,0,gender,20,1,en,informative,bn,0.5,1.0,0.5349998126427332,120
bigscience/bloom-560m,0,gender,20,1,en,informative,en,0.9583333333333334,1.0,0.4863271077473958,120
bigscience/bloom-560m,0,gender,20,1,en,informative,hi,0.6666666666666666,1.0,0.3759816726048787,120
bigscience/bloom-560m,0,gender,20,1,en,neutral,bn,0.5,0.6166666666666667,0.0289377470811208,120
bigscience/bloom-560m,0,gender,20,1,en,neutral,en,0.875,1.0,0.4552441914876302,120
bigscience/bloom-560m,0,gender,20,1,en,neutral,hi,0.525,0.9833333333333332,0.1106764435768127,120
bigscience/bloom-560m,0,gender,22,1,en,informative,bn,0.5,1.0,0.5639139155546824,120
bigscience/bloom-560m,0,gender,22,1,en,informative,en,0.9666666666666668,1.0,0.4441701253255208,120
bigscience/bloom-560m,0,gender,22,1,en,informative,hi,0.6666666666666666,1.0,0.3773954788843791,120
bigscience/bloom-560m,0,gender,22,1,en,neutral,bn,0.5,0.6166666666666667,0.0323412348826726,120
bigscience/bloom-560m,0,gender,22,1,en,neutral,en,0.8666666666666667,1.0,0.4094721476236979,120
bigscience/bloom-560m,0,gender,22,1,en,neutral,hi,0.525,0.9333333333333332,0.1252889672915141,120
bigscience/bloom-560m,0,side,0,1,random,informative,bn,0.6583333333333333,0.95,0.3163106799125671,120
bigscience/bloom-560m,0,side,0,1,random,informative,en,0.5083333333333333,0.9833333333333332,0.0794026692708333,120
bigscience/bloom-560m,0,side,0,1,random,informative,hi,0.6166666666666667,0.9833333333333332,0.3447429378827413,120
bigscience/bloom-560m,0,side,0,1,random,neutral,bn,0.4416666666666666,0.0,-0.1783483703931172,120
bigscience/bloom-560m,0,side,0,1,random,neutral,en,0.5,0.5,0.0,120
bigscience/bloom-560m,0,side,0,1,random,neutral,hi,0.4916666666666666,0.2833333333333333,-0.0279913226763407,120
bigscience/bloom-560m,0,gender,0,1,random,informative,bn,0.5,1.0,0.5901778509219487,120
bigscience/bloom-560m,0,gender,0,1,random,informative,en,0.9666666666666668,1.0,0.5604024251302083,120
bigscience/bloom-560m,0,gender,0,1,random,informative,hi,0.725,1.0,0.4467649340629577,120
bigscience/bloom-560m,0,gender,0,1,random,neutral,bn,0.5,0.6833333333333333,0.0575908124446868,120
bigscience/bloom-560m,0,gender,0,1,random,neutral,en,0.85,1.0,0.5176406860351562,120
bigscience/bloom-560m,0,gender,0,1,random,neutral,hi,0.5416666666666666,1.0,0.1880619088808695,120
bigscience/bloom-560m,0,side,2,1,random,informative,bn,0.6666666666666666,0.95,0.3242843945821126,120
bigscience/bloom-560m,0,side,2,1,random,informative,en,0.5083333333333333,0.9833333333333332,0.080847676595052,120
bigscience/bloom-560m,0,side,2,1,random,informative,hi,0.625,0.9833333333333332,0.3482851127783457,120
bigscience/bloom-560m,0,side,2,1,random,neutral,bn,0.4333333333333333,0.0,-0.1786834081013997,120
bigscience/bloom-560m,0,side,2,1,random,neutral,en,0.5,0.5,0.0,120
bigscience/bloom-560m,0,side,2,1,random,neutral,hi,0.4833333333333333,0.3166666666666666,-0.0224799662828445,120
bigscience/bloom-560m,0,gender,2,1,random,informative,bn,0.5,1.0,0.5728705863157908,120
bigscience/bloom-560m,0,gender,2,1,random,informative,en,0.9666666666666668,1.0,0.5548708597819011,120
bigscience/bloom-560m,0,gender,2,1,random,informative,hi,0.7166666666666667,1.0,0.4463561375935872,120
bigscience/bloom-560m,0,gender,2,1,random,neutral,bn,0.5,0.6333333333333333,0.0429544607798258,120
bigscience/bloom-560m,0,gender,2,1,random,neutral,en,0.85,1.0,0.5148539225260417,120
bigscience/bloom-560m,0,gender,2,1,random,neutral,hi,0.5416666666666666,1.0,0.1902522444725036,120
bigscience/bloom-560m,0,side,4,1,random,informative,bn,0.6666666666666666,0.95,0.3233400781949361,120
bigscience/bloom-560m,0,side,4,1,random,informative,en,0.5083333333333333,0.9833333333333332,0.080230967203776,120
bigscience/bloom-560m,0,side,4,1,random,informative,hi,0.6166666666666667,0.9833333333333332,0.3470317780971527,120
bigscience/bloom-560m,0,side,4,1,random,neutral,bn,0.4333333333333333,0.0,-0.1806835651397705,120
bigscience/bloom-560m,0,side,4,1,random,neutral,en,0.5,0.5,0.0,120
bigscience/bloom-560m,0,side,4,1,random,neutral,hi,0.4916666666666666,0.3166666666666666,-0.0261411706606547,120
bigscience/bloom-560m,0,gender,4,1,random,informative,bn,0.5,1.0,0.5838603198528289,120
bigscience/bloom-560m,0,gender,4,1,random,informative,en,0.9666666666666668,1.0,0.5605033874511719,120
bigscience/bloom-560m,0,gender,4,1,random,informative,hi,0.725,1.0,0.4474665721257527,120
bigscience/bloom-560m,0,gender,4,1,random,neutral,bn,0.5,0.6333333333333333,0.0456458568572998,120
bigscience/bloom-560m,0,gender,4,1,random,neutral,en,0.8583333333333333,1.0,0.5178860982259115,120
bigscience/bloom-560m,0,gender,4,1,random,neutral,hi,0.55,1.0,0.1908536632855733,120
bigscience/bloom-560m,0,side,6,1,random,informative,bn,0.6916666666666667,0.95,0.3127728998661041,120
bigscience/bloom-560m,0,side,6,1,random,informative,en,0.5083333333333333,0.9833333333333332,0.0810216267903645,120
bigscience/bloom-560m,0,side,6,1,random,informative,hi,0.6333333333333333,1.0,0.3623459408680597,120
bigscience/bloom-560m,0,side,6,1,random,neutral,bn,0.4416666666666666,0.0,-0.178317791223526,120
bigscience/bloom-560m,0,side,6,1,random,neutral,en,0.5,0.5,0.0,120
bigscience/bloom-560m,0,side,6,1,random,neutral,hi,0.4833333333333333,0.3333333333333333,-0.0207353164752324,120
bigscience/bloom-560m,0,gender,6,1,random,informative,bn,0.5,1.0,0.5865612328052521,120
bigscience/bloom-560m,0,gender,6,1,random,informative,en,0.9666666666666668,1.0,0.5679865519205729,120
bigscience/bloom-560m,0,gender,6,1,random,informative,hi,0.725,1.0,0.4430461804072062,120
bigscience/bloom-560m,0,gender,6,1,random,neutral,bn,0.5,0.6333333333333333,0.0448350548744201,120
bigscience/bloom-560m,0,gender,6,1,random,neutral,en,0.85,1.0,0.5218238830566406,120
bigscience/bloom-560m,0,gender,6,1,random,neutral,hi,0.5416666666666666,1.0,0.1885694185892741,120
bigscience/bloom-560m,0,side,8,1,random,informative,bn,0.7,0.95,0.3254708309968313,120
bigscience/bloom-560m,0,side,8,1,random,informative,en,0.5083333333333333,0.9833333333333332,0.0755569458007812,120
bigscience/bloom-560m,0,side,8,1,random,informative,hi,0.6166666666666667,1.0,0.359986267487208,120
bigscience/bloom-560m,0,side,8,1,random,neutral,bn,0.4416666666666666,0.0166666666666666,-0.1601199269294738,120
bigscience/bloom-560m,0,side,8,1,random,neutral,en,0.5,0.5,0.0,120
bigscience/bloom-560m,0,side,8,1,random,neutral,hi,0.4916666666666666,0.45,-0.0117819507916768,120
bigscience/bloom-560m,0,gender,8,1,random,informative,bn,0.5,1.0,0.5800698777039845,120
bigscience/bloom-560m,0,gender,8,1,random,informative,en,0.9583333333333334,1.0,0.5569206237792969,120
bigscience/bloom-560m,0,gender,8,1,random,informative,hi,0.725,1.0,0.4388615647951762,120
bigscience/bloom-560m,0,gender,8,1,random,neutral,bn,0.5,0.65,0.0457011282444,120
bigscience/bloom-560m,0,gender,8,1,random,neutral,en,0.85,1.0,0.5128799438476562,120
bigscience/bloom-560m,0,gender,8,1,random,neutral,hi,0.55,1.0,0.1824552456537882,120
bigscience/bloom-560m,0,side,10,1,random,informative,bn,0.6666666666666666,0.9666666666666668,0.3332527995109558,120
bigscience/bloom-560m,0,side,10,1,random,informative,en,0.5083333333333333,1.0,0.0846338907877604,120
bigscience/bloom-560m,0,side,10,1,random,informative,hi,0.6166666666666667,0.9833333333333332,0.3454978177944819,120
bigscience/bloom-560m,0,side,10,1,random,neutral,bn,0.4416666666666666,0.0,-0.1779642701148986,120
bigscience/bloom-560m,0,side,10,1,random,neutral,en,0.5,0.5,0.0,120
bigscience/bloom-560m,0,side,10,1,random,neutral,hi,0.4916666666666666,0.3333333333333333,-0.028627927104632,120
bigscience/bloom-560m,0,gender,10,1,random,informative,bn,0.5,1.0,0.5877213964859644,120
bigscience/bloom-560m,0,gender,10,1,random,informative,en,0.9833333333333332,1.0,0.5688077290852864,120
bigscience/bloom-560m,0,gender,10,1,random,informative,hi,0.7083333333333334,1.0,0.4463477611541748,120
bigscience/bloom-560m,0,gender,10,1,random,neutral,bn,0.5,0.65,0.0499179661273956,120
bigscience/bloom-560m,0,gender,10,1,random,neutral,en,0.8583333333333333,1.0,0.5257194519042969,120
bigscience/bloom-560m,0,gender,10,1,random,neutral,hi,0.5416666666666666,1.0,0.1955976764361063,120
bigscience/bloom-560m,0,side,12,1,random,informative,bn,0.675,0.95,0.3113874832789103,120
bigscience/bloom-560m,0,side,12,1,random,informative,en,0.5083333333333333,0.9833333333333332,0.0802116394042968,120
bigscience/bloom-560m,0,side,12,1,random,informative,hi,0.625,0.9833333333333332,0.3475046863158544,120
bigscience/bloom-560m,0,side,12,1,random,neutral,bn,0.4333333333333333,0.0,-0.1810819566249847,120
bigscience/bloom-560m,0,side,12,1,random,neutral,en,0.5,0.5,0.0,120
bigscience/bloom-560m,0,side,12,1,random,neutral,hi,0.4833333333333333,0.3333333333333333,-0.0243715822696685,120
bigscience/bloom-560m,0,gender,12,1,random,informative,bn,0.5,1.0,0.5937347422043483,120
bigscience/bloom-560m,0,gender,12,1,random,informative,en,0.95,1.0,0.5536847432454427,120
bigscience/bloom-560m,0,gender,12,1,random,informative,hi,0.7166666666666667,1.0,0.4426043669382731,120
bigscience/bloom-560m,0,gender,12,1,random,neutral,bn,0.5,0.6333333333333333,0.0474038690328598,120
bigscience/bloom-560m,0,gender,12,1,random,neutral,en,0.85,1.0,0.5099995930989584,120
bigscience/bloom-560m,0,gender,12,1,random,neutral,hi,0.5416666666666666,1.0,0.1872643987337748,120
bigscience/bloom-560m,0,side,12,4,random,informative,bn,0.6666666666666666,0.95,0.3217837393283844,120
bigscience/bloom-560m,0,side,12,4,random,informative,en,0.5083333333333333,0.9833333333333332,0.084717051188151,120
bigscience/bloom-560m,0,side,12,4,random,informative,hi,0.6166666666666667,1.0,0.36496162712574,120
bigscience/bloom-560m,0,side,12,4,random,neutral,bn,0.45,0.0,-0.1660438855489095,120
bigscience/bloom-560m,0,side,12,4,random,neutral,en,0.5,0.5,0.0,120
bigscience/bloom-560m,0,side,12,4,random,neutral,hi,0.475,0.3666666666666666,-0.0192484080791473,120
bigscience/bloom-560m,0,gender,12,4,random,informative,bn,0.5,1.0,0.5906308462222417,120
bigscience/bloom-560m,0,gender,12,4,random,informative,en,0.9666666666666668,1.0,0.5540524800618489,120
bigscience/bloom-560m,0,gender,12,4,random,informative,hi,0.725,1.0,0.4518068552017212,120
bigscience/bloom-560m,0,gender,12,4,random,neutral,bn,0.5,0.6333333333333333,0.0455706944068272,120
bigscience/bloom-560m,0,gender,12,4,random,neutral,en,0.8583333333333333,1.0,0.5022692362467448,120
bigscience/bloom-560m,0,gender,12,4,random,neutral,hi,0.55,1.0,0.1822138428688049,120
bigscience/bloom-560m,0,side,14,1,random,informative,bn,0.6666666666666666,0.95,0.322370038429896,120
bigscience/bloom-560m,0,side,14,1,random,informative,en,0.5083333333333333,0.9833333333333332,0.0799326578776041,120
bigscience/bloom-560m,0,side,14,1,random,informative,hi,0.6166666666666667,0.9833333333333332,0.3414242992798487,120
bigscience/bloom-560m,0,side,14,1,random,neutral,bn,0.4333333333333333,0.0,-0.1818705181280772,120
bigscience/bloom-560m,0,side,14,1,random,neutral,en,0.5,0.5,0.0,120
bigscience/bloom-560m,0,side,14,1,random,neutral,hi,0.4833333333333333,0.2666666666666666,-0.0346178789933522,120
bigscience/bloom-560m,0,gender,14,1,random,informative,bn,0.5,1.0,0.5886700997749964,120
bigscience/bloom-560m,0,gender,14,1,random,informative,en,0.975,1.0,0.5558949788411458,120
bigscience/bloom-560m,0,gender,14,1,random,informative,hi,0.7083333333333334,1.0,0.4468408187230428,120
bigscience/bloom-560m,0,gender,14,1,random,neutral,bn,0.5,0.6333333333333333,0.0449640621741612,120
bigscience/bloom-560m,0,gender,14,1,random,neutral,en,0.85,1.0,0.509808349609375,120
bigscience/bloom-560m,0,gender,14,1,random,neutral,hi,0.55,1.0,0.1894389828046163,120
bigscience/bloom-560m,0,side,16,1,random,informative,bn,0.65,0.95,0.3248036503791809,120
bigscience/bloom-560m,0,side,16,1,random,informative,en,0.5083333333333333,1.0,0.084466552734375,120
bigscience/bloom-560m,0,side,16,1,random,informative,hi,0.6166666666666667,1.0,0.3560311148564021,120
bigscience/bloom-560m,0,side,16,1,random,neutral,bn,0.4416666666666666,0.0,-0.1736585358778635,120
bigscience/bloom-560m,0,side,16,1,random,neutral,en,0.5,0.5,0.0,120
bigscience/bloom-560m,0,side,16,1,random,neutral,hi,0.4833333333333333,0.2833333333333333,-0.0275704423586527,120
bigscience/bloom-560m,0,gender,16,1,random,informative,bn,0.5,1.0,0.5878165662288666,120
bigscience/bloom-560m,0,gender,16,1,random,informative,en,0.9666666666666668,1.0,0.5648292541503906,120
bigscience/bloom-560m,0,gender,16,1,random,informative,hi,0.7083333333333334,1.0,0.4444639245669047,120
bigscience/bloom-560m,0,gender,16,1,random,neutral,bn,0.5,0.6333333333333333,0.048370694120725,120
bigscience/bloom-560m,0,gender,16,1,random,neutral,en,0.8583333333333333,1.0,0.5196230570475261,120
bigscience/bloom-560m,0,gender,16,1,random,neutral,hi,0.5416666666666666,1.0,0.1882678786913554,120
bigscience/bloom-560m,0,side,18,1,random,informative,bn,0.6666666666666666,0.95,0.3095655520757039,120
bigscience/bloom-560m,0,side,18,1,random,informative,en,0.5083333333333333,0.9833333333333332,0.0760157267252604,120
bigscience/bloom-560m,0,side,18,1,random,informative,hi,0.6166666666666667,0.9833333333333332,0.3237306902805964,120
bigscience/bloom-560m,0,side,18,1,random,neutral,bn,0.4333333333333333,0.0,-0.1790466030438741,120
bigscience/bloom-560m,0,side,18,1,random,neutral,en,0.5,0.5,0.0,120
bigscience/bloom-560m,0,side,18,1,random,neutral,hi,0.4916666666666666,0.2666666666666666,-0.0337408910195032,120
bigscience/bloom-560m,0,gender,18,1,random,informative,bn,0.5,1.0,0.5782918731371561,120
bigscience/bloom-560m,0,gender,18,1,random,informative,en,0.9666666666666668,1.0,0.5597295125325521,120
bigscience/bloom-560m,0,gender,18,1,random,informative,hi,0.725,1.0,0.4410919030507406,120
bigscience/bloom-560m,0,gender,18,1,random,neutral,bn,0.5,0.6333333333333333,0.0455439001321792,120
bigscience/bloom-560m,0,gender,18,1,random,neutral,en,0.85,1.0,0.5172953287760417,120
bigscience/bloom-560m,0,gender,18,1,random,neutral,hi,0.55,1.0,0.1834543148676554,120
bigscience/bloom-560m,0,side,20,1,random,informative,bn,0.6666666666666666,0.95,0.3189331471920013,120
bigscience/bloom-560m,0,side,20,1,random,informative,en,0.5083333333333333,0.9833333333333332,0.0814539591471354,120
bigscience/bloom-560m,0,side,20,1,random,informative,hi,0.6166666666666667,0.9833333333333332,0.3455126494169235,120
bigscience/bloom-560m,0,side,20,1,random,neutral,bn,0.4333333333333333,0.0,-0.1804618378480275,120
bigscience/bloom-560m,0,side,20,1,random,neutral,en,0.5,0.5,0.0,120
bigscience/bloom-560m,0,side,20,1,random,neutral,hi,0.4916666666666666,0.2833333333333333,-0.0295789877573649,120
bigscience/bloom-560m,0,gender,20,1,random,informative,bn,0.5,1.0,0.5855647931496303,120
bigscience/bloom-560m,0,gender,20,1,random,informative,en,0.975,1.0,0.5643175760904948,120
bigscience/bloom-560m,0,gender,20,1,random,informative,hi,0.725,1.0,0.4572283744812012,120
bigscience/bloom-560m,0,gender,20,1,random,neutral,bn,0.5,0.6333333333333333,0.0464865724245707,120
bigscience/bloom-560m,0,gender,20,1,random,neutral,en,0.85,1.0,0.5206258138020833,120
bigscience/bloom-560m,0,gender,20,1,random,neutral,hi,0.55,1.0,0.1975831468900044,120
bigscience/bloom-560m,0,side,22,1,random,informative,bn,0.65,0.95,0.3234355986118317,120
bigscience/bloom-560m,0,side,22,1,random,informative,en,0.5083333333333333,0.9833333333333332,0.0799044291178385,120
bigscience/bloom-560m,0,side,22,1,random,informative,hi,0.625,0.9833333333333332,0.3238965729872385,120
bigscience/bloom-560m,0,side,22,1,random,neutral,bn,0.45,0.0,-0.1784814059734344,120
bigscience/bloom-560m,0,side,22,1,random,neutral,en,0.5,0.5,0.0,120
bigscience/bloom-560m,0,side,22,1,random,neutral,hi,0.4666666666666667,0.2166666666666666,-0.0419720460971196,120
bigscience/bloom-560m,0,gender,22,1,random,informative,bn,0.5,1.0,0.5862141370773315,120
bigscience/bloom-560m,0,gender,22,1,random,informative,en,0.9583333333333334,1.0,0.562628173828125,120
bigscience/bloom-560m,0,gender,22,1,random,informative,hi,0.725,1.0,0.444787335395813,120
bigscience/bloom-560m,0,gender,22,1,random,neutral,bn,0.5,0.6666666666666666,0.0545379430055618,120
bigscience/bloom-560m,0,gender,22,1,random,neutral,en,0.8583333333333333,1.0,0.520221201578776,120
bigscience/bloom-560m,0,gender,22,1,random,neutral,hi,0.55,1.0,0.1883039275805155,120
bigscience/bloom-560m,1,side,-1,0,none,informative,bn,0.5833333333333334,0.9833333333333332,0.2896991471449534,120
bigscience/bloom-560m,1,side,-1,0,none,informative,en,0.5416666666666666,0.9666666666666668,0.0604199727376302,120
bigscience/bloom-560m,1,side,-1,0,none,informative,hi,0.6666666666666666,1.0,0.4604900638262431,120
bigscience/bloom-560m,1,side,-1,0,none,neutral,bn,0.4833333333333333,0.2666666666666666,-0.0822338322798411,120
bigscience/bloom-560m,1,side,-1,0,none,neutral,en,0.5,0.5,0.0,120
bigscience/bloom-560m,1,side,-1,0,none,neutral,hi,0.5416666666666666,0.6833333333333333,0.0406550238529841,120
bigscience/bloom-560m,1,gender,-1,0,none,informative,bn,0.5,1.0,0.5976706008116405,120
bigscience/bloom-560m,1,gender,-1,0,none,informative,en,0.85,1.0,0.561114501953125,120
bigscience/bloom-560m,1,gender,-1,0,none,informative,hi,0.6083333333333333,1.0,0.5312920371691386,120
bigscience/bloom-560m,1,gender,-1,0,none,neutral,bn,0.5,0.6,0.0438461949427922,120
bigscience/bloom-560m,1,gender,-1,0,none,neutral,en,0.875,1.0,0.5513359069824219,120
bigscience/bloom-560m,1,gender,-1,0,none,neutral,hi,0.5083333333333333,1.0,0.228276518980662,120
bigscience/bloom-560m,1,side,0,1,bn,informative,bn,0.5833333333333334,0.9833333333333332,0.2998691380023956,120
bigscience/bloom-560m,1,side,0,1,bn,informative,en,0.5416666666666666,0.9666666666666668,0.0598014831542968,120
bigscience/bloom-560m,1,side,0,1,bn,informative,hi,0.6583333333333333,1.0,0.4608259201049804,120
bigscience/bloom-560m,1,side,0,1,bn,neutral,bn,0.4833333333333333,0.2833333333333333,-0.0613128105799357,120
bigscience/bloom-560m,1,side,0,1,bn,neutral,en,0.5,0.5,0.0,120
bigscience/bloom-560m,1,side,0,1,bn,neutral,hi,0.5416666666666666,0.7,0.0383042633533477,120
bigscience/bloom-560m,1,side,2,1,bn,informative,bn,0.575,0.9166666666666666,0.2382602214813232,120
bigscience/bloom-560m,1,side,2,1,bn,informative,en,0.5333333333333333,0.95,0.0568471272786458,120
bigscience/bloom-560m,1,side,2,1,bn,informative,hi,0.6666666666666666,1.0,0.4444016267855962,120
bigscience/bloom-560m,1,side,2,1,bn,neutral,bn,0.4833333333333333,0.0333333333333333,-0.1455840408802032,120
bigscience/bloom-560m,1,side,2,1,bn,neutral,en,0.5,0.5,0.0,120
bigscience/bloom-560m,1,side,2,1,bn,neutral,hi,0.5166666666666667,0.6666666666666666,0.0314732283353805,120
bigscience/bloom-560m,1,side,4,1,bn,informative,bn,0.575,0.9833333333333332,0.2626893122990926,120
bigscience/bloom-560m,1,side,4,1,bn,informative,en,0.5,0.9333333333333332,0.0520434061686197,120
bigscience/bloom-560m,1,side,4,1,bn,informative,hi,0.65,1.0,0.4488360285758972,120
bigscience/bloom-560m,1,side,4,1,bn,neutral,bn,0.4833333333333333,0.1166666666666666,-0.1006759444872538,120
bigscience/bloom-560m,1,side,4,1,bn,neutral,en,0.5,0.5,0.0,120
bigscience/bloom-560m,1,side,4,1,bn,neutral,hi,0.55,0.6833333333333333,0.0353901048501332,120
bigscience/bloom-560m,1,side,6,1,bn,informative,bn,0.5833333333333334,1.0,0.3407934804757436,120
bigscience/bloom-560m,1,side,6,1,bn,informative,en,0.5333333333333333,0.9666666666666668,0.059454854329427,120
bigscience/bloom-560m,1,side,6,1,bn,informative,hi,0.6583333333333333,1.0,0.4749425758918126,120
bigscience/bloom-560m,1,side,6,1,bn,neutral,bn,0.4833333333333333,0.3,-0.0706447740395863,120
bigscience/bloom-560m,1,side,6,1,bn,neutral,en,0.5,0.5,0.0,120
bigscience/bloom-560m,1,side,6,1,bn,neutral,hi,0.55,0.7833333333333333,0.0754011899232864,120
bigscience/bloom-560m,1,side,8,1,bn,informative,bn,0.575,1.0,0.3030744890371958,120
bigscience/bloom-560m,1,side,8,1,bn,informative,en,0.55,0.9666666666666668,0.0617820739746093,120
bigscience/bloom-560m,1,side,8,1,bn,informative,hi,0.6416666666666667,1.0,0.4615438411633173,120
bigscience/bloom-560m,1,side,8,1,bn,neutral,bn,0.4833333333333333,0.15,-0.1083686331907908,120
bigscience/bloom-560m,1,side,8,1,bn,neutral,en,0.5,0.5,0.0,120
bigscience/bloom-560m,1,side,8,1,bn,neutral,hi,0.55,0.7166666666666667,0.0515812983115514,120
bigscience/bloom-560m,1,side,10,1,bn,informative,bn,0.575,1.0,0.2904182175795237,120
bigscience/bloom-560m,1,side,10,1,bn,informative,en,0.5333333333333333,0.9666666666666668,0.0606887817382812,120
bigscience/bloom-560m,1,side,10,1,bn,informative,hi,0.6416666666666667,1.0,0.4431436230738957,120
bigscience/bloom-560m,1,side,10,1,bn,neutral,bn,0.4833333333333333,0.25,-0.0858638187249501,120
bigscience/bloom-560m,1,side,10,1,bn,neutral,en,0.5,0.5,0.0,120
bigscience/bloom-560m,1,side,10,1,bn,neutral,hi,0.5333333333333333,0.65,0.027663454413414,120
bigscience/bloom-560m,1,side,12,1,bn,informative,bn,0.575,0.9666666666666668,0.258340980609258,120
bigscience/bloom-560m,1,side,12,1,bn,informative,en,0.5166666666666667,0.95,0.0581738789876302,120
bigscience/bloom-560m,1,side,12,1,bn,informative,hi,0.6416666666666667,1.0,0.4517931252717971,120
bigscience/bloom-560m,1,side,12,1,bn,neutral,bn,0.4916666666666666,0.2333333333333333,-0.0922478675842285,120
bigscience/bloom-560m,1,side,12,1,bn,neutral,en,0.5,0.5,0.0,120
bigscience/bloom-560m,1,side,12,1,bn,neutral,hi,0.525,0.7,0.0443962484598159,120
bigscience/bloom-560m,1,side,12,4,bn,informative,bn,0.5666666666666667,0.95,0.2590665280818939,120
bigscience/bloom-560m,1,side,12,4,bn,informative,en,0.5083333333333333,0.9333333333333332,0.058191426595052,120
bigscience/bloom-560m,1,side,12,4,bn,informative,hi,0.6583333333333333,1.0,0.4680263300736745,120
bigscience/bloom-560m,1,side,12,4,bn,neutral,bn,0.4916666666666666,0.2666666666666666,-0.1004945854345957,120
bigscience/bloom-560m,1,side,12,4,bn,neutral,en,0.5,0.5,0.0,120
bigscience/bloom-560m,1,side,12,4,bn,neutral,hi,0.5166666666666667,0.7,0.0510366340478261,120
bigscience/bloom-560m,1,side,14,1,bn,informative,bn,0.575,0.9833333333333332,0.263040957848231,120
bigscience/bloom-560m,1,side,14,1,bn,informative,en,0.5166666666666667,0.9666666666666668,0.0594754536946614,120
bigscience/bloom-560m,1,side,14,1,bn,informative,hi,0.6583333333333333,1.0,0.4623309661944707,120
bigscience/bloom-560m,1,side,14,1,bn,neutral,bn,0.4833333333333333,0.2666666666666666,-0.0895049134890238,120
bigscience/bloom-560m,1,side,14,1,bn,neutral,en,0.5,0.5,0.0,120
bigscience/bloom-560m,1,side,14,1,bn,neutral,hi,0.5416666666666666,0.7,0.0468004564444224,120
bigscience/bloom-560m,1,side,16,1,bn,informative,bn,0.575,0.9833333333333332,0.2742387553056081,120
bigscience/bloom-560m,1,side,16,1,bn,informative,en,0.5416666666666666,0.9666666666666668,0.0637702941894531,120
bigscience/bloom-560m,1,side,16,1,bn,informative,hi,0.6666666666666666,1.0,0.4629417767127355,120
bigscience/bloom-560m,1,side,16,1,bn,neutral,bn,0.4833333333333333,0.1833333333333333,-0.1022440612316131,120
bigscience/bloom-560m,1,side,16,1,bn,neutral,en,0.5,0.5,0.0,120
bigscience/bloom-560m,1,side,16,1,bn,neutral,hi,0.5333333333333333,0.6833333333333333,0.0276850670576095,120
bigscience/bloom-560m,1,side,18,1,bn,informative,bn,0.575,0.9833333333333332,0.2695672233899434,120
bigscience/bloom-560m,1,side,18,1,bn,informative,en,0.5416666666666666,0.9666666666666668,0.064697774251302,120
bigscience/bloom-560m,1,side,18,1,bn,informative,hi,0.6666666666666666,1.0,0.4535330404837926,120
bigscience/bloom-560m,1,side,18,1,bn,neutral,bn,0.4833333333333333,0.0833333333333333,-0.1235282222429911,120
bigscience/bloom-560m,1,side,18,1,bn,neutral,en,0.5,0.5,0.0,120
bigscience/bloom-560m,1,side,18,1,bn,neutral,hi,0.5166666666666667,0.6333333333333333,0.022215782602628,120
bigscience/bloom-560m,1,side,20,1,bn,informative,bn,0.575,0.9833333333333332,0.2742248594760895,120
bigscience/bloom-560m,1,side,20,1,bn,informative,en,0.5,0.9666666666666668,0.0628733317057291,120
bigscience/bloom-560m,1,side,20,1,bn,informative,hi,0.6666666666666666,1.0,0.4692750036716461,120
bigscience/bloom-560m,1,side,20,1,bn,neutral,bn,0.4833333333333333,0.2166666666666666,-0.1011764248212178,120
bigscience/bloom-560m,1,side,20,1,bn,neutral,en,0.5,0.5,0.0,120
bigscience/bloom-560m,1,side,20,1,bn,neutral,hi,0.5416666666666666,0.6833333333333333,0.0393205523490905,120
bigscience/bloom-560m,1,side,22,1,bn,informative,bn,0.5666666666666667,0.9333333333333332,0.2126026074091593,120
bigscience/bloom-560m,1,side,22,1,bn,informative,en,0.5166666666666667,0.9666666666666668,0.0603113810221354,120
bigscience/bloom-560m,1,side,22,1,bn,informative,hi,0.65,1.0,0.4660265336434046,120
bigscience/bloom-560m,1,side,22,1,bn,neutral,bn,0.4833333333333333,0.0666666666666666,-0.1289297580718994,120
bigscience/bloom-560m,1,side,22,1,bn,neutral,en,0.5,0.5,0.0,120
bigscience/bloom-560m,1,side,22,1,bn,neutral,hi,0.5416666666666666,0.7,0.0456697920958201,120
bigscience/bloom-560m,1,side,0,1,hi,informative,bn,0.575,0.9833333333333332,0.286790116628011,120
bigscience/bloom-560m,1,side,0,1,hi,informative,en,0.5166666666666667,0.9583333333333334,0.0576024373372395,120
bigscience/bloom-560m,1,side,0,1,hi,informative,hi,0.65,1.0,0.445284949739774,120
bigscience/bloom-560m,1,side,0,1,hi,neutral,bn,0.4833333333333333,0.2666666666666666,-0.0785117467244466,120
bigscience/bloom-560m,1,side,0,1,hi,neutral,en,0.5,0.5,0.0,120
bigscience/bloom-560m,1,side,0,1,hi,neutral,hi,0.55,0.6166666666666667,0.0382889986038208,120
bigscience/bloom-560m,1,side,2,1,hi,informative,bn,0.575,0.9833333333333332,0.2739994525909424,120
bigscience/bloom-560m,1,side,2,1,hi,informative,en,0.5166666666666667,0.9666666666666668,0.0618512471516927,120
bigscience/bloom-560m,1,side,2,1,hi,informative,hi,0.6666666666666666,1.0,0.505944961309433,120
bigscience/bloom-560m,1,side,2,1,hi,neutral,bn,0.4833333333333333,0.2333333333333333,-0.0951360980669657,120
bigscience/bloom-560m,1,side,2,1,hi,neutral,en,0.5,0.5,0.0,120
bigscience/bloom-560m,1,side,2,1,hi,neutral,hi,0.55,0.8666666666666667,0.0759602308273315,120
bigscience/bloom-560m,1,side,4,1,hi,informative,bn,0.575,0.9833333333333332,0.2872498412926992,120
bigscience/bloom-560m,1,side,4,1,hi,informative,en,0.5416666666666666,0.9666666666666668,0.0619003295898437,120
bigscience/bloom-560m,1,side,4,1,hi,informative,hi,0.5916666666666667,0.9833333333333332,0.3282007316748301,120
bigscience/bloom-560m,1,side,4,1,hi,neutral,bn,0.4833333333333333,0.25,-0.0879230022430419,120
bigscience/bloom-560m,1,side,4,1,hi,neutral,en,0.5,0.5,0.0,120
bigscience/bloom-560m,1,side,4,1,hi,neutral,hi,0.4666666666666667,0.15,-0.079950546224912,120
bigscience/bloom-560m,1,side,6,1,hi,informative,bn,0.575,0.9833333333333332,0.2677717765172323,120
bigscience/bloom-560m,1,side,6,1,hi,informative,en,0.5416666666666666,0.9916666666666668,0.0670249938964843,120
bigscience/bloom-560m,1,side,6,1,hi,informative,hi,0.65,1.0,0.4450845301151275,120
bigscience/bloom-560m,1,side,6,1,hi,neutral,bn,0.4833333333333333,0.2666666666666666,-0.0902264873186747,120
bigscience/bloom-560m,1,side,6,1,hi,neutral,en,0.5,0.5,0.0,120
bigscience/bloom-560m,1,side,6,1,hi,neutral,hi,0.55,0.7166666666666667,0.0535298158725102,120
bigscience/bloom-560m,1,side,8,1,hi,informative,bn,0.5833333333333334,1.0,0.2970029870669047,120
bigscience/bloom-560m,1,side,8,1,hi,informative,en,0.5583333333333333,1.0,0.0725290934244791,120
bigscience/bloom-560m,1,side,8,1,hi,informative,hi,0.6916666666666667,1.0,0.5737518658240636,120
bigscience/bloom-560m,1,side,8,1,hi,neutral,bn,0.4833333333333333,0.2833333333333333,-0.0695108791192372,120
bigscience/bloom-560m,1,side,8,1,hi,neutral,en,0.5,0.5,0.0,120
bigscience/bloom-560m,1,side,8,1,hi,neutral,hi,0.55,0.9166666666666666,0.1135143836339314,120
bigscience/bloom-560m,1,side,10,1,hi,informative,bn,0.575,0.9833333333333332,0.2754884084065755,120
bigscience/bloom-560m,1,side,10,1,hi,informative,en,0.5333333333333333,0.9666666666666668,0.0634531656901041,120
bigscience/bloom-560m,1,side,10,1,hi,informative,hi,0.6666666666666666,1.0,0.5275313675403595,120
bigscience/bloom-560m,1,side,10,1,hi,neutral,bn,0.4833333333333333,0.2666666666666666,-0.0780006070931752,120
bigscience/bloom-560m,1,side,10,1,hi,neutral,en,0.5,0.5,0.0,120
bigscience/bloom-560m,1,side,10,1,hi,neutral,hi,0.55,0.8666666666666667,0.0841472297906875,120
bigscience/bloom-560m,1,side,12,1,hi,informative,bn,0.5833333333333334,1.0,0.2846569716930389,120
bigscience/bloom-560m,1,side,12,1,hi,informative,en,0.5166666666666667,0.9666666666666668,0.0631187438964843,120
bigscience/bloom-560m,1,side,12,1,hi,informative,hi,0.675,1.0,0.5154106785853704,120
bigscience/bloom-560m,1,side,12,1,hi,neutral,bn,0.4833333333333333,0.2666666666666666,-0.0734285612901051,120
bigscience/bloom-560m,1,side,12,1,hi,neutral,en,0.5,0.5,0.0,120
bigscience/bloom-560m,1,side,12,1,hi,neutral,hi,0.5333333333333333,0.7333333333333333,0.0654338091611862,120
bigscience/bloom-560m,1,side,12,4,hi,informative,bn,0.575,0.9833333333333332,0.2628841499487559,120
bigscience/bloom-560m,1,side,12,4,hi,informative,en,0.5166666666666667,0.9666666666666668,0.0564112345377604,120
bigscience/bloom-560m,1,side,12,4,hi,informative,hi,0.6,0.95,0.3554011235634486,120
bigscience/bloom-560m,1,side,12,4,hi,neutral,bn,0.4833333333333333,0.2666666666666666,-0.0830916802088419,120
bigscience/bloom-560m,1,side,12,4,hi,neutral,en,0.5,0.5,0.0,120
bigscience/bloom-560m,1,side,12,4,hi,neutral,hi,0.475,0.3333333333333333,-0.0389971743027369,120
bigscience/bloom-560m,1,side,14,1,hi,informative,bn,0.5833333333333334,0.9833333333333332,0.2854891041914622,120
bigscience/bloom-560m,1,side,14,1,hi,informative,en,0.55,0.9666666666666668,0.0619483947753906,120
bigscience/bloom-560m,1,side,14,1,hi,informative,hi,0.6833333333333333,1.0,0.5359124253193538,120
bigscience/bloom-560m,1,side,14,1,hi,neutral,bn,0.4833333333333333,0.2666666666666666,-0.0779856125513712,120
bigscience/bloom-560m,1,side,14,1,hi,neutral,en,0.5,0.5,0.0,120
bigscience/bloom-560m,1,side,14,1,hi,neutral,hi,0.5333333333333333,0.85,0.0825470278660456,120
bigscience/bloom-560m,1,side,16,1,hi,informative,bn,0.5833333333333334,0.9833333333333332,0.2856413861115773,120
bigscience/bloom-560m,1,side,16,1,hi,informative,en,0.5416666666666666,0.9666666666666668,0.0630243937174479,120
bigscience/bloom-560m,1,side,16,1,hi,informative,hi,0.6666666666666666,1.0,0.5160706371068955,120
bigscience/bloom-560m,1,side,16,1,hi,neutral,bn,0.4833333333333333,0.2666666666666666,-0.0810206413269043,120
bigscience/bloom-560m,1,side,16,1,hi,neutral,en,0.5,0.5,0.0,120
bigscience/bloom-560m,1,side,16,1,hi,neutral,hi,0.5416666666666666,0.7333333333333333,0.0674557318290074,120
bigscience/bloom-560m,1,side,18,1,hi,informative,bn,0.575,0.9833333333333332,0.2896312932173411,120
bigscience/bloom-560m,1,side,18,1,hi,informative,en,0.5333333333333333,1.0,0.0732709248860677,120
bigscience/bloom-560m,1,side,18,1,hi,informative,hi,0.6833333333333333,1.0,0.526009131471316,120
bigscience/bloom-560m,1,side,18,1,hi,neutral,bn,0.4833333333333333,0.2833333333333333,-0.073488712310791,120
bigscience/bloom-560m,1,side,18,1,hi,neutral,en,0.5,0.5,0.0,120
bigscience/bloom-560m,1,side,18,1,hi,neutral,hi,0.55,0.8166666666666667,0.0790892720222473,120
bigscience/bloom-560m,1,side,20,1,hi,informative,bn,0.575,0.9833333333333332,0.2883267343044281,120
bigscience/bloom-560m,1,side,20,1,hi,informative,en,0.5166666666666667,0.9666666666666668,0.0612319946289062,120
bigscience/bloom-560m,1,side,20,1,hi,informative,hi,0.6583333333333333,1.0,0.4421899060408274,120
bigscience/bloom-560m,1,side,20,1,hi,neutral,bn,0.4833333333333333,0.2666666666666666,-0.0832222084204355,120
bigscience/bloom-560m,1,side,20,1,hi,neutral,en,0.5,0.5,0.0,120
bigscience/bloom-560m,1,side,20,1,hi,neutral,hi,0.4916666666666666,0.5833333333333334,0.0171223918596903,120
bigscience/bloom-560m,1,side,22,1,hi,informative,bn,0.575,0.9833333333333332,0.2781947990258535,120
bigscience/bloom-560m,1,side,22,1,hi,informative,en,0.5416666666666666,0.9666666666666668,0.0604469299316406,120
bigscience/bloom-560m,1,side,22,1,hi,informative,hi,0.625,1.0,0.4071042706569036,120
bigscience/bloom-560m,1,side,22,1,hi,neutral,bn,0.4833333333333333,0.2666666666666666,-0.0913213491439819,120
bigscience/bloom-560m,1,side,22,1,hi,neutral,en,0.5,0.5,0.0,120
bigscience/bloom-560m,1,side,22,1,hi,neutral,hi,0.475,0.5,0.0010819862286249,120
bigscience/bloom-560m,1,side,0,1,en,informative,bn,0.5833333333333334,0.9833333333333332,0.2880697508653005,120
bigscience/bloom-560m,1,side,0,1,en,informative,en,0.525,0.9333333333333332,0.0456141153971354,120
bigscience/bloom-560m,1,side,0,1,en,informative,hi,0.65,1.0,0.4906276812156041,120
bigscience/bloom-560m,1,side,0,1,en,neutral,bn,0.4833333333333333,0.2666666666666666,-0.0769515057404836,120
bigscience/bloom-560m,1,side,0,1,en,neutral,en,0.5,0.5,0.0,120
bigscience/bloom-560m,1,side,0,1,en,neutral,hi,0.55,0.7166666666666667,0.056570025285085,120
bigscience/bloom-560m,1,side,2,1,en,informative,bn,0.575,0.9833333333333332,0.2910137474536896,120
bigscience/bloom-560m,1,side,2,1,en,informative,en,0.4916666666666666,0.7333333333333333,0.032281494140625,120
bigscience/bloom-560m,1,side,2,1,en,informative,hi,0.6583333333333333,1.0,0.4642831176519394,120
bigscience/bloom-560m,1,side,2,1,en,neutral,bn,0.4916666666666666,0.2666666666666666,-0.074648912747701,120
bigscience/bloom-560m,1,side,2,1,en,neutral,en,0.5,0.5,0.0,120
bigscience/bloom-560m,1,side,2,1,en,neutral,hi,0.5083333333333333,0.65,0.026944030324618,120
bigscience/bloom-560m,1,side,4,1,en,informative,bn,0.5833333333333334,0.9833333333333332,0.2814859827359517,120
bigscience/bloom-560m,1,side,4,1,en,informative,en,0.525,0.9166666666666666,0.04560546875,120
bigscience/bloom-560m,1,side,4,1,en,informative,hi,0.65,1.0,0.4623016575972239,120
bigscience/bloom-560m,1,side,4,1,en,neutral,bn,0.4833333333333333,0.2333333333333333,-0.0951735397179921,120
bigscience/bloom-560m,1,side,4,1,en,neutral,en,0.5,0.5,0.0,120
bigscience/bloom-560m,1,side,4,1,en,neutral,hi,0.525,0.6833333333333333,0.0359468539555867,120
bigscience/bloom-560m,1,side,6,1,en,informative,bn,0.5833333333333334,0.9833333333333332,0.2854752759138743,120
bigscience/bloom-560m,1,side,6,1,en,informative,en,0.5583333333333333,0.9666666666666668,0.0620892842610677,120
bigscience/bloom-560m,1,side,6,1,en,informative,hi,0.6666666666666666,1.0,0.4806481232245763,120
bigscience/bloom-560m,1,side,6,1,en,neutral,bn,0.4833333333333333,0.2333333333333333,-0.0904064615567525,120
bigscience/bloom-560m,1,side,6,1,en,neutral,en,0.5,0.5,0.0,120
bigscience/bloom-560m,1,side,6,1,en,neutral,hi,0.5333333333333333,0.75,0.0698217680056889,120
bigscience/bloom-560m,1,side,8,1,en,informative,bn,0.6083333333333333,1.0,0.3082815965016683,120
bigscience/bloom-560m,1,side,8,1,en,informative,en,0.5916666666666667,1.0,0.0815114339192708,120
bigscience/bloom-560m,1,side,8,1,en,informative,hi,0.6833333333333333,1.0,0.5173465033372243,120
bigscience/bloom-560m,1,side,8,1,en,neutral,bn,0.475,0.1666666666666666,-0.1030207018057505,120
bigscience/bloom-560m,1,side,8,1,en,neutral,en,0.5,0.5,0.0,120
bigscience/bloom-560m,1,side,8,1,en,neutral,hi,0.525,0.75,0.0719660013914108,120
bigscience/bloom-560m,1,side,10,1,en,informative,bn,0.5833333333333334,1.0,0.3018616457780202,120
bigscience/bloom-560m,1,side,10,1,en,informative,en,0.55,1.0,0.0814203898111979,120
bigscience/bloom-560m,1,side,10,1,en,informative,hi,0.6666666666666666,1.0,0.5094245006640752,120
bigscience/bloom-560m,1,side,10,1,en,neutral,bn,0.4833333333333333,0.2333333333333333,-0.0860986570517222,120
bigscience/bloom-560m,1,side,10,1,en,neutral,en,0.5,0.5,0.0,120
bigscience/bloom-560m,1,side,10,1,en,neutral,hi,0.55,0.7666666666666667,0.0732776542504628,120
bigscience/bloom-560m,1,side,12,1,en,informative,bn,0.575,1.0,0.3081995228926341,120
bigscience/bloom-560m,1,side,12,1,en,informative,en,0.575,1.0,0.0791366577148437,120
bigscience/bloom-560m,1,side,12,1,en,informative,hi,0.675,1.0,0.5079746752977371,120
bigscience/bloom-560m,1,side,12,1,en,neutral,bn,0.4833333333333333,0.2333333333333333,-0.0804531693458557,120
bigscience/bloom-560m,1,side,12,1,en,neutral,en,0.5,0.5,0.0,120
bigscience/bloom-560m,1,side,12,1,en,neutral,hi,0.5333333333333333,0.7166666666666667,0.0620290239651997,120
bigscience/bloom-560m,1,side,12,4,en,informative,bn,0.5666666666666667,1.0,0.2969826022783915,120
bigscience/bloom-560m,1,side,12,4,en,informative,en,0.5333333333333333,0.9666666666666668,0.0569971720377604,120
bigscience/bloom-560m,1,side,12,4,en,informative,hi,0.6333333333333333,0.9833333333333332,0.4365544925133387,120
bigscience/bloom-560m,1,side,12,4,en,neutral,bn,0.4833333333333333,0.2833333333333333,-0.0623437941074371,120
bigscience/bloom-560m,1,side,12,4,en,neutral,en,0.5,0.5,0.0,120
bigscience/bloom-560m,1,side,12,4,en,neutral,hi,0.5416666666666666,0.7,0.0567179063955942,120
bigscience/bloom-560m,1,side,14,1,en,informative,bn,0.5833333333333334,1.0,0.3042658070723216,120
bigscience/bloom-560m,1,side,14,1,en,informative,en,0.5333333333333333,1.0,0.0917653401692708,120
bigscience/bloom-560m,1,side,14,1,en,informative,hi,0.6666666666666666,1.0,0.5225583602984746,120
bigscience/bloom-560m,1,side,14,1,en,neutral,bn,0.4833333333333333,0.2166666666666666,-0.0896894852320353,120
bigscience/bloom-560m,1,side,14,1,en,neutral,en,0.5,0.5,0.0,120
bigscience/bloom-560m,1,side,14,1,en,neutral,hi,0.5416666666666666,0.7333333333333333,0.068635556101799,120
bigscience/bloom-560m,1,side,16,1,en,informative,bn,0.5833333333333334,1.0,0.3310866097609202,120
bigscience/bloom-560m,1,side,16,1,en,informative,en,0.6083333333333333,1.0,0.0987363179524739,120
bigscience/bloom-560m,1,side,16,1,en,informative,hi,0.6666666666666666,1.0,0.4755258282025655,120
bigscience/bloom-560m,1,side,16,1,en,neutral,bn,0.4833333333333333,0.25,-0.0852009753386179,120
bigscience/bloom-560m,1,side,16,1,en,neutral,en,0.5,0.5,0.0,120
bigscience/bloom-560m,1,side,16,1,en,neutral,hi,0.5,0.6333333333333333,0.0218491623799006,120
bigscience/bloom-560m,1,side,18,1,en,informative,bn,0.5666666666666667,1.0,0.2812996864318847,120
bigscience/bloom-560m,1,side,18,1,en,informative,en,0.5916666666666667,1.0,0.1221956888834635,120
bigscience/bloom-560m,1,side,18,1,en,informative,hi,0.6416666666666667,1.0,0.4915434966484706,120
bigscience/bloom-560m,1,side,18,1,en,neutral,bn,0.4833333333333333,0.2166666666666666,-0.0844786047935485,120
bigscience/bloom-560m,1,side,18,1,en,neutral,en,0.5,0.5,0.0,120
bigscience/bloom-560m,1,side,18,1,en,neutral,hi,0.4833333333333333,0.55,0.0132349371910095,120
bigscience/bloom-560m,1,side,20,1,en,informative,bn,0.575,0.9833333333333332,0.2849937359491984,120
bigscience/bloom-560m,1,side,20,1,en,informative,en,0.6,0.9666666666666668,0.0746332804361979,120
bigscience/bloom-560m,1,side,20,1,en,informative,hi,0.6583333333333333,1.0,0.4823578417301178,120
bigscience/bloom-560m,1,side,20,1,en,neutral,bn,0.4833333333333333,0.25,-0.0842902521292368,120
bigscience/bloom-560m,1,side,20,1,en,neutral,en,0.5,0.5,0.0,120
bigscience/bloom-560m,1,side,20,1,en,neutral,hi,0.4916666666666666,0.5833333333333334,0.019690919915835,120
bigscience/bloom-560m,1,side,22,1,en,informative,bn,0.5833333333333334,1.0,0.3279860854148865,120
bigscience/bloom-560m,1,side,22,1,en,informative,en,0.5666666666666667,0.9666666666666668,0.06668701171875,120
bigscience/bloom-560m,1,side,22,1,en,informative,hi,0.6666666666666666,1.0,0.4618574013312658,120
bigscience/bloom-560m,1,side,22,1,en,neutral,bn,0.4833333333333333,0.3166666666666666,-0.0535569568475087,120
bigscience/bloom-560m,1,side,22,1,en,neutral,en,0.5,0.5,0.0,120
bigscience/bloom-560m,1,side,22,1,en,neutral,hi,0.5416666666666666,0.6833333333333333,0.0393075952927271,120
bigscience/bloom-560m,1,gender,0,1,bn,informative,bn,0.5,1.0,0.6097853600978851,120
bigscience/bloom-560m,1,gender,0,1,bn,informative,en,0.85,1.0,0.560077158610026,120
bigscience/bloom-560m,1,gender,0,1,bn,informative,hi,0.6,1.0,0.5287392437458038,120
bigscience/bloom-560m,1,gender,0,1,bn,neutral,bn,0.5,0.6,0.0527681519587834,120
bigscience/bloom-560m,1,gender,0,1,bn,neutral,en,0.8833333333333333,1.0,0.5498336791992188,120
bigscience/bloom-560m,1,gender,0,1,bn,neutral,hi,0.5083333333333333,1.0,0.2278219183286031,120
bigscience/bloom-560m,1,gender,2,1,bn,informative,bn,0.5,0.9833333333333332,0.3519024689992269,120
bigscience/bloom-560m,1,gender,2,1,bn,informative,en,0.85,1.0,0.5620938618977864,120
bigscience/bloom-560m,1,gender,2,1,bn,informative,hi,0.6083333333333333,1.0,0.534727668762207,120
bigscience/bloom-560m,1,gender,2,1,bn,neutral,bn,0.5,0.1333333333333333,-0.2414829979340235,120
bigscience/bloom-560m,1,gender,2,1,bn,neutral,en,0.875,1.0,0.5496607462565104,120
bigscience/bloom-560m,1,gender,2,1,bn,neutral,hi,0.5083333333333333,1.0,0.227191150188446,120
bigscience/bloom-560m,1,gender,4,1,bn,informative,bn,0.5,1.0,0.591582237680753,120
bigscience/bloom-560m,1,gender,4,1,bn,informative,en,0.85,1.0,0.5482271830240886,120
bigscience/bloom-560m,1,gender,4,1,bn,informative,hi,0.6,1.0,0.5251248240470886,120
bigscience/bloom-560m,1,gender,4,1,bn,neutral,bn,0.5,0.55,0.0188256015380223,120
bigscience/bloom-560m,1,gender,4,1,bn,neutral,en,0.875,1.0,0.5485761006673177,120
bigscience/bloom-560m,1,gender,4,1,bn,neutral,hi,0.5083333333333333,1.0,0.2172621607780456,120
bigscience/bloom-560m,1,gender,6,1,bn,informative,bn,0.5,1.0,0.6210558245579402,120
bigscience/bloom-560m,1,gender,6,1,bn,informative,en,0.85,1.0,0.5706202189127604,120
bigscience/bloom-560m,1,gender,6,1,bn,informative,hi,0.5916666666666667,1.0,0.5381709376970927,120
bigscience/bloom-560m,1,gender,6,1,bn,neutral,bn,0.5,0.6333333333333333,0.0666994502147038,120
bigscience/bloom-560m,1,gender,6,1,bn,neutral,en,0.8833333333333333,1.0,0.5605153401692708,120
bigscience/bloom-560m,1,gender,6,1,bn,neutral,hi,0.5083333333333333,1.0,0.2411481897036234,120
bigscience/bloom-560m,1,gender,8,1,bn,informative,bn,0.5,1.0,0.6410428593556087,120
bigscience/bloom-560m,1,gender,8,1,bn,informative,en,0.85,1.0,0.5671994527180989,120
bigscience/bloom-560m,1,gender,8,1,bn,informative,hi,0.5916666666666667,1.0,0.5263037542502086,120
bigscience/bloom-560m,1,gender,8,1,bn,neutral,bn,0.5,0.7,0.0832697997490565,120
bigscience/bloom-560m,1,gender,8,1,bn,neutral,en,0.875,1.0,0.5540095011393229,120
bigscience/bloom-560m,1,gender,8,1,bn,neutral,hi,0.5083333333333333,1.0,0.2275642236073811,120
bigscience/bloom-560m,1,gender,10,1,bn,informative,bn,0.5,1.0,0.6389435648918151,120
bigscience/bloom-560m,1,gender,10,1,bn,informative,en,0.85,1.0,0.590344492594401,120
bigscience/bloom-560m,1,gender,10,1,bn,informative,hi,0.5833333333333334,1.0,0.5228972931702932,120
bigscience/bloom-560m,1,gender,10,1,bn,neutral,bn,0.5,0.7333333333333333,0.0854778091112772,120
bigscience/bloom-560m,1,gender,10,1,bn,neutral,en,0.875,1.0,0.5757148742675782,120
bigscience/bloom-560m,1,gender,10,1,bn,neutral,hi,0.5083333333333333,1.0,0.225994877020518,120
bigscience/bloom-560m,1,gender,12,1,bn,informative,bn,0.5,1.0,0.5313019007444382,120
bigscience/bloom-560m,1,gender,12,1,bn,informative,en,0.8583333333333333,1.0,0.5856473286946614,120
bigscience/bloom-560m,1,gender,12,1,bn,informative,hi,0.575,1.0,0.5362847248713175,120
bigscience/bloom-560m,1,gender,12,1,bn,neutral,bn,0.5,0.55,0.0215057263771692,120
bigscience/bloom-560m,1,gender,12,1,bn,neutral,en,0.8833333333333333,1.0,0.5562413533528646,120
bigscience/bloom-560m,1,gender,12,1,bn,neutral,hi,0.5,1.0,0.2237076799074809,120
bigscience/bloom-560m,1,gender,12,4,bn,informative,bn,0.5,1.0,0.5526066025098165,120
bigscience/bloom-560m,1,gender,12,4,bn,informative,en,0.8416666666666667,1.0,0.5689847310384114,120
bigscience/bloom-560m,1,gender,12,4,bn,informative,hi,0.5833333333333334,1.0,0.520590317249298,120
bigscience/bloom-560m,1,gender,12,4,bn,neutral,bn,0.5,0.5666666666666667,0.0622134288152058,120
bigscience/bloom-560m,1,gender,12,4,bn,neutral,en,0.8583333333333333,1.0,0.5413475036621094,120
bigscience/bloom-560m,1,gender,12,4,bn,neutral,hi,0.5,1.0,0.2197041591008504,120
bigscience/bloom-560m,1,gender,14,1,bn,informative,bn,0.5,1.0,0.5925075670083364,120
bigscience/bloom-560m,1,gender,14,1,bn,informative,en,0.85,1.0,0.5635297139485677,120
bigscience/bloom-560m,1,gender,14,1,bn,informative,hi,0.6,1.0,0.4819367249806722,120
bigscience/bloom-560m,1,gender,14,1,bn,neutral,bn,0.5,0.6833333333333333,0.086568679412206,120
bigscience/bloom-560m,1,gender,14,1,bn,neutral,en,0.8583333333333333,1.0,0.538501230875651,120
bigscience/bloom-560m,1,gender,14,1,bn,neutral,hi,0.5083333333333333,1.0,0.205544380346934,120
bigscience/bloom-560m,1,gender,16,1,bn,informative,bn,0.5,1.0,0.6450809389352798,120
bigscience/bloom-560m,1,gender,16,1,bn,informative,en,0.8583333333333333,1.0,0.5819816589355469,120
bigscience/bloom-560m,1,gender,16,1,bn,informative,hi,0.6083333333333333,1.0,0.5404635727405548,120
bigscience/bloom-560m,1,gender,16,1,bn,neutral,bn,0.5,0.6,0.0511397232611974,120
bigscience/bloom-560m,1,gender,16,1,bn,neutral,en,0.8916666666666667,1.0,0.5642440795898438,120
bigscience/bloom-560m,1,gender,16,1,bn,neutral,hi,0.5083333333333333,1.0,0.2261254827181498,120
bigscience/bloom-560m,1,gender,18,1,bn,informative,bn,0.5,1.0,0.6320155779520671,120
bigscience/bloom-560m,1,gender,18,1,bn,informative,en,0.8833333333333333,1.0,0.6081222534179688,120
bigscience/bloom-560m,1,gender,18,1,bn,informative,hi,0.6333333333333333,1.0,0.5880010644594829,120
bigscience/bloom-560m,1,gender,18,1,bn,neutral,bn,0.5,0.4833333333333333,0.004308933019638,120
bigscience/bloom-560m,1,gender,18,1,bn,neutral,en,0.9166666666666666,1.0,0.6034029642740886,120
bigscience/bloom-560m,1,gender,18,1,bn,neutral,hi,0.5083333333333333,1.0,0.2564923087755839,120
bigscience/bloom-560m,1,gender,20,1,bn,informative,bn,0.5,1.0,0.5789111942052841,120
bigscience/bloom-560m,1,gender,20,1,bn,informative,en,0.825,1.0,0.5342554728190104,120
bigscience/bloom-560m,1,gender,20,1,bn,informative,hi,0.6083333333333333,1.0,0.5244795759518941,120
bigscience/bloom-560m,1,gender,20,1,bn,neutral,bn,0.5,0.55,0.0289856364329655,120
bigscience/bloom-560m,1,gender,20,1,bn,neutral,en,0.8583333333333333,1.0,0.5251795450846354,120
bigscience/bloom-560m,1,gender,20,1,bn,neutral,hi,0.5166666666666667,1.0,0.2314549207687378,120
bigscience/bloom-560m,1,gender,22,1,bn,informative,bn,0.5,1.0,0.5685860782861709,120
bigscience/bloom-560m,1,gender,22,1,bn,informative,en,0.85,1.0,0.5476303100585938,120
bigscience/bloom-560m,1,gender,22,1,bn,informative,hi,0.6166666666666667,1.0,0.5032357533772787,120
bigscience/bloom-560m,1,gender,22,1,bn,neutral,bn,0.5,0.55,0.0197010954221089,120
bigscience/bloom-560m,1,gender,22,1,bn,neutral,en,0.8833333333333333,1.0,0.5380907694498698,120
bigscience/bloom-560m,1,gender,22,1,bn,neutral,hi,0.5166666666666667,1.0,0.2028068939844767,120
bigscience/bloom-560m,1,gender,0,1,hi,informative,bn,0.5,1.0,0.5848707765340805,120
bigscience/bloom-560m,1,gender,0,1,hi,informative,en,0.85,1.0,0.553155517578125,120
bigscience/bloom-560m,1,gender,0,1,hi,informative,hi,0.6083333333333333,1.0,0.5274054865042369,120
bigscience/bloom-560m,1,gender,0,1,hi,neutral,bn,0.5,0.5833333333333334,0.0385915637016296,120
bigscience/bloom-560m,1,gender,0,1,hi,neutral,en,0.8666666666666667,1.0,0.5496223449707032,120
bigscience/bloom-560m,1,gender,0,1,hi,neutral,hi,0.5083333333333333,1.0,0.2251067241032918,120
bigscience/bloom-560m,1,gender,2,1,hi,informative,bn,0.5,1.0,0.591820506254832,120
bigscience/bloom-560m,1,gender,2,1,hi,informative,en,0.85,1.0,0.5595082600911458,120
bigscience/bloom-560m,1,gender,2,1,hi,informative,hi,0.6333333333333333,1.0,0.5595418572425842,120
bigscience/bloom-560m,1,gender,2,1,hi,neutral,bn,0.5,0.5833333333333334,0.0353293687105178,120
bigscience/bloom-560m,1,gender,2,1,hi,neutral,en,0.875,1.0,0.5516810099283854,120
bigscience/bloom-560m,1,gender,2,1,hi,neutral,hi,0.5083333333333333,1.0,0.2495332320531209,120
bigscience/bloom-560m,1,gender,4,1,hi,informative,bn,0.5,1.0,0.5988203932841619,120
bigscience/bloom-560m,1,gender,4,1,hi,informative,en,0.85,1.0,0.5580067952473958,120
bigscience/bloom-560m,1,gender,4,1,hi,informative,hi,0.6083333333333333,1.0,0.5203348894913992,120
bigscience/bloom-560m,1,gender,4,1,hi,neutral,bn,0.5,0.5833333333333334,0.0440536002318064,120
bigscience/bloom-560m,1,gender,4,1,hi,neutral,en,0.875,1.0,0.5485547383626302,120
bigscience/bloom-560m,1,gender,4,1,hi,neutral,hi,0.5083333333333333,1.0,0.2147858341534932,120
bigscience/bloom-560m,1,gender,6,1,hi,informative,bn,0.5,1.0,0.6007404665152232,120
bigscience/bloom-560m,1,gender,6,1,hi,informative,en,0.85,1.0,0.557202402750651,120
bigscience/bloom-560m,1,gender,6,1,hi,informative,hi,0.5916666666666667,1.0,0.5049734512964884,120
bigscience/bloom-560m,1,gender,6,1,hi,neutral,bn,0.5,0.5833333333333334,0.042399658759435,120
bigscience/bloom-560m,1,gender,6,1,hi,neutral,en,0.8666666666666667,1.0,0.5497533162434896,120
bigscience/bloom-560m,1,gender,6,1,hi,neutral,hi,0.5083333333333333,1.0,0.2028160373369852,120
bigscience/bloom-560m,1,gender,8,1,hi,informative,bn,0.5,1.0,0.6014970431725184,120
bigscience/bloom-560m,1,gender,8,1,hi,informative,en,0.85,1.0,0.564678700764974,120
bigscience/bloom-560m,1,gender,8,1,hi,informative,hi,0.6166666666666667,1.0,0.5416418612003326,120
bigscience/bloom-560m,1,gender,8,1,hi,neutral,bn,0.5,0.5833333333333334,0.0411543269952138,120
bigscience/bloom-560m,1,gender,8,1,hi,neutral,en,0.875,1.0,0.5518152872721355,120
bigscience/bloom-560m,1,gender,8,1,hi,neutral,hi,0.5083333333333333,1.0,0.2343790809313456,120
bigscience/bloom-560m,1,gender,10,1,hi,informative,bn,0.5,1.0,0.6080649892489115,120
bigscience/bloom-560m,1,gender,10,1,hi,informative,en,0.85,1.0,0.5643198649088542,120
bigscience/bloom-560m,1,gender,10,1,hi,informative,hi,0.5916666666666667,1.0,0.5065958738327027,120
bigscience/bloom-560m,1,gender,10,1,hi,neutral,bn,0.5,0.5833333333333334,0.0476065397262573,120
bigscience/bloom-560m,1,gender,10,1,hi,neutral,en,0.875,1.0,0.5472908020019531,120
bigscience/bloom-560m,1,gender,10,1,hi,neutral,hi,0.5,1.0,0.1988487919171651,120
bigscience/bloom-560m,1,gender,12,1,hi,informative,bn,0.5,1.0,0.5840173602104187,120
bigscience/bloom-560m,1,gender,12,1,hi,informative,en,0.8583333333333333,1.0,0.5594388326009114,120
bigscience/bloom-560m,1,gender,12,1,hi,informative,hi,0.5666666666666667,1.0,0.4927774528662363,120
bigscience/bloom-560m,1,gender,12,1,hi,neutral,bn,0.5,0.5833333333333334,0.043963685631752,120
bigscience/bloom-560m,1,gender,12,1,hi,neutral,en,0.9083333333333332,1.0,0.5485422770182292,120
bigscience/bloom-560m,1,gender,12,1,hi,neutral,hi,0.5,1.0,0.1899430394172668,120
bigscience/bloom-560m,1,gender,12,4,hi,informative,bn,0.5,1.0,0.583585113286972,120
bigscience/bloom-560m,1,gender,12,4,hi,informative,en,0.8416666666666667,1.0,0.5333516438802083,120
bigscience/bloom-560m,1,gender,12,4,hi,informative,hi,0.55,1.0,0.427877410252889,120
bigscience/bloom-560m,1,gender,12,4,hi,neutral,bn,0.5,0.5833333333333334,0.0419379899899164,120
bigscience/bloom-560m,1,gender,12,4,hi,neutral,en,0.8583333333333333,1.0,0.5227897644042969,120
bigscience/bloom-560m,1,gender,12,4,hi,neutral,hi,0.5,1.0,0.1477440317471822,120
bigscience/bloom-560m,1,gender,14,1,hi,informative,bn,0.5,1.0,0.5942360579967498,120
bigscience/bloom-560m,1,gender,14,1,hi,informative,en,0.85,1.0,0.5546666463216146,120
bigscience/bloom-560m,1,gender,14,1,hi,informative,hi,0.6083333333333333,1.0,0.5310200234254201,120
bigscience/bloom-560m,1,gender,14,1,hi,neutral,bn,0.5,0.6333333333333333,0.0561066766579945,120
bigscience/bloom-560m,1,gender,14,1,hi,neutral,en,0.9,1.0,0.5432467142740885,120
bigscience/bloom-560m,1,gender,14,1,hi,neutral,hi,0.5083333333333333,1.0,0.2307960033416748,120
bigscience/bloom-560m,1,gender,16,1,hi,informative,bn,0.5,1.0,0.5818062265714009,120
bigscience/bloom-560m,1,gender,16,1,hi,informative,en,0.85,1.0,0.5373860677083333,120
bigscience/bloom-560m,1,gender,16,1,hi,informative,hi,0.5666666666666667,1.0,0.4866441746552785,120
bigscience/bloom-560m,1,gender,16,1,hi,neutral,bn,0.5,0.5833333333333334,0.0383823692798614,120
bigscience/bloom-560m,1,gender,16,1,hi,neutral,en,0.875,1.0,0.5286626180013021,120
bigscience/bloom-560m,1,gender,16,1,hi,neutral,hi,0.5,1.0,0.1850972334543864,120
bigscience/bloom-560m,1,gender,18,1,hi,informative,bn,0.5,1.0,0.5781211157639822,120
bigscience/bloom-560m,1,gender,18,1,hi,informative,en,0.8583333333333333,1.0,0.5108006795247396,120
bigscience/bloom-560m,1,gender,18,1,hi,informative,hi,0.5166666666666667,1.0,0.4102335492769877,120
bigscience/bloom-560m,1,gender,18,1,hi,neutral,bn,0.5,0.6,0.0455833365519841,120
bigscience/bloom-560m,1,gender,18,1,hi,neutral,en,0.875,1.0,0.4884190877278646,120
bigscience/bloom-560m,1,gender,18,1,hi,neutral,hi,0.5,0.9666666666666668,0.1161617954572041,120
bigscience/bloom-560m,1,gender,20,1,hi,informative,bn,0.5,1.0,0.6018928458293279,120
bigscience/bloom-560m,1,gender,20,1,hi,informative,en,0.825,1.0,0.4930399576822916,120
bigscience/bloom-560m,1,gender,20,1,hi,informative,hi,0.5083333333333333,1.0,0.3579225877920786,120
bigscience/bloom-560m,1,gender,20,1,hi,neutral,bn,0.5,0.5833333333333334,0.0446183453003565,120
bigscience/bloom-560m,1,gender,20,1,hi,neutral,en,0.8583333333333333,1.0,0.4845057169596354,120
bigscience/bloom-560m,1,gender,20,1,hi,neutral,hi,0.5,0.7833333333333333,0.0638571818669637,120
bigscience/bloom-560m,1,gender,22,1,hi,informative,bn,0.5,1.0,0.5945882250865301,120
bigscience/bloom-560m,1,gender,22,1,hi,informative,en,0.8333333333333334,1.0,0.5027010599772136,120
bigscience/bloom-560m,1,gender,22,1,hi,informative,hi,0.5666666666666667,1.0,0.4564481178919474,120
bigscience/bloom-560m,1,gender,22,1,hi,neutral,bn,0.5,0.6,0.0436901013056437,120
bigscience/bloom-560m,1,gender,22,1,hi,neutral,en,0.8583333333333333,1.0,0.495031992594401,120
bigscience/bloom-560m,1,gender,22,1,hi,neutral,hi,0.5,0.9833333333333332,0.159618854522705,120
bigscience/bloom-560m,1,gender,0,1,en,informative,bn,0.5,1.0,0.5955461025238037,120
bigscience/bloom-560m,1,gender,0,1,en,informative,en,0.85,1.0,0.5384188334147135,120
bigscience/bloom-560m,1,gender,0,1,en,informative,hi,0.6,1.0,0.5171656608581543,120
bigscience/bloom-560m,1,gender,0,1,en,neutral,bn,0.5,0.6,0.0482686469952265,120
bigscience/bloom-560m,1,gender,0,1,en,neutral,en,0.875,1.0,0.5364601135253906,120
bigscience/bloom-560m,1,gender,0,1,en,neutral,hi,0.5083333333333333,1.0,0.2190783341725667,120
bigscience/bloom-560m,1,gender,2,1,en,informative,bn,0.5,1.0,0.5876670042673747,120
bigscience/bloom-560m,1,gender,2,1,en,informative,en,0.85,1.0,0.5715105692545573,120
bigscience/bloom-560m,1,gender,2,1,en,informative,hi,0.6166666666666667,1.0,0.5479680895805359,120
bigscience/bloom-560m,1,gender,2,1,en,neutral,bn,0.5,0.5666666666666667,0.0291030526161193,120
bigscience/bloom-560m,1,gender,2,1,en,neutral,en,0.8666666666666667,1.0,0.5327654520670573,120
bigscience/bloom-560m,1,gender,2,1,en,neutral,hi,0.5083333333333333,1.0,0.2355547110239664,120
bigscience/bloom-560m,1,gender,4,1,en,informative,bn,0.5,1.0,0.5979558527469635,120
bigscience/bloom-560m,1,gender,4,1,en,informative,en,0.85,1.0,0.5735572814941406,120
bigscience/bloom-560m,1,gender,4,1,en,informative,hi,0.6166666666666667,1.0,0.5422692557175954,120
bigscience/bloom-560m,1,gender,4,1,en,neutral,bn,0.5,0.6,0.039100166161855,120
bigscience/bloom-560m,1,gender,4,1,en,neutral,en,0.875,1.0,0.5556131998697916,120
bigscience/bloom-560m,1,gender,4,1,en,neutral,hi,0.5083333333333333,1.0,0.2316382606824239,120
bigscience/bloom-560m,1,gender,6,1,en,informative,bn,0.5,1.0,0.5773001730442047,120
bigscience/bloom-560m,1,gender,6,1,en,informative,en,0.85,1.0,0.5280258178710937,120
bigscience/bloom-560m,1,gender,6,1,en,informative,hi,0.625,1.0,0.5410069306691487,120
bigscience/bloom-560m,1,gender,6,1,en,neutral,bn,0.5,0.6,0.0424079060554504,120
bigscience/bloom-560m,1,gender,6,1,en,neutral,en,0.8666666666666667,1.0,0.4996724446614583,120
bigscience/bloom-560m,1,gender,6,1,en,neutral,hi,0.5083333333333333,1.0,0.229528550306956,120
bigscience/bloom-560m,1,gender,8,1,en,informative,bn,0.5,1.0,0.5896432012319565,120
bigscience/bloom-560m,1,gender,8,1,en,informative,en,0.8416666666666667,1.0,0.5205159505208333,120
bigscience/bloom-560m,1,gender,8,1,en,informative,hi,0.6333333333333333,1.0,0.5457870662212372,120
bigscience/bloom-560m,1,gender,8,1,en,neutral,bn,0.5,0.6,0.0477402001619339,120
bigscience/bloom-560m,1,gender,8,1,en,neutral,en,0.8666666666666667,1.0,0.5049285888671875,120
bigscience/bloom-560m,1,gender,8,1,en,neutral,hi,0.5083333333333333,1.0,0.2377967635790507,120
bigscience/bloom-560m,1,gender,10,1,en,informative,bn,0.5,1.0,0.5781880497932435,120
bigscience/bloom-560m,1,gender,10,1,en,informative,en,0.85,1.0,0.5036148071289063,120
bigscience/bloom-560m,1,gender,10,1,en,informative,hi,0.6333333333333333,1.0,0.5058412591616313,120
bigscience/bloom-560m,1,gender,10,1,en,neutral,bn,0.5,0.6,0.0459211200475692,120
bigscience/bloom-560m,1,gender,10,1,en,neutral,en,0.8916666666666667,1.0,0.4935028076171875,120
bigscience/bloom-560m,1,gender,10,1,en,neutral,hi,0.5083333333333333,1.0,0.2074024001757304,120
bigscience/bloom-560m,1,gender,12,1,en,informative,bn,0.5,1.0,0.5929826418558757,120
bigscience/bloom-560m,1,gender,12,1,en,informative,en,0.8416666666666667,1.0,0.5184407552083333,120
bigscience/bloom-560m,1,gender,12,1,en,informative,hi,0.625,1.0,0.4775478442509969,120
bigscience/bloom-560m,1,gender,12,1,en,neutral,bn,0.5,0.5833333333333334,0.0382502923409144,120
bigscience/bloom-560m,1,gender,12,1,en,neutral,en,0.8666666666666667,1.0,0.5201398213704427,120
bigscience/bloom-560m,1,gender,12,1,en,neutral,hi,0.5083333333333333,1.0,0.2004407882690429,120
bigscience/bloom-560m,1,gender,12,4,en,informative,bn,0.5,1.0,0.6042728106180827,120
bigscience/bloom-560m,1,gender,12,4,en,informative,en,0.775,1.0,0.3323247273763021,120
bigscience/bloom-560m,1,gender,12,4,en,informative,hi,0.6416666666666667,1.0,0.4674859960873921,120
bigscience/bloom-560m,1,gender,12,4,en,neutral,bn,0.5,0.65,0.0615197628736495,120
bigscience/bloom-560m,1,gender,12,4,en,neutral,en,0.775,1.0,0.338488515218099,120
bigscience/bloom-560m,1,gender,12,4,en,neutral,hi,0.5166666666666667,1.0,0.1858245730400085,120
bigscience/bloom-560m,1,gender,14,1,en,informative,bn,0.5,1.0,0.5907037208477656,120
bigscience/bloom-560m,1,gender,14,1,en,informative,en,0.85,1.0,0.5378458658854167,120
bigscience/bloom-560m,1,gender,14,1,en,informative,hi,0.6583333333333333,1.0,0.5068759560585022,120
bigscience/bloom-560m,1,gender,14,1,en,neutral,bn,0.5,0.6,0.0451934725046157,120
bigscience/bloom-560m,1,gender,14,1,en,neutral,en,0.8666666666666667,1.0,0.5470222473144531,120
bigscience/bloom-560m,1,gender,14,1,en,neutral,hi,0.5166666666666667,1.0,0.2243532299995422,120
bigscience/bloom-560m,1,gender,16,1,en,informative,bn,0.5,1.0,0.5915782471497854,120
bigscience/bloom-560m,1,gender,16,1,en,informative,en,0.8333333333333334,1.0,0.5428199768066406,120
bigscience/bloom-560m,1,gender,16,1,en,informative,hi,0.6666666666666666,1.0,0.5457343101501465,120
bigscience/bloom-560m,1,gender,16,1,en,neutral,bn,0.5,0.6,0.0465952565272649,120
bigscience/bloom-560m,1,gender,16,1,en,neutral,en,0.8583333333333333,1.0,0.5443903605143229,120
bigscience/bloom-560m,1,gender,16,1,en,neutral,hi,0.5166666666666667,1.0,0.2339383959770202,120
bigscience/bloom-560m,1,gender,18,1,en,informative,bn,0.5,1.0,0.5546705812215805,120
bigscience/bloom-560m,1,gender,18,1,en,informative,en,0.825,1.0,0.4899070739746093,120
bigscience/bloom-560m,1,gender,18,1,en,informative,hi,0.6833333333333333,1.0,0.5075441439946492,120
bigscience/bloom-560m,1,gender,18,1,en,neutral,bn,0.5,0.5833333333333334,0.0275428920984268,120
bigscience/bloom-560m,1,gender,18,1,en,neutral,en,0.85,1.0,0.4833999633789062,120
bigscience/bloom-560m,1,gender,18,1,en,neutral,hi,0.5166666666666667,1.0,0.2057594219843546,120
bigscience/bloom-560m,1,gender,20,1,en,informative,bn,0.5,1.0,0.5418308168649674,120
bigscience/bloom-560m,1,gender,20,1,en,informative,en,0.8416666666666667,1.0,0.4899024963378906,120
bigscience/bloom-560m,1,gender,20,1,en,informative,hi,0.6,1.0,0.4650865614414215,120
bigscience/bloom-560m,1,gender,20,1,en,neutral,bn,0.5,0.5666666666666667,0.0219590812921524,120
bigscience/bloom-560m,1,gender,20,1,en,neutral,en,0.8583333333333333,1.0,0.4895744323730469,120
bigscience/bloom-560m,1,gender,20,1,en,neutral,hi,0.5083333333333333,0.9833333333333332,0.1526480436325073,120
bigscience/bloom-560m,1,gender,22,1,en,informative,bn,0.5,1.0,0.5707139511903127,120
bigscience/bloom-560m,1,gender,22,1,en,informative,en,0.8333333333333334,1.0,0.4471221923828125,120
bigscience/bloom-560m,1,gender,22,1,en,informative,hi,0.5666666666666667,1.0,0.4743943989276886,120
bigscience/bloom-560m,1,gender,22,1,en,neutral,bn,0.5,0.5666666666666667,0.0289918343226114,120
bigscience/bloom-560m,1,gender,22,1,en,neutral,en,0.8416666666666667,1.0,0.4428337097167968,120
bigscience/bloom-560m,1,gender,22,1,en,neutral,hi,0.5,1.0,0.1730123321215311,120
bigscience/bloom-560m,1,side,0,1,random,informative,bn,0.5833333333333334,0.9833333333333332,0.2893254518508911,120
bigscience/bloom-560m,1,side,0,1,random,informative,en,0.5333333333333333,0.9666666666666668,0.0602951049804687,120
bigscience/bloom-560m,1,side,0,1,random,informative,hi,0.6666666666666666,1.0,0.4597113321224848,120
bigscience/bloom-560m,1,side,0,1,random,neutral,bn,0.4833333333333333,0.2333333333333333,-0.0891953508059183,120
bigscience/bloom-560m,1,side,0,1,random,neutral,en,0.5,0.5,0.0,120
bigscience/bloom-560m,1,side,0,1,random,neutral,hi,0.5333333333333333,0.65,0.0273822605609893,120
bigscience/bloom-560m,1,gender,0,1,random,informative,bn,0.5,1.0,0.5989419996738434,120
bigscience/bloom-560m,1,gender,0,1,random,informative,en,0.85,1.0,0.5635022481282552,120
bigscience/bloom-560m,1,gender,0,1,random,informative,hi,0.5916666666666667,1.0,0.5296216567357381,120
bigscience/bloom-560m,1,gender,0,1,random,neutral,bn,0.5,0.6,0.0430132329463958,120
bigscience/bloom-560m,1,gender,0,1,random,neutral,en,0.875,1.0,0.5527720133463542,120
bigscience/bloom-560m,1,gender,0,1,random,neutral,hi,0.5083333333333333,1.0,0.2246551990509033,120
bigscience/bloom-560m,1,side,2,1,random,informative,bn,0.5833333333333334,0.9833333333333332,0.2868109583854675,120
bigscience/bloom-560m,1,side,2,1,random,informative,en,0.5333333333333333,0.9666666666666668,0.063409932454427,120
bigscience/bloom-560m,1,side,2,1,random,informative,hi,0.675,1.0,0.5057095766067505,120
bigscience/bloom-560m,1,side,2,1,random,neutral,bn,0.4833333333333333,0.2666666666666666,-0.0797448734442392,120
bigscience/bloom-560m,1,side,2,1,random,neutral,en,0.5,0.5,0.0,120
bigscience/bloom-560m,1,side,2,1,random,neutral,hi,0.55,0.75,0.0702356139818827,120
bigscience/bloom-560m,1,gender,2,1,random,informative,bn,0.5,1.0,0.6060972362756729,120
bigscience/bloom-560m,1,gender,2,1,random,informative,en,0.85,1.0,0.5708694458007812,120
bigscience/bloom-560m,1,gender,2,1,random,informative,hi,0.6083333333333333,1.0,0.539291117588679,120
bigscience/bloom-560m,1,gender,2,1,random,neutral,bn,0.5,0.6,0.0486132870117823,120
bigscience/bloom-560m,1,gender,2,1,random,neutral,en,0.875,1.0,0.5576904296875,120
bigscience/bloom-560m,1,gender,2,1,random,neutral,hi,0.5083333333333333,1.0,0.2346861243247985,120
bigscience/bloom-560m,1,side,4,1,random,informative,bn,0.575,0.9833333333333332,0.2832473893960317,120
bigscience/bloom-560m,1,side,4,1,random,informative,en,0.5166666666666667,0.9333333333333332,0.0590171813964843,120
bigscience/bloom-560m,1,side,4,1,random,informative,hi,0.65,1.0,0.4371858477592468,120
bigscience/bloom-560m,1,side,4,1,random,neutral,bn,0.4833333333333333,0.2666666666666666,-0.0818670570850372,120
bigscience/bloom-560m,1,side,4,1,random,neutral,en,0.5,0.5,0.0,120
bigscience/bloom-560m,1,side,4,1,random,neutral,hi,0.5333333333333333,0.6833333333333333,0.0350363989671071,120
bigscience/bloom-560m,1,gender,4,1,random,informative,bn,0.5,1.0,0.6051491489013036,120
bigscience/bloom-560m,1,gender,4,1,random,informative,en,0.85,1.0,0.5681221008300781,120
bigscience/bloom-560m,1,gender,4,1,random,informative,hi,0.6,1.0,0.5288464446862539,120
bigscience/bloom-560m,1,gender,4,1,random,neutral,bn,0.5,0.6,0.043837300936381,120
bigscience/bloom-560m,1,gender,4,1,random,neutral,en,0.9,1.0,0.5594942728678386,120
bigscience/bloom-560m,1,gender,4,1,random,neutral,hi,0.5083333333333333,1.0,0.2278984626134236,120
bigscience/bloom-560m,1,side,6,1,random,informative,bn,0.575,0.9833333333333332,0.274989785750707,120
bigscience/bloom-560m,1,side,6,1,random,informative,en,0.5416666666666666,0.9333333333333332,0.0553426106770833,120
bigscience/bloom-560m,1,side,6,1,random,informative,hi,0.6416666666666667,1.0,0.4537615239620208,120
bigscience/bloom-560m,1,side,6,1,random,neutral,bn,0.4833333333333333,0.2666666666666666,-0.0848435719807942,120
bigscience/bloom-560m,1,side,6,1,random,neutral,en,0.5,0.5,0.0,120
bigscience/bloom-560m,1,side,6,1,random,neutral,hi,0.55,0.6833333333333333,0.0357634286085764,120
bigscience/bloom-560m,1,gender,6,1,random,informative,bn,0.5,1.0,0.596148877342542,120
bigscience/bloom-560m,1,gender,6,1,random,informative,en,0.85,1.0,0.5542849222819011,120
bigscience/bloom-560m,1,gender,6,1,random,informative,hi,0.5916666666666667,1.0,0.5350116689999899,120
bigscience/bloom-560m,1,gender,6,1,random,neutral,bn,0.5,0.5833333333333334,0.0424665947755177,120
bigscience/bloom-560m,1,gender,6,1,random,neutral,en,0.875,1.0,0.5535886128743489,120
bigscience/bloom-560m,1,gender,6,1,random,neutral,hi,0.5083333333333333,1.0,0.2373167435328165,120
bigscience/bloom-560m,1,side,8,1,random,informative,bn,0.5833333333333334,0.9833333333333332,0.2823324064413706,120
bigscience/bloom-560m,1,side,8,1,random,informative,en,0.525,0.9333333333333332,0.0547274271647135,120
bigscience/bloom-560m,1,side,8,1,random,informative,hi,0.6416666666666667,1.0,0.4599988003571828,120
bigscience/bloom-560m,1,side,8,1,random,neutral,bn,0.4833333333333333,0.2666666666666666,-0.081600135564804,120
bigscience/bloom-560m,1,side,8,1,random,neutral,en,0.5,0.5,0.0,120
bigscience/bloom-560m,1,side,8,1,random,neutral,hi,0.55,0.7,0.0438689053058624,120
bigscience/bloom-560m,1,gender,8,1,random,informative,bn,0.5,1.0,0.5893043945233027,120
bigscience/bloom-560m,1,gender,8,1,random,informative,en,0.85,1.0,0.5594212849934895,120
bigscience/bloom-560m,1,gender,8,1,random,informative,hi,0.575,1.0,0.513252302010854,120
bigscience/bloom-560m,1,gender,8,1,random,neutral,bn,0.5,0.6,0.0436147451400756,120
bigscience/bloom-560m,1,gender,8,1,random,neutral,en,0.875,1.0,0.5490066528320312,120
bigscience/bloom-560m,1,gender,8,1,random,neutral,hi,0.5,1.0,0.2279744704564412,120
bigscience/bloom-560m,1,side,10,1,random,informative,bn,0.5833333333333334,0.9833333333333332,0.2916873097419739,120
bigscience/bloom-560m,1,side,10,1,random,informative,en,0.525,0.9666666666666668,0.0594385782877604,120
bigscience/bloom-560m,1,side,10,1,random,informative,hi,0.65,1.0,0.4631885250409444,120
bigscience/bloom-560m,1,side,10,1,random,neutral,bn,0.4833333333333333,0.25,-0.0866356035073598,120
bigscience/bloom-560m,1,side,10,1,random,neutral,en,0.5,0.5,0.0,120
bigscience/bloom-560m,1,side,10,1,random,neutral,hi,0.5416666666666666,0.7,0.0464659661054611,120
bigscience/bloom-560m,1,gender,10,1,random,informative,bn,0.5,1.0,0.5906546632448832,120
bigscience/bloom-560m,1,gender,10,1,random,informative,en,0.85,1.0,0.5615585327148438,120
bigscience/bloom-560m,1,gender,10,1,random,informative,hi,0.6083333333333333,1.0,0.5314927518367767,120
bigscience/bloom-560m,1,gender,10,1,random,neutral,bn,0.5,0.6,0.0391940623521804,120
bigscience/bloom-560m,1,gender,10,1,random,neutral,en,0.8833333333333333,1.0,0.5533437093098958,120
bigscience/bloom-560m,1,gender,10,1,random,neutral,hi,0.5083333333333333,1.0,0.2304186304410298,120
bigscience/bloom-560m,1,side,12,1,random,informative,bn,0.5833333333333334,0.9833333333333332,0.2986952324708303,120
bigscience/bloom-560m,1,side,12,1,random,informative,en,0.5166666666666667,0.9666666666666668,0.0610822041829427,120
bigscience/bloom-560m,1,side,12,1,random,informative,hi,0.6416666666666667,1.0,0.4794694423675537,120
bigscience/bloom-560m,1,side,12,1,random,neutral,bn,0.4833333333333333,0.2666666666666666,-0.0832602938016255,120
bigscience/bloom-560m,1,side,12,1,random,neutral,en,0.5,0.5,0.0,120
bigscience/bloom-560m,1,side,12,1,random,neutral,hi,0.55,0.7166666666666667,0.0540737082560857,120
bigscience/bloom-560m,1,gender,12,1,random,informative,bn,0.5,1.0,0.5920994500319163,120
bigscience/bloom-560m,1,gender,12,1,random,informative,en,0.85,1.0,0.5706230163574219,120
bigscience/bloom-560m,1,gender,12,1,random,informative,hi,0.6166666666666667,1.0,0.5439071714878082,120
bigscience/bloom-560m,1,gender,12,1,random,neutral,bn,0.5,0.6,0.041567329565684,120
bigscience/bloom-560m,1,gender,12,1,random,neutral,en,0.875,1.0,0.5576978047688802,120
bigscience/bloom-560m,1,gender,12,1,random,neutral,hi,0.5083333333333333,1.0,0.2358147184054057,120
bigscience/bloom-560m,1,side,12,4,random,informative,bn,0.5833333333333334,1.0,0.3127007226149241,120
bigscience/bloom-560m,1,side,12,4,random,informative,en,0.55,1.0,0.0664143880208333,120
bigscience/bloom-560m,1,side,12,4,random,informative,hi,0.6583333333333333,1.0,0.4867441793282827,120
bigscience/bloom-560m,1,side,12,4,random,neutral,bn,0.4833333333333333,0.2833333333333333,-0.076543249686559,120
bigscience/bloom-560m,1,side,12,4,random,neutral,en,0.5,0.5,0.0,120
bigscience/bloom-560m,1,side,12,4,random,neutral,hi,0.5416666666666666,0.7166666666666667,0.0511539240678151,120
bigscience/bloom-560m,1,gender,12,4,random,informative,bn,0.5,1.0,0.6183148453632991,120
bigscience/bloom-560m,1,gender,12,4,random,informative,en,0.85,1.0,0.5558252970377604,120
bigscience/bloom-560m,1,gender,12,4,random,informative,hi,0.6,1.0,0.5315718372662862,120
bigscience/bloom-560m,1,gender,12,4,random,neutral,bn,0.5,0.6,0.0514113207658131,120
bigscience/bloom-560m,1,gender,12,4,random,neutral,en,0.9,1.0,0.5422678629557292,120
bigscience/bloom-560m,1,gender,12,4,random,neutral,hi,0.5083333333333333,1.0,0.2244629104932149,120
bigscience/bloom-560m,1,side,14,1,random,informative,bn,0.5833333333333334,0.9833333333333332,0.28896484375,120
bigscience/bloom-560m,1,side,14,1,random,informative,en,0.5416666666666666,0.9333333333333332,0.0526148478190104,120
bigscience/bloom-560m,1,side,14,1,random,informative,hi,0.6666666666666666,1.0,0.4517537275950113,120
bigscience/bloom-560m,1,side,14,1,random,neutral,bn,0.4833333333333333,0.2666666666666666,-0.0827416737874349,120
bigscience/bloom-560m,1,side,14,1,random,neutral,en,0.5,0.5,0.0,120
bigscience/bloom-560m,1,side,14,1,random,neutral,hi,0.5333333333333333,0.7,0.0395753731330235,120
bigscience/bloom-560m,1,gender,14,1,random,informative,bn,0.5,1.0,0.5982891956965128,120
bigscience/bloom-560m,1,gender,14,1,random,informative,en,0.85,1.0,0.55938720703125,120
bigscience/bloom-560m,1,gender,14,1,random,informative,hi,0.6166666666666667,1.0,0.5335997223854065,120
bigscience/bloom-560m,1,gender,14,1,random,neutral,bn,0.5,0.6,0.0451678117116292,120
bigscience/bloom-560m,1,gender,14,1,random,neutral,en,0.9,1.0,0.5542315165201823,120
bigscience/bloom-560m,1,gender,14,1,random,neutral,hi,0.5083333333333333,1.0,0.2312609513600667,120
bigscience/bloom-560m,1,side,16,1,random,informative,bn,0.5833333333333334,0.9833333333333332,0.2840004205703735,120
bigscience/bloom-560m,1,side,16,1,random,informative,en,0.5416666666666666,0.9666666666666668,0.0640340169270833,120
bigscience/bloom-560m,1,side,16,1,random,informative,hi,0.65,1.0,0.4649504512548447,120
bigscience/bloom-560m,1,side,16,1,random,neutral,bn,0.4833333333333333,0.2666666666666666,-0.0840379257996877,120
bigscience/bloom-560m,1,side,16,1,random,neutral,en,0.5,0.5,0.0,120
bigscience/bloom-560m,1,side,16,1,random,neutral,hi,0.5416666666666666,0.7,0.0423755923906962,120
bigscience/bloom-560m,1,gender,16,1,random,informative,bn,0.5,1.0,0.5945476243893305,120
bigscience/bloom-560m,1,gender,16,1,random,informative,en,0.85,1.0,0.5670631408691407,120
bigscience/bloom-560m,1,gender,16,1,random,informative,hi,0.6,1.0,0.5343868414560954,120
bigscience/bloom-560m,1,gender,16,1,random,neutral,bn,0.5,0.5833333333333334,0.0379592468341191,120
bigscience/bloom-560m,1,gender,16,1,random,neutral,en,0.875,1.0,0.5567527770996094,120
bigscience/bloom-560m,1,gender,16,1,random,neutral,hi,0.5,1.0,0.2275078773498535,120
bigscience/bloom-560m,1,side,18,1,random,informative,bn,0.5833333333333334,1.0,0.2915724058945974,120
bigscience/bloom-560m,1,side,18,1,random,informative,en,0.5416666666666666,0.9666666666666668,0.0626904805501302,120
bigscience/bloom-560m,1,side,18,1,random,informative,hi,0.6666666666666666,1.0,0.453533195455869,120
bigscience/bloom-560m,1,side,18,1,random,neutral,bn,0.4833333333333333,0.2666666666666666,-0.0845869362354278,120
bigscience/bloom-560m,1,side,18,1,random,neutral,en,0.5,0.5,0.0,120
bigscience/bloom-560m,1,side,18,1,random,neutral,hi,0.5416666666666666,0.6666666666666666,0.0339673737684885,120
bigscience/bloom-560m,1,gender,18,1,random,informative,bn,0.5,1.0,0.5945264041423798,120
bigscience/bloom-560m,1,gender,18,1,random,informative,en,0.85,1.0,0.5638470967610677,120
bigscience/bloom-560m,1,gender,18,1,random,informative,hi,0.5916666666666667,1.0,0.5329105695088704,120
bigscience/bloom-560m,1,gender,18,1,random,neutral,bn,0.5,0.6,0.0433001577854156,120
bigscience/bloom-560m,1,gender,18,1,random,neutral,en,0.875,1.0,0.550145975748698,120
bigscience/bloom-560m,1,gender,18,1,random,neutral,hi,0.5083333333333333,1.0,0.2317213892936706,120
bigscience/bloom-560m,1,side,20,1,random,informative,bn,0.5833333333333334,0.9833333333333332,0.2943908234437307,120
bigscience/bloom-560m,1,side,20,1,random,informative,en,0.5333333333333333,0.9666666666666668,0.0594217936197916,120
bigscience/bloom-560m,1,side,20,1,random,informative,hi,0.6666666666666666,1.0,0.4595056682825088,120
bigscience/bloom-560m,1,side,20,1,random,neutral,bn,0.4833333333333333,0.2666666666666666,-0.0784208834171295,120
bigscience/bloom-560m,1,side,20,1,random,neutral,en,0.5,0.5,0.0,120
bigscience/bloom-560m,1,side,20,1,random,neutral,hi,0.525,0.6833333333333333,0.0335082550843556,120
bigscience/bloom-560m,1,gender,20,1,random,informative,bn,0.5,1.0,0.6007022003332774,120
bigscience/bloom-560m,1,gender,20,1,random,informative,en,0.85,1.0,0.5633646647135416,120
bigscience/bloom-560m,1,gender,20,1,random,informative,hi,0.6916666666666667,1.0,0.5232207536697387,120
bigscience/bloom-560m,1,gender,20,1,random,neutral,bn,0.5,0.6,0.0434557765722274,120
bigscience/bloom-560m,1,gender,20,1,random,neutral,en,0.8666666666666667,1.0,0.551915995279948,120
bigscience/bloom-560m,1,gender,20,1,random,neutral,hi,0.525,1.0,0.2227928360303243,120
bigscience/bloom-560m,1,side,22,1,random,informative,bn,0.5833333333333334,0.9833333333333332,0.2841667632261912,120
bigscience/bloom-560m,1,side,22,1,random,informative,en,0.5416666666666666,0.9666666666666668,0.0608668009440104,120
bigscience/bloom-560m,1,side,22,1,random,informative,hi,0.6583333333333333,1.0,0.4631463954846064,120
bigscience/bloom-560m,1,side,22,1,random,neutral,bn,0.4833333333333333,0.2333333333333333,-0.0869549492994944,120
bigscience/bloom-560m,1,side,22,1,random,neutral,en,0.5,0.5,0.0,120
bigscience/bloom-560m,1,side,22,1,random,neutral,hi,0.5416666666666666,0.6833333333333333,0.041266385714213,120
bigscience/bloom-560m,1,gender,22,1,random,informative,bn,0.5,1.0,0.5968441744645436,120
bigscience/bloom-560m,1,gender,22,1,random,informative,en,0.85,1.0,0.5627207438151042,120
bigscience/bloom-560m,1,gender,22,1,random,informative,hi,0.5833333333333334,1.0,0.5300358911355336,120
bigscience/bloom-560m,1,gender,22,1,random,neutral,bn,0.5,0.6,0.0455541322628657,120
bigscience/bloom-560m,1,gender,22,1,random,neutral,en,0.9,1.0,0.5512929280598958,120
bigscience/bloom-560m,1,gender,22,1,random,neutral,hi,0.5,1.0,0.2219212532043457,120
bigscience/bloom-560m,2,side,-1,0,none,informative,bn,0.5333333333333333,0.9333333333333332,0.2721071263154347,120
bigscience/bloom-560m,2,side,-1,0,none,informative,en,0.5416666666666666,0.95,0.0506373087565104,120
bigscience/bloom-560m,2,side,-1,0,none,informative,hi,0.5916666666666667,0.9833333333333332,0.3478462626536687,120
bigscience/bloom-560m,2,side,-1,0,none,neutral,bn,0.4916666666666666,0.25,-0.0822433650493621,120
bigscience/bloom-560m,2,side,-1,0,none,neutral,en,0.5,0.5,0.0,120
bigscience/bloom-560m,2,side,-1,0,none,neutral,hi,0.5333333333333333,0.5166666666666667,-0.0124441683292388,120
bigscience/bloom-560m,2,gender,-1,0,none,informative,bn,0.5,1.0,0.6254725575447082,120
bigscience/bloom-560m,2,gender,-1,0,none,informative,en,0.8166666666666667,1.0,0.5478291829427083,120
bigscience/bloom-560m,2,gender,-1,0,none,informative,hi,0.6666666666666666,1.0,0.5221539815266927,120
bigscience/bloom-560m,2,gender,-1,0,none,neutral,bn,0.5,0.7166666666666667,0.0769939988851547,120
bigscience/bloom-560m,2,gender,-1,0,none,neutral,en,0.7916666666666666,1.0,0.5370351155598958,120
bigscience/bloom-560m,2,gender,-1,0,none,neutral,hi,0.55,1.0,0.2245873689651489,120
bigscience/bloom-560m,2,side,0,1,bn,informative,bn,0.5416666666666666,0.9333333333333332,0.2758745511372884,120
bigscience/bloom-560m,2,side,0,1,bn,informative,en,0.5416666666666666,0.95,0.0501925150553385,120
bigscience/bloom-560m,2,side,0,1,bn,informative,hi,0.5916666666666667,1.0,0.3473407198985417,120
bigscience/bloom-560m,2,side,0,1,bn,neutral,bn,0.4916666666666666,0.2666666666666666,-0.0718409419059753,120
bigscience/bloom-560m,2,side,0,1,bn,neutral,en,0.5,0.5,0.0,120
bigscience/bloom-560m,2,side,0,1,bn,neutral,hi,0.5333333333333333,0.5333333333333333,-0.0129531234502792,120
bigscience/bloom-560m,2,side,2,1,bn,informative,bn,0.525,0.8666666666666667,0.2174833238124847,120
bigscience/bloom-560m,2,side,2,1,bn,informative,en,0.5333333333333333,0.9333333333333332,0.0481986999511718,120
bigscience/bloom-560m,2,side,2,1,bn,informative,hi,0.5916666666666667,0.9833333333333332,0.3300631920496623,120
bigscience/bloom-560m,2,side,2,1,bn,neutral,bn,0.4916666666666666,0.05,-0.1645452658335368,120
bigscience/bloom-560m,2,side,2,1,bn,neutral,en,0.5,0.5,0.0,120
bigscience/bloom-560m,2,side,2,1,bn,neutral,hi,0.5,0.5,-0.0228859176238377,120
bigscience/bloom-560m,2,side,4,1,bn,informative,bn,0.5166666666666667,0.9666666666666668,0.2514367461204528,120
bigscience/bloom-560m,2,side,4,1,bn,informative,en,0.5,0.9166666666666666,0.0432818094889322,120
bigscience/bloom-560m,2,side,4,1,bn,informative,hi,0.5916666666666667,0.9833333333333332,0.3381302962700526,120
bigscience/bloom-560m,2,side,4,1,bn,neutral,bn,0.5,0.1,-0.0990931193033854,120
bigscience/bloom-560m,2,side,4,1,bn,neutral,en,0.5,0.5,0.0,120
bigscience/bloom-560m,2,side,4,1,bn,neutral,hi,0.5333333333333333,0.5166666666666667,-0.0153103659550348,120
bigscience/bloom-560m,2,side,6,1,bn,informative,bn,0.5416666666666666,1.0,0.3349243799845378,120
bigscience/bloom-560m,2,side,6,1,bn,informative,en,0.5333333333333333,0.95,0.0508193969726562,120
bigscience/bloom-560m,2,side,6,1,bn,informative,hi,0.5916666666666667,1.0,0.3695854127407074,120
bigscience/bloom-560m,2,side,6,1,bn,neutral,bn,0.5,0.2666666666666666,-0.0683740139007568,120
bigscience/bloom-560m,2,side,6,1,bn,neutral,en,0.5,0.5,0.0,120
bigscience/bloom-560m,2,side,6,1,bn,neutral,hi,0.55,0.6333333333333333,0.0274819801251093,120
bigscience/bloom-560m,2,side,8,1,bn,informative,bn,0.5333333333333333,1.0,0.3002216299374898,120
bigscience/bloom-560m,2,side,8,1,bn,informative,en,0.55,0.95,0.0510414123535156,120
bigscience/bloom-560m,2,side,8,1,bn,informative,hi,0.575,1.0,0.3602117935816447,120
bigscience/bloom-560m,2,side,8,1,bn,neutral,bn,0.5,0.1333333333333333,-0.0977846761544545,120
bigscience/bloom-560m,2,side,8,1,bn,neutral,en,0.5,0.5,0.0,120
bigscience/bloom-560m,2,side,8,1,bn,neutral,hi,0.5416666666666666,0.5666666666666667,0.0065860937039057,120
bigscience/bloom-560m,2,side,10,1,bn,informative,bn,0.525,1.0,0.2846168120702108,120
bigscience/bloom-560m,2,side,10,1,bn,informative,en,0.5333333333333333,0.95,0.0496925354003906,120
bigscience/bloom-560m,2,side,10,1,bn,informative,hi,0.575,0.9833333333333332,0.3376525511344274,120
bigscience/bloom-560m,2,side,10,1,bn,neutral,bn,0.5,0.25,-0.0752911508083343,120
bigscience/bloom-560m,2,side,10,1,bn,neutral,en,0.5,0.5,0.0,120
bigscience/bloom-560m,2,side,10,1,bn,neutral,hi,0.525,0.4833333333333333,-0.0196424643198649,120
bigscience/bloom-560m,2,side,12,1,bn,informative,bn,0.5166666666666667,0.9,0.2374733169873555,120
bigscience/bloom-560m,2,side,12,1,bn,informative,en,0.525,0.9333333333333332,0.0484937032063802,120
bigscience/bloom-560m,2,side,12,1,bn,informative,hi,0.6,0.9833333333333332,0.3450875669717789,120
bigscience/bloom-560m,2,side,12,1,bn,neutral,bn,0.5,0.2166666666666666,-0.0929288685321807,120
bigscience/bloom-560m,2,side,12,1,bn,neutral,en,0.5,0.5,0.0,120
bigscience/bloom-560m,2,side,12,1,bn,neutral,hi,0.5083333333333333,0.5333333333333333,-0.0050937463839848,120
bigscience/bloom-560m,2,side,12,4,bn,informative,bn,0.5166666666666667,0.8333333333333334,0.2029484391212463,120
bigscience/bloom-560m,2,side,12,4,bn,informative,en,0.5166666666666667,0.9166666666666666,0.0442619323730468,120
bigscience/bloom-560m,2,side,12,4,bn,informative,hi,0.6083333333333333,0.9833333333333332,0.3665382107098897,120
bigscience/bloom-560m,2,side,12,4,bn,neutral,bn,0.4916666666666666,0.1333333333333333,-0.1241373876730601,120
bigscience/bloom-560m,2,side,12,4,bn,neutral,en,0.5,0.5,0.0,120
bigscience/bloom-560m,2,side,12,4,bn,neutral,hi,0.5333333333333333,0.5666666666666667,0.0095465848843256,120
bigscience/bloom-560m,2,side,14,1,bn,informative,bn,0.5166666666666667,0.9333333333333332,0.2397798081239064,120
bigscience/bloom-560m,2,side,14,1,bn,informative,en,0.5083333333333333,0.95,0.0487759908040364,120
bigscience/bloom-560m,2,side,14,1,bn,informative,hi,0.5916666666666667,0.9833333333333332,0.3537817368904749,120
bigscience/bloom-560m,2,side,14,1,bn,neutral,bn,0.5,0.25,-0.0917667726675669,120
bigscience/bloom-560m,2,side,14,1,bn,neutral,en,0.5,0.5,0.0,120
bigscience/bloom-560m,2,side,14,1,bn,neutral,hi,0.5416666666666666,0.5333333333333333,-0.0049699544906616,120
bigscience/bloom-560m,2,side,16,1,bn,informative,bn,0.5333333333333333,0.9333333333333332,0.2506050527095794,120
bigscience/bloom-560m,2,side,16,1,bn,informative,en,0.55,0.95,0.0550422668457031,120
bigscience/bloom-560m,2,side,16,1,bn,informative,hi,0.5916666666666667,0.9833333333333332,0.3463783979415893,120
bigscience/bloom-560m,2,side,16,1,bn,neutral,bn,0.4916666666666666,0.1666666666666666,-0.1005008697509765,120
bigscience/bloom-560m,2,side,16,1,bn,neutral,en,0.5,0.5,0.0,120
bigscience/bloom-560m,2,side,16,1,bn,neutral,hi,0.5166666666666667,0.5166666666666667,-0.0260256111621856,120
bigscience/bloom-560m,2,side,18,1,bn,informative,bn,0.5416666666666666,0.9333333333333332,0.2445420384407043,120
bigscience/bloom-560m,2,side,18,1,bn,informative,en,0.55,0.9666666666666668,0.0560239156087239,120
bigscience/bloom-560m,2,side,18,1,bn,informative,hi,0.5916666666666667,0.9833333333333332,0.3435025751590729,120
bigscience/bloom-560m,2,side,18,1,bn,neutral,bn,0.4916666666666666,0.0666666666666666,-0.122674403587977,120
bigscience/bloom-560m,2,side,18,1,bn,neutral,en,0.5,0.5,0.0,120
bigscience/bloom-560m,2,side,18,1,bn,neutral,hi,0.5083333333333333,0.4666666666666667,-0.0294005940357844,120
bigscience/bloom-560m,2,side,20,1,bn,informative,bn,0.5333333333333333,0.9333333333333332,0.2527300397555033,120
bigscience/bloom-560m,2,side,20,1,bn,informative,en,0.5,0.95,0.0517008463541666,120
bigscience/bloom-560m,2,side,20,1,bn,informative,hi,0.5916666666666667,0.9833333333333332,0.3570449550946553,120
bigscience/bloom-560m,2,side,20,1,bn,neutral,bn,0.4916666666666666,0.1833333333333333,-0.1031633754571278,120
bigscience/bloom-560m,2,side,20,1,bn,neutral,en,0.5,0.5,0.0,120
bigscience/bloom-560m,2,side,20,1,bn,neutral,hi,0.5333333333333333,0.5166666666666667,-0.0131948769092559,120
bigscience/bloom-560m,2,side,22,1,bn,informative,bn,0.5166666666666667,0.85,0.1860146800676981,120
bigscience/bloom-560m,2,side,22,1,bn,informative,en,0.5166666666666667,0.95,0.05069580078125,120
bigscience/bloom-560m,2,side,22,1,bn,informative,hi,0.5916666666666667,0.9833333333333332,0.3518623610337575,120
bigscience/bloom-560m,2,side,22,1,bn,neutral,bn,0.5,0.05,-0.1369261662165324,120
bigscience/bloom-560m,2,side,22,1,bn,neutral,en,0.5,0.5,0.0,120
bigscience/bloom-560m,2,side,22,1,bn,neutral,hi,0.5333333333333333,0.5333333333333333,-0.0100651750961939,120
bigscience/bloom-560m,2,side,0,1,hi,informative,bn,0.525,0.9333333333333332,0.2677957832813263,120
bigscience/bloom-560m,2,side,0,1,hi,informative,en,0.5166666666666667,0.9416666666666668,0.0479281107584635,120
bigscience/bloom-560m,2,side,0,1,hi,informative,hi,0.575,0.9666666666666668,0.313873291015625,120
bigscience/bloom-560m,2,side,0,1,hi,neutral,bn,0.5,0.25,-0.0787454982598622,120
bigscience/bloom-560m,2,side,0,1,hi,neutral,en,0.5,0.5,0.0,120
bigscience/bloom-560m,2,side,0,1,hi,neutral,hi,0.5333333333333333,0.4333333333333333,-0.0275300840536753,120
bigscience/bloom-560m,2,side,2,1,hi,informative,bn,0.525,0.9333333333333332,0.2631423870722453,120
bigscience/bloom-560m,2,side,2,1,hi,informative,en,0.5166666666666667,0.9333333333333332,0.0513506571451822,120
bigscience/bloom-560m,2,side,2,1,hi,informative,hi,0.5916666666666667,1.0,0.3906323631604512,120
bigscience/bloom-560m,2,side,2,1,hi,neutral,bn,0.5,0.2166666666666666,-0.0925256888071695,120
bigscience/bloom-560m,2,side,2,1,hi,neutral,en,0.5,0.5,0.0,120
bigscience/bloom-560m,2,side,2,1,hi,neutral,hi,0.55,0.65,0.0237096220254898,120
bigscience/bloom-560m,2,side,4,1,hi,informative,bn,0.525,0.9333333333333332,0.2683067361513773,120
bigscience/bloom-560m,2,side,4,1,hi,informative,en,0.5333333333333333,0.9666666666666668,0.0524955749511718,120
bigscience/bloom-560m,2,side,4,1,hi,informative,hi,0.5416666666666666,0.8666666666666667,0.2177564054727554,120
bigscience/bloom-560m,2,side,4,1,hi,neutral,bn,0.4916666666666666,0.2333333333333333,-0.0912018299102783,120
bigscience/bloom-560m,2,side,4,1,hi,neutral,en,0.5,0.5,0.0,120
bigscience/bloom-560m,2,side,4,1,hi,neutral,hi,0.45,0.0333333333333333,-0.1288208832343419,120
bigscience/bloom-560m,2,side,6,1,hi,informative,bn,0.525,0.9333333333333332,0.252630070845286,120
bigscience/bloom-560m,2,side,6,1,hi,informative,en,0.5416666666666666,0.9666666666666668,0.0557037353515625,120
bigscience/bloom-560m,2,side,6,1,hi,informative,hi,0.575,1.0,0.3385529865821202,120
bigscience/bloom-560m,2,side,6,1,hi,neutral,bn,0.4916666666666666,0.25,-0.0862795174121856,120
bigscience/bloom-560m,2,side,6,1,hi,neutral,en,0.5,0.5,0.0,120
bigscience/bloom-560m,2,side,6,1,hi,neutral,hi,0.55,0.5666666666666667,0.0066123038530349,120
bigscience/bloom-560m,2,side,8,1,hi,informative,bn,0.5333333333333333,0.9833333333333332,0.282183164358139,120
bigscience/bloom-560m,2,side,8,1,hi,informative,en,0.55,1.0,0.061798095703125,120
bigscience/bloom-560m,2,side,8,1,hi,informative,hi,0.6,1.0,0.4742287188768387,120
bigscience/bloom-560m,2,side,8,1,hi,neutral,bn,0.4916666666666666,0.2666666666666666,-0.064539357026418,120
bigscience/bloom-560m,2,side,8,1,hi,neutral,en,0.5,0.5,0.0,120
bigscience/bloom-560m,2,side,8,1,hi,neutral,hi,0.5583333333333333,0.8333333333333334,0.0771653443574905,120
bigscience/bloom-560m,2,side,10,1,hi,informative,bn,0.5416666666666666,0.9333333333333332,0.263755057255427,120
bigscience/bloom-560m,2,side,10,1,hi,informative,en,0.5333333333333333,0.9666666666666668,0.0538172403971354,120
bigscience/bloom-560m,2,side,10,1,hi,informative,hi,0.6,1.0,0.4178160538276037,120
bigscience/bloom-560m,2,side,10,1,hi,neutral,bn,0.4916666666666666,0.25,-0.0752361853917439,120
bigscience/bloom-560m,2,side,10,1,hi,neutral,en,0.5,0.5,0.0,120
bigscience/bloom-560m,2,side,10,1,hi,neutral,hi,0.55,0.65,0.0314350644747416,120
bigscience/bloom-560m,2,side,12,1,hi,informative,bn,0.5416666666666666,0.95,0.2740881899992625,120
bigscience/bloom-560m,2,side,12,1,hi,informative,en,0.5166666666666667,0.95,0.0532786051432291,120
bigscience/bloom-560m,2,side,12,1,hi,informative,hi,0.6,1.0,0.4148333479960759,120
bigscience/bloom-560m,2,side,12,1,hi,neutral,bn,0.4916666666666666,0.25,-0.0734071950117747,120
bigscience/bloom-560m,2,side,12,1,hi,neutral,en,0.5,0.5,0.0,120
bigscience/bloom-560m,2,side,12,1,hi,neutral,hi,0.55,0.55,0.0158160736163457,120
bigscience/bloom-560m,2,side,12,4,hi,informative,bn,0.5083333333333333,0.9333333333333332,0.2578021645545959,120
bigscience/bloom-560m,2,side,12,4,hi,informative,en,0.5416666666666666,0.9666666666666668,0.0539830525716145,120
bigscience/bloom-560m,2,side,12,4,hi,informative,hi,0.5416666666666666,0.8333333333333334,0.1984876841306686,120
bigscience/bloom-560m,2,side,12,4,hi,neutral,bn,0.5,0.2333333333333333,-0.0803922931353251,120
bigscience/bloom-560m,2,side,12,4,hi,neutral,en,0.5,0.5,0.0,120
bigscience/bloom-560m,2,side,12,4,hi,neutral,hi,0.4333333333333333,0.0166666666666666,-0.1300693839788436,120
bigscience/bloom-560m,2,side,14,1,hi,informative,bn,0.5416666666666666,0.95,0.2740547855695088,120
bigscience/bloom-560m,2,side,14,1,hi,informative,en,0.55,0.95,0.0529734293619791,120
bigscience/bloom-560m,2,side,14,1,hi,informative,hi,0.6,1.0,0.4103803763786952,120
bigscience/bloom-560m,2,side,14,1,hi,neutral,bn,0.4916666666666666,0.25,-0.0779473563035329,120
bigscience/bloom-560m,2,side,14,1,hi,neutral,en,0.5,0.5,0.0,120
bigscience/bloom-560m,2,side,14,1,hi,neutral,hi,0.5333333333333333,0.5666666666666667,0.019813456137975,120
bigscience/bloom-560m,2,side,16,1,hi,informative,bn,0.5333333333333333,0.95,0.2753086805343628,120
bigscience/bloom-560m,2,side,16,1,hi,informative,en,0.5416666666666666,0.9666666666666668,0.0532562255859375,120
bigscience/bloom-560m,2,side,16,1,hi,informative,hi,0.5916666666666667,1.0,0.393114956219991,120
bigscience/bloom-560m,2,side,16,1,hi,neutral,bn,0.5,0.25,-0.0799382587273915,120
bigscience/bloom-560m,2,side,16,1,hi,neutral,en,0.5,0.5,0.0,120
bigscience/bloom-560m,2,side,16,1,hi,neutral,hi,0.5416666666666666,0.5333333333333333,0.0028873036305109,120
bigscience/bloom-560m,2,side,18,1,hi,informative,bn,0.5166666666666667,0.9333333333333332,0.2708018163839976,120
bigscience/bloom-560m,2,side,18,1,hi,informative,en,0.5333333333333333,1.0,0.0632843017578125,120
bigscience/bloom-560m,2,side,18,1,hi,informative,hi,0.6083333333333333,1.0,0.4187055230140686,120
bigscience/bloom-560m,2,side,18,1,hi,neutral,bn,0.5,0.25,-0.0773004571596781,120
bigscience/bloom-560m,2,side,18,1,hi,neutral,en,0.5,0.5,0.0,120
bigscience/bloom-560m,2,side,18,1,hi,neutral,hi,0.55,0.6,0.023558947443962,120
bigscience/bloom-560m,2,side,20,1,hi,informative,bn,0.525,0.9333333333333332,0.2690073529879252,120
bigscience/bloom-560m,2,side,20,1,hi,informative,en,0.5166666666666667,0.9666666666666668,0.052246602376302,120
bigscience/bloom-560m,2,side,20,1,hi,informative,hi,0.625,0.9833333333333332,0.3415927082300186,120
bigscience/bloom-560m,2,side,20,1,hi,neutral,bn,0.5,0.25,-0.0842073460419972,120
bigscience/bloom-560m,2,side,20,1,hi,neutral,en,0.5,0.5,0.0,120
bigscience/bloom-560m,2,side,20,1,hi,neutral,hi,0.5083333333333333,0.4333333333333333,-0.0284242391586303,120
bigscience/bloom-560m,2,side,22,1,hi,informative,bn,0.525,0.9333333333333332,0.2614670256773631,120
bigscience/bloom-560m,2,side,22,1,hi,informative,en,0.5416666666666666,0.95,0.0508900960286458,120
bigscience/bloom-560m,2,side,22,1,hi,informative,hi,0.6,0.9333333333333332,0.2993637591600418,120
bigscience/bloom-560m,2,side,22,1,hi,neutral,bn,0.4916666666666666,0.25,-0.0901896357536315,120
bigscience/bloom-560m,2,side,22,1,hi,neutral,en,0.5,0.5,0.0,120
bigscience/bloom-560m,2,side,22,1,hi,neutral,hi,0.4666666666666667,0.3833333333333333,-0.0449655304352442,120
bigscience/bloom-560m,2,side,0,1,en,informative,bn,0.5333333333333333,0.95,0.2729638377825419,120
bigscience/bloom-560m,2,side,0,1,en,informative,en,0.525,0.9,0.0390767415364583,120
bigscience/bloom-560m,2,side,0,1,en,informative,hi,0.5916666666666667,1.0,0.3875853459040324,120
bigscience/bloom-560m,2,side,0,1,en,neutral,bn,0.5,0.25,-0.0750221629937489,120
bigscience/bloom-560m,2,side,0,1,en,neutral,en,0.5,0.5,0.0,120
bigscience/bloom-560m,2,side,0,1,en,neutral,hi,0.5333333333333333,0.5333333333333333,0.0036115497350692,120
bigscience/bloom-560m,2,side,2,1,en,informative,bn,0.5166666666666667,0.95,0.2741864919662475,120
bigscience/bloom-560m,2,side,2,1,en,informative,en,0.5,0.6833333333333333,0.0203122456868489,120
bigscience/bloom-560m,2,side,2,1,en,informative,hi,0.575,0.9833333333333332,0.3440527846415838,120
bigscience/bloom-560m,2,side,2,1,en,neutral,bn,0.5,0.25,-0.0759726087252299,120
bigscience/bloom-560m,2,side,2,1,en,neutral,en,0.5,0.5,0.0,120
bigscience/bloom-560m,2,side,2,1,en,neutral,hi,0.5083333333333333,0.4833333333333333,-0.0267216235399246,120
bigscience/bloom-560m,2,side,4,1,en,informative,bn,0.5166666666666667,0.9333333333333332,0.2601881245772043,120
bigscience/bloom-560m,2,side,4,1,en,informative,en,0.5333333333333333,0.8666666666666667,0.0338025410970052,120
bigscience/bloom-560m,2,side,4,1,en,informative,hi,0.5916666666666667,0.9833333333333332,0.3436528086662292,120
bigscience/bloom-560m,2,side,4,1,en,neutral,bn,0.4916666666666666,0.2333333333333333,-0.0955755670865376,120
bigscience/bloom-560m,2,side,4,1,en,neutral,en,0.5,0.5,0.0,120
bigscience/bloom-560m,2,side,4,1,en,neutral,hi,0.5083333333333333,0.5166666666666667,-0.0182669689257939,120
bigscience/bloom-560m,2,side,6,1,en,informative,bn,0.5333333333333333,0.9333333333333332,0.2655222256978353,120
bigscience/bloom-560m,2,side,6,1,en,informative,en,0.5583333333333333,0.95,0.0549598693847656,120
bigscience/bloom-560m,2,side,6,1,en,informative,hi,0.5916666666666667,1.0,0.3498205125331878,120
bigscience/bloom-560m,2,side,6,1,en,neutral,bn,0.4916666666666666,0.2,-0.0950722674528757,120
bigscience/bloom-560m,2,side,6,1,en,neutral,en,0.5,0.5,0.0,120
bigscience/bloom-560m,2,side,6,1,en,neutral,hi,0.5333333333333333,0.55,0.0097215980291366,120
bigscience/bloom-560m,2,side,8,1,en,informative,bn,0.5916666666666667,0.9833333333333332,0.3025514741738637,120
bigscience/bloom-560m,2,side,8,1,en,informative,en,0.5833333333333334,1.0,0.0706723531087239,120
bigscience/bloom-560m,2,side,8,1,en,informative,hi,0.6,1.0,0.4003222415844599,120
bigscience/bloom-560m,2,side,8,1,en,neutral,bn,0.4666666666666667,0.15,-0.1130806883176167,120
bigscience/bloom-560m,2,side,8,1,en,neutral,en,0.5,0.5,0.0,120
bigscience/bloom-560m,2,side,8,1,en,neutral,hi,0.5166666666666667,0.55,0.0166234662135442,120
bigscience/bloom-560m,2,side,10,1,en,informative,bn,0.5416666666666666,1.0,0.3055098076661428,120
bigscience/bloom-560m,2,side,10,1,en,informative,en,0.5916666666666667,1.0,0.0778195699055989,120
bigscience/bloom-560m,2,side,10,1,en,informative,hi,0.6,1.0,0.4095156768957774,120
bigscience/bloom-560m,2,side,10,1,en,neutral,bn,0.4916666666666666,0.2166666666666666,-0.0869331876436869,120
bigscience/bloom-560m,2,side,10,1,en,neutral,en,0.5,0.5,0.0,120
bigscience/bloom-560m,2,side,10,1,en,neutral,hi,0.5333333333333333,0.6333333333333333,0.0285991470019022,120
bigscience/bloom-560m,2,side,12,1,en,informative,bn,0.5416666666666666,0.9833333333333332,0.3007871667544047,120
bigscience/bloom-560m,2,side,12,1,en,informative,en,0.5833333333333334,1.0,0.0663887023925781,120
bigscience/bloom-560m,2,side,12,1,en,informative,hi,0.6,1.0,0.4125340362389882,120
bigscience/bloom-560m,2,side,12,1,en,neutral,bn,0.4916666666666666,0.2,-0.0866851568222046,120
bigscience/bloom-560m,2,side,12,1,en,neutral,en,0.5,0.5,0.0,120
bigscience/bloom-560m,2,side,12,1,en,neutral,hi,0.525,0.55,0.0155038923025131,120
bigscience/bloom-560m,2,side,12,4,en,informative,bn,0.5333333333333333,1.0,0.3319528460502624,120
bigscience/bloom-560m,2,side,12,4,en,informative,en,0.5666666666666667,0.9666666666666668,0.0597132364908854,120
bigscience/bloom-560m,2,side,12,4,en,informative,hi,0.625,0.9833333333333332,0.3572684198617935,120
bigscience/bloom-560m,2,side,12,4,en,neutral,bn,0.4916666666666666,0.2166666666666666,-0.0828672130902608,120
bigscience/bloom-560m,2,side,12,4,en,neutral,en,0.5,0.5,0.0,120
bigscience/bloom-560m,2,side,12,4,en,neutral,hi,0.5166666666666667,0.5333333333333333,-0.0061286558707555,120
bigscience/bloom-560m,2,side,14,1,en,informative,bn,0.5416666666666666,1.0,0.3002990206082662,120
bigscience/bloom-560m,2,side,14,1,en,informative,en,0.5916666666666667,1.0,0.0876609802246093,120
bigscience/bloom-560m,2,side,14,1,en,informative,hi,0.6,1.0,0.4072237263123194,120
bigscience/bloom-560m,2,side,14,1,en,neutral,bn,0.4916666666666666,0.1833333333333333,-0.0930585920810699,120
bigscience/bloom-560m,2,side,14,1,en,neutral,en,0.5,0.5,0.0,120
bigscience/bloom-560m,2,side,14,1,en,neutral,hi,0.5,0.55,0.0107713321844736,120
bigscience/bloom-560m,2,side,16,1,en,informative,bn,0.5666666666666667,1.0,0.3154453674952189,120
bigscience/bloom-560m,2,side,16,1,en,informative,en,0.6166666666666667,1.0,0.0916292826334635,120
bigscience/bloom-560m,2,side,16,1,en,informative,hi,0.5833333333333334,1.0,0.3663775652647018,120
bigscience/bloom-560m,2,side,16,1,en,neutral,bn,0.4916666666666666,0.2,-0.0853770414988199,120
bigscience/bloom-560m,2,side,16,1,en,neutral,en,0.5,0.5,0.0,120
bigscience/bloom-560m,2,side,16,1,en,neutral,hi,0.5,0.4833333333333333,-0.029950804511706,120
bigscience/bloom-560m,2,side,18,1,en,informative,bn,0.55,0.95,0.2740277707576751,120
bigscience/bloom-560m,2,side,18,1,en,informative,en,0.5166666666666667,1.0,0.1111656188964843,120
bigscience/bloom-560m,2,side,18,1,en,informative,hi,0.55,1.0,0.3893537799517313,120
bigscience/bloom-560m,2,side,18,1,en,neutral,bn,0.4916666666666666,0.2,-0.0778508265813191,120
bigscience/bloom-560m,2,side,18,1,en,neutral,en,0.5,0.5,0.0,120
bigscience/bloom-560m,2,side,18,1,en,neutral,hi,0.4833333333333333,0.4166666666666667,-0.0337991187969843,120
bigscience/bloom-560m,2,side,20,1,en,informative,bn,0.5416666666666666,0.9666666666666668,0.2729455371697744,120
bigscience/bloom-560m,2,side,20,1,en,informative,en,0.6,0.95,0.0560457865397135,120
bigscience/bloom-560m,2,side,20,1,en,informative,hi,0.5916666666666667,0.9666666666666668,0.371555174390475,120
bigscience/bloom-560m,2,side,20,1,en,neutral,bn,0.4916666666666666,0.2,-0.0787878493467966,120
bigscience/bloom-560m,2,side,20,1,en,neutral,en,0.5,0.5,0.0,120
bigscience/bloom-560m,2,side,20,1,en,neutral,hi,0.5,0.4333333333333333,-0.0328185280164082,120
bigscience/bloom-560m,2,side,22,1,en,informative,bn,0.5416666666666666,0.9833333333333332,0.3072709699471792,120
bigscience/bloom-560m,2,side,22,1,en,informative,en,0.5416666666666666,0.9666666666666668,0.0553489685058593,120
bigscience/bloom-560m,2,side,22,1,en,informative,hi,0.5833333333333334,0.9833333333333332,0.3505793998638788,120
bigscience/bloom-560m,2,side,22,1,en,neutral,bn,0.4916666666666666,0.3,-0.0557531336943308,120
bigscience/bloom-560m,2,side,22,1,en,neutral,en,0.5,0.5,0.0,120
bigscience/bloom-560m,2,side,22,1,en,neutral,hi,0.5333333333333333,0.5166666666666667,-0.0130413939555486,120
bigscience/bloom-560m,2,gender,0,1,bn,informative,bn,0.5,1.0,0.6431201070547103,120
bigscience/bloom-560m,2,gender,0,1,bn,informative,en,0.8166666666666667,1.0,0.5475883483886719,120
bigscience/bloom-560m,2,gender,0,1,bn,informative,hi,0.6666666666666666,1.0,0.5194028377532959,120
bigscience/bloom-560m,2,gender,0,1,bn,neutral,bn,0.5,0.7,0.0873878349860509,120
bigscience/bloom-560m,2,gender,0,1,bn,neutral,en,0.8,1.0,0.5356773376464844,120
bigscience/bloom-560m,2,gender,0,1,bn,neutral,hi,0.5416666666666666,1.0,0.2241984685262044,120
bigscience/bloom-560m,2,gender,2,1,bn,informative,bn,0.5,0.9833333333333332,0.3741308748722076,120
bigscience/bloom-560m,2,gender,2,1,bn,informative,en,0.8333333333333334,1.0,0.5495190938313802,120
bigscience/bloom-560m,2,gender,2,1,bn,informative,hi,0.6666666666666666,1.0,0.524880834420522,120
bigscience/bloom-560m,2,gender,2,1,bn,neutral,bn,0.5,0.1333333333333333,-0.2122201164563497,120
bigscience/bloom-560m,2,gender,2,1,bn,neutral,en,0.7916666666666666,1.0,0.5360908508300781,120
bigscience/bloom-560m,2,gender,2,1,bn,neutral,hi,0.5416666666666666,1.0,0.2227851271629333,120
bigscience/bloom-560m,2,gender,4,1,bn,informative,bn,0.5,1.0,0.6245828926563263,120
bigscience/bloom-560m,2,gender,4,1,bn,informative,en,0.8166666666666667,1.0,0.5343902587890625,120
bigscience/bloom-560m,2,gender,4,1,bn,informative,hi,0.6666666666666666,1.0,0.5150759220123291,120
bigscience/bloom-560m,2,gender,4,1,bn,neutral,bn,0.5,0.7,0.0584121276934941,120
bigscience/bloom-560m,2,gender,4,1,bn,neutral,en,0.7916666666666666,1.0,0.534033203125,120
bigscience/bloom-560m,2,gender,4,1,bn,neutral,hi,0.55,1.0,0.2145482818285624,120
bigscience/bloom-560m,2,gender,6,1,bn,informative,bn,0.5,1.0,0.6443568607171376,120
bigscience/bloom-560m,2,gender,6,1,bn,informative,en,0.8333333333333334,1.0,0.5587982177734375,120
bigscience/bloom-560m,2,gender,6,1,bn,informative,hi,0.6583333333333333,1.0,0.5297681152820587,120
bigscience/bloom-560m,2,gender,6,1,bn,neutral,bn,0.5,0.75,0.095068879922231,120
bigscience/bloom-560m,2,gender,6,1,bn,neutral,en,0.8,1.0,0.5452377319335937,120
bigscience/bloom-560m,2,gender,6,1,bn,neutral,hi,0.5416666666666666,1.0,0.2394018054008483,120
bigscience/bloom-560m,2,gender,8,1,bn,informative,bn,0.5,1.0,0.6644755959510803,120
bigscience/bloom-560m,2,gender,8,1,bn,informative,en,0.8333333333333334,1.0,0.5534573872884114,120
bigscience/bloom-560m,2,gender,8,1,bn,informative,hi,0.6583333333333333,1.0,0.5169517517089843,120
bigscience/bloom-560m,2,gender,8,1,bn,neutral,bn,0.5,0.75,0.1069185098012288,120
bigscience/bloom-560m,2,gender,8,1,bn,neutral,en,0.7916666666666666,1.0,0.5383832295735677,120
bigscience/bloom-560m,2,gender,8,1,bn,neutral,hi,0.5333333333333333,1.0,0.2264232198397318,120
bigscience/bloom-560m,2,gender,10,1,bn,informative,bn,0.5,1.0,0.6604501336812973,120
bigscience/bloom-560m,2,gender,10,1,bn,informative,en,0.8333333333333334,1.0,0.580529530843099,120
bigscience/bloom-560m,2,gender,10,1,bn,informative,hi,0.6416666666666667,1.0,0.5132855594158172,120
bigscience/bloom-560m,2,gender,10,1,bn,neutral,bn,0.5,0.75,0.1083099693059921,120
bigscience/bloom-560m,2,gender,10,1,bn,neutral,en,0.8,1.0,0.5639778137207031,120
bigscience/bloom-560m,2,gender,10,1,bn,neutral,hi,0.5333333333333333,1.0,0.2242604891459147,120
bigscience/bloom-560m,2,gender,12,1,bn,informative,bn,0.5,1.0,0.5514461775620778,120
bigscience/bloom-560m,2,gender,12,1,bn,informative,en,0.8416666666666667,1.0,0.5750724792480468,120
bigscience/bloom-560m,2,gender,12,1,bn,informative,hi,0.6416666666666667,1.0,0.527107314268748,120
bigscience/bloom-560m,2,gender,12,1,bn,neutral,bn,0.5,0.6833333333333333,0.0503400335709254,120
bigscience/bloom-560m,2,gender,12,1,bn,neutral,en,0.7916666666666666,1.0,0.5445625305175781,120
bigscience/bloom-560m,2,gender,12,1,bn,neutral,hi,0.5333333333333333,1.0,0.2198390285174052,120
bigscience/bloom-560m,2,gender,12,4,bn,informative,bn,0.5,1.0,0.5613902032375335,120
bigscience/bloom-560m,2,gender,12,4,bn,informative,en,0.825,1.0,0.5572428385416667,120
bigscience/bloom-560m,2,gender,12,4,bn,informative,hi,0.6666666666666666,1.0,0.5126697778701782,120
bigscience/bloom-560m,2,gender,12,4,bn,neutral,bn,0.5,0.7,0.0822009325027465,120
bigscience/bloom-560m,2,gender,12,4,bn,neutral,en,0.775,1.0,0.526556396484375,120
bigscience/bloom-560m,2,gender,12,4,bn,neutral,hi,0.5416666666666666,1.0,0.2246254285176595,120
bigscience/bloom-560m,2,gender,14,1,bn,informative,bn,0.5,1.0,0.6263341099023819,120
bigscience/bloom-560m,2,gender,14,1,bn,informative,en,0.8083333333333333,1.0,0.5568127950032552,120
bigscience/bloom-560m,2,gender,14,1,bn,informative,hi,0.6583333333333333,1.0,0.47461230357488,120
bigscience/bloom-560m,2,gender,14,1,bn,neutral,bn,0.5,0.7833333333333333,0.1239055226246515,120
bigscience/bloom-560m,2,gender,14,1,bn,neutral,en,0.775,1.0,0.5274874369303385,120
bigscience/bloom-560m,2,gender,14,1,bn,neutral,hi,0.5333333333333333,1.0,0.1995692571004231,120
bigscience/bloom-560m,2,gender,16,1,bn,informative,bn,0.5,1.0,0.662304570277532,120
bigscience/bloom-560m,2,gender,16,1,bn,informative,en,0.8166666666666667,1.0,0.5644228617350261,120
bigscience/bloom-560m,2,gender,16,1,bn,informative,hi,0.6583333333333333,1.0,0.5223968009154002,120
bigscience/bloom-560m,2,gender,16,1,bn,neutral,bn,0.5,0.7166666666666667,0.080510339140892,120
bigscience/bloom-560m,2,gender,16,1,bn,neutral,en,0.8083333333333333,1.0,0.5439689636230469,120
bigscience/bloom-560m,2,gender,16,1,bn,neutral,hi,0.5416666666666666,1.0,0.2181558767954508,120
bigscience/bloom-560m,2,gender,18,1,bn,informative,bn,0.5,1.0,0.6493517766396205,120
bigscience/bloom-560m,2,gender,18,1,bn,informative,en,0.825,1.0,0.578564198811849,120
bigscience/bloom-560m,2,gender,18,1,bn,informative,hi,0.6916666666666667,1.0,0.5737324098745982,120
bigscience/bloom-560m,2,gender,18,1,bn,neutral,bn,0.5,0.6333333333333333,0.0368375400702158,120
bigscience/bloom-560m,2,gender,18,1,bn,neutral,en,0.8333333333333334,1.0,0.5704643249511718,120
bigscience/bloom-560m,2,gender,18,1,bn,neutral,hi,0.5666666666666667,1.0,0.2464724540710449,120
bigscience/bloom-560m,2,gender,20,1,bn,informative,bn,0.5,1.0,0.606501375635465,120
bigscience/bloom-560m,2,gender,20,1,bn,informative,en,0.8083333333333333,1.0,0.5103302001953125,120
bigscience/bloom-560m,2,gender,20,1,bn,informative,hi,0.675,1.0,0.5082132081190746,120
bigscience/bloom-560m,2,gender,20,1,bn,neutral,bn,0.5,0.7,0.0652789781490961,120
bigscience/bloom-560m,2,gender,20,1,bn,neutral,en,0.775,1.0,0.4989814758300781,120
bigscience/bloom-560m,2,gender,20,1,bn,neutral,hi,0.575,1.0,0.2204813798268636,120
bigscience/bloom-560m,2,gender,22,1,bn,informative,bn,0.5,1.0,0.5883344491322835,120
bigscience/bloom-560m,2,gender,22,1,bn,informative,en,0.8166666666666667,1.0,0.5323496500651042,120
bigscience/bloom-560m,2,gender,22,1,bn,informative,hi,0.6666666666666666,1.0,0.4915892958641052,120
bigscience/bloom-560m,2,gender,22,1,bn,neutral,bn,0.5,0.6666666666666666,0.0462334374586741,120
bigscience/bloom-560m,2,gender,22,1,bn,neutral,en,0.8,1.0,0.5219151814778645,120
bigscience/bloom-560m,2,gender,22,1,bn,neutral,hi,0.5583333333333333,0.9833333333333332,0.1963539799054463,120
bigscience/bloom-560m,2,gender,0,1,hi,informative,bn,0.5,1.0,0.6121026476224264,120
bigscience/bloom-560m,2,gender,0,1,hi,informative,en,0.8166666666666667,1.0,0.5394200642903646,120
bigscience/bloom-560m,2,gender,0,1,hi,informative,hi,0.6666666666666666,1.0,0.5141006747881571,120
bigscience/bloom-560m,2,gender,0,1,hi,neutral,bn,0.5,0.7166666666666667,0.0705260237058003,120
bigscience/bloom-560m,2,gender,0,1,hi,neutral,en,0.7833333333333333,1.0,0.5346768697102865,120
bigscience/bloom-560m,2,gender,0,1,hi,neutral,hi,0.5416666666666666,1.0,0.2161756833394368,120
bigscience/bloom-560m,2,gender,2,1,hi,informative,bn,0.5,1.0,0.6189680685599644,120
bigscience/bloom-560m,2,gender,2,1,hi,informative,en,0.8333333333333334,1.0,0.5461883544921875,120
bigscience/bloom-560m,2,gender,2,1,hi,informative,hi,0.6916666666666667,1.0,0.5508027493953704,120
bigscience/bloom-560m,2,gender,2,1,hi,neutral,bn,0.5,0.7166666666666667,0.0684647887945175,120
bigscience/bloom-560m,2,gender,2,1,hi,neutral,en,0.7916666666666666,1.0,0.536962381998698,120
bigscience/bloom-560m,2,gender,2,1,hi,neutral,hi,0.5583333333333333,1.0,0.246980873743693,120
bigscience/bloom-560m,2,gender,4,1,hi,informative,bn,0.5,1.0,0.625752737124761,120
bigscience/bloom-560m,2,gender,4,1,hi,informative,en,0.8166666666666667,1.0,0.5456573486328125,120
bigscience/bloom-560m,2,gender,4,1,hi,informative,hi,0.6666666666666666,1.0,0.5099284887313843,120
bigscience/bloom-560m,2,gender,4,1,hi,neutral,bn,0.5,0.7166666666666667,0.0766964624325434,120
bigscience/bloom-560m,2,gender,4,1,hi,neutral,en,0.7916666666666666,1.0,0.5351125081380208,120
bigscience/bloom-560m,2,gender,4,1,hi,neutral,hi,0.5416666666666666,1.0,0.2083893696467081,120
bigscience/bloom-560m,2,gender,6,1,hi,informative,bn,0.5,1.0,0.6305515547593434,120
bigscience/bloom-560m,2,gender,6,1,hi,informative,en,0.8083333333333333,1.0,0.5442403157552084,120
bigscience/bloom-560m,2,gender,6,1,hi,informative,hi,0.6583333333333333,1.0,0.4920989374319712,120
bigscience/bloom-560m,2,gender,6,1,hi,neutral,bn,0.5,0.7166666666666667,0.0768868515888849,120
bigscience/bloom-560m,2,gender,6,1,hi,neutral,en,0.7833333333333333,1.0,0.5344632466634115,120
bigscience/bloom-560m,2,gender,6,1,hi,neutral,hi,0.5416666666666666,0.9833333333333332,0.1941698908805847,120
bigscience/bloom-560m,2,gender,8,1,hi,informative,bn,0.5,1.0,0.6315296789010366,120
bigscience/bloom-560m,2,gender,8,1,hi,informative,en,0.8333333333333334,1.0,0.5475252787272136,120
bigscience/bloom-560m,2,gender,8,1,hi,informative,hi,0.6833333333333333,1.0,0.5310818036397298,120
bigscience/bloom-560m,2,gender,8,1,hi,neutral,bn,0.5,0.7166666666666667,0.075072290500005,120
bigscience/bloom-560m,2,gender,8,1,hi,neutral,en,0.7916666666666666,1.0,0.5347979227701823,120
bigscience/bloom-560m,2,gender,8,1,hi,neutral,hi,0.55,1.0,0.2254382848739624,120
bigscience/bloom-560m,2,gender,10,1,hi,informative,bn,0.5,1.0,0.6391581257184347,120
bigscience/bloom-560m,2,gender,10,1,hi,informative,en,0.8333333333333334,1.0,0.5491630554199218,120
bigscience/bloom-560m,2,gender,10,1,hi,informative,hi,0.6666666666666666,1.0,0.5011555174986522,120
bigscience/bloom-560m,2,gender,10,1,hi,neutral,bn,0.5,0.7166666666666667,0.0857053399085998,120
bigscience/bloom-560m,2,gender,10,1,hi,neutral,en,0.7916666666666666,1.0,0.5327107747395833,120
bigscience/bloom-560m,2,gender,10,1,hi,neutral,hi,0.5416666666666666,1.0,0.200690750281016,120
bigscience/bloom-560m,2,gender,12,1,hi,informative,bn,0.5,1.0,0.6106329629818599,120
bigscience/bloom-560m,2,gender,12,1,hi,informative,en,0.8083333333333333,1.0,0.5398633321126302,120
bigscience/bloom-560m,2,gender,12,1,hi,informative,hi,0.65,1.0,0.476108056306839,120
bigscience/bloom-560m,2,gender,12,1,hi,neutral,bn,0.5,0.7166666666666667,0.0775679022073745,120
bigscience/bloom-560m,2,gender,12,1,hi,neutral,en,0.825,1.0,0.5270975748697917,120
bigscience/bloom-560m,2,gender,12,1,hi,neutral,hi,0.5333333333333333,0.9833333333333332,0.1850230614344279,120
bigscience/bloom-560m,2,gender,12,4,hi,informative,bn,0.5,1.0,0.6124413321415584,120
bigscience/bloom-560m,2,gender,12,4,hi,informative,en,0.8083333333333333,1.0,0.5063362121582031,120
bigscience/bloom-560m,2,gender,12,4,hi,informative,hi,0.5916666666666667,1.0,0.3873477121194204,120
bigscience/bloom-560m,2,gender,12,4,hi,neutral,bn,0.5,0.7166666666666667,0.080379369854927,120
bigscience/bloom-560m,2,gender,12,4,hi,neutral,en,0.7833333333333333,1.0,0.4926287333170573,120
bigscience/bloom-560m,2,gender,12,4,hi,neutral,hi,0.5166666666666667,0.95,0.1286485195159912,120
bigscience/bloom-560m,2,gender,14,1,hi,informative,bn,0.5,1.0,0.6156631817420324,120
bigscience/bloom-560m,2,gender,14,1,hi,informative,en,0.7916666666666666,1.0,0.5322771708170573,120
bigscience/bloom-560m,2,gender,14,1,hi,informative,hi,0.6666666666666666,1.0,0.5163215458393097,120
bigscience/bloom-560m,2,gender,14,1,hi,neutral,bn,0.5,0.75,0.0875058601299921,120
bigscience/bloom-560m,2,gender,14,1,hi,neutral,en,0.825,1.0,0.5215682983398438,120
bigscience/bloom-560m,2,gender,14,1,hi,neutral,hi,0.55,1.0,0.2237337867418925,120
bigscience/bloom-560m,2,gender,16,1,hi,informative,bn,0.5,1.0,0.6037316799163819,120
bigscience/bloom-560m,2,gender,16,1,hi,informative,en,0.7916666666666666,1.0,0.5178682963053386,120
bigscience/bloom-560m,2,gender,16,1,hi,informative,hi,0.6333333333333333,1.0,0.4726795931657155,120
bigscience/bloom-560m,2,gender,16,1,hi,neutral,bn,0.5,0.7166666666666667,0.0658054043849309,120
bigscience/bloom-560m,2,gender,16,1,hi,neutral,en,0.8166666666666667,1.0,0.509405771891276,120
bigscience/bloom-560m,2,gender,16,1,hi,neutral,hi,0.5333333333333333,0.9833333333333332,0.1788077314694722,120
bigscience/bloom-560m,2,gender,18,1,hi,informative,bn,0.5,1.0,0.6074686288833618,120
bigscience/bloom-560m,2,gender,18,1,hi,informative,en,0.8,1.0,0.4934432983398437,120
bigscience/bloom-560m,2,gender,18,1,hi,informative,hi,0.5416666666666666,1.0,0.3917004187901814,120
bigscience/bloom-560m,2,gender,18,1,hi,neutral,bn,0.5,0.7333333333333333,0.0839250206947326,120
bigscience/bloom-560m,2,gender,18,1,hi,neutral,en,0.8166666666666667,1.0,0.463323974609375,120
bigscience/bloom-560m,2,gender,18,1,hi,neutral,hi,0.5,0.9333333333333332,0.106824791431427,120
bigscience/bloom-560m,2,gender,20,1,hi,informative,bn,0.5,1.0,0.6252678781747818,120
bigscience/bloom-560m,2,gender,20,1,hi,informative,en,0.8083333333333333,1.0,0.4830045064290365,120
bigscience/bloom-560m,2,gender,20,1,hi,informative,hi,0.5583333333333333,1.0,0.3375182767709096,120
bigscience/bloom-560m,2,gender,20,1,hi,neutral,bn,0.5,0.7166666666666667,0.0734625170628229,120
bigscience/bloom-560m,2,gender,20,1,hi,neutral,en,0.7833333333333333,1.0,0.479688008626302,120
bigscience/bloom-560m,2,gender,20,1,hi,neutral,hi,0.5,0.8166666666666667,0.0532485683759053,120
bigscience/bloom-560m,2,gender,22,1,hi,informative,bn,0.5,1.0,0.6184283147255579,120
bigscience/bloom-560m,2,gender,22,1,hi,informative,en,0.8166666666666667,1.0,0.4855209350585937,120
bigscience/bloom-560m,2,gender,22,1,hi,informative,hi,0.6166666666666667,1.0,0.4299212674299876,120
bigscience/bloom-560m,2,gender,22,1,hi,neutral,bn,0.5,0.7166666666666667,0.0747240672508875,120
bigscience/bloom-560m,2,gender,22,1,hi,neutral,en,0.8,1.0,0.4789365132649739,120
bigscience/bloom-560m,2,gender,22,1,hi,neutral,hi,0.525,0.95,0.1401547948519388,120
bigscience/bloom-560m,2,gender,0,1,en,informative,bn,0.5,1.0,0.6198364237944285,120
bigscience/bloom-560m,2,gender,0,1,en,informative,en,0.8083333333333333,1.0,0.5289932250976562,120
bigscience/bloom-560m,2,gender,0,1,en,informative,hi,0.6666666666666666,1.0,0.506193204720815,120
bigscience/bloom-560m,2,gender,0,1,en,neutral,bn,0.5,0.7166666666666667,0.078364164630572,120
bigscience/bloom-560m,2,gender,0,1,en,neutral,en,0.7916666666666666,1.0,0.5239346822102865,120
bigscience/bloom-560m,2,gender,0,1,en,neutral,hi,0.55,1.0,0.2141175826390584,120
bigscience/bloom-560m,2,gender,2,1,en,informative,bn,0.5,1.0,0.6110068500041962,120
bigscience/bloom-560m,2,gender,2,1,en,informative,en,0.8166666666666667,1.0,0.5581779479980469,120
bigscience/bloom-560m,2,gender,2,1,en,informative,hi,0.675,1.0,0.5372905413309733,120
bigscience/bloom-560m,2,gender,2,1,en,neutral,bn,0.5,0.6833333333333333,0.054384688536326,120
bigscience/bloom-560m,2,gender,2,1,en,neutral,en,0.7833333333333333,1.0,0.5293830871582031,120
bigscience/bloom-560m,2,gender,2,1,en,neutral,hi,0.5583333333333333,1.0,0.2330203334490458,120
bigscience/bloom-560m,2,gender,4,1,en,informative,bn,0.5,1.0,0.6241272826989491,120
bigscience/bloom-560m,2,gender,4,1,en,informative,en,0.8333333333333334,1.0,0.5611793518066406,120
bigscience/bloom-560m,2,gender,4,1,en,informative,hi,0.675,1.0,0.53491570353508,120
bigscience/bloom-560m,2,gender,4,1,en,neutral,bn,0.5,0.7166666666666667,0.0696991781393687,120
bigscience/bloom-560m,2,gender,4,1,en,neutral,en,0.7916666666666666,1.0,0.5422714233398438,120
bigscience/bloom-560m,2,gender,4,1,en,neutral,hi,0.5416666666666666,1.0,0.2287761489550272,120
bigscience/bloom-560m,2,gender,6,1,en,informative,bn,0.5,1.0,0.6054324398438136,120
bigscience/bloom-560m,2,gender,6,1,en,informative,en,0.7916666666666666,1.0,0.5068285624186198,120
bigscience/bloom-560m,2,gender,6,1,en,informative,hi,0.6666666666666666,1.0,0.5294383307298024,120
bigscience/bloom-560m,2,gender,6,1,en,neutral,bn,0.5,0.7166666666666667,0.0719048917293548,120
bigscience/bloom-560m,2,gender,6,1,en,neutral,en,0.7916666666666666,1.0,0.478808848063151,120
bigscience/bloom-560m,2,gender,6,1,en,neutral,hi,0.55,1.0,0.2236262321472168,120
bigscience/bloom-560m,2,gender,8,1,en,informative,bn,0.5,1.0,0.616280640165011,120
bigscience/bloom-560m,2,gender,8,1,en,informative,en,0.775,1.0,0.4861361185709635,120
bigscience/bloom-560m,2,gender,8,1,en,informative,hi,0.6916666666666667,1.0,0.5270949145158131,120
bigscience/bloom-560m,2,gender,8,1,en,neutral,bn,0.5,0.7166666666666667,0.0805654178063074,120
bigscience/bloom-560m,2,gender,8,1,en,neutral,en,0.7833333333333333,1.0,0.4745307922363281,120
bigscience/bloom-560m,2,gender,8,1,en,neutral,hi,0.55,1.0,0.2236157933870951,120
bigscience/bloom-560m,2,gender,10,1,en,informative,bn,0.5,1.0,0.6080335189898809,120
bigscience/bloom-560m,2,gender,10,1,en,informative,en,0.7916666666666666,1.0,0.4696467081705729,120
bigscience/bloom-560m,2,gender,10,1,en,informative,hi,0.6833333333333333,1.0,0.4901437282562256,120
bigscience/bloom-560m,2,gender,10,1,en,neutral,bn,0.5,0.7166666666666667,0.0787953833738962,120
bigscience/bloom-560m,2,gender,10,1,en,neutral,en,0.825,1.0,0.4662915547688802,120
bigscience/bloom-560m,2,gender,10,1,en,neutral,hi,0.55,1.0,0.1976180712381998,120
bigscience/bloom-560m,2,gender,12,1,en,informative,bn,0.5,1.0,0.620493088165919,120
bigscience/bloom-560m,2,gender,12,1,en,informative,en,0.7916666666666666,1.0,0.4957178751627604,120
bigscience/bloom-560m,2,gender,12,1,en,informative,hi,0.6833333333333333,1.0,0.4615504244963328,120
bigscience/bloom-560m,2,gender,12,1,en,neutral,bn,0.5,0.7166666666666667,0.0723522315422693,120
bigscience/bloom-560m,2,gender,12,1,en,neutral,en,0.7833333333333333,1.0,0.5028663635253906,120
bigscience/bloom-560m,2,gender,12,1,en,neutral,hi,0.55,0.9833333333333332,0.1930128177007039,120
bigscience/bloom-560m,2,gender,12,4,en,informative,bn,0.5,1.0,0.6318394333124161,120
bigscience/bloom-560m,2,gender,12,4,en,informative,en,0.6416666666666667,1.0,0.2873092651367187,120
bigscience/bloom-560m,2,gender,12,4,en,informative,hi,0.675,1.0,0.4296759963035583,120
bigscience/bloom-560m,2,gender,12,4,en,neutral,bn,0.5,0.7833333333333333,0.0971398095289866,120
bigscience/bloom-560m,2,gender,12,4,en,neutral,en,0.725,1.0,0.3202156066894531,120
bigscience/bloom-560m,2,gender,12,4,en,neutral,hi,0.5416666666666666,0.9666666666666668,0.1653584202130635,120
bigscience/bloom-560m,2,gender,14,1,en,informative,bn,0.5,1.0,0.6182726671298345,120
bigscience/bloom-560m,2,gender,14,1,en,informative,en,0.8166666666666667,1.0,0.5216835021972657,120
bigscience/bloom-560m,2,gender,14,1,en,informative,hi,0.7,1.0,0.4881329337755839,120
bigscience/bloom-560m,2,gender,14,1,en,neutral,bn,0.5,0.7166666666666667,0.0776001234849294,120
bigscience/bloom-560m,2,gender,14,1,en,neutral,en,0.7833333333333333,1.0,0.5356613159179687,120
bigscience/bloom-560m,2,gender,14,1,en,neutral,hi,0.575,1.0,0.2127295176188151,120
bigscience/bloom-560m,2,gender,16,1,en,informative,bn,0.5,1.0,0.6226369619369507,120
bigscience/bloom-560m,2,gender,16,1,en,informative,en,0.8166666666666667,1.0,0.5338600158691407,120
bigscience/bloom-560m,2,gender,16,1,en,informative,hi,0.6916666666666667,1.0,0.5336694240570068,120
bigscience/bloom-560m,2,gender,16,1,en,neutral,bn,0.5,0.7166666666666667,0.0783842762311299,120
bigscience/bloom-560m,2,gender,16,1,en,neutral,en,0.8,1.0,0.5373400370279948,120
bigscience/bloom-560m,2,gender,16,1,en,neutral,hi,0.575,1.0,0.2295023202896118,120
bigscience/bloom-560m,2,gender,18,1,en,informative,bn,0.5,1.0,0.5781240473190944,120
bigscience/bloom-560m,2,gender,18,1,en,informative,en,0.8,1.0,0.4807177225748698,120
bigscience/bloom-560m,2,gender,18,1,en,informative,hi,0.7,1.0,0.4994019071261088,120
bigscience/bloom-560m,2,gender,18,1,en,neutral,bn,0.5,0.7,0.0568136632442474,120
bigscience/bloom-560m,2,gender,18,1,en,neutral,en,0.7666666666666667,1.0,0.4775357564290364,120
bigscience/bloom-560m,2,gender,18,1,en,neutral,hi,0.575,1.0,0.2020017862319946,120
bigscience/bloom-560m,2,gender,20,1,en,informative,bn,0.5,1.0,0.5676646967728932,120
bigscience/bloom-560m,2,gender,20,1,en,informative,en,0.8083333333333333,1.0,0.4722061157226562,120
bigscience/bloom-560m,2,gender,20,1,en,informative,hi,0.625,1.0,0.4570269525051117,120
bigscience/bloom-560m,2,gender,20,1,en,neutral,bn,0.5,0.7166666666666667,0.0541821151971817,120
bigscience/bloom-560m,2,gender,20,1,en,neutral,en,0.7916666666666666,1.0,0.4738011678059896,120
bigscience/bloom-560m,2,gender,20,1,en,neutral,hi,0.525,0.9833333333333332,0.1516296545664469,120
bigscience/bloom-560m,2,gender,22,1,en,informative,bn,0.5,1.0,0.599285610516866,120
bigscience/bloom-560m,2,gender,22,1,en,informative,en,0.825,1.0,0.4293940226236979,120
bigscience/bloom-560m,2,gender,22,1,en,informative,hi,0.6166666666666667,1.0,0.4573395033677419,120
bigscience/bloom-560m,2,gender,22,1,en,neutral,bn,0.5,0.7166666666666667,0.0625554223855336,120
bigscience/bloom-560m,2,gender,22,1,en,neutral,en,0.7916666666666666,1.0,0.426355234781901,120
bigscience/bloom-560m,2,gender,22,1,en,neutral,hi,0.525,0.9833333333333332,0.1625074942906697,120
bigscience/bloom-560m,2,side,0,1,random,informative,bn,0.5333333333333333,0.9333333333333332,0.2675177852312724,120
bigscience/bloom-560m,2,side,0,1,random,informative,en,0.55,0.95,0.0522478739420572,120
bigscience/bloom-560m,2,side,0,1,random,informative,hi,0.5916666666666667,0.9833333333333332,0.3305359572172165,120
bigscience/bloom-560m,2,side,0,1,random,neutral,bn,0.4916666666666666,0.25,-0.0904058376948038,120
bigscience/bloom-560m,2,side,0,1,random,neutral,en,0.5,0.5,0.0,120
bigscience/bloom-560m,2,side,0,1,random,neutral,hi,0.525,0.4833333333333333,-0.0293922166029612,120
bigscience/bloom-560m,2,gender,0,1,random,informative,bn,0.5,1.0,0.6117356350024541,120
bigscience/bloom-560m,2,gender,0,1,random,informative,en,0.8166666666666667,1.0,0.547204335530599,120
bigscience/bloom-560m,2,gender,0,1,random,informative,hi,0.6583333333333333,1.0,0.5119337479273478,120
bigscience/bloom-560m,2,gender,0,1,random,neutral,bn,0.5,0.7,0.0565749337275822,120
bigscience/bloom-560m,2,gender,0,1,random,neutral,en,0.7916666666666666,1.0,0.5361635843912761,120
bigscience/bloom-560m,2,gender,0,1,random,neutral,hi,0.5416666666666666,1.0,0.2205890536308288,120
bigscience/bloom-560m,2,side,2,1,random,informative,bn,0.5333333333333333,0.9333333333333332,0.2643397152423858,120
bigscience/bloom-560m,2,side,2,1,random,informative,en,0.525,0.95,0.050671895345052,120
bigscience/bloom-560m,2,side,2,1,random,informative,hi,0.575,0.9833333333333332,0.3430631796518961,120
bigscience/bloom-560m,2,side,2,1,random,neutral,bn,0.4916666666666666,0.25,-0.0829884747664133,120
bigscience/bloom-560m,2,side,2,1,random,neutral,en,0.5,0.5,0.0,120
bigscience/bloom-560m,2,side,2,1,random,neutral,hi,0.5416666666666666,0.5166666666666667,-0.0123005300760269,120
bigscience/bloom-560m,2,gender,2,1,random,informative,bn,0.5,1.0,0.6222417245308558,120
bigscience/bloom-560m,2,gender,2,1,random,informative,en,0.8166666666666667,1.0,0.5450553894042969,120
bigscience/bloom-560m,2,gender,2,1,random,informative,hi,0.675,1.0,0.5281705915927887,120
bigscience/bloom-560m,2,gender,2,1,random,neutral,bn,0.5,0.7166666666666667,0.0741987198591232,120
bigscience/bloom-560m,2,gender,2,1,random,neutral,en,0.7916666666666666,1.0,0.5346636454264323,120
bigscience/bloom-560m,2,gender,2,1,random,neutral,hi,0.55,1.0,0.2263150652249654,120
bigscience/bloom-560m,2,side,4,1,random,informative,bn,0.525,0.9333333333333332,0.2676982680956523,120
bigscience/bloom-560m,2,side,4,1,random,informative,en,0.55,0.95,0.0475196838378906,120
bigscience/bloom-560m,2,side,4,1,random,informative,hi,0.5916666666666667,0.9833333333333332,0.348367099960645,120
bigscience/bloom-560m,2,side,4,1,random,neutral,bn,0.4916666666666666,0.2333333333333333,-0.0879295726617177,120
bigscience/bloom-560m,2,side,4,1,random,neutral,en,0.5,0.5,0.0,120
bigscience/bloom-560m,2,side,4,1,random,neutral,hi,0.5333333333333333,0.5333333333333333,-0.0143282860517501,120
bigscience/bloom-560m,2,gender,4,1,random,informative,bn,0.5,1.0,0.6175069918235143,120
bigscience/bloom-560m,2,gender,4,1,random,informative,en,0.8083333333333333,1.0,0.544140370686849,120
bigscience/bloom-560m,2,gender,4,1,random,informative,hi,0.6666666666666666,1.0,0.5219483017921448,120
bigscience/bloom-560m,2,gender,4,1,random,neutral,bn,0.5,0.7166666666666667,0.0677890847126642,120
bigscience/bloom-560m,2,gender,4,1,random,neutral,en,0.7916666666666666,1.0,0.5337422688802084,120
bigscience/bloom-560m,2,gender,4,1,random,neutral,hi,0.5583333333333333,1.0,0.2240991512934367,120
bigscience/bloom-560m,2,side,6,1,random,informative,bn,0.525,0.9333333333333332,0.2668580869833628,120
bigscience/bloom-560m,2,side,6,1,random,informative,en,0.5416666666666666,0.9666666666666668,0.0542516072591145,120
bigscience/bloom-560m,2,side,6,1,random,informative,hi,0.575,0.9833333333333332,0.3340835859378179,120
bigscience/bloom-560m,2,side,6,1,random,neutral,bn,0.5,0.25,-0.0839820206165313,120
bigscience/bloom-560m,2,side,6,1,random,neutral,en,0.5,0.5,0.0,120
bigscience/bloom-560m,2,side,6,1,random,neutral,hi,0.5333333333333333,0.5166666666666667,-0.0171638598044713,120
bigscience/bloom-560m,2,gender,6,1,random,informative,bn,0.5,1.0,0.626960160334905,120
bigscience/bloom-560m,2,gender,6,1,random,informative,en,0.8333333333333334,1.0,0.5495877583821615,120
bigscience/bloom-560m,2,gender,6,1,random,informative,hi,0.675,1.0,0.5321404953797658,120
bigscience/bloom-560m,2,gender,6,1,random,neutral,bn,0.5,0.7166666666666667,0.0786609212557474,120
bigscience/bloom-560m,2,gender,6,1,random,neutral,en,0.7916666666666666,1.0,0.5389114379882812,120
bigscience/bloom-560m,2,gender,6,1,random,neutral,hi,0.55,1.0,0.2311356862386067,120
bigscience/bloom-560m,2,side,8,1,random,informative,bn,0.525,0.9333333333333332,0.2735855340957641,120
bigscience/bloom-560m,2,side,8,1,random,informative,en,0.5333333333333333,0.9333333333333332,0.0468887329101562,120
bigscience/bloom-560m,2,side,8,1,random,informative,hi,0.575,0.9833333333333332,0.3512345254421234,120
bigscience/bloom-560m,2,side,8,1,random,neutral,bn,0.5,0.25,-0.0714245438575744,120
bigscience/bloom-560m,2,side,8,1,random,neutral,en,0.5,0.5,0.0,120
bigscience/bloom-560m,2,side,8,1,random,neutral,hi,0.525,0.5166666666666667,-0.0124126553535461,120
bigscience/bloom-560m,2,gender,8,1,random,informative,bn,0.5,1.0,0.6219660570224126,120
bigscience/bloom-560m,2,gender,8,1,random,informative,en,0.8333333333333334,1.0,0.5510968526204427,120
bigscience/bloom-560m,2,gender,8,1,random,informative,hi,0.6666666666666666,1.0,0.5189672390619914,120
bigscience/bloom-560m,2,gender,8,1,random,neutral,bn,0.5,0.7166666666666667,0.0767335931460062,120
bigscience/bloom-560m,2,gender,8,1,random,neutral,en,0.7916666666666666,1.0,0.5402486165364583,120
bigscience/bloom-560m,2,gender,8,1,random,neutral,hi,0.55,1.0,0.2225746512413025,120
bigscience/bloom-560m,2,side,10,1,random,informative,bn,0.5333333333333333,0.9666666666666668,0.2817331711451212,120
bigscience/bloom-560m,2,side,10,1,random,informative,en,0.5416666666666666,0.9166666666666666,0.0473871866861979,120
bigscience/bloom-560m,2,side,10,1,random,informative,hi,0.575,0.9833333333333332,0.3444358617067337,120
bigscience/bloom-560m,2,side,10,1,random,neutral,bn,0.4916666666666666,0.25,-0.078138788541158,120
bigscience/bloom-560m,2,side,10,1,random,neutral,en,0.5,0.5,0.0,120
bigscience/bloom-560m,2,side,10,1,random,neutral,hi,0.5333333333333333,0.55,-0.0041615645090738,120
bigscience/bloom-560m,2,gender,10,1,random,informative,bn,0.5,1.0,0.6255248496929805,120
bigscience/bloom-560m,2,gender,10,1,random,informative,en,0.8166666666666667,1.0,0.539935811360677,120
bigscience/bloom-560m,2,gender,10,1,random,informative,hi,0.6666666666666666,1.0,0.5185425162315369,120
bigscience/bloom-560m,2,gender,10,1,random,neutral,bn,0.5,0.7166666666666667,0.0774970491727193,120
bigscience/bloom-560m,2,gender,10,1,random,neutral,en,0.7916666666666666,1.0,0.5346677144368489,120
bigscience/bloom-560m,2,gender,10,1,random,neutral,hi,0.55,1.0,0.223615022500356,120
bigscience/bloom-560m,2,side,12,1,random,informative,bn,0.5333333333333333,0.9666666666666668,0.2901227513949076,120
bigscience/bloom-560m,2,side,12,1,random,informative,en,0.55,0.95,0.0537778218587239,120
bigscience/bloom-560m,2,side,12,1,random,informative,hi,0.5916666666666667,0.9833333333333332,0.3472749332586924,120
bigscience/bloom-560m,2,side,12,1,random,neutral,bn,0.5,0.25,-0.0780961672465006,120
bigscience/bloom-560m,2,side,12,1,random,neutral,en,0.5,0.5,0.0,120
bigscience/bloom-560m,2,side,12,1,random,neutral,hi,0.5333333333333333,0.5166666666666667,-0.0162690023581186,120
bigscience/bloom-560m,2,gender,12,1,random,informative,bn,0.5,1.0,0.6120727141698201,120
bigscience/bloom-560m,2,gender,12,1,random,informative,en,0.8166666666666667,1.0,0.5552848815917969,120
bigscience/bloom-560m,2,gender,12,1,random,informative,hi,0.6666666666666666,1.0,0.5284820715586345,120
bigscience/bloom-560m,2,gender,12,1,random,neutral,bn,0.5,0.7166666666666667,0.0751871685187021,120
bigscience/bloom-560m,2,gender,12,1,random,neutral,en,0.7916666666666666,1.0,0.5396858215332031,120
bigscience/bloom-560m,2,gender,12,1,random,neutral,hi,0.5416666666666666,1.0,0.2346975366274515,120
bigscience/bloom-560m,2,side,12,4,random,informative,bn,0.5333333333333333,0.9333333333333332,0.2722709973653157,120
bigscience/bloom-560m,2,side,12,4,random,informative,en,0.55,0.9833333333333332,0.0548566182454427,120
bigscience/bloom-560m,2,side,12,4,random,informative,hi,0.6,1.0,0.3819432586431503,120
bigscience/bloom-560m,2,side,12,4,random,neutral,bn,0.4916666666666666,0.2,-0.0957722107569376,120
bigscience/bloom-560m,2,side,12,4,random,neutral,en,0.5,0.5,0.0,120
bigscience/bloom-560m,2,side,12,4,random,neutral,hi,0.525,0.55,0.0095426350831985,120
bigscience/bloom-560m,2,gender,12,4,random,informative,bn,0.5,1.0,0.6698917746543884,120
bigscience/bloom-560m,2,gender,12,4,random,informative,en,0.8416666666666667,1.0,0.5734616597493489,120
bigscience/bloom-560m,2,gender,12,4,random,informative,hi,0.675,1.0,0.551428739229838,120
bigscience/bloom-560m,2,gender,12,4,random,neutral,bn,0.5,0.7333333333333333,0.0927929520606994,120
bigscience/bloom-560m,2,gender,12,4,random,neutral,en,0.7916666666666666,1.0,0.5565948486328125,120
bigscience/bloom-560m,2,gender,12,4,random,neutral,hi,0.5583333333333333,1.0,0.2328615347544352,120
bigscience/bloom-560m,2,side,14,1,random,informative,bn,0.5333333333333333,0.9333333333333332,0.2621867994467417,120
bigscience/bloom-560m,2,side,14,1,random,informative,en,0.5416666666666666,0.9666666666666668,0.0534149169921875,120
bigscience/bloom-560m,2,side,14,1,random,informative,hi,0.5916666666666667,0.9833333333333332,0.3574363678693771,120
bigscience/bloom-560m,2,side,14,1,random,neutral,bn,0.4916666666666666,0.25,-0.0827736437320709,120
bigscience/bloom-560m,2,side,14,1,random,neutral,en,0.5,0.5,0.0,120
bigscience/bloom-560m,2,side,14,1,random,neutral,hi,0.525,0.5166666666666667,-0.0135587245225906,120
bigscience/bloom-560m,2,gender,14,1,random,informative,bn,0.5,1.0,0.6236189097166062,120
bigscience/bloom-560m,2,gender,14,1,random,informative,en,0.8166666666666667,1.0,0.5434181213378906,120
bigscience/bloom-560m,2,gender,14,1,random,informative,hi,0.675,1.0,0.527210553487142,120
bigscience/bloom-560m,2,gender,14,1,random,neutral,bn,0.5,0.7166666666666667,0.0743159393469492,120
bigscience/bloom-560m,2,gender,14,1,random,neutral,en,0.8166666666666667,1.0,0.5338574727376302,120
bigscience/bloom-560m,2,gender,14,1,random,neutral,hi,0.5583333333333333,1.0,0.2279693365097045,120
bigscience/bloom-560m,2,side,16,1,random,informative,bn,0.5333333333333333,0.9333333333333332,0.2692944864432017,120
bigscience/bloom-560m,2,side,16,1,random,informative,en,0.5333333333333333,0.9666666666666668,0.0522969563802083,120
bigscience/bloom-560m,2,side,16,1,random,informative,hi,0.5833333333333334,0.9833333333333332,0.3466147164503733,120
bigscience/bloom-560m,2,side,16,1,random,neutral,bn,0.4916666666666666,0.25,-0.0843011518319447,120
bigscience/bloom-560m,2,side,16,1,random,neutral,en,0.5,0.5,0.0,120
bigscience/bloom-560m,2,side,16,1,random,neutral,hi,0.5416666666666666,0.5333333333333333,-0.0058204760154088,120
bigscience/bloom-560m,2,gender,16,1,random,informative,bn,0.5,1.0,0.6274630635976791,120
bigscience/bloom-560m,2,gender,16,1,random,informative,en,0.8333333333333334,1.0,0.5538116455078125,120
bigscience/bloom-560m,2,gender,16,1,random,informative,hi,0.675,1.0,0.5167801876862844,120
bigscience/bloom-560m,2,gender,16,1,random,neutral,bn,0.5,0.7166666666666667,0.0763399293025334,120
bigscience/bloom-560m,2,gender,16,1,random,neutral,en,0.7916666666666666,1.0,0.5469078063964844,120
bigscience/bloom-560m,2,gender,16,1,random,neutral,hi,0.55,1.0,0.2204908808072408,120
bigscience/bloom-560m,2,side,18,1,random,informative,bn,0.5333333333333333,0.9333333333333332,0.2789730747540792,120
bigscience/bloom-560m,2,side,18,1,random,informative,en,0.5416666666666666,0.95,0.0510391235351562,120
bigscience/bloom-560m,2,side,18,1,random,informative,hi,0.575,0.9833333333333332,0.3446483423312505,120
bigscience/bloom-560m,2,side,18,1,random,neutral,bn,0.4916666666666666,0.25,-0.0807034293810526,120
bigscience/bloom-560m,2,side,18,1,random,neutral,en,0.5,0.5,0.0,120
bigscience/bloom-560m,2,side,18,1,random,neutral,hi,0.5333333333333333,0.5166666666666667,-0.0134155809879302,120
bigscience/bloom-560m,2,gender,18,1,random,informative,bn,0.5,1.0,0.622228953242302,120
bigscience/bloom-560m,2,gender,18,1,random,informative,en,0.8083333333333333,1.0,0.545825449625651,120
bigscience/bloom-560m,2,gender,18,1,random,informative,hi,0.6666666666666666,1.0,0.5312522868315379,120
bigscience/bloom-560m,2,gender,18,1,random,neutral,bn,0.5,0.7166666666666667,0.0740496456623077,120
bigscience/bloom-560m,2,gender,18,1,random,neutral,en,0.7916666666666666,1.0,0.5318517049153646,120
bigscience/bloom-560m,2,gender,18,1,random,neutral,hi,0.55,1.0,0.2283332149187723,120
bigscience/bloom-560m,2,side,20,1,random,informative,bn,0.5333333333333333,0.9333333333333332,0.2799247324466705,120
bigscience/bloom-560m,2,side,20,1,random,informative,en,0.5416666666666666,0.95,0.0536730448404947,120
bigscience/bloom-560m,2,side,20,1,random,informative,hi,0.5916666666666667,0.9833333333333332,0.3530667344729105,120
bigscience/bloom-560m,2,side,20,1,random,neutral,bn,0.4916666666666666,0.25,-0.0768587410449981,120
bigscience/bloom-560m,2,side,20,1,random,neutral,en,0.5,0.5,0.0,120
bigscience/bloom-560m,2,side,20,1,random,neutral,hi,0.55,0.5333333333333333,-0.00477061967055,120
bigscience/bloom-560m,2,gender,20,1,random,informative,bn,0.5,1.0,0.6318637539943059,120
bigscience/bloom-560m,2,gender,20,1,random,informative,en,0.8,1.0,0.554211680094401,120
bigscience/bloom-560m,2,gender,20,1,random,informative,hi,0.6666666666666666,1.0,0.5285453081130982,120
bigscience/bloom-560m,2,gender,20,1,random,neutral,bn,0.5,0.7166666666666667,0.0783452033996582,120
bigscience/bloom-560m,2,gender,20,1,random,neutral,en,0.825,1.0,0.5462412516276042,120
bigscience/bloom-560m,2,gender,20,1,random,neutral,hi,0.55,1.0,0.2332769910494486,120
bigscience/bloom-560m,2,side,22,1,random,informative,bn,0.5333333333333333,0.9333333333333332,0.2693349500497182,120
bigscience/bloom-560m,2,side,22,1,random,informative,en,0.5166666666666667,0.95,0.0506795247395833,120
bigscience/bloom-560m,2,side,22,1,random,informative,hi,0.5916666666666667,0.9833333333333332,0.3500066717465718,120
bigscience/bloom-560m,2,side,22,1,random,neutral,bn,0.5,0.2166666666666666,-0.0844924608866373,120
bigscience/bloom-560m,2,side,22,1,random,neutral,en,0.5,0.5,0.0,120
bigscience/bloom-560m,2,side,22,1,random,neutral,hi,0.525,0.5166666666666667,-0.011513864994049,120
bigscience/bloom-560m,2,gender,22,1,random,informative,bn,0.5,1.0,0.6333875407775243,120
bigscience/bloom-560m,2,gender,22,1,random,informative,en,0.8166666666666667,1.0,0.5447591145833334,120
bigscience/bloom-560m,2,gender,22,1,random,informative,hi,0.6833333333333333,1.0,0.513272088766098,120
bigscience/bloom-560m,2,gender,22,1,random,neutral,bn,0.5,0.7166666666666667,0.0825381914774576,120
bigscience/bloom-560m,2,gender,22,1,random,neutral,en,0.775,1.0,0.5332407633463542,120
bigscience/bloom-560m,2,gender,22,1,random,neutral,hi,0.575,1.0,0.2150576869646708,120
bigscience/bloom-560m,3,side,-1,0,none,informative,bn,0.6333333333333333,1.0,0.2925190587838491,120
bigscience/bloom-560m,3,side,-1,0,none,informative,en,0.5166666666666667,0.9833333333333332,0.0728441874186198,120
bigscience/bloom-560m,3,side,-1,0,none,informative,hi,0.7083333333333334,1.0,0.4546380420525869,120
bigscience/bloom-560m,3,side,-1,0,none,neutral,bn,0.4833333333333333,0.1,-0.0921695748964945,120
bigscience/bloom-560m,3,side,-1,0,none,neutral,en,0.5,0.5,0.0,120
bigscience/bloom-560m,3,side,-1,0,none,neutral,hi,0.5333333333333333,0.7,0.0471492757399876,120
bigscience/bloom-560m,3,gender,-1,0,none,informative,bn,0.5,1.0,0.5920030325651169,120
bigscience/bloom-560m,3,gender,-1,0,none,informative,en,0.9166666666666666,1.0,0.4958445231119792,120
bigscience/bloom-560m,3,gender,-1,0,none,informative,hi,0.6,1.0,0.4629503448804219,120
bigscience/bloom-560m,3,gender,-1,0,none,neutral,bn,0.5,0.7666666666666667,0.0788595457871755,120
bigscience/bloom-560m,3,gender,-1,0,none,neutral,en,0.925,1.0,0.4766632080078125,120
bigscience/bloom-560m,3,gender,-1,0,none,neutral,hi,0.5,0.9833333333333332,0.1959218263626098,120
bigscience/bloom-560m,3,side,0,1,bn,informative,bn,0.6333333333333333,1.0,0.3048102915287017,120
bigscience/bloom-560m,3,side,0,1,bn,informative,en,0.5166666666666667,0.9833333333333332,0.0729166666666666,120
bigscience/bloom-560m,3,side,0,1,bn,informative,hi,0.7083333333333334,1.0,0.4580301880836487,120
bigscience/bloom-560m,3,side,0,1,bn,neutral,bn,0.4833333333333333,0.1666666666666666,-0.0732572098573049,120
bigscience/bloom-560m,3,side,0,1,bn,neutral,en,0.5,0.5,0.0,120
bigscience/bloom-560m,3,side,0,1,bn,neutral,hi,0.5333333333333333,0.7,0.0464649200439453,120
bigscience/bloom-560m,3,side,2,1,bn,informative,bn,0.6166666666666667,0.9833333333333332,0.2600790540377299,120
bigscience/bloom-560m,3,side,2,1,bn,informative,en,0.5166666666666667,0.9833333333333332,0.0701802571614583,120
bigscience/bloom-560m,3,side,2,1,bn,informative,hi,0.7083333333333334,1.0,0.4360423038403193,120
bigscience/bloom-560m,3,side,2,1,bn,neutral,bn,0.4916666666666666,0.0333333333333333,-0.1267233411471049,120
bigscience/bloom-560m,3,side,2,1,bn,neutral,en,0.5,0.5,0.0,120
bigscience/bloom-560m,3,side,2,1,bn,neutral,hi,0.525,0.6333333333333333,0.0369325935840606,120
bigscience/bloom-560m,3,side,4,1,bn,informative,bn,0.6166666666666667,1.0,0.2713788012663523,120
bigscience/bloom-560m,3,side,4,1,bn,informative,en,0.525,0.95,0.0660408020019531,120
bigscience/bloom-560m,3,side,4,1,bn,informative,hi,0.7,1.0,0.4422178794940313,120
bigscience/bloom-560m,3,side,4,1,bn,neutral,bn,0.475,0.0333333333333333,-0.1114455660184224,120
bigscience/bloom-560m,3,side,4,1,bn,neutral,en,0.5,0.5,0.0,120
bigscience/bloom-560m,3,side,4,1,bn,neutral,hi,0.5333333333333333,0.6833333333333333,0.0418404936790466,120
bigscience/bloom-560m,3,side,6,1,bn,informative,bn,0.6416666666666667,1.0,0.329547518491745,120
bigscience/bloom-560m,3,side,6,1,bn,informative,en,0.5166666666666667,0.9833333333333332,0.0735338846842448,120
bigscience/bloom-560m,3,side,6,1,bn,informative,hi,0.7,1.0,0.4684179723262787,120
bigscience/bloom-560m,3,side,6,1,bn,neutral,bn,0.4833333333333333,0.0666666666666666,-0.0845090468724568,120
bigscience/bloom-560m,3,side,6,1,bn,neutral,en,0.5,0.5,0.0,120
bigscience/bloom-560m,3,side,6,1,bn,neutral,hi,0.5416666666666666,0.85,0.0823011577129364,120
bigscience/bloom-560m,3,side,8,1,bn,informative,bn,0.625,1.0,0.3049558142820994,120
bigscience/bloom-560m,3,side,8,1,bn,informative,en,0.5166666666666667,0.9833333333333332,0.0710845947265625,120
bigscience/bloom-560m,3,side,8,1,bn,informative,hi,0.7,1.0,0.4620093862215678,120
bigscience/bloom-560m,3,side,8,1,bn,neutral,bn,0.4833333333333333,0.0333333333333333,-0.1219456871350606,120
bigscience/bloom-560m,3,side,8,1,bn,neutral,en,0.5,0.5,0.0,120
bigscience/bloom-560m,3,side,8,1,bn,neutral,hi,0.5416666666666666,0.8,0.0636137763659159,120
bigscience/bloom-560m,3,side,10,1,bn,informative,bn,0.6166666666666667,1.0,0.2919841130574544,120
bigscience/bloom-560m,3,side,10,1,bn,informative,en,0.5166666666666667,0.9833333333333332,0.0714991251627604,120
bigscience/bloom-560m,3,side,10,1,bn,informative,hi,0.7,1.0,0.4360746562480926,120
bigscience/bloom-560m,3,side,10,1,bn,neutral,bn,0.4833333333333333,0.1,-0.101712026198705,120
bigscience/bloom-560m,3,side,10,1,bn,neutral,en,0.5,0.5,0.0,120
bigscience/bloom-560m,3,side,10,1,bn,neutral,hi,0.5166666666666667,0.6333333333333333,0.0318003207445144,120
bigscience/bloom-560m,3,side,12,1,bn,informative,bn,0.6166666666666667,1.0,0.2708649535973866,120
bigscience/bloom-560m,3,side,12,1,bn,informative,en,0.525,0.9666666666666668,0.0690256754557291,120
bigscience/bloom-560m,3,side,12,1,bn,informative,hi,0.7,1.0,0.4438470085461934,120
bigscience/bloom-560m,3,side,12,1,bn,neutral,bn,0.4916666666666666,0.0333333333333333,-0.0936787585417429,120
bigscience/bloom-560m,3,side,12,1,bn,neutral,en,0.5,0.5,0.0,120
bigscience/bloom-560m,3,side,12,1,bn,neutral,hi,0.5166666666666667,0.7333333333333333,0.0514590154091517,120
bigscience/bloom-560m,3,side,12,4,bn,informative,bn,0.6166666666666667,1.0,0.2822206298510233,120
bigscience/bloom-560m,3,side,12,4,bn,informative,en,0.5166666666666667,0.9666666666666668,0.0702898661295572,120
bigscience/bloom-560m,3,side,12,4,bn,informative,hi,0.7083333333333334,1.0,0.4518221418062846,120
bigscience/bloom-560m,3,side,12,4,bn,neutral,bn,0.4916666666666666,0.0833333333333333,-0.0930489043394724,120
bigscience/bloom-560m,3,side,12,4,bn,neutral,en,0.5,0.5,0.0,120
bigscience/bloom-560m,3,side,12,4,bn,neutral,hi,0.5166666666666667,0.6833333333333333,0.0437328894933064,120
bigscience/bloom-560m,3,side,14,1,bn,informative,bn,0.6166666666666667,1.0,0.2751087884108225,120
bigscience/bloom-560m,3,side,14,1,bn,informative,en,0.525,0.9666666666666668,0.0711830139160156,120
bigscience/bloom-560m,3,side,14,1,bn,informative,hi,0.7,1.0,0.4517667879660924,120
bigscience/bloom-560m,3,side,14,1,bn,neutral,bn,0.4833333333333333,0.0666666666666666,-0.0898502866427103,120
bigscience/bloom-560m,3,side,14,1,bn,neutral,en,0.5,0.5,0.0,120
bigscience/bloom-560m,3,side,14,1,bn,neutral,hi,0.5416666666666666,0.7333333333333333,0.0495524754126866,120
bigscience/bloom-560m,3,side,16,1,bn,informative,bn,0.6166666666666667,1.0,0.27935511469841,120
bigscience/bloom-560m,3,side,16,1,bn,informative,en,0.5166666666666667,0.9833333333333332,0.0747983296712239,120
bigscience/bloom-560m,3,side,16,1,bn,informative,hi,0.7,1.0,0.4519582440455754,120
bigscience/bloom-560m,3,side,16,1,bn,neutral,bn,0.4833333333333333,0.0666666666666666,-0.1014947235584259,120
bigscience/bloom-560m,3,side,16,1,bn,neutral,en,0.5,0.5,0.0,120
bigscience/bloom-560m,3,side,16,1,bn,neutral,hi,0.5333333333333333,0.6666666666666666,0.0414640178283055,120
bigscience/bloom-560m,3,side,18,1,bn,informative,bn,0.6416666666666667,1.0,0.284904263416926,120
bigscience/bloom-560m,3,side,18,1,bn,informative,en,0.5083333333333333,0.9833333333333332,0.078350830078125,120
bigscience/bloom-560m,3,side,18,1,bn,informative,hi,0.7083333333333334,1.0,0.4446035653352737,120
bigscience/bloom-560m,3,side,18,1,bn,neutral,bn,0.4833333333333333,0.0333333333333333,-0.119695637623469,120
bigscience/bloom-560m,3,side,18,1,bn,neutral,en,0.5,0.5,0.0,120
bigscience/bloom-560m,3,side,18,1,bn,neutral,hi,0.4916666666666666,0.6166666666666667,0.027535871664683,120
bigscience/bloom-560m,3,side,20,1,bn,informative,bn,0.625,1.0,0.2812011897563934,120
bigscience/bloom-560m,3,side,20,1,bn,informative,en,0.5166666666666667,0.9833333333333332,0.0759928385416666,120
bigscience/bloom-560m,3,side,20,1,bn,informative,hi,0.7083333333333334,1.0,0.4616417278846105,120
bigscience/bloom-560m,3,side,20,1,bn,neutral,bn,0.4833333333333333,0.05,-0.1087988634904225,120
bigscience/bloom-560m,3,side,20,1,bn,neutral,en,0.5,0.5,0.0,120
bigscience/bloom-560m,3,side,20,1,bn,neutral,hi,0.5416666666666666,0.7,0.0456519176562627,120
bigscience/bloom-560m,3,side,22,1,bn,informative,bn,0.6083333333333333,0.9833333333333332,0.2193737069765726,120
bigscience/bloom-560m,3,side,22,1,bn,informative,en,0.5083333333333333,0.9833333333333332,0.0726417541503906,120
bigscience/bloom-560m,3,side,22,1,bn,informative,hi,0.7083333333333334,1.0,0.4590983062982559,120
bigscience/bloom-560m,3,side,22,1,bn,neutral,bn,0.4833333333333333,0.0166666666666666,-0.1376365224520365,120
bigscience/bloom-560m,3,side,22,1,bn,neutral,en,0.5,0.5,0.0,120
bigscience/bloom-560m,3,side,22,1,bn,neutral,hi,0.5333333333333333,0.7333333333333333,0.0511354506015777,120
bigscience/bloom-560m,3,side,0,1,hi,informative,bn,0.6166666666666667,1.0,0.2887724876403809,120
bigscience/bloom-560m,3,side,0,1,hi,informative,en,0.5166666666666667,0.9666666666666668,0.0699869791666666,120
bigscience/bloom-560m,3,side,0,1,hi,informative,hi,0.7,1.0,0.4440647025903066,120
bigscience/bloom-560m,3,side,0,1,hi,neutral,bn,0.4833333333333333,0.1,-0.0899464547634124,120
bigscience/bloom-560m,3,side,0,1,hi,neutral,en,0.5,0.5,0.0,120
bigscience/bloom-560m,3,side,0,1,hi,neutral,hi,0.5333333333333333,0.6666666666666666,0.0473639448483785,120
bigscience/bloom-560m,3,side,2,1,hi,informative,bn,0.6166666666666667,1.0,0.2759129126866658,120
bigscience/bloom-560m,3,side,2,1,hi,informative,en,0.5083333333333333,0.9833333333333332,0.0742350260416666,120
bigscience/bloom-560m,3,side,2,1,hi,informative,hi,0.7083333333333334,1.0,0.5086369683345159,120
bigscience/bloom-560m,3,side,2,1,hi,neutral,bn,0.4833333333333333,0.0333333333333333,-0.10701291958491,120
bigscience/bloom-560m,3,side,2,1,hi,neutral,en,0.5,0.5,0.0,120
bigscience/bloom-560m,3,side,2,1,hi,neutral,hi,0.5416666666666666,0.8166666666666667,0.0764912317196528,120
bigscience/bloom-560m,3,side,4,1,hi,informative,bn,0.6166666666666667,1.0,0.2931938548882802,120
bigscience/bloom-560m,3,side,4,1,hi,informative,en,0.5166666666666667,0.9833333333333332,0.073614501953125,120
bigscience/bloom-560m,3,side,4,1,hi,informative,hi,0.6583333333333333,0.9833333333333332,0.3220276574293772,120
bigscience/bloom-560m,3,side,4,1,hi,neutral,bn,0.4833333333333333,0.1,-0.0930368304252624,120
bigscience/bloom-560m,3,side,4,1,hi,neutral,en,0.5,0.5,0.0,120
bigscience/bloom-560m,3,side,4,1,hi,neutral,hi,0.4833333333333333,0.15,-0.0764607270558675,120
bigscience/bloom-560m,3,side,6,1,hi,informative,bn,0.625,1.0,0.2672589659690857,120
bigscience/bloom-560m,3,side,6,1,hi,informative,en,0.525,0.9833333333333332,0.0778925577799479,120
bigscience/bloom-560m,3,side,6,1,hi,informative,hi,0.7083333333333334,1.0,0.4460215469201405,120
bigscience/bloom-560m,3,side,6,1,hi,neutral,bn,0.4833333333333333,0.0333333333333333,-0.1017209370930989,120
bigscience/bloom-560m,3,side,6,1,hi,neutral,en,0.5,0.5,0.0,120
bigscience/bloom-560m,3,side,6,1,hi,neutral,hi,0.5416666666666666,0.7666666666666667,0.0617733597755432,120
bigscience/bloom-560m,3,side,8,1,hi,informative,bn,0.65,1.0,0.301663726568222,120
bigscience/bloom-560m,3,side,8,1,hi,informative,en,0.525,0.9833333333333332,0.0837857564290364,120
bigscience/bloom-560m,3,side,8,1,hi,informative,hi,0.7333333333333333,1.0,0.5878673404455185,120
bigscience/bloom-560m,3,side,8,1,hi,neutral,bn,0.4833333333333333,0.15,-0.0786496579647064,120
bigscience/bloom-560m,3,side,8,1,hi,neutral,en,0.5,0.5,0.0,120
bigscience/bloom-560m,3,side,8,1,hi,neutral,hi,0.5416666666666666,0.9666666666666668,0.1242737799882888,120
bigscience/bloom-560m,3,side,10,1,hi,informative,bn,0.6416666666666667,1.0,0.2831471562385559,120
bigscience/bloom-560m,3,side,10,1,hi,informative,en,0.5166666666666667,0.9833333333333332,0.0750923156738281,120
bigscience/bloom-560m,3,side,10,1,hi,informative,hi,0.7166666666666667,1.0,0.4989962498346964,120
bigscience/bloom-560m,3,side,10,1,hi,neutral,bn,0.475,0.1166666666666666,-0.084487634897232,120
bigscience/bloom-560m,3,side,10,1,hi,neutral,en,0.5,0.5,0.0,120
bigscience/bloom-560m,3,side,10,1,hi,neutral,hi,0.5416666666666666,0.7666666666666667,0.0656720886627833,120
bigscience/bloom-560m,3,side,12,1,hi,informative,bn,0.65,1.0,0.2921819627285004,120
bigscience/bloom-560m,3,side,12,1,hi,informative,en,0.525,0.9833333333333332,0.0750785827636718,120
bigscience/bloom-560m,3,side,12,1,hi,informative,hi,0.7083333333333334,1.0,0.5096614807844162,120
bigscience/bloom-560m,3,side,12,1,hi,neutral,bn,0.4833333333333333,0.1333333333333333,-0.0831727902094523,120
bigscience/bloom-560m,3,side,12,1,hi,neutral,en,0.5,0.5,0.0,120
bigscience/bloom-560m,3,side,12,1,hi,neutral,hi,0.5416666666666666,0.7833333333333333,0.0684930950403213,120
bigscience/bloom-560m,3,side,12,4,hi,informative,bn,0.6083333333333333,0.9833333333333332,0.245634110768636,120
bigscience/bloom-560m,3,side,12,4,hi,informative,en,0.4916666666666666,0.9333333333333332,0.0627802530924479,120
bigscience/bloom-560m,3,side,12,4,hi,informative,hi,0.6416666666666667,1.0,0.3291846762100855,120
bigscience/bloom-560m,3,side,12,4,hi,neutral,bn,0.4833333333333333,0.0666666666666666,-0.0969728549321492,120
bigscience/bloom-560m,3,side,12,4,hi,neutral,en,0.5,0.5,0.0,120
bigscience/bloom-560m,3,side,12,4,hi,neutral,hi,0.4916666666666666,0.3166666666666666,-0.0387798398733139,120
bigscience/bloom-560m,3,side,14,1,hi,informative,bn,0.65,1.0,0.2862755616505941,120
bigscience/bloom-560m,3,side,14,1,hi,informative,en,0.5083333333333333,0.9833333333333332,0.073743184407552,120
bigscience/bloom-560m,3,side,14,1,hi,informative,hi,0.7083333333333334,1.0,0.5318632155656815,120
bigscience/bloom-560m,3,side,14,1,hi,neutral,bn,0.4833333333333333,0.1,-0.0884494980176289,120
bigscience/bloom-560m,3,side,14,1,hi,neutral,en,0.5,0.5,0.0,120
bigscience/bloom-560m,3,side,14,1,hi,neutral,hi,0.5166666666666667,0.85,0.0849364886681238,120
bigscience/bloom-560m,3,side,16,1,hi,informative,bn,0.625,1.0,0.2851008931795756,120
bigscience/bloom-560m,3,side,16,1,hi,informative,en,0.525,0.9833333333333332,0.0750211079915364,120
bigscience/bloom-560m,3,side,16,1,hi,informative,hi,0.7166666666666667,1.0,0.5077271640300751,120
bigscience/bloom-560m,3,side,16,1,hi,neutral,bn,0.4833333333333333,0.1,-0.0911122401555379,120
bigscience/bloom-560m,3,side,16,1,hi,neutral,en,0.5,0.5,0.0,120
bigscience/bloom-560m,3,side,16,1,hi,neutral,hi,0.5416666666666666,0.7666666666666667,0.0700257649024327,120
bigscience/bloom-560m,3,side,18,1,hi,informative,bn,0.625,1.0,0.2985963424046834,120
bigscience/bloom-560m,3,side,18,1,hi,informative,en,0.5333333333333333,0.9833333333333332,0.0837903340657552,120
bigscience/bloom-560m,3,side,18,1,hi,informative,hi,0.725,1.0,0.5274825473626454,120
bigscience/bloom-560m,3,side,18,1,hi,neutral,bn,0.4833333333333333,0.1166666666666666,-0.0813939253489176,120
bigscience/bloom-560m,3,side,18,1,hi,neutral,en,0.5,0.5,0.0,120
bigscience/bloom-560m,3,side,18,1,hi,neutral,hi,0.5416666666666666,0.8666666666666667,0.0857969303925832,120
bigscience/bloom-560m,3,side,20,1,hi,informative,bn,0.6166666666666667,1.0,0.2885435223579407,120
bigscience/bloom-560m,3,side,20,1,hi,informative,en,0.5166666666666667,0.9833333333333332,0.0732437133789062,120
bigscience/bloom-560m,3,side,20,1,hi,informative,hi,0.6833333333333333,1.0,0.443294949332873,120
bigscience/bloom-560m,3,side,20,1,hi,neutral,bn,0.4833333333333333,0.1,-0.0953701158364613,120
bigscience/bloom-560m,3,side,20,1,hi,neutral,en,0.5,0.5,0.0,120
bigscience/bloom-560m,3,side,20,1,hi,neutral,hi,0.5,0.65,0.0331693818171819,120
bigscience/bloom-560m,3,side,22,1,hi,informative,bn,0.6166666666666667,1.0,0.2764690518379211,120
bigscience/bloom-560m,3,side,22,1,hi,informative,en,0.5166666666666667,0.9833333333333332,0.0728352864583333,120
bigscience/bloom-560m,3,side,22,1,hi,informative,hi,0.6833333333333333,1.0,0.4000072360038757,120
bigscience/bloom-560m,3,side,22,1,hi,neutral,bn,0.4833333333333333,0.0333333333333333,-0.1050320744514465,120
bigscience/bloom-560m,3,side,22,1,hi,neutral,en,0.5,0.5,0.0,120
bigscience/bloom-560m,3,side,22,1,hi,neutral,hi,0.5,0.5166666666666667,0.0082438498735427,120
bigscience/bloom-560m,3,side,0,1,en,informative,bn,0.6333333333333333,1.0,0.2876095990339914,120
bigscience/bloom-560m,3,side,0,1,en,informative,en,0.5083333333333333,0.9333333333333332,0.0565872192382812,120
bigscience/bloom-560m,3,side,0,1,en,informative,hi,0.7,1.0,0.483652580777804,120
bigscience/bloom-560m,3,side,0,1,en,neutral,bn,0.4833333333333333,0.1,-0.0888598521550496,120
bigscience/bloom-560m,3,side,0,1,en,neutral,en,0.5,0.5,0.0,120
bigscience/bloom-560m,3,side,0,1,en,neutral,hi,0.5333333333333333,0.75,0.0627965927124023,120
bigscience/bloom-560m,3,side,2,1,en,informative,bn,0.6166666666666667,1.0,0.2901708781719208,120
bigscience/bloom-560m,3,side,2,1,en,informative,en,0.4916666666666666,0.85,0.0407760620117187,120
bigscience/bloom-560m,3,side,2,1,en,informative,hi,0.7,1.0,0.4631008287270864,120
bigscience/bloom-560m,3,side,2,1,en,neutral,bn,0.4916666666666666,0.1,-0.0894961833953857,120
bigscience/bloom-560m,3,side,2,1,en,neutral,en,0.5,0.5,0.0,120
bigscience/bloom-560m,3,side,2,1,en,neutral,hi,0.5083333333333333,0.6833333333333333,0.0419668346643447,120
bigscience/bloom-560m,3,side,4,1,en,informative,bn,0.625,1.0,0.2741806050141652,120
bigscience/bloom-560m,3,side,4,1,en,informative,en,0.5083333333333333,0.8666666666666667,0.0508158365885416,120
bigscience/bloom-560m,3,side,4,1,en,informative,hi,0.7,1.0,0.4396053175131479,120
bigscience/bloom-560m,3,side,4,1,en,neutral,bn,0.4833333333333333,0.05,-0.1069916148980458,120
bigscience/bloom-560m,3,side,4,1,en,neutral,en,0.5,0.5,0.0,120
bigscience/bloom-560m,3,side,4,1,en,neutral,hi,0.5166666666666667,0.65,0.0400416086117426,120
bigscience/bloom-560m,3,side,6,1,en,informative,bn,0.6416666666666667,1.0,0.2869486490885417,120
bigscience/bloom-560m,3,side,6,1,en,informative,en,0.5083333333333333,0.95,0.0682423909505208,120
bigscience/bloom-560m,3,side,6,1,en,informative,hi,0.7083333333333334,1.0,0.469389338294665,120
bigscience/bloom-560m,3,side,6,1,en,neutral,bn,0.4833333333333333,0.0333333333333333,-0.1086506386597951,120
bigscience/bloom-560m,3,side,6,1,en,neutral,en,0.5,0.5,0.0,120
bigscience/bloom-560m,3,side,6,1,en,neutral,hi,0.5416666666666666,0.7666666666666667,0.0668566097815831,120
bigscience/bloom-560m,3,side,8,1,en,informative,bn,0.7333333333333333,1.0,0.3166227340698242,120
bigscience/bloom-560m,3,side,8,1,en,informative,en,0.5333333333333333,0.9833333333333332,0.0915059407552083,120
bigscience/bloom-560m,3,side,8,1,en,informative,hi,0.7166666666666667,1.0,0.5096655915180842,120
bigscience/bloom-560m,3,side,8,1,en,neutral,bn,0.4583333333333333,0.05,-0.1112132410208384,120
bigscience/bloom-560m,3,side,8,1,en,neutral,en,0.5,0.5,0.0,120
bigscience/bloom-560m,3,side,8,1,en,neutral,hi,0.5083333333333333,0.8166666666666667,0.0750015139579773,120
bigscience/bloom-560m,3,side,10,1,en,informative,bn,0.7,1.0,0.3350893060366313,120
bigscience/bloom-560m,3,side,10,1,en,informative,en,0.5333333333333333,0.9833333333333332,0.0961280822753906,120
bigscience/bloom-560m,3,side,10,1,en,informative,hi,0.7083333333333334,1.0,0.4788878321647644,120
bigscience/bloom-560m,3,side,10,1,en,neutral,bn,0.475,0.1166666666666666,-0.0954804877440134,120
bigscience/bloom-560m,3,side,10,1,en,neutral,en,0.5,0.5,0.0,120
bigscience/bloom-560m,3,side,10,1,en,neutral,hi,0.55,0.8666666666666667,0.0723043948411941,120
bigscience/bloom-560m,3,side,12,1,en,informative,bn,0.725,1.0,0.339978402853012,120
bigscience/bloom-560m,3,side,12,1,en,informative,en,0.525,0.9833333333333332,0.0884928385416666,120
bigscience/bloom-560m,3,side,12,1,en,informative,hi,0.7166666666666667,1.0,0.4991366436084111,120
bigscience/bloom-560m,3,side,12,1,en,neutral,bn,0.4916666666666666,0.1,-0.0880498925844828,120
bigscience/bloom-560m,3,side,12,1,en,neutral,en,0.5,0.5,0.0,120
bigscience/bloom-560m,3,side,12,1,en,neutral,hi,0.525,0.7166666666666667,0.0578377018372217,120
bigscience/bloom-560m,3,side,12,4,en,informative,bn,0.6166666666666667,1.0,0.2786496420701345,120
bigscience/bloom-560m,3,side,12,4,en,informative,en,0.5333333333333333,1.0,0.1216267903645833,120
bigscience/bloom-560m,3,side,12,4,en,informative,hi,0.7083333333333334,1.0,0.5060412377119065,120
bigscience/bloom-560m,3,side,12,4,en,neutral,bn,0.475,0.0833333333333333,-0.0937087933222452,120
bigscience/bloom-560m,3,side,12,4,en,neutral,en,0.5,0.5083333333333333,2.5431315104166666e-07,120
bigscience/bloom-560m,3,side,12,4,en,neutral,hi,0.5,0.6666666666666666,0.0483382980028788,120
bigscience/bloom-560m,3,side,14,1,en,informative,bn,0.7,1.0,0.3278779963652293,120
bigscience/bloom-560m,3,side,14,1,en,informative,en,0.525,0.9833333333333332,0.0954340616861979,120
bigscience/bloom-560m,3,side,14,1,en,informative,hi,0.7083333333333334,1.0,0.4869651307662328,120
bigscience/bloom-560m,3,side,14,1,en,neutral,bn,0.475,0.0666666666666666,-0.0994084636370341,120
bigscience/bloom-560m,3,side,14,1,en,neutral,en,0.5,0.5,0.0,120
bigscience/bloom-560m,3,side,14,1,en,neutral,hi,0.5083333333333333,0.8,0.0648763527472813,120
bigscience/bloom-560m,3,side,16,1,en,informative,bn,0.7,1.0,0.3370703121026357,120
bigscience/bloom-560m,3,side,16,1,en,informative,en,0.5333333333333333,1.0,0.1140312194824218,120
bigscience/bloom-560m,3,side,16,1,en,informative,hi,0.7083333333333334,1.0,0.4731852074464162,120
bigscience/bloom-560m,3,side,16,1,en,neutral,bn,0.4833333333333333,0.1,-0.0911420881748199,120
bigscience/bloom-560m,3,side,16,1,en,neutral,en,0.5,0.5,0.0,120
bigscience/bloom-560m,3,side,16,1,en,neutral,hi,0.4833333333333333,0.5666666666666667,0.0209891647100448,120
bigscience/bloom-560m,3,side,18,1,en,informative,bn,0.625,1.0,0.2893466373284657,120
bigscience/bloom-560m,3,side,18,1,en,informative,en,0.5416666666666666,1.0,0.1478441874186198,120
bigscience/bloom-560m,3,side,18,1,en,informative,hi,0.7083333333333334,1.0,0.4920988917350769,120
bigscience/bloom-560m,3,side,18,1,en,neutral,bn,0.4833333333333333,0.1666666666666666,-0.0815981924533844,120
bigscience/bloom-560m,3,side,18,1,en,neutral,en,0.5,0.5,0.0,120
bigscience/bloom-560m,3,side,18,1,en,neutral,hi,0.4916666666666666,0.5166666666666667,0.0219529012838999,120
bigscience/bloom-560m,3,side,20,1,en,informative,bn,0.625,1.0,0.2953320503234863,120
bigscience/bloom-560m,3,side,20,1,en,informative,en,0.525,1.0,0.1097056070963541,120
bigscience/bloom-560m,3,side,20,1,en,informative,hi,0.7,1.0,0.4575809488693873,120
bigscience/bloom-560m,3,side,20,1,en,neutral,bn,0.4833333333333333,0.1,-0.089172625541687,120
bigscience/bloom-560m,3,side,20,1,en,neutral,en,0.5,0.5,0.0,120
bigscience/bloom-560m,3,side,20,1,en,neutral,hi,0.5,0.6833333333333333,0.0361821899811426,120
bigscience/bloom-560m,3,side,22,1,en,informative,bn,0.6416666666666667,1.0,0.3188642621040344,120
bigscience/bloom-560m,3,side,22,1,en,informative,en,0.525,0.9833333333333332,0.0779897054036458,120
bigscience/bloom-560m,3,side,22,1,en,informative,hi,0.7083333333333334,1.0,0.4574678301811218,120
bigscience/bloom-560m,3,side,22,1,en,neutral,bn,0.4833333333333333,0.15,-0.0743373572826385,120
bigscience/bloom-560m,3,side,22,1,en,neutral,en,0.5,0.5,0.0,120
bigscience/bloom-560m,3,side,22,1,en,neutral,hi,0.5333333333333333,0.7166666666666667,0.046072311202685,120
bigscience/bloom-560m,3,gender,0,1,bn,informative,bn,0.5,1.0,0.6067266707619031,120
bigscience/bloom-560m,3,gender,0,1,bn,informative,en,0.9166666666666666,1.0,0.4978919982910156,120
bigscience/bloom-560m,3,gender,0,1,bn,informative,hi,0.6,1.0,0.4616927544275919,120
bigscience/bloom-560m,3,gender,0,1,bn,neutral,bn,0.5,0.7666666666666667,0.0918823271989822,120
bigscience/bloom-560m,3,gender,0,1,bn,neutral,en,0.925,1.0,0.4768664042154948,120
bigscience/bloom-560m,3,gender,0,1,bn,neutral,hi,0.5,0.9833333333333332,0.195457108815511,120
bigscience/bloom-560m,3,gender,2,1,bn,informative,bn,0.5,1.0,0.4062622716029485,120
bigscience/bloom-560m,3,gender,2,1,bn,informative,en,0.9166666666666666,1.0,0.5001976013183593,120
bigscience/bloom-560m,3,gender,2,1,bn,informative,hi,0.5916666666666667,1.0,0.4633638660113017,120
bigscience/bloom-560m,3,gender,2,1,bn,neutral,bn,0.5,0.0833333333333333,-0.1416375885407129,120
bigscience/bloom-560m,3,gender,2,1,bn,neutral,en,0.925,1.0,0.4781812032063802,120
bigscience/bloom-560m,3,gender,2,1,bn,neutral,hi,0.5,0.9666666666666668,0.1923898339271545,120
bigscience/bloom-560m,3,gender,4,1,bn,informative,bn,0.5,1.0,0.6058621406555176,120
bigscience/bloom-560m,3,gender,4,1,bn,informative,en,0.9166666666666666,1.0,0.4869422912597656,120
bigscience/bloom-560m,3,gender,4,1,bn,informative,hi,0.5833333333333334,1.0,0.4571032643318176,120
bigscience/bloom-560m,3,gender,4,1,bn,neutral,bn,0.5,0.8333333333333334,0.0846767256657282,120
bigscience/bloom-560m,3,gender,4,1,bn,neutral,en,0.925,1.0,0.4766487121582031,120
bigscience/bloom-560m,3,gender,4,1,bn,neutral,hi,0.5,0.95,0.1858830531438191,120
bigscience/bloom-560m,3,gender,6,1,bn,informative,bn,0.5,1.0,0.6124592602252961,120
bigscience/bloom-560m,3,gender,6,1,bn,informative,en,0.9166666666666666,1.0,0.5060030619303385,120
bigscience/bloom-560m,3,gender,6,1,bn,informative,hi,0.5916666666666667,1.0,0.4724411090215047,120
bigscience/bloom-560m,3,gender,6,1,bn,neutral,bn,0.5,0.8666666666666667,0.1014890889326731,120
bigscience/bloom-560m,3,gender,6,1,bn,neutral,en,0.925,1.0,0.4861089070638021,120
bigscience/bloom-560m,3,gender,6,1,bn,neutral,hi,0.5,0.9833333333333332,0.2064793825149536,120
bigscience/bloom-560m,3,gender,8,1,bn,informative,bn,0.5,1.0,0.6334347367286682,120
bigscience/bloom-560m,3,gender,8,1,bn,informative,en,0.9166666666666666,1.0,0.5065325419108073,120
bigscience/bloom-560m,3,gender,8,1,bn,informative,hi,0.5833333333333334,1.0,0.4620808919270833,120
bigscience/bloom-560m,3,gender,8,1,bn,neutral,bn,0.5,0.95,0.1203118960062662,120
bigscience/bloom-560m,3,gender,8,1,bn,neutral,en,0.925,1.0,0.4798878987630208,120
bigscience/bloom-560m,3,gender,8,1,bn,neutral,hi,0.5,0.9833333333333332,0.1975492000579834,120
bigscience/bloom-560m,3,gender,10,1,bn,informative,bn,0.5,1.0,0.6314057966073354,120
bigscience/bloom-560m,3,gender,10,1,bn,informative,en,0.9166666666666666,1.0,0.5316790262858073,120
bigscience/bloom-560m,3,gender,10,1,bn,informative,hi,0.5666666666666667,1.0,0.4513363162676493,120
bigscience/bloom-560m,3,gender,10,1,bn,neutral,bn,0.5,0.9166666666666666,0.1152437428633372,120
bigscience/bloom-560m,3,gender,10,1,bn,neutral,en,0.925,1.0,0.5038805643717448,120
bigscience/bloom-560m,3,gender,10,1,bn,neutral,hi,0.5,0.9666666666666668,0.1900113105773925,120
bigscience/bloom-560m,3,gender,12,1,bn,informative,bn,0.5,1.0,0.536661034822464,120
bigscience/bloom-560m,3,gender,12,1,bn,informative,en,0.9166666666666666,1.0,0.5229581197102865,120
bigscience/bloom-560m,3,gender,12,1,bn,informative,hi,0.575,1.0,0.4606197992960611,120
bigscience/bloom-560m,3,gender,12,1,bn,neutral,bn,0.5,0.65,0.0519560108582178,120
bigscience/bloom-560m,3,gender,12,1,bn,neutral,en,0.9333333333333332,1.0,0.4865397135416666,120
bigscience/bloom-560m,3,gender,12,1,bn,neutral,hi,0.5,0.9666666666666668,0.1866411447525024,120
bigscience/bloom-560m,3,gender,12,4,bn,informative,bn,0.5,1.0,0.5646140575408936,120
bigscience/bloom-560m,3,gender,12,4,bn,informative,en,0.9,1.0,0.5056846618652344,120
bigscience/bloom-560m,3,gender,12,4,bn,informative,hi,0.575,1.0,0.4471293250719706,120
bigscience/bloom-560m,3,gender,12,4,bn,neutral,bn,0.5,0.85,0.1119228372971216,120
bigscience/bloom-560m,3,gender,12,4,bn,neutral,en,0.9166666666666666,1.0,0.4745768229166666,120
bigscience/bloom-560m,3,gender,12,4,bn,neutral,hi,0.5,0.9833333333333332,0.1807390054066976,120
bigscience/bloom-560m,3,gender,14,1,bn,informative,bn,0.5,1.0,0.5783049424489339,120
bigscience/bloom-560m,3,gender,14,1,bn,informative,en,0.9166666666666666,1.0,0.4976104736328125,120
bigscience/bloom-560m,3,gender,14,1,bn,informative,hi,0.5833333333333334,1.0,0.4161235928535461,120
bigscience/bloom-560m,3,gender,14,1,bn,neutral,bn,0.5,0.7833333333333333,0.0995430568854014,120
bigscience/bloom-560m,3,gender,14,1,bn,neutral,en,0.9166666666666666,1.0,0.464739735921224,120
bigscience/bloom-560m,3,gender,14,1,bn,neutral,hi,0.5,0.95,0.1703398625055948,120
bigscience/bloom-560m,3,gender,16,1,bn,informative,bn,0.5,1.0,0.6262385815382003,120
bigscience/bloom-560m,3,gender,16,1,bn,informative,en,0.9166666666666666,1.0,0.517755126953125,120
bigscience/bloom-560m,3,gender,16,1,bn,informative,hi,0.6,1.0,0.4712369839350382,120
bigscience/bloom-560m,3,gender,16,1,bn,neutral,bn,0.5,0.7666666666666667,0.0788508514563242,120
bigscience/bloom-560m,3,gender,16,1,bn,neutral,en,0.9333333333333332,1.0,0.4891838073730469,120
bigscience/bloom-560m,3,gender,16,1,bn,neutral,hi,0.5,0.9833333333333332,0.1928527990976969,120
bigscience/bloom-560m,3,gender,18,1,bn,informative,bn,0.5,1.0,0.6138990998268128,120
bigscience/bloom-560m,3,gender,18,1,bn,informative,en,0.9166666666666666,1.0,0.5434677124023437,120
bigscience/bloom-560m,3,gender,18,1,bn,informative,hi,0.5916666666666667,1.0,0.5158180991808573,120
bigscience/bloom-560m,3,gender,18,1,bn,neutral,bn,0.5,0.55,0.0336715261141459,120
bigscience/bloom-560m,3,gender,18,1,bn,neutral,en,0.9416666666666668,1.0,0.5243896484375,120
bigscience/bloom-560m,3,gender,18,1,bn,neutral,hi,0.5,0.9833333333333332,0.2249546329180399,120
bigscience/bloom-560m,3,gender,20,1,bn,informative,bn,0.5,1.0,0.5724760800600052,120
bigscience/bloom-560m,3,gender,20,1,bn,informative,en,0.9,1.0,0.4695757548014322,120
bigscience/bloom-560m,3,gender,20,1,bn,informative,hi,0.5833333333333334,1.0,0.4709465463956197,120
bigscience/bloom-560m,3,gender,20,1,bn,neutral,bn,0.5,0.7333333333333333,0.0616815547148386,120
bigscience/bloom-560m,3,gender,20,1,bn,neutral,en,0.9166666666666666,1.0,0.450805918375651,120
bigscience/bloom-560m,3,gender,20,1,bn,neutral,hi,0.5,0.9833333333333332,0.2088042855262756,120
bigscience/bloom-560m,3,gender,22,1,bn,informative,bn,0.5,1.0,0.5704009413719178,120
bigscience/bloom-560m,3,gender,22,1,bn,informative,en,0.9166666666666666,1.0,0.4837895711263021,120
bigscience/bloom-560m,3,gender,22,1,bn,informative,hi,0.5916666666666667,1.0,0.4376863161722819,120
bigscience/bloom-560m,3,gender,22,1,bn,neutral,bn,0.5,0.6833333333333333,0.0613528162240982,120
bigscience/bloom-560m,3,gender,22,1,bn,neutral,en,0.925,1.0,0.4646883646647135,120
bigscience/bloom-560m,3,gender,22,1,bn,neutral,hi,0.5,0.9333333333333332,0.1719477256139119,120
bigscience/bloom-560m,3,gender,0,1,hi,informative,bn,0.5,1.0,0.5807220538457235,120
bigscience/bloom-560m,3,gender,0,1,hi,informative,en,0.9166666666666666,1.0,0.4896942138671875,120
bigscience/bloom-560m,3,gender,0,1,hi,informative,hi,0.5916666666666667,1.0,0.4532135248184204,120
bigscience/bloom-560m,3,gender,0,1,hi,neutral,bn,0.5,0.75,0.0741000304619471,120
bigscience/bloom-560m,3,gender,0,1,hi,neutral,en,0.925,1.0,0.4758748372395833,120
bigscience/bloom-560m,3,gender,0,1,hi,neutral,hi,0.5,0.9333333333333332,0.1894966125488281,120
bigscience/bloom-560m,3,gender,2,1,hi,informative,bn,0.5,1.0,0.5895450343688329,120
bigscience/bloom-560m,3,gender,2,1,hi,informative,en,0.9166666666666666,1.0,0.4922167460123698,120
bigscience/bloom-560m,3,gender,2,1,hi,informative,hi,0.6,1.0,0.4914520819981893,120
bigscience/bloom-560m,3,gender,2,1,hi,neutral,bn,0.5,0.75,0.0739025890827178,120
bigscience/bloom-560m,3,gender,2,1,hi,neutral,en,0.925,1.0,0.4748156229654948,120
bigscience/bloom-560m,3,gender,2,1,hi,neutral,hi,0.5,0.9833333333333332,0.2152170340220133,120
bigscience/bloom-560m,3,gender,4,1,hi,informative,bn,0.5,1.0,0.591722861925761,120
bigscience/bloom-560m,3,gender,4,1,hi,informative,en,0.9166666666666666,1.0,0.4899322509765625,120
bigscience/bloom-560m,3,gender,4,1,hi,informative,hi,0.5916666666666667,1.0,0.4517353534698486,120
bigscience/bloom-560m,3,gender,4,1,hi,neutral,bn,0.5,0.7666666666666667,0.0802678118149439,120
bigscience/bloom-560m,3,gender,4,1,hi,neutral,en,0.925,1.0,0.4715316772460937,120
bigscience/bloom-560m,3,gender,4,1,hi,neutral,hi,0.5,0.95,0.181278379758199,120
bigscience/bloom-560m,3,gender,6,1,hi,informative,bn,0.5,1.0,0.5968261341253916,120
bigscience/bloom-560m,3,gender,6,1,hi,informative,en,0.9166666666666666,1.0,0.4915824890136718,120
bigscience/bloom-560m,3,gender,6,1,hi,informative,hi,0.5916666666666667,1.0,0.4367000381151835,120
bigscience/bloom-560m,3,gender,6,1,hi,neutral,bn,0.5,0.7666666666666667,0.0807466089725494,120
bigscience/bloom-560m,3,gender,6,1,hi,neutral,en,0.925,1.0,0.4745806376139322,120
bigscience/bloom-560m,3,gender,6,1,hi,neutral,hi,0.5,0.9333333333333332,0.1713939746220906,120
bigscience/bloom-560m,3,gender,8,1,hi,informative,bn,0.5,1.0,0.6005268295605978,120
bigscience/bloom-560m,3,gender,8,1,hi,informative,en,0.9166666666666666,1.0,0.4957794189453125,120
bigscience/bloom-560m,3,gender,8,1,hi,informative,hi,0.5833333333333334,1.0,0.4599719842274983,120
bigscience/bloom-560m,3,gender,8,1,hi,neutral,bn,0.5,0.7666666666666667,0.0799694687128067,120
bigscience/bloom-560m,3,gender,8,1,hi,neutral,en,0.925,1.0,0.4754531860351562,120
bigscience/bloom-560m,3,gender,8,1,hi,neutral,hi,0.5,0.9666666666666668,0.1912666360537211,120
bigscience/bloom-560m,3,gender,10,1,hi,informative,bn,0.5,1.0,0.6067517310380935,120
bigscience/bloom-560m,3,gender,10,1,hi,informative,en,0.9166666666666666,1.0,0.4999588012695312,120
bigscience/bloom-560m,3,gender,10,1,hi,informative,hi,0.5916666666666667,1.0,0.4350135485331217,120
bigscience/bloom-560m,3,gender,10,1,hi,neutral,bn,0.5,0.7833333333333333,0.0884201894203821,120
bigscience/bloom-560m,3,gender,10,1,hi,neutral,en,0.925,1.0,0.4752794901529948,120
bigscience/bloom-560m,3,gender,10,1,hi,neutral,hi,0.5,0.9,0.1667495886484782,120
bigscience/bloom-560m,3,gender,12,1,hi,informative,bn,0.5,1.0,0.5739129920800526,120
bigscience/bloom-560m,3,gender,12,1,hi,informative,en,0.9166666666666666,1.0,0.4958157857259114,120
bigscience/bloom-560m,3,gender,12,1,hi,informative,hi,0.5833333333333334,1.0,0.417064094543457,120
bigscience/bloom-560m,3,gender,12,1,hi,neutral,bn,0.5,0.75,0.0781477600336074,120
bigscience/bloom-560m,3,gender,12,1,hi,neutral,en,0.9333333333333332,1.0,0.4765299479166666,120
bigscience/bloom-560m,3,gender,12,1,hi,neutral,hi,0.5,0.9166666666666666,0.1543073813120524,120
bigscience/bloom-560m,3,gender,12,4,hi,informative,bn,0.5,1.0,0.5849354296922684,120
bigscience/bloom-560m,3,gender,12,4,hi,informative,en,0.9083333333333332,1.0,0.4685941060384114,120
bigscience/bloom-560m,3,gender,12,4,hi,informative,hi,0.55,1.0,0.3521980285644531,120
bigscience/bloom-560m,3,gender,12,4,hi,neutral,bn,0.5,0.7833333333333333,0.0907504181067148,120
bigscience/bloom-560m,3,gender,12,4,hi,neutral,en,0.9166666666666666,1.0,0.4521753946940104,120
bigscience/bloom-560m,3,gender,12,4,hi,neutral,hi,0.5,0.8333333333333334,0.1143224358558654,120
bigscience/bloom-560m,3,gender,14,1,hi,informative,bn,0.5,1.0,0.5832677930593491,120
bigscience/bloom-560m,3,gender,14,1,hi,informative,en,0.9166666666666666,1.0,0.4899668375651042,120
bigscience/bloom-560m,3,gender,14,1,hi,informative,hi,0.6,1.0,0.4518551031748454,120
bigscience/bloom-560m,3,gender,14,1,hi,neutral,bn,0.5,0.7833333333333333,0.0863756010929743,120
bigscience/bloom-560m,3,gender,14,1,hi,neutral,en,0.9333333333333332,1.0,0.4678237915039062,120
bigscience/bloom-560m,3,gender,14,1,hi,neutral,hi,0.5,0.9166666666666666,0.1887705326080322,120
bigscience/bloom-560m,3,gender,16,1,hi,informative,bn,0.5,1.0,0.5805705090363821,120
bigscience/bloom-560m,3,gender,16,1,hi,informative,en,0.9166666666666666,1.0,0.468921152750651,120
bigscience/bloom-560m,3,gender,16,1,hi,informative,hi,0.5583333333333333,1.0,0.4138601064682007,120
bigscience/bloom-560m,3,gender,16,1,hi,neutral,bn,0.5,0.7666666666666667,0.0750206341346104,120
bigscience/bloom-560m,3,gender,16,1,hi,neutral,en,0.925,1.0,0.4526891072591146,120
bigscience/bloom-560m,3,gender,16,1,hi,neutral,hi,0.5,0.8833333333333333,0.1491089304288228,120
bigscience/bloom-560m,3,gender,18,1,hi,informative,bn,0.5,1.0,0.5699531147877376,120
bigscience/bloom-560m,3,gender,18,1,hi,informative,en,0.9166666666666666,1.0,0.4550018310546875,120
bigscience/bloom-560m,3,gender,18,1,hi,informative,hi,0.5416666666666666,1.0,0.3420737663904826,120
bigscience/bloom-560m,3,gender,18,1,hi,neutral,bn,0.5,0.7333333333333333,0.0770015100638071,120
bigscience/bloom-560m,3,gender,18,1,hi,neutral,en,0.925,1.0,0.4240152994791666,120
bigscience/bloom-560m,3,gender,18,1,hi,neutral,hi,0.4916666666666666,0.7,0.0786426544189453,120
bigscience/bloom-560m,3,gender,20,1,hi,informative,bn,0.5,1.0,0.5968893667062124,120
bigscience/bloom-560m,3,gender,20,1,hi,informative,en,0.8666666666666667,1.0,0.433740488688151,120
bigscience/bloom-560m,3,gender,20,1,hi,informative,hi,0.5083333333333333,1.0,0.3029702186584472,120
bigscience/bloom-560m,3,gender,20,1,hi,neutral,bn,0.5,0.7666666666666667,0.0812035391728083,120
bigscience/bloom-560m,3,gender,20,1,hi,neutral,en,0.9,1.0,0.4140467325846354,120
bigscience/bloom-560m,3,gender,20,1,hi,neutral,hi,0.4916666666666666,0.5833333333333334,0.0388132890065511,120
bigscience/bloom-560m,3,gender,22,1,hi,informative,bn,0.5,1.0,0.5906219631433487,120
bigscience/bloom-560m,3,gender,22,1,hi,informative,en,0.8916666666666667,1.0,0.4427454630533854,120
bigscience/bloom-560m,3,gender,22,1,hi,informative,hi,0.5583333333333333,1.0,0.3961853384971618,120
bigscience/bloom-560m,3,gender,22,1,hi,neutral,bn,0.5,0.7666666666666667,0.0782566418250401,120
bigscience/bloom-560m,3,gender,22,1,hi,neutral,en,0.9166666666666666,1.0,0.4242586771647135,120
bigscience/bloom-560m,3,gender,22,1,hi,neutral,hi,0.5,0.8666666666666667,0.1325206955273946,120
bigscience/bloom-560m,3,gender,0,1,en,informative,bn,0.5,1.0,0.5875280638535817,120
bigscience/bloom-560m,3,gender,0,1,en,informative,en,0.9166666666666666,1.0,0.4809110005696614,120
bigscience/bloom-560m,3,gender,0,1,en,informative,hi,0.5916666666666667,1.0,0.4473723093668619,120
bigscience/bloom-560m,3,gender,0,1,en,neutral,bn,0.5,0.7666666666666667,0.0826111644506454,120
bigscience/bloom-560m,3,gender,0,1,en,neutral,en,0.925,1.0,0.4672035217285156,120
bigscience/bloom-560m,3,gender,0,1,en,neutral,hi,0.5,0.9833333333333332,0.1878578027089436,120
bigscience/bloom-560m,3,gender,2,1,en,informative,bn,0.5,1.0,0.585349381963412,120
bigscience/bloom-560m,3,gender,2,1,en,informative,en,0.9166666666666666,1.0,0.5053924560546875,120
bigscience/bloom-560m,3,gender,2,1,en,informative,hi,0.6,1.0,0.4765317916870117,120
bigscience/bloom-560m,3,gender,2,1,en,neutral,bn,0.5,0.75,0.0683634122212727,120
bigscience/bloom-560m,3,gender,2,1,en,neutral,en,0.9083333333333332,1.0,0.46368408203125,120
bigscience/bloom-560m,3,gender,2,1,en,neutral,hi,0.5,0.9833333333333332,0.2020366907119751,120
bigscience/bloom-560m,3,gender,4,1,en,informative,bn,0.5,1.0,0.5894680301348368,120
bigscience/bloom-560m,3,gender,4,1,en,informative,en,0.9166666666666666,1.0,0.5128486633300782,120
bigscience/bloom-560m,3,gender,4,1,en,informative,hi,0.6,1.0,0.4746437390645345,120
bigscience/bloom-560m,3,gender,4,1,en,neutral,bn,0.5,0.7333333333333333,0.0720847596724828,120
bigscience/bloom-560m,3,gender,4,1,en,neutral,en,0.9166666666666666,1.0,0.4835319519042969,120
bigscience/bloom-560m,3,gender,4,1,en,neutral,hi,0.5,0.9666666666666668,0.1971954186757405,120
bigscience/bloom-560m,3,gender,6,1,en,informative,bn,0.5,1.0,0.5792428861061732,120
bigscience/bloom-560m,3,gender,6,1,en,informative,en,0.9166666666666666,1.0,0.4658846537272135,120
bigscience/bloom-560m,3,gender,6,1,en,informative,hi,0.6,1.0,0.4685289263725281,120
bigscience/bloom-560m,3,gender,6,1,en,neutral,bn,0.5,0.7666666666666667,0.0810884227355321,120
bigscience/bloom-560m,3,gender,6,1,en,neutral,en,0.9083333333333332,1.0,0.4247734069824219,120
bigscience/bloom-560m,3,gender,6,1,en,neutral,hi,0.5,0.9666666666666668,0.1936522245407104,120
bigscience/bloom-560m,3,gender,8,1,en,informative,bn,0.5,1.0,0.581236132979393,120
bigscience/bloom-560m,3,gender,8,1,en,informative,en,0.9,1.0,0.4496531168619792,120
bigscience/bloom-560m,3,gender,8,1,en,informative,hi,0.6,1.0,0.4759249329566956,120
bigscience/bloom-560m,3,gender,8,1,en,neutral,bn,0.5,0.75,0.0786810338497161,120
bigscience/bloom-560m,3,gender,8,1,en,neutral,en,0.9166666666666666,1.0,0.4234420776367187,120
bigscience/bloom-560m,3,gender,8,1,en,neutral,hi,0.5,0.9833333333333332,0.2005804538726806,120
bigscience/bloom-560m,3,gender,10,1,en,informative,bn,0.5,1.0,0.5695878913005193,120
bigscience/bloom-560m,3,gender,10,1,en,informative,en,0.9166666666666666,1.0,0.4328666687011718,120
bigscience/bloom-560m,3,gender,10,1,en,informative,hi,0.5916666666666667,1.0,0.4342624584833781,120
bigscience/bloom-560m,3,gender,10,1,en,neutral,bn,0.5,0.75,0.0750352352857589,120
bigscience/bloom-560m,3,gender,10,1,en,neutral,en,0.9083333333333332,1.0,0.4121381123860677,120
bigscience/bloom-560m,3,gender,10,1,en,neutral,hi,0.5,0.9333333333333332,0.1702653805414835,120
bigscience/bloom-560m,3,gender,12,1,en,informative,bn,0.5,1.0,0.587029105424881,120
bigscience/bloom-560m,3,gender,12,1,en,informative,en,0.9,1.0,0.4453028361002604,120
bigscience/bloom-560m,3,gender,12,1,en,informative,hi,0.5916666666666667,1.0,0.4134548942248026,120
bigscience/bloom-560m,3,gender,12,1,en,neutral,bn,0.5,0.75,0.072634220123291,120
bigscience/bloom-560m,3,gender,12,1,en,neutral,en,0.9166666666666666,1.0,0.4411455790201823,120
bigscience/bloom-560m,3,gender,12,1,en,neutral,hi,0.5,0.9666666666666668,0.1694664001464843,120
bigscience/bloom-560m,3,gender,12,4,en,informative,bn,0.5,1.0,0.5859285771846772,120
bigscience/bloom-560m,3,gender,12,4,en,informative,en,0.8583333333333333,1.0,0.2874804178873698,120
bigscience/bloom-560m,3,gender,12,4,en,informative,hi,0.5916666666666667,1.0,0.403726855913798,120
bigscience/bloom-560m,3,gender,12,4,en,neutral,bn,0.5,0.7666666666666667,0.087663072347641,120
bigscience/bloom-560m,3,gender,12,4,en,neutral,en,0.8583333333333333,1.0,0.2887201944986979,120
bigscience/bloom-560m,3,gender,12,4,en,neutral,hi,0.5,0.9166666666666666,0.1558228969573974,120
bigscience/bloom-560m,3,gender,14,1,en,informative,bn,0.5,1.0,0.5872839917739232,120
bigscience/bloom-560m,3,gender,14,1,en,informative,en,0.9166666666666666,1.0,0.4713371276855468,120
bigscience/bloom-560m,3,gender,14,1,en,informative,hi,0.6,1.0,0.4391970912615458,120
bigscience/bloom-560m,3,gender,14,1,en,neutral,bn,0.5,0.7666666666666667,0.0812952170769373,120
bigscience/bloom-560m,3,gender,14,1,en,neutral,en,0.9166666666666666,1.0,0.470691172281901,120
bigscience/bloom-560m,3,gender,14,1,en,neutral,hi,0.5083333333333333,0.9833333333333332,0.1878207643826802,120
bigscience/bloom-560m,3,gender,16,1,en,informative,bn,0.5,1.0,0.5878705163796742,120
bigscience/bloom-560m,3,gender,16,1,en,informative,en,0.8916666666666667,1.0,0.4815460205078125,120
bigscience/bloom-560m,3,gender,16,1,en,informative,hi,0.5916666666666667,1.0,0.4805906693140666,120
bigscience/bloom-560m,3,gender,16,1,en,neutral,bn,0.5,0.75,0.0789754122495651,120
bigscience/bloom-560m,3,gender,16,1,en,neutral,en,0.9083333333333332,1.0,0.4713546752929687,120
bigscience/bloom-560m,3,gender,16,1,en,neutral,hi,0.5,0.9833333333333332,0.2000099460283915,120
bigscience/bloom-560m,3,gender,18,1,en,informative,bn,0.5,1.0,0.5493741989135742,120
bigscience/bloom-560m,3,gender,18,1,en,informative,en,0.8833333333333333,1.0,0.4241625467936198,120
bigscience/bloom-560m,3,gender,18,1,en,informative,hi,0.6,1.0,0.4368996580441793,120
bigscience/bloom-560m,3,gender,18,1,en,neutral,bn,0.5,0.7333333333333333,0.0620582391818364,120
bigscience/bloom-560m,3,gender,18,1,en,neutral,en,0.9166666666666666,1.0,0.4106417338053385,120
bigscience/bloom-560m,3,gender,18,1,en,neutral,hi,0.5083333333333333,0.95,0.170678436756134,120
bigscience/bloom-560m,3,gender,20,1,en,informative,bn,0.5,1.0,0.5337838580211004,120
bigscience/bloom-560m,3,gender,20,1,en,informative,en,0.9166666666666666,1.0,0.4262603759765625,120
bigscience/bloom-560m,3,gender,20,1,en,informative,hi,0.575,1.0,0.3995177189509074,120
bigscience/bloom-560m,3,gender,20,1,en,neutral,bn,0.5,0.7166666666666667,0.0537133385737737,120
bigscience/bloom-560m,3,gender,20,1,en,neutral,en,0.9166666666666666,1.0,0.4170282999674479,120
bigscience/bloom-560m,3,gender,20,1,en,neutral,hi,0.5,0.8666666666666667,0.1237790584564209,120
bigscience/bloom-560m,3,gender,22,1,en,informative,bn,0.5,1.0,0.5677043080329895,120
bigscience/bloom-560m,3,gender,22,1,en,informative,en,0.9166666666666666,1.0,0.3859792073567708,120
bigscience/bloom-560m,3,gender,22,1,en,informative,hi,0.5666666666666667,1.0,0.3935693661371867,120
bigscience/bloom-560m,3,gender,22,1,en,neutral,bn,0.5,0.7333333333333333,0.0644768744707107,120
bigscience/bloom-560m,3,gender,22,1,en,neutral,en,0.95,1.0,0.3738494873046875,120
bigscience/bloom-560m,3,gender,22,1,en,neutral,hi,0.5,0.85,0.1303327202796936,120
bigscience/bloom-560m,3,side,0,1,random,informative,bn,0.6166666666666667,1.0,0.2894199728965759,120
bigscience/bloom-560m,3,side,0,1,random,informative,en,0.525,0.9833333333333332,0.072656758626302,120
bigscience/bloom-560m,3,side,0,1,random,informative,hi,0.7,1.0,0.4401661256949107,120
bigscience/bloom-560m,3,side,0,1,random,neutral,bn,0.4833333333333333,0.0666666666666666,-0.0899767597516377,120
bigscience/bloom-560m,3,side,0,1,random,neutral,en,0.5,0.5,0.0,120
bigscience/bloom-560m,3,side,0,1,random,neutral,hi,0.5333333333333333,0.6333333333333333,0.0343204279740651,120
bigscience/bloom-560m,3,gender,0,1,random,informative,bn,0.5,1.0,0.5951927105585734,120
bigscience/bloom-560m,3,gender,0,1,random,informative,en,0.9166666666666666,1.0,0.4914772033691406,120
bigscience/bloom-560m,3,gender,0,1,random,informative,hi,0.6,1.0,0.4698875904083252,120
bigscience/bloom-560m,3,gender,0,1,random,neutral,bn,0.5,0.75,0.0775823891162872,120
bigscience/bloom-560m,3,gender,0,1,random,neutral,en,0.925,1.0,0.4737457275390625,120
bigscience/bloom-560m,3,gender,0,1,random,neutral,hi,0.5,0.9833333333333332,0.1978461623191833,120
bigscience/bloom-560m,3,side,2,1,random,informative,bn,0.6416666666666667,1.0,0.2995426138242086,120
bigscience/bloom-560m,3,side,2,1,random,informative,en,0.5166666666666667,0.9833333333333332,0.0717175801595052,120
bigscience/bloom-560m,3,side,2,1,random,informative,hi,0.7083333333333334,1.0,0.4697119027376175,120
bigscience/bloom-560m,3,side,2,1,random,neutral,bn,0.4833333333333333,0.1333333333333333,-0.0796036263306935,120
bigscience/bloom-560m,3,side,2,1,random,neutral,en,0.5,0.5,0.0,120
bigscience/bloom-560m,3,side,2,1,random,neutral,hi,0.5333333333333333,0.7666666666666667,0.0651187539100646,120
bigscience/bloom-560m,3,gender,2,1,random,informative,bn,0.5,1.0,0.5867751369873683,120
bigscience/bloom-560m,3,gender,2,1,random,informative,en,0.9166666666666666,1.0,0.4899190266927083,120
bigscience/bloom-560m,3,gender,2,1,random,informative,hi,0.6,1.0,0.4659339507420857,120
bigscience/bloom-560m,3,gender,2,1,random,neutral,bn,0.5,0.7666666666666667,0.0808369080225626,120
bigscience/bloom-560m,3,gender,2,1,random,neutral,en,0.925,1.0,0.4727134704589844,120
bigscience/bloom-560m,3,gender,2,1,random,neutral,hi,0.5,0.9833333333333332,0.1982437451680501,120
bigscience/bloom-560m,3,side,4,1,random,informative,bn,0.6416666666666667,1.0,0.2958288570245107,120
bigscience/bloom-560m,3,side,4,1,random,informative,en,0.5166666666666667,0.9833333333333332,0.0741907755533854,120
bigscience/bloom-560m,3,side,4,1,random,informative,hi,0.7,1.0,0.453699442744255,120
bigscience/bloom-560m,3,side,4,1,random,neutral,bn,0.4833333333333333,0.15,-0.0770784517129262,120
bigscience/bloom-560m,3,side,4,1,random,neutral,en,0.5,0.5,0.0,120
bigscience/bloom-560m,3,side,4,1,random,neutral,hi,0.5333333333333333,0.7,0.040485272804896,120
bigscience/bloom-560m,3,gender,4,1,random,informative,bn,0.5,1.0,0.601528337597847,120
bigscience/bloom-560m,3,gender,4,1,random,informative,en,0.9166666666666666,1.0,0.4980934143066406,120
bigscience/bloom-560m,3,gender,4,1,random,informative,hi,0.5916666666666667,1.0,0.4589414358139038,120
bigscience/bloom-560m,3,gender,4,1,random,neutral,bn,0.5,0.7666666666666667,0.0831474850575129,120
bigscience/bloom-560m,3,gender,4,1,random,neutral,en,0.925,1.0,0.4770398457845052,120
bigscience/bloom-560m,3,gender,4,1,random,neutral,hi,0.5,0.9666666666666668,0.1927197655042012,120
bigscience/bloom-560m,3,side,6,1,random,informative,bn,0.65,1.0,0.3059272825717926,120
bigscience/bloom-560m,3,side,6,1,random,informative,en,0.5166666666666667,0.9833333333333332,0.0748792012532552,120
bigscience/bloom-560m,3,side,6,1,random,informative,hi,0.7,1.0,0.4487403154373169,120
bigscience/bloom-560m,3,side,6,1,random,neutral,bn,0.4833333333333333,0.05,-0.0975156505902608,120
bigscience/bloom-560m,3,side,6,1,random,neutral,en,0.5,0.5,0.0,120
bigscience/bloom-560m,3,side,6,1,random,neutral,hi,0.525,0.7,0.0483886102835337,120
bigscience/bloom-560m,3,gender,6,1,random,informative,bn,0.5,1.0,0.5798511217037837,120
bigscience/bloom-560m,3,gender,6,1,random,informative,en,0.9166666666666666,1.0,0.5008603413899739,120
bigscience/bloom-560m,3,gender,6,1,random,informative,hi,0.6,1.0,0.4670061508814493,120
bigscience/bloom-560m,3,gender,6,1,random,neutral,bn,0.5,0.7666666666666667,0.0780222942431767,120
bigscience/bloom-560m,3,gender,6,1,random,neutral,en,0.9166666666666666,1.0,0.4780901590983072,120
bigscience/bloom-560m,3,gender,6,1,random,neutral,hi,0.5,0.9833333333333332,0.2014145374298095,120
bigscience/bloom-560m,3,side,8,1,random,informative,bn,0.625,1.0,0.3048176308472951,120
bigscience/bloom-560m,3,side,8,1,random,informative,en,0.525,0.9833333333333332,0.0733660380045573,120
bigscience/bloom-560m,3,side,8,1,random,informative,hi,0.7,1.0,0.4474124689896901,120
bigscience/bloom-560m,3,side,8,1,random,neutral,bn,0.4833333333333333,0.1,-0.0892365396022796,120
bigscience/bloom-560m,3,side,8,1,random,neutral,en,0.5,0.5,0.0,120
bigscience/bloom-560m,3,side,8,1,random,neutral,hi,0.5333333333333333,0.6833333333333333,0.0386209319035212,120
bigscience/bloom-560m,3,gender,8,1,random,informative,bn,0.5,1.0,0.5906814932823181,120
bigscience/bloom-560m,3,gender,8,1,random,informative,en,0.9166666666666666,1.0,0.5006543477376302,120
bigscience/bloom-560m,3,gender,8,1,random,informative,hi,0.6,1.0,0.4574591914812724,120
bigscience/bloom-560m,3,gender,8,1,random,neutral,bn,0.5,0.7666666666666667,0.0808343827724456,120
bigscience/bloom-560m,3,gender,8,1,random,neutral,en,0.925,1.0,0.4798388163248698,120
bigscience/bloom-560m,3,gender,8,1,random,neutral,hi,0.5,0.9833333333333332,0.1941909352938334,120
bigscience/bloom-560m,3,side,10,1,random,informative,bn,0.65,1.0,0.2825007756551106,120
bigscience/bloom-560m,3,side,10,1,random,informative,en,0.5166666666666667,0.9833333333333332,0.0746780395507812,120
bigscience/bloom-560m,3,side,10,1,random,informative,hi,0.7083333333333334,1.0,0.4516338467597961,120
bigscience/bloom-560m,3,side,10,1,random,neutral,bn,0.4833333333333333,0.0666666666666666,-0.0945917546749115,120
bigscience/bloom-560m,3,side,10,1,random,neutral,en,0.5,0.5,0.0,120
bigscience/bloom-560m,3,side,10,1,random,neutral,hi,0.5333333333333333,0.7166666666666667,0.052508865793546,120
bigscience/bloom-560m,3,gender,10,1,random,informative,bn,0.5,1.0,0.5955982873837153,120
bigscience/bloom-560m,3,gender,10,1,random,informative,en,0.9166666666666666,1.0,0.4959554036458333,120
bigscience/bloom-560m,3,gender,10,1,random,informative,hi,0.6,1.0,0.4642752210299174,120
bigscience/bloom-560m,3,gender,10,1,random,neutral,bn,0.5,0.7666666666666667,0.0813810884952545,120
bigscience/bloom-560m,3,gender,10,1,random,neutral,en,0.925,1.0,0.4757598876953125,120
bigscience/bloom-560m,3,gender,10,1,random,neutral,hi,0.5,0.9666666666666668,0.1923093239466349,120
bigscience/bloom-560m,3,side,12,1,random,informative,bn,0.6166666666666667,1.0,0.298892205953598,120
bigscience/bloom-560m,3,side,12,1,random,informative,en,0.525,0.9833333333333332,0.0757420857747395,120
bigscience/bloom-560m,3,side,12,1,random,informative,hi,0.7083333333333334,1.0,0.4730625520149866,120
bigscience/bloom-560m,3,side,12,1,random,neutral,bn,0.4833333333333333,0.0666666666666666,-0.0942162076632181,120
bigscience/bloom-560m,3,side,12,1,random,neutral,en,0.5,0.5,0.0,120
bigscience/bloom-560m,3,side,12,1,random,neutral,hi,0.5416666666666666,0.75,0.0547957688570022,120
bigscience/bloom-560m,3,gender,12,1,random,informative,bn,0.5,1.0,0.5821457386016846,120
bigscience/bloom-560m,3,gender,12,1,random,informative,en,0.9166666666666666,1.0,0.5037742614746094,120
bigscience/bloom-560m,3,gender,12,1,random,informative,hi,0.6,1.0,0.4617931803067525,120
bigscience/bloom-560m,3,gender,12,1,random,neutral,bn,0.5,0.7333333333333333,0.0676791508992513,120
bigscience/bloom-560m,3,gender,12,1,random,neutral,en,0.925,1.0,0.4848960876464844,120
bigscience/bloom-560m,3,gender,12,1,random,neutral,hi,0.5,0.9666666666666668,0.1961620728174845,120
bigscience/bloom-560m,3,side,12,4,random,informative,bn,0.6416666666666667,1.0,0.2992595871289571,120
bigscience/bloom-560m,3,side,12,4,random,informative,en,0.5166666666666667,0.9666666666666668,0.0704887390136718,120
bigscience/bloom-560m,3,side,12,4,random,informative,hi,0.7,1.0,0.460124792655309,120
bigscience/bloom-560m,3,side,12,4,random,neutral,bn,0.4833333333333333,0.1,-0.086778175830841,120
bigscience/bloom-560m,3,side,12,4,random,neutral,en,0.5,0.4916666666666666,-2.5431315104166666e-07,120
bigscience/bloom-560m,3,side,12,4,random,neutral,hi,0.5416666666666666,0.75,0.0604748318592707,120
bigscience/bloom-560m,3,gender,12,4,random,informative,bn,0.5,1.0,0.5815210709969203,120
bigscience/bloom-560m,3,gender,12,4,random,informative,en,0.9166666666666666,1.0,0.4919578552246094,120
bigscience/bloom-560m,3,gender,12,4,random,informative,hi,0.5916666666666667,1.0,0.4576865156491597,120
bigscience/bloom-560m,3,gender,12,4,random,neutral,bn,0.5,0.7333333333333333,0.064031449953715,120
bigscience/bloom-560m,3,gender,12,4,random,neutral,en,0.9166666666666666,1.0,0.4660580952962239,120
bigscience/bloom-560m,3,gender,12,4,random,neutral,hi,0.5,0.9666666666666668,0.1877318620681762,120
bigscience/bloom-560m,3,side,14,1,random,informative,bn,0.6166666666666667,1.0,0.2840673069159189,120
bigscience/bloom-560m,3,side,14,1,random,informative,en,0.5083333333333333,0.9833333333333332,0.071099853515625,120
bigscience/bloom-560m,3,side,14,1,random,informative,hi,0.6916666666666667,1.0,0.4551299472649892,120
bigscience/bloom-560m,3,side,14,1,random,neutral,bn,0.4833333333333333,0.1,-0.0885399103164672,120
bigscience/bloom-560m,3,side,14,1,random,neutral,en,0.5,0.5,0.0,120
bigscience/bloom-560m,3,side,14,1,random,neutral,hi,0.5166666666666667,0.6833333333333333,0.0410577853520711,120
bigscience/bloom-560m,3,gender,14,1,random,informative,bn,0.5,1.0,0.5887402812639873,120
bigscience/bloom-560m,3,gender,14,1,random,informative,en,0.9166666666666666,1.0,0.4976122538248698,120
bigscience/bloom-560m,3,gender,14,1,random,informative,hi,0.6,1.0,0.4697160402933756,120
bigscience/bloom-560m,3,gender,14,1,random,neutral,bn,0.5,0.75,0.0778689324855804,120
bigscience/bloom-560m,3,gender,14,1,random,neutral,en,0.925,1.0,0.4782958984375,120
bigscience/bloom-560m,3,gender,14,1,random,neutral,hi,0.5,0.9833333333333332,0.2062234878540039,120
bigscience/bloom-560m,3,side,16,1,random,informative,bn,0.6166666666666667,1.0,0.296138189236323,120
bigscience/bloom-560m,3,side,16,1,random,informative,en,0.525,0.9833333333333332,0.076708984375,120
bigscience/bloom-560m,3,side,16,1,random,informative,hi,0.7,1.0,0.4816684156656265,120
bigscience/bloom-560m,3,side,16,1,random,neutral,bn,0.4916666666666666,0.0833333333333333,-0.096674092610677,120
bigscience/bloom-560m,3,side,16,1,random,neutral,en,0.5,0.5,0.0,120
bigscience/bloom-560m,3,side,16,1,random,neutral,hi,0.5333333333333333,0.7333333333333333,0.0532919466495513,120
bigscience/bloom-560m,3,gender,16,1,random,informative,bn,0.5,1.0,0.5917561749617258,120
bigscience/bloom-560m,3,gender,16,1,random,informative,en,0.9083333333333332,1.0,0.4899757385253906,120
bigscience/bloom-560m,3,gender,16,1,random,informative,hi,0.6,1.0,0.4595788319905599,120
bigscience/bloom-560m,3,gender,16,1,random,neutral,bn,0.5,0.75,0.0753829429546992,120
bigscience/bloom-560m,3,gender,16,1,random,neutral,en,0.9166666666666666,1.0,0.4742950439453125,120
bigscience/bloom-560m,3,gender,16,1,random,neutral,hi,0.5,0.95,0.1878884315490722,120
bigscience/bloom-560m,3,side,18,1,random,informative,bn,0.6166666666666667,1.0,0.2967604021231333,120
bigscience/bloom-560m,3,side,18,1,random,informative,en,0.5166666666666667,0.9833333333333332,0.071948496500651,120
bigscience/bloom-560m,3,side,18,1,random,informative,hi,0.7083333333333334,1.0,0.4552310486634572,120
bigscience/bloom-560m,3,side,18,1,random,neutral,bn,0.4833333333333333,0.1,-0.0861030797163645,120
bigscience/bloom-560m,3,side,18,1,random,neutral,en,0.5,0.5,0.0,120
bigscience/bloom-560m,3,side,18,1,random,neutral,hi,0.525,0.6666666666666666,0.0422304689884185,120
bigscience/bloom-560m,3,gender,18,1,random,informative,bn,0.5,1.0,0.5935697903235754,120
bigscience/bloom-560m,3,gender,18,1,random,informative,en,0.9166666666666666,1.0,0.4976277669270833,120
bigscience/bloom-560m,3,gender,18,1,random,informative,hi,0.6,1.0,0.4817680040995279,120
bigscience/bloom-560m,3,gender,18,1,random,neutral,bn,0.5,0.7666666666666667,0.0780074268579483,120
bigscience/bloom-560m,3,gender,18,1,random,neutral,en,0.925,1.0,0.4789744059244791,120
bigscience/bloom-560m,3,gender,18,1,random,neutral,hi,0.5,0.9833333333333332,0.2125296791394551,120
bigscience/bloom-560m,3,side,20,1,random,informative,bn,0.6333333333333333,1.0,0.2968220770359039,120
bigscience/bloom-560m,3,side,20,1,random,informative,en,0.5083333333333333,0.9833333333333332,0.0722323099772135,120
bigscience/bloom-560m,3,side,20,1,random,informative,hi,0.7083333333333334,1.0,0.4591614176829656,120
bigscience/bloom-560m,3,side,20,1,random,neutral,bn,0.4833333333333333,0.0833333333333333,-0.0924369633197784,120
bigscience/bloom-560m,3,side,20,1,random,neutral,en,0.5,0.5,0.0,120
bigscience/bloom-560m,3,side,20,1,random,neutral,hi,0.525,0.7333333333333333,0.0523171097040176,120
bigscience/bloom-560m,3,gender,20,1,random,informative,bn,0.5,1.0,0.5823534816503525,120
bigscience/bloom-560m,3,gender,20,1,random,informative,en,0.9,1.0,0.4882286071777343,120
bigscience/bloom-560m,3,gender,20,1,random,informative,hi,0.6,1.0,0.4682063659032185,120
bigscience/bloom-560m,3,gender,20,1,random,neutral,bn,0.5,0.7333333333333333,0.0691176662842432,120
bigscience/bloom-560m,3,gender,20,1,random,neutral,en,0.9166666666666666,1.0,0.4714978535970052,120
bigscience/bloom-560m,3,gender,20,1,random,neutral,hi,0.5,0.9833333333333332,0.2010428826014201,120
bigscience/bloom-560m,3,side,22,1,random,informative,bn,0.6416666666666667,1.0,0.2988913098971049,120
bigscience/bloom-560m,3,side,22,1,random,informative,en,0.525,0.9833333333333332,0.0718159993489583,120
bigscience/bloom-560m,3,side,22,1,random,informative,hi,0.7083333333333334,1.0,0.4553197354078293,120
bigscience/bloom-560m,3,side,22,1,random,neutral,bn,0.4833333333333333,0.1333333333333333,-0.0828424592812856,120
bigscience/bloom-560m,3,side,22,1,random,neutral,en,0.5,0.5,0.0,120
bigscience/bloom-560m,3,side,22,1,random,neutral,hi,0.5333333333333333,0.7166666666666667,0.0476512064536412,120
bigscience/bloom-560m,3,gender,22,1,random,informative,bn,0.5,1.0,0.5883065213759741,120
bigscience/bloom-560m,3,gender,22,1,random,informative,en,0.9166666666666666,1.0,0.4994433085123698,120
bigscience/bloom-560m,3,gender,22,1,random,informative,hi,0.6,1.0,0.475913647810618,120
bigscience/bloom-560m,3,gender,22,1,random,neutral,bn,0.5,0.7666666666666667,0.078359572092692,120
bigscience/bloom-560m,3,gender,22,1,random,neutral,en,0.9166666666666666,1.0,0.4797866821289062,120
bigscience/bloom-560m,3,gender,22,1,random,neutral,hi,0.5,0.9833333333333332,0.2067777315775553,120
bigscience/bloom-560m,4,side,-1,0,none,informative,bn,0.5916666666666667,1.0,0.2847170829772949,120
bigscience/bloom-560m,4,side,-1,0,none,informative,en,0.575,1.0,0.0690610249837239,120
bigscience/bloom-560m,4,side,-1,0,none,informative,hi,0.5916666666666667,1.0,0.3996123472849528,120
bigscience/bloom-560m,4,side,-1,0,none,neutral,bn,0.4833333333333333,0.1333333333333333,-0.0771377384662628,120
bigscience/bloom-560m,4,side,-1,0,none,neutral,en,0.5,0.5,0.0,120
bigscience/bloom-560m,4,side,-1,0,none,neutral,hi,0.4916666666666666,0.4666666666666667,-0.0266871442397435,120
bigscience/bloom-560m,4,gender,-1,0,none,informative,bn,0.5,1.0,0.6064145763715109,120
bigscience/bloom-560m,4,gender,-1,0,none,informative,en,0.875,1.0,0.5291460673014323,120
bigscience/bloom-560m,4,gender,-1,0,none,informative,hi,0.5166666666666667,1.0,0.5209535916646322,120
bigscience/bloom-560m,4,gender,-1,0,none,neutral,bn,0.5,0.7666666666666667,0.0810544331868489,120
bigscience/bloom-560m,4,gender,-1,0,none,neutral,en,0.8333333333333334,1.0,0.4905868530273437,120
bigscience/bloom-560m,4,gender,-1,0,none,neutral,hi,0.5,1.0,0.2396360596021016,120
bigscience/bloom-560m,4,side,0,1,bn,informative,bn,0.5916666666666667,1.0,0.2871476570765177,120
bigscience/bloom-560m,4,side,0,1,bn,informative,en,0.575,1.0,0.0689615885416666,120
bigscience/bloom-560m,4,side,0,1,bn,informative,hi,0.5916666666666667,1.0,0.3997867107391357,120
bigscience/bloom-560m,4,side,0,1,bn,neutral,bn,0.4833333333333333,0.1666666666666666,-0.0642612159252166,120
bigscience/bloom-560m,4,side,0,1,bn,neutral,en,0.5,0.5,0.0,120
bigscience/bloom-560m,4,side,0,1,bn,neutral,hi,0.4916666666666666,0.4666666666666667,-0.0278014421463012,120
bigscience/bloom-560m,4,side,2,1,bn,informative,bn,0.5833333333333334,0.9833333333333332,0.2582487940788269,120
bigscience/bloom-560m,4,side,2,1,bn,informative,en,0.5666666666666667,1.0,0.0670926411946614,120
bigscience/bloom-560m,4,side,2,1,bn,informative,hi,0.6,0.9833333333333332,0.3791400998830795,120
bigscience/bloom-560m,4,side,2,1,bn,neutral,bn,0.4833333333333333,0.0333333333333333,-0.1132822295029958,120
bigscience/bloom-560m,4,side,2,1,bn,neutral,en,0.5,0.5,0.0,120
bigscience/bloom-560m,4,side,2,1,bn,neutral,hi,0.4666666666666667,0.4333333333333333,-0.0379278202851613,120
bigscience/bloom-560m,4,side,4,1,bn,informative,bn,0.5833333333333334,1.0,0.2759274582068125,120
bigscience/bloom-560m,4,side,4,1,bn,informative,en,0.5416666666666666,1.0,0.0631909688313802,120
bigscience/bloom-560m,4,side,4,1,bn,informative,hi,0.5916666666666667,0.9666666666666668,0.3911391894022624,120
bigscience/bloom-560m,4,side,4,1,bn,neutral,bn,0.4833333333333333,0.1,-0.0836774865786234,120
bigscience/bloom-560m,4,side,4,1,bn,neutral,en,0.5,0.5,0.0,120
bigscience/bloom-560m,4,side,4,1,bn,neutral,hi,0.4916666666666666,0.45,-0.0324670185645421,120
bigscience/bloom-560m,4,side,6,1,bn,informative,bn,0.6083333333333333,1.0,0.3247777144114176,120
bigscience/bloom-560m,4,side,6,1,bn,informative,en,0.575,1.0,0.068603515625,120
bigscience/bloom-560m,4,side,6,1,bn,informative,hi,0.5916666666666667,1.0,0.4135904997587204,120
bigscience/bloom-560m,4,side,6,1,bn,neutral,bn,0.4833333333333333,0.1833333333333333,-0.07178222934405,120
bigscience/bloom-560m,4,side,6,1,bn,neutral,en,0.5,0.5,0.0,120
bigscience/bloom-560m,4,side,6,1,bn,neutral,hi,0.4916666666666666,0.65,0.0115290244420369,120
bigscience/bloom-560m,4,side,8,1,bn,informative,bn,0.5833333333333334,1.0,0.3043314258257548,120
bigscience/bloom-560m,4,side,8,1,bn,informative,en,0.5666666666666667,1.0,0.06920166015625,120
bigscience/bloom-560m,4,side,8,1,bn,informative,hi,0.5916666666666667,0.9666666666666668,0.4064497162898381,120
bigscience/bloom-560m,4,side,8,1,bn,neutral,bn,0.4833333333333333,0.05,-0.0947680195172627,120
bigscience/bloom-560m,4,side,8,1,bn,neutral,en,0.5,0.5,0.0,120
bigscience/bloom-560m,4,side,8,1,bn,neutral,hi,0.4916666666666666,0.5833333333333334,-0.0093591541051864,120
bigscience/bloom-560m,4,side,10,1,bn,informative,bn,0.5666666666666667,1.0,0.2868068277835846,120
bigscience/bloom-560m,4,side,10,1,bn,informative,en,0.5583333333333333,1.0,0.0684768676757812,120
bigscience/bloom-560m,4,side,10,1,bn,informative,hi,0.5916666666666667,0.9666666666666668,0.3814260224501292,120
bigscience/bloom-560m,4,side,10,1,bn,neutral,bn,0.4833333333333333,0.1333333333333333,-0.079613176981608,120
bigscience/bloom-560m,4,side,10,1,bn,neutral,en,0.5,0.5,0.0,120
bigscience/bloom-560m,4,side,10,1,bn,neutral,hi,0.4916666666666666,0.4166666666666667,-0.0377633949120839,120
bigscience/bloom-560m,4,side,12,1,bn,informative,bn,0.575,1.0,0.269910321633021,120
bigscience/bloom-560m,4,side,12,1,bn,informative,en,0.5583333333333333,1.0,0.0668568929036458,120
bigscience/bloom-560m,4,side,12,1,bn,informative,hi,0.6,0.9666666666666668,0.3983211119969685,120
bigscience/bloom-560m,4,side,12,1,bn,neutral,bn,0.4916666666666666,0.1333333333333333,-0.0701089958349863,120
bigscience/bloom-560m,4,side,12,1,bn,neutral,en,0.5,0.5,0.0,120
bigscience/bloom-560m,4,side,12,1,bn,neutral,hi,0.4666666666666667,0.5,-0.0193418165047963,120
bigscience/bloom-560m,4,side,12,4,bn,informative,bn,0.5583333333333333,1.0,0.2498732268810272,120
bigscience/bloom-560m,4,side,12,4,bn,informative,en,0.5416666666666666,1.0,0.0685440063476562,120
bigscience/bloom-560m,4,side,12,4,bn,informative,hi,0.6,0.9833333333333332,0.4053845713535944,120
bigscience/bloom-560m,4,side,12,4,bn,neutral,bn,0.4916666666666666,0.1,-0.0882964591185251,120
bigscience/bloom-560m,4,side,12,4,bn,neutral,en,0.5,0.5,0.0,120
bigscience/bloom-560m,4,side,12,4,bn,neutral,hi,0.4833333333333333,0.5,-0.019177958369255,120
bigscience/bloom-560m,4,side,14,1,bn,informative,bn,0.575,1.0,0.2701308012008667,120
bigscience/bloom-560m,4,side,14,1,bn,informative,en,0.5333333333333333,1.0,0.0680493672688802,120
bigscience/bloom-560m,4,side,14,1,bn,informative,hi,0.6083333333333333,0.9666666666666668,0.402603601415952,120
bigscience/bloom-560m,4,side,14,1,bn,neutral,bn,0.4833333333333333,0.1333333333333333,-0.0742042442162831,120
bigscience/bloom-560m,4,side,14,1,bn,neutral,en,0.5,0.5,0.0,120
bigscience/bloom-560m,4,side,14,1,bn,neutral,hi,0.4916666666666666,0.5,-0.0194040179252624,120
bigscience/bloom-560m,4,side,16,1,bn,informative,bn,0.5916666666666667,1.0,0.2738790094852447,120
bigscience/bloom-560m,4,side,16,1,bn,informative,en,0.6083333333333333,1.0,0.0744359334309895,120
bigscience/bloom-560m,4,side,16,1,bn,informative,hi,0.5916666666666667,0.9833333333333332,0.4048019289970398,120
bigscience/bloom-560m,4,side,16,1,bn,neutral,bn,0.4833333333333333,0.1166666666666666,-0.0872479538122812,120
bigscience/bloom-560m,4,side,16,1,bn,neutral,en,0.5,0.5,0.0,120
bigscience/bloom-560m,4,side,16,1,bn,neutral,hi,0.4833333333333333,0.4333333333333333,-0.0358335485061009,120
bigscience/bloom-560m,4,side,18,1,bn,informative,bn,0.6,1.0,0.2770347317059835,120
bigscience/bloom-560m,4,side,18,1,bn,informative,en,0.6666666666666666,1.0,0.0769922892252604,120
bigscience/bloom-560m,4,side,18,1,bn,informative,hi,0.6,0.9666666666666668,0.3885160714387893,120
bigscience/bloom-560m,4,side,18,1,bn,neutral,bn,0.4833333333333333,0.0666666666666666,-0.1004719495773315,120
bigscience/bloom-560m,4,side,18,1,bn,neutral,en,0.5,0.5,0.0,120
bigscience/bloom-560m,4,side,18,1,bn,neutral,hi,0.4666666666666667,0.4,-0.0445233474175135,120
bigscience/bloom-560m,4,side,20,1,bn,informative,bn,0.5833333333333334,1.0,0.2732038855552673,120
bigscience/bloom-560m,4,side,20,1,bn,informative,en,0.5333333333333333,1.0,0.0716410319010416,120
bigscience/bloom-560m,4,side,20,1,bn,informative,hi,0.6,0.9666666666666668,0.4054755936066309,120
bigscience/bloom-560m,4,side,20,1,bn,neutral,bn,0.4833333333333333,0.0833333333333333,-0.0941670974095662,120
bigscience/bloom-560m,4,side,20,1,bn,neutral,en,0.5,0.5,0.0,120
bigscience/bloom-560m,4,side,20,1,bn,neutral,hi,0.4833333333333333,0.4666666666666667,-0.0306632916132609,120
bigscience/bloom-560m,4,side,22,1,bn,informative,bn,0.5583333333333333,0.95,0.1828817844390869,120
bigscience/bloom-560m,4,side,22,1,bn,informative,en,0.5416666666666666,1.0,0.0689781188964843,120
bigscience/bloom-560m,4,side,22,1,bn,informative,hi,0.5916666666666667,1.0,0.4060616582632065,120
bigscience/bloom-560m,4,side,22,1,bn,neutral,bn,0.4833333333333333,0.0166666666666666,-0.1433224022388458,120
bigscience/bloom-560m,4,side,22,1,bn,neutral,en,0.5,0.5,0.0,120
bigscience/bloom-560m,4,side,22,1,bn,neutral,hi,0.4916666666666666,0.4833333333333333,-0.0206357836723327,120
bigscience/bloom-560m,4,side,0,1,hi,informative,bn,0.575,1.0,0.2842644214630127,120
bigscience/bloom-560m,4,side,0,1,hi,informative,en,0.5583333333333333,1.0,0.0662030537923177,120
bigscience/bloom-560m,4,side,0,1,hi,informative,hi,0.5916666666666667,0.9666666666666668,0.3866536905368169,120
bigscience/bloom-560m,4,side,0,1,hi,neutral,bn,0.4833333333333333,0.1333333333333333,-0.0740717550118764,120
bigscience/bloom-560m,4,side,0,1,hi,neutral,en,0.5,0.5,0.0,120
bigscience/bloom-560m,4,side,0,1,hi,neutral,hi,0.4916666666666666,0.4666666666666667,-0.0212851464748382,120
bigscience/bloom-560m,4,side,2,1,hi,informative,bn,0.5666666666666667,1.0,0.2705994327863057,120
bigscience/bloom-560m,4,side,2,1,hi,informative,en,0.5333333333333333,1.0,0.0707468668619791,120
bigscience/bloom-560m,4,side,2,1,hi,informative,hi,0.5916666666666667,1.0,0.4444487750530242,120
bigscience/bloom-560m,4,side,2,1,hi,neutral,bn,0.4833333333333333,0.1166666666666666,-0.0886837641398112,120
bigscience/bloom-560m,4,side,2,1,hi,neutral,en,0.5,0.5,0.0,120
bigscience/bloom-560m,4,side,2,1,hi,neutral,hi,0.4916666666666666,0.5833333333333334,-0.0004540890455245,120
bigscience/bloom-560m,4,side,4,1,hi,informative,bn,0.575,1.0,0.288556969165802,120
bigscience/bloom-560m,4,side,4,1,hi,informative,en,0.5666666666666667,1.0,0.069744873046875,120
bigscience/bloom-560m,4,side,4,1,hi,informative,hi,0.5666666666666667,0.9,0.2578240205844243,120
bigscience/bloom-560m,4,side,4,1,hi,neutral,bn,0.4833333333333333,0.1333333333333333,-0.0794185519218444,120
bigscience/bloom-560m,4,side,4,1,hi,neutral,en,0.5,0.5,0.0,120
bigscience/bloom-560m,4,side,4,1,hi,neutral,hi,0.4166666666666667,0.0666666666666666,-0.1543906559546788,120
bigscience/bloom-560m,4,side,6,1,hi,informative,bn,0.5833333333333334,1.0,0.2630931973457336,120
bigscience/bloom-560m,4,side,6,1,hi,informative,en,0.6083333333333333,1.0,0.0740687052408854,120
bigscience/bloom-560m,4,side,6,1,hi,informative,hi,0.6,1.0,0.3874909549951553,120
bigscience/bloom-560m,4,side,6,1,hi,neutral,bn,0.4833333333333333,0.1166666666666666,-0.0838031907876332,120
bigscience/bloom-560m,4,side,6,1,hi,neutral,en,0.5,0.5,0.0,120
bigscience/bloom-560m,4,side,6,1,hi,neutral,hi,0.5,0.5166666666666667,-0.0123280813296635,120
bigscience/bloom-560m,4,side,8,1,hi,informative,bn,0.6166666666666667,1.0,0.2937067727247874,120
bigscience/bloom-560m,4,side,8,1,hi,informative,en,0.6,1.0,0.0792577107747395,120
bigscience/bloom-560m,4,side,8,1,hi,informative,hi,0.6333333333333333,1.0,0.5335694869359334,120
bigscience/bloom-560m,4,side,8,1,hi,neutral,bn,0.4833333333333333,0.15,-0.0697548151016235,120
bigscience/bloom-560m,4,side,8,1,hi,neutral,en,0.5,0.5,0.0,120
bigscience/bloom-560m,4,side,8,1,hi,neutral,hi,0.5333333333333333,0.7,0.0605257660150527,120
bigscience/bloom-560m,4,side,10,1,hi,informative,bn,0.6,1.0,0.279440168539683,120
bigscience/bloom-560m,4,side,10,1,hi,informative,en,0.5583333333333333,1.0,0.0725110371907552,120
bigscience/bloom-560m,4,side,10,1,hi,informative,hi,0.6,1.0,0.47113871773084,120
bigscience/bloom-560m,4,side,10,1,hi,neutral,bn,0.475,0.1333333333333333,-0.07352294921875,120
bigscience/bloom-560m,4,side,10,1,hi,neutral,en,0.5,0.5,0.0,120
bigscience/bloom-560m,4,side,10,1,hi,neutral,hi,0.5166666666666667,0.5833333333333334,0.0116644869248072,120
bigscience/bloom-560m,4,side,12,1,hi,informative,bn,0.6,1.0,0.283235760529836,120
bigscience/bloom-560m,4,side,12,1,hi,informative,en,0.5416666666666666,1.0,0.0717211405436197,120
bigscience/bloom-560m,4,side,12,1,hi,informative,hi,0.6,1.0,0.4687471022208532,120
bigscience/bloom-560m,4,side,12,1,hi,neutral,bn,0.4833333333333333,0.1333333333333333,-0.0710279206434885,120
bigscience/bloom-560m,4,side,12,1,hi,neutral,en,0.5,0.5,0.0,120
bigscience/bloom-560m,4,side,12,1,hi,neutral,hi,0.5166666666666667,0.5833333333333334,0.0029717812935511,120
bigscience/bloom-560m,4,side,12,4,hi,informative,bn,0.575,1.0,0.2550099233786265,120
bigscience/bloom-560m,4,side,12,4,hi,informative,en,0.5833333333333334,1.0,0.0707201639811197,120
bigscience/bloom-560m,4,side,12,4,hi,informative,hi,0.5666666666666667,0.95,0.2935248553752899,120
bigscience/bloom-560m,4,side,12,4,hi,neutral,bn,0.4833333333333333,0.15,-0.0732720156510671,120
bigscience/bloom-560m,4,side,12,4,hi,neutral,en,0.5,0.5,0.0,120
bigscience/bloom-560m,4,side,12,4,hi,neutral,hi,0.45,0.1333333333333333,-0.1117022007703781,120
bigscience/bloom-560m,4,side,14,1,hi,informative,bn,0.6,1.0,0.2823556880156199,120
bigscience/bloom-560m,4,side,14,1,hi,informative,en,0.5916666666666667,1.0,0.0714932759602864,120
bigscience/bloom-560m,4,side,14,1,hi,informative,hi,0.6,1.0,0.4806541999181111,120
bigscience/bloom-560m,4,side,14,1,hi,neutral,bn,0.4833333333333333,0.1333333333333333,-0.0739602406819661,120
bigscience/bloom-560m,4,side,14,1,hi,neutral,en,0.5,0.5,0.0,120
bigscience/bloom-560m,4,side,14,1,hi,neutral,hi,0.5166666666666667,0.6333333333333333,0.0171663850545883,120
bigscience/bloom-560m,4,side,16,1,hi,informative,bn,0.6,1.0,0.2814561208089193,120
bigscience/bloom-560m,4,side,16,1,hi,informative,en,0.5916666666666667,1.0,0.0715802510579427,120
bigscience/bloom-560m,4,side,16,1,hi,informative,hi,0.6,1.0,0.4496667971213658,120
bigscience/bloom-560m,4,side,16,1,hi,neutral,bn,0.4833333333333333,0.1333333333333333,-0.0752125144004821,120
bigscience/bloom-560m,4,side,16,1,hi,neutral,en,0.5,0.5,0.0,120
bigscience/bloom-560m,4,side,16,1,hi,neutral,hi,0.5083333333333333,0.5333333333333333,-0.0088201115528742,120
bigscience/bloom-560m,4,side,18,1,hi,informative,bn,0.5833333333333334,1.0,0.2843375086784362,120
bigscience/bloom-560m,4,side,18,1,hi,informative,en,0.5583333333333333,1.0,0.0785044352213541,120
bigscience/bloom-560m,4,side,18,1,hi,informative,hi,0.6333333333333333,1.0,0.4897345662117004,120
bigscience/bloom-560m,4,side,18,1,hi,neutral,bn,0.4833333333333333,0.15,-0.0715329825878143,120
bigscience/bloom-560m,4,side,18,1,hi,neutral,en,0.5,0.5,0.0,120
bigscience/bloom-560m,4,side,18,1,hi,neutral,hi,0.5083333333333333,0.6666666666666666,0.0197746843099594,120
bigscience/bloom-560m,4,side,20,1,hi,informative,bn,0.5833333333333334,1.0,0.2820612132549286,120
bigscience/bloom-560m,4,side,20,1,hi,informative,en,0.5416666666666666,1.0,0.07012939453125,120
bigscience/bloom-560m,4,side,20,1,hi,informative,hi,0.6166666666666667,1.0,0.4004426300525665,120
bigscience/bloom-560m,4,side,20,1,hi,neutral,bn,0.4833333333333333,0.1333333333333333,-0.0789832333723704,120
bigscience/bloom-560m,4,side,20,1,hi,neutral,en,0.5,0.5,0.0,120
bigscience/bloom-560m,4,side,20,1,hi,neutral,hi,0.4333333333333333,0.4333333333333333,-0.0376921643813451,120
bigscience/bloom-560m,4,side,22,1,hi,informative,bn,0.575,1.0,0.275474472840627,120
bigscience/bloom-560m,4,side,22,1,hi,informative,en,0.575,1.0,0.0690282185872395,120
bigscience/bloom-560m,4,side,22,1,hi,informative,hi,0.6,0.9666666666666668,0.3546191523472468,120
bigscience/bloom-560m,4,side,22,1,hi,neutral,bn,0.4833333333333333,0.1333333333333333,-0.0842038949330647,120
bigscience/bloom-560m,4,side,22,1,hi,neutral,en,0.5,0.5,0.0,120
bigscience/bloom-560m,4,side,22,1,hi,neutral,hi,0.45,0.35,-0.0591247389713923,120
bigscience/bloom-560m,4,side,0,1,en,informative,bn,0.5916666666666667,1.0,0.2845111072063446,120
bigscience/bloom-560m,4,side,0,1,en,informative,en,0.5916666666666667,0.9833333333333332,0.0536165873209635,120
bigscience/bloom-560m,4,side,0,1,en,informative,hi,0.6083333333333333,1.0,0.4287375638882319,120
bigscience/bloom-560m,4,side,0,1,en,neutral,bn,0.4833333333333333,0.1666666666666666,-0.063029662768046,120
bigscience/bloom-560m,4,side,0,1,en,neutral,en,0.5,0.5,0.0,120
bigscience/bloom-560m,4,side,0,1,en,neutral,hi,0.4916666666666666,0.5166666666666667,-0.0147221803665161,120
bigscience/bloom-560m,4,side,2,1,en,informative,bn,0.575,1.0,0.2839340090751648,120
bigscience/bloom-560m,4,side,2,1,en,informative,en,0.5416666666666666,0.9666666666666668,0.0413284301757812,120
bigscience/bloom-560m,4,side,2,1,en,informative,hi,0.5916666666666667,0.9833333333333332,0.3990927507479985,120
bigscience/bloom-560m,4,side,2,1,en,neutral,bn,0.4833333333333333,0.1333333333333333,-0.0765559752782185,120
bigscience/bloom-560m,4,side,2,1,en,neutral,en,0.5,0.5,0.0,120
bigscience/bloom-560m,4,side,2,1,en,neutral,hi,0.475,0.4666666666666667,-0.0371741821368535,120
bigscience/bloom-560m,4,side,4,1,en,informative,bn,0.5916666666666667,1.0,0.2925814390182495,120
bigscience/bloom-560m,4,side,4,1,en,informative,en,0.575,0.9833333333333332,0.0517127990722656,120
bigscience/bloom-560m,4,side,4,1,en,informative,hi,0.6166666666666667,1.0,0.4171038647492727,120
bigscience/bloom-560m,4,side,4,1,en,neutral,bn,0.4833333333333333,0.1166666666666666,-0.084192689259847,120
bigscience/bloom-560m,4,side,4,1,en,neutral,en,0.5,0.5,0.0,120
bigscience/bloom-560m,4,side,4,1,en,neutral,hi,0.475,0.45,-0.0326865891615549,120
bigscience/bloom-560m,4,side,6,1,en,informative,bn,0.575,1.0,0.2825830539067586,120
bigscience/bloom-560m,4,side,6,1,en,informative,en,0.6083333333333333,1.0,0.067743428548177,120
bigscience/bloom-560m,4,side,6,1,en,informative,hi,0.6,1.0,0.4154530356327692,120
bigscience/bloom-560m,4,side,6,1,en,neutral,bn,0.4833333333333333,0.1166666666666666,-0.0877656201521555,120
bigscience/bloom-560m,4,side,6,1,en,neutral,en,0.5,0.5,0.0,120
bigscience/bloom-560m,4,side,6,1,en,neutral,hi,0.5083333333333333,0.5666666666666667,0.0015846192836761,120
bigscience/bloom-560m,4,side,8,1,en,informative,bn,0.65,1.0,0.3005918304125468,120
bigscience/bloom-560m,4,side,8,1,en,informative,en,0.6666666666666666,1.0,0.0854423522949218,120
bigscience/bloom-560m,4,side,8,1,en,informative,hi,0.5916666666666667,1.0,0.4716179480155309,120
bigscience/bloom-560m,4,side,8,1,en,neutral,bn,0.4666666666666667,0.1,-0.0991605738798777,120
bigscience/bloom-560m,4,side,8,1,en,neutral,en,0.5,0.5,0.0,120
bigscience/bloom-560m,4,side,8,1,en,neutral,hi,0.5083333333333333,0.6166666666666667,0.0143250286579132,120
bigscience/bloom-560m,4,side,10,1,en,informative,bn,0.6,1.0,0.3049024701118469,120
bigscience/bloom-560m,4,side,10,1,en,informative,en,0.6416666666666667,1.0,0.088458506266276,120
bigscience/bloom-560m,4,side,10,1,en,informative,hi,0.6,1.0,0.4516045898199081,120
bigscience/bloom-560m,4,side,10,1,en,neutral,bn,0.4833333333333333,0.1166666666666666,-0.0769316136837005,120
bigscience/bloom-560m,4,side,10,1,en,neutral,en,0.5,0.5,0.0,120
bigscience/bloom-560m,4,side,10,1,en,neutral,hi,0.525,0.6333333333333333,0.0177849421898523,120
bigscience/bloom-560m,4,side,12,1,en,informative,bn,0.6416666666666667,1.0,0.3079322954018911,120
bigscience/bloom-560m,4,side,12,1,en,informative,en,0.675,1.0,0.0824940999348958,120
bigscience/bloom-560m,4,side,12,1,en,informative,hi,0.6,1.0,0.4511712938547134,120
bigscience/bloom-560m,4,side,12,1,en,neutral,bn,0.475,0.1333333333333333,-0.075966211160024,120
bigscience/bloom-560m,4,side,12,1,en,neutral,en,0.5,0.5,0.0,120
bigscience/bloom-560m,4,side,12,1,en,neutral,hi,0.5,0.5833333333333334,-0.0003477305173873,120
bigscience/bloom-560m,4,side,12,4,en,informative,bn,0.65,1.0,0.3367487529913584,120
bigscience/bloom-560m,4,side,12,4,en,informative,en,0.65,1.0,0.065717061360677,120
bigscience/bloom-560m,4,side,12,4,en,informative,hi,0.625,1.0,0.4703477919101715,120
bigscience/bloom-560m,4,side,12,4,en,neutral,bn,0.475,0.1166666666666666,-0.0821048776308695,120
bigscience/bloom-560m,4,side,12,4,en,neutral,en,0.5,0.5,0.0,120
bigscience/bloom-560m,4,side,12,4,en,neutral,hi,0.5,0.7333333333333333,0.0399127711852391,120
bigscience/bloom-560m,4,side,14,1,en,informative,bn,0.5916666666666667,1.0,0.294190772374471,120
bigscience/bloom-560m,4,side,14,1,en,informative,en,0.6333333333333333,1.0,0.092462666829427,120
bigscience/bloom-560m,4,side,14,1,en,informative,hi,0.6,1.0,0.4556703815857569,120
bigscience/bloom-560m,4,side,14,1,en,neutral,bn,0.4833333333333333,0.1,-0.0950178106625874,120
bigscience/bloom-560m,4,side,14,1,en,neutral,en,0.5,0.5,0.0,120
bigscience/bloom-560m,4,side,14,1,en,neutral,hi,0.4916666666666666,0.6,-0.0006183177232742,120
bigscience/bloom-560m,4,side,16,1,en,informative,bn,0.65,1.0,0.3203230082988739,120
bigscience/bloom-560m,4,side,16,1,en,informative,en,0.7083333333333334,1.0,0.1011950174967448,120
bigscience/bloom-560m,4,side,16,1,en,informative,hi,0.575,1.0,0.41273841659228,120
bigscience/bloom-560m,4,side,16,1,en,neutral,bn,0.4833333333333333,0.1166666666666666,-0.0774755279223124,120
bigscience/bloom-560m,4,side,16,1,en,neutral,en,0.5,0.5,0.0,120
bigscience/bloom-560m,4,side,16,1,en,neutral,hi,0.4916666666666666,0.4166666666666667,-0.0398846606413523,120
bigscience/bloom-560m,4,side,18,1,en,informative,bn,0.5916666666666667,1.0,0.2601572533448537,120
bigscience/bloom-560m,4,side,18,1,en,informative,en,0.5416666666666666,1.0,0.1233617146809895,120
bigscience/bloom-560m,4,side,18,1,en,informative,hi,0.5416666666666666,1.0,0.4325604776541392,120
bigscience/bloom-560m,4,side,18,1,en,neutral,bn,0.4833333333333333,0.1,-0.0805403133233388,120
bigscience/bloom-560m,4,side,18,1,en,neutral,en,0.5,0.5,0.0,120
bigscience/bloom-560m,4,side,18,1,en,neutral,hi,0.4916666666666666,0.3333333333333333,-0.0588186681270599,120
bigscience/bloom-560m,4,side,20,1,en,informative,bn,0.5916666666666667,1.0,0.2659905473391215,120
bigscience/bloom-560m,4,side,20,1,en,informative,en,0.675,0.9666666666666668,0.0727645874023437,120
bigscience/bloom-560m,4,side,20,1,en,informative,hi,0.5666666666666667,0.95,0.3982188651959101,120
bigscience/bloom-560m,4,side,20,1,en,neutral,bn,0.4833333333333333,0.1,-0.0818468590577443,120
bigscience/bloom-560m,4,side,20,1,en,neutral,en,0.5,0.5,0.0,120
bigscience/bloom-560m,4,side,20,1,en,neutral,hi,0.4833333333333333,0.3833333333333333,-0.0592199822266896,120
bigscience/bloom-560m,4,side,22,1,en,informative,bn,0.6,1.0,0.3105718771616618,120
bigscience/bloom-560m,4,side,22,1,en,informative,en,0.6583333333333333,1.0,0.0752601623535156,120
bigscience/bloom-560m,4,side,22,1,en,informative,hi,0.5916666666666667,0.9666666666666668,0.39883653819561,120
bigscience/bloom-560m,4,side,22,1,en,neutral,bn,0.4833333333333333,0.1833333333333333,-0.0597786784172058,120
bigscience/bloom-560m,4,side,22,1,en,neutral,en,0.5,0.5,0.0,120
bigscience/bloom-560m,4,side,22,1,en,neutral,hi,0.4916666666666666,0.45,-0.0306578656037648,120
bigscience/bloom-560m,4,gender,0,1,bn,informative,bn,0.5,1.0,0.618940743803978,120
bigscience/bloom-560m,4,gender,0,1,bn,informative,en,0.875,1.0,0.5291959126790364,120
bigscience/bloom-560m,4,gender,0,1,bn,informative,hi,0.5166666666666667,1.0,0.5206259687741598,120
bigscience/bloom-560m,4,gender,0,1,bn,neutral,bn,0.5,0.7666666666666667,0.0920290460189183,120
bigscience/bloom-560m,4,gender,0,1,bn,neutral,en,0.8333333333333334,1.0,0.4897387186686198,120
bigscience/bloom-560m,4,gender,0,1,bn,neutral,hi,0.5,1.0,0.2400848348935445,120
bigscience/bloom-560m,4,gender,2,1,bn,informative,bn,0.5,1.0,0.4187653849522272,120
bigscience/bloom-560m,4,gender,2,1,bn,informative,en,0.8916666666666667,1.0,0.5315778096516927,120
bigscience/bloom-560m,4,gender,2,1,bn,informative,hi,0.5166666666666667,1.0,0.5238605479399363,120
bigscience/bloom-560m,4,gender,2,1,bn,neutral,bn,0.5,0.1833333333333333,-0.1317723631858825,120
bigscience/bloom-560m,4,gender,2,1,bn,neutral,en,0.8333333333333334,1.0,0.4914423624674479,120
bigscience/bloom-560m,4,gender,2,1,bn,neutral,hi,0.5,1.0,0.2389682610829671,120
bigscience/bloom-560m,4,gender,4,1,bn,informative,bn,0.5,1.0,0.6250830183426539,120
bigscience/bloom-560m,4,gender,4,1,bn,informative,en,0.875,1.0,0.5168566385904948,120
bigscience/bloom-560m,4,gender,4,1,bn,informative,hi,0.5166666666666667,1.0,0.5148533602555593,120
bigscience/bloom-560m,4,gender,4,1,bn,neutral,bn,0.5,0.8333333333333334,0.0989167034626007,120
bigscience/bloom-560m,4,gender,4,1,bn,neutral,en,0.8333333333333334,1.0,0.4883878072102864,120
bigscience/bloom-560m,4,gender,4,1,bn,neutral,hi,0.5,1.0,0.2303983410199483,120
bigscience/bloom-560m,4,gender,6,1,bn,informative,bn,0.5,1.0,0.6343301932017008,120
bigscience/bloom-560m,4,gender,6,1,bn,informative,en,0.875,1.0,0.5377777099609375,120
bigscience/bloom-560m,4,gender,6,1,bn,informative,hi,0.5166666666666667,1.0,0.5286566694577535,120
bigscience/bloom-560m,4,gender,6,1,bn,neutral,bn,0.5,0.9,0.1115764200687408,120
bigscience/bloom-560m,4,gender,6,1,bn,neutral,en,0.8333333333333334,1.0,0.4994298299153646,120
bigscience/bloom-560m,4,gender,6,1,bn,neutral,hi,0.5,1.0,0.2517901579538981,120
bigscience/bloom-560m,4,gender,8,1,bn,informative,bn,0.5,1.0,0.6533391863107681,120
bigscience/bloom-560m,4,gender,8,1,bn,informative,en,0.9,1.0,0.5377388000488281,120
bigscience/bloom-560m,4,gender,8,1,bn,informative,hi,0.5166666666666667,1.0,0.5158229887485504,120
bigscience/bloom-560m,4,gender,8,1,bn,neutral,bn,0.5,0.9333333333333332,0.1236387987931569,120
bigscience/bloom-560m,4,gender,8,1,bn,neutral,en,0.8333333333333334,1.0,0.493280029296875,120
bigscience/bloom-560m,4,gender,8,1,bn,neutral,hi,0.5,1.0,0.2386508425076802,120
bigscience/bloom-560m,4,gender,10,1,bn,informative,bn,0.5,1.0,0.6487978925307591,120
bigscience/bloom-560m,4,gender,10,1,bn,informative,en,0.9,1.0,0.5656145731608073,120
bigscience/bloom-560m,4,gender,10,1,bn,informative,hi,0.5,1.0,0.5107984761397044,120
bigscience/bloom-560m,4,gender,10,1,bn,neutral,bn,0.5,0.8833333333333333,0.1193574210007985,120
bigscience/bloom-560m,4,gender,10,1,bn,neutral,en,0.8416666666666667,1.0,0.5196573893229167,120
bigscience/bloom-560m,4,gender,10,1,bn,neutral,hi,0.5,1.0,0.2358085950215657,120
bigscience/bloom-560m,4,gender,12,1,bn,informative,bn,0.5,1.0,0.5531459212303161,120
bigscience/bloom-560m,4,gender,12,1,bn,informative,en,0.875,1.0,0.5611676534016927,120
bigscience/bloom-560m,4,gender,12,1,bn,informative,hi,0.5166666666666667,1.0,0.5207347591718038,120
bigscience/bloom-560m,4,gender,12,1,bn,neutral,bn,0.5,0.7166666666666667,0.0545631408691406,120
bigscience/bloom-560m,4,gender,12,1,bn,neutral,en,0.8333333333333334,1.0,0.5046763102213542,120
bigscience/bloom-560m,4,gender,12,1,bn,neutral,hi,0.5,1.0,0.2326416969299316,120
bigscience/bloom-560m,4,gender,12,4,bn,informative,bn,0.5,1.0,0.5963627268870672,120
bigscience/bloom-560m,4,gender,12,4,bn,informative,en,0.8916666666666667,1.0,0.5361025492350261,120
bigscience/bloom-560m,4,gender,12,4,bn,informative,hi,0.5166666666666667,1.0,0.4996600906054179,120
bigscience/bloom-560m,4,gender,12,4,bn,neutral,bn,0.5,0.8666666666666667,0.1251951575279236,120
bigscience/bloom-560m,4,gender,12,4,bn,neutral,en,0.85,1.0,0.4845802307128906,120
bigscience/bloom-560m,4,gender,12,4,bn,neutral,hi,0.5,1.0,0.2356664458910624,120
bigscience/bloom-560m,4,gender,14,1,bn,informative,bn,0.5,1.0,0.60534827709198,120
bigscience/bloom-560m,4,gender,14,1,bn,informative,en,0.875,1.0,0.538653564453125,120
bigscience/bloom-560m,4,gender,14,1,bn,informative,hi,0.5166666666666667,1.0,0.4753923773765564,120
bigscience/bloom-560m,4,gender,14,1,bn,neutral,bn,0.5,0.7833333333333333,0.1107199569543202,120
bigscience/bloom-560m,4,gender,14,1,bn,neutral,en,0.8333333333333334,1.0,0.4847061157226562,120
bigscience/bloom-560m,4,gender,14,1,bn,neutral,hi,0.5,1.0,0.2157474597295125,120
bigscience/bloom-560m,4,gender,16,1,bn,informative,bn,0.5,1.0,0.6321653991937637,120
bigscience/bloom-560m,4,gender,16,1,bn,informative,en,0.8666666666666667,1.0,0.548968760172526,120
bigscience/bloom-560m,4,gender,16,1,bn,informative,hi,0.5166666666666667,1.0,0.5278369863828023,120
bigscience/bloom-560m,4,gender,16,1,bn,neutral,bn,0.5,0.7666666666666667,0.0718380192915598,120
bigscience/bloom-560m,4,gender,16,1,bn,neutral,en,0.8333333333333334,1.0,0.5006881713867187,120
bigscience/bloom-560m,4,gender,16,1,bn,neutral,hi,0.5,1.0,0.235169235865275,120
bigscience/bloom-560m,4,gender,18,1,bn,informative,bn,0.5,1.0,0.6263698329528172,120
bigscience/bloom-560m,4,gender,18,1,bn,informative,en,0.8666666666666667,1.0,0.5594179789225261,120
bigscience/bloom-560m,4,gender,18,1,bn,informative,hi,0.5166666666666667,1.0,0.5762987355391185,120
bigscience/bloom-560m,4,gender,18,1,bn,neutral,bn,0.5,0.6666666666666666,0.0447249074776967,120
bigscience/bloom-560m,4,gender,18,1,bn,neutral,en,0.8333333333333334,1.0,0.5197860717773437,120
bigscience/bloom-560m,4,gender,18,1,bn,neutral,hi,0.5,1.0,0.2657138764858245,120
bigscience/bloom-560m,4,gender,20,1,bn,informative,bn,0.5,1.0,0.5968365639448165,120
bigscience/bloom-560m,4,gender,20,1,bn,informative,en,0.8833333333333333,1.0,0.5023635864257813,120
bigscience/bloom-560m,4,gender,20,1,bn,informative,hi,0.5166666666666667,1.0,0.5241219600041708,120
bigscience/bloom-560m,4,gender,20,1,bn,neutral,bn,0.5,0.7833333333333333,0.0759807179371516,120
bigscience/bloom-560m,4,gender,20,1,bn,neutral,en,0.8333333333333334,1.0,0.4660212198893229,120
bigscience/bloom-560m,4,gender,20,1,bn,neutral,hi,0.5,1.0,0.2462400197982788,120
bigscience/bloom-560m,4,gender,22,1,bn,informative,bn,0.5,1.0,0.5890352457761765,120
bigscience/bloom-560m,4,gender,22,1,bn,informative,en,0.875,1.0,0.5182624816894531,120
bigscience/bloom-560m,4,gender,22,1,bn,informative,hi,0.5166666666666667,1.0,0.4993993997573852,120
bigscience/bloom-560m,4,gender,22,1,bn,neutral,bn,0.5,0.7666666666666667,0.0674521068731943,120
bigscience/bloom-560m,4,gender,22,1,bn,neutral,en,0.8333333333333334,1.0,0.4798517862955729,120
bigscience/bloom-560m,4,gender,22,1,bn,neutral,hi,0.5,1.0,0.2182355086008707,120
bigscience/bloom-560m,4,gender,0,1,hi,informative,bn,0.5,1.0,0.5921336601177851,120
bigscience/bloom-560m,4,gender,0,1,hi,informative,en,0.8916666666666667,1.0,0.5243247985839844,120
bigscience/bloom-560m,4,gender,0,1,hi,informative,hi,0.5083333333333333,1.0,0.5116538564364116,120
bigscience/bloom-560m,4,gender,0,1,hi,neutral,bn,0.5,0.7666666666666667,0.075365541378657,120
bigscience/bloom-560m,4,gender,0,1,hi,neutral,en,0.8333333333333334,1.0,0.4896540323893229,120
bigscience/bloom-560m,4,gender,0,1,hi,neutral,hi,0.5,1.0,0.2277405858039856,120
bigscience/bloom-560m,4,gender,2,1,hi,informative,bn,0.5,1.0,0.6062738994757334,120
bigscience/bloom-560m,4,gender,2,1,hi,informative,en,0.8833333333333333,1.0,0.5286392211914063,120
bigscience/bloom-560m,4,gender,2,1,hi,informative,hi,0.5166666666666667,1.0,0.5502395530541738,120
bigscience/bloom-560m,4,gender,2,1,hi,neutral,bn,0.5,0.7833333333333333,0.0780642529328664,120
bigscience/bloom-560m,4,gender,2,1,hi,neutral,en,0.8333333333333334,1.0,0.4917533874511718,120
bigscience/bloom-560m,4,gender,2,1,hi,neutral,hi,0.5,1.0,0.2644757707913717,120
bigscience/bloom-560m,4,gender,4,1,hi,informative,bn,0.5,1.0,0.6089178721110026,120
bigscience/bloom-560m,4,gender,4,1,hi,informative,en,0.875,1.0,0.524585469563802,120
bigscience/bloom-560m,4,gender,4,1,hi,informative,hi,0.5166666666666667,1.0,0.5022504568099976,120
bigscience/bloom-560m,4,gender,4,1,hi,neutral,bn,0.5,0.7833333333333333,0.0854729036490122,120
bigscience/bloom-560m,4,gender,4,1,hi,neutral,en,0.8333333333333334,1.0,0.4867792765299479,120
bigscience/bloom-560m,4,gender,4,1,hi,neutral,hi,0.5,1.0,0.218137776851654,120
bigscience/bloom-560m,4,gender,6,1,hi,informative,bn,0.5,1.0,0.6103270192941029,120
bigscience/bloom-560m,4,gender,6,1,hi,informative,en,0.875,1.0,0.5248148600260417,120
bigscience/bloom-560m,4,gender,6,1,hi,informative,hi,0.5083333333333333,1.0,0.4847882886727651,120
bigscience/bloom-560m,4,gender,6,1,hi,neutral,bn,0.5,0.7833333333333333,0.0823006023963292,120
bigscience/bloom-560m,4,gender,6,1,hi,neutral,en,0.8333333333333334,1.0,0.4878265380859375,120
bigscience/bloom-560m,4,gender,6,1,hi,neutral,hi,0.5,1.0,0.2047711849212646,120
bigscience/bloom-560m,4,gender,8,1,hi,informative,bn,0.5,1.0,0.6105512758096059,120
bigscience/bloom-560m,4,gender,8,1,hi,informative,en,0.875,1.0,0.5243014017740886,120
bigscience/bloom-560m,4,gender,8,1,hi,informative,hi,0.5166666666666667,1.0,0.5208516677220663,120
bigscience/bloom-560m,4,gender,8,1,hi,neutral,bn,0.5,0.7666666666666667,0.079775987068812,120
bigscience/bloom-560m,4,gender,8,1,hi,neutral,en,0.8333333333333334,1.0,0.4861045837402343,120
bigscience/bloom-560m,4,gender,8,1,hi,neutral,hi,0.5,1.0,0.2376313885052998,120
bigscience/bloom-560m,4,gender,10,1,hi,informative,bn,0.5,1.0,0.6207531084616978,120
bigscience/bloom-560m,4,gender,10,1,hi,informative,en,0.8833333333333333,1.0,0.5288302103678385,120
bigscience/bloom-560m,4,gender,10,1,hi,informative,hi,0.5166666666666667,1.0,0.4967327634493509,120
bigscience/bloom-560m,4,gender,10,1,hi,neutral,bn,0.5,0.8,0.0877359171708424,120
bigscience/bloom-560m,4,gender,10,1,hi,neutral,en,0.8333333333333334,1.0,0.4862378438313802,120
bigscience/bloom-560m,4,gender,10,1,hi,neutral,hi,0.5,1.0,0.2153283874193827,120
bigscience/bloom-560m,4,gender,12,1,hi,informative,bn,0.5,1.0,0.5895265986522039,120
bigscience/bloom-560m,4,gender,12,1,hi,informative,en,0.8666666666666667,1.0,0.5197779337565104,120
bigscience/bloom-560m,4,gender,12,1,hi,informative,hi,0.5083333333333333,1.0,0.4637992123762766,120
bigscience/bloom-560m,4,gender,12,1,hi,neutral,bn,0.5,0.7833333333333333,0.0801278124252955,120
bigscience/bloom-560m,4,gender,12,1,hi,neutral,en,0.825,1.0,0.4819747924804687,120
bigscience/bloom-560m,4,gender,12,1,hi,neutral,hi,0.5,1.0,0.1930552721023559,120
bigscience/bloom-560m,4,gender,12,4,hi,informative,bn,0.5,1.0,0.586060819029808,120
bigscience/bloom-560m,4,gender,12,4,hi,informative,en,0.875,1.0,0.4994855244954427,120
bigscience/bloom-560m,4,gender,12,4,hi,informative,hi,0.5,1.0,0.39381818373998,120
bigscience/bloom-560m,4,gender,12,4,hi,neutral,bn,0.5,0.7833333333333333,0.0832922478516896,120
bigscience/bloom-560m,4,gender,12,4,hi,neutral,en,0.825,1.0,0.4604459126790364,120
bigscience/bloom-560m,4,gender,12,4,hi,neutral,hi,0.5,0.95,0.1458207567532857,120
bigscience/bloom-560m,4,gender,14,1,hi,informative,bn,0.5,1.0,0.5955390185117722,120
bigscience/bloom-560m,4,gender,14,1,hi,informative,en,0.8666666666666667,1.0,0.5170555114746094,120
bigscience/bloom-560m,4,gender,14,1,hi,informative,hi,0.5083333333333333,1.0,0.50172860622406,120
bigscience/bloom-560m,4,gender,14,1,hi,neutral,bn,0.5,0.7833333333333333,0.0904541909694671,120
bigscience/bloom-560m,4,gender,14,1,hi,neutral,en,0.8333333333333334,1.0,0.4785807291666666,120
bigscience/bloom-560m,4,gender,14,1,hi,neutral,hi,0.5,1.0,0.2286848147710164,120
bigscience/bloom-560m,4,gender,16,1,hi,informative,bn,0.5,1.0,0.5910053461790085,120
bigscience/bloom-560m,4,gender,16,1,hi,informative,en,0.8583333333333333,1.0,0.4997362772623698,120
bigscience/bloom-560m,4,gender,16,1,hi,informative,hi,0.5,1.0,0.4745307246843974,120
bigscience/bloom-560m,4,gender,16,1,hi,neutral,bn,0.5,0.7666666666666667,0.0749006778001785,120
bigscience/bloom-560m,4,gender,16,1,hi,neutral,en,0.8333333333333334,1.0,0.4652737935384115,120
bigscience/bloom-560m,4,gender,16,1,hi,neutral,hi,0.5,1.0,0.1943193276723226,120
bigscience/bloom-560m,4,gender,18,1,hi,informative,bn,0.5,1.0,0.5857417633136114,120
bigscience/bloom-560m,4,gender,18,1,hi,informative,en,0.8333333333333334,1.0,0.4795094807942708,120
bigscience/bloom-560m,4,gender,18,1,hi,informative,hi,0.5,1.0,0.391666970650355,120
bigscience/bloom-560m,4,gender,18,1,hi,neutral,bn,0.5,0.7666666666666667,0.0829161286354065,120
bigscience/bloom-560m,4,gender,18,1,hi,neutral,en,0.825,1.0,0.4286511739095052,120
bigscience/bloom-560m,4,gender,18,1,hi,neutral,hi,0.5,0.8333333333333334,0.119637127717336,120
bigscience/bloom-560m,4,gender,20,1,hi,informative,bn,0.5,1.0,0.60908775528272,120
bigscience/bloom-560m,4,gender,20,1,hi,informative,en,0.875,1.0,0.4535003662109375,120
bigscience/bloom-560m,4,gender,20,1,hi,informative,hi,0.5,1.0,0.3435046017169952,120
bigscience/bloom-560m,4,gender,20,1,hi,neutral,bn,0.5,0.7833333333333333,0.0807772596677144,120
bigscience/bloom-560m,4,gender,20,1,hi,neutral,en,0.8416666666666667,1.0,0.419317626953125,120
bigscience/bloom-560m,4,gender,20,1,hi,neutral,hi,0.5,0.7333333333333333,0.072283645470937,120
bigscience/bloom-560m,4,gender,22,1,hi,informative,bn,0.5,1.0,0.6052022298177083,120
bigscience/bloom-560m,4,gender,22,1,hi,informative,en,0.8833333333333333,1.0,0.4703030904134114,120
bigscience/bloom-560m,4,gender,22,1,hi,informative,hi,0.5,1.0,0.4441756904125213,120
bigscience/bloom-560m,4,gender,22,1,hi,neutral,bn,0.5,0.7833333333333333,0.0818165183067321,120
bigscience/bloom-560m,4,gender,22,1,hi,neutral,en,0.8333333333333334,1.0,0.436883799235026,120
bigscience/bloom-560m,4,gender,22,1,hi,neutral,hi,0.5,0.9833333333333332,0.1686982591946919,120
bigscience/bloom-560m,4,gender,0,1,en,informative,bn,0.5,1.0,0.604970916112264,120
bigscience/bloom-560m,4,gender,0,1,en,informative,en,0.8666666666666667,1.0,0.5087941487630209,120
bigscience/bloom-560m,4,gender,0,1,en,informative,hi,0.5166666666666667,1.0,0.5053296188513438,120
bigscience/bloom-560m,4,gender,0,1,en,neutral,bn,0.5,0.7833333333333333,0.0865176419417063,120
bigscience/bloom-560m,4,gender,0,1,en,neutral,en,0.8333333333333334,1.0,0.4771939595540365,120
bigscience/bloom-560m,4,gender,0,1,en,neutral,hi,0.5,1.0,0.2308337728182475,120
bigscience/bloom-560m,4,gender,2,1,en,informative,bn,0.5,1.0,0.6029862076044082,120
bigscience/bloom-560m,4,gender,2,1,en,informative,en,0.8833333333333333,1.0,0.5372111002604166,120
bigscience/bloom-560m,4,gender,2,1,en,informative,hi,0.5166666666666667,1.0,0.5317650775114695,120
bigscience/bloom-560m,4,gender,2,1,en,neutral,bn,0.5,0.75,0.07039056122303,120
bigscience/bloom-560m,4,gender,2,1,en,neutral,en,0.8333333333333334,1.0,0.4841987609863281,120
bigscience/bloom-560m,4,gender,2,1,en,neutral,hi,0.5,1.0,0.2445429484049479,120
bigscience/bloom-560m,4,gender,4,1,en,informative,bn,0.5,1.0,0.6048667261997859,120
bigscience/bloom-560m,4,gender,4,1,en,informative,en,0.9,1.0,0.5433596293131511,120
bigscience/bloom-560m,4,gender,4,1,en,informative,hi,0.5166666666666667,1.0,0.5348355948925019,120
bigscience/bloom-560m,4,gender,4,1,en,neutral,bn,0.5,0.7666666666666667,0.0739956527948379,120
bigscience/bloom-560m,4,gender,4,1,en,neutral,en,0.85,1.0,0.4985191345214844,120
bigscience/bloom-560m,4,gender,4,1,en,neutral,hi,0.5,1.0,0.240800944964091,120
bigscience/bloom-560m,4,gender,6,1,en,informative,bn,0.5,1.0,0.5894965281089147,120
bigscience/bloom-560m,4,gender,6,1,en,informative,en,0.8583333333333333,1.0,0.4796872456868489,120
bigscience/bloom-560m,4,gender,6,1,en,informative,hi,0.5166666666666667,1.0,0.5308600068092346,120
bigscience/bloom-560m,4,gender,6,1,en,neutral,bn,0.5,0.7833333333333333,0.0824879805246989,120
bigscience/bloom-560m,4,gender,6,1,en,neutral,en,0.8333333333333334,1.0,0.4284154256184896,120
bigscience/bloom-560m,4,gender,6,1,en,neutral,hi,0.5,1.0,0.2401200652122497,120
bigscience/bloom-560m,4,gender,8,1,en,informative,bn,0.5,1.0,0.5968304177125295,120
bigscience/bloom-560m,4,gender,8,1,en,informative,en,0.875,1.0,0.4623268127441406,120
bigscience/bloom-560m,4,gender,8,1,en,informative,hi,0.5166666666666667,1.0,0.5350355287392934,120
bigscience/bloom-560m,4,gender,8,1,en,neutral,bn,0.5,0.7833333333333333,0.0849377711613973,120
bigscience/bloom-560m,4,gender,8,1,en,neutral,en,0.8333333333333334,1.0,0.4228497823079427,120
bigscience/bloom-560m,4,gender,8,1,en,neutral,hi,0.5,1.0,0.2450076142946879,120
bigscience/bloom-560m,4,gender,10,1,en,informative,bn,0.5,1.0,0.590010087688764,120
bigscience/bloom-560m,4,gender,10,1,en,informative,en,0.8583333333333333,1.0,0.4520472208658854,120
bigscience/bloom-560m,4,gender,10,1,en,informative,hi,0.5166666666666667,1.0,0.493547103802363,120
bigscience/bloom-560m,4,gender,10,1,en,neutral,bn,0.5,0.7833333333333333,0.0805071850617726,120
bigscience/bloom-560m,4,gender,10,1,en,neutral,en,0.825,1.0,0.4165517171223958,120
bigscience/bloom-560m,4,gender,10,1,en,neutral,hi,0.5,1.0,0.2148261070251464,120
bigscience/bloom-560m,4,gender,12,1,en,informative,bn,0.5,1.0,0.6042125811179478,120
bigscience/bloom-560m,4,gender,12,1,en,informative,en,0.8583333333333333,1.0,0.4729148864746094,120
bigscience/bloom-560m,4,gender,12,1,en,informative,hi,0.5166666666666667,1.0,0.459616082906723,120
bigscience/bloom-560m,4,gender,12,1,en,neutral,bn,0.5,0.7666666666666667,0.0761476914087931,120
bigscience/bloom-560m,4,gender,12,1,en,neutral,en,0.8333333333333334,1.0,0.4509857177734375,120
bigscience/bloom-560m,4,gender,12,1,en,neutral,hi,0.5,1.0,0.2051798741022746,120
bigscience/bloom-560m,4,gender,12,4,en,informative,bn,0.5,1.0,0.6100826511780421,120
bigscience/bloom-560m,4,gender,12,4,en,informative,en,0.775,1.0,0.2866437276204427,120
bigscience/bloom-560m,4,gender,12,4,en,informative,hi,0.5166666666666667,1.0,0.4390557050704956,120
bigscience/bloom-560m,4,gender,12,4,en,neutral,bn,0.5,0.8333333333333334,0.0987546116113662,120
bigscience/bloom-560m,4,gender,12,4,en,neutral,en,0.7833333333333333,1.0,0.2842582702636719,120
bigscience/bloom-560m,4,gender,12,4,en,neutral,hi,0.5,1.0,0.1908046126365661,120
bigscience/bloom-560m,4,gender,14,1,en,informative,bn,0.5,1.0,0.6036754101514816,120
bigscience/bloom-560m,4,gender,14,1,en,informative,en,0.8916666666666667,1.0,0.5120028177897136,120
bigscience/bloom-560m,4,gender,14,1,en,informative,hi,0.5166666666666667,1.0,0.4894544879595439,120
bigscience/bloom-560m,4,gender,14,1,en,neutral,bn,0.5,0.7666666666666667,0.0822669307390848,120
bigscience/bloom-560m,4,gender,14,1,en,neutral,en,0.85,1.0,0.4937334696451823,120
bigscience/bloom-560m,4,gender,14,1,en,neutral,hi,0.5,1.0,0.2282949368158976,120
bigscience/bloom-560m,4,gender,16,1,en,informative,bn,0.5,1.0,0.6065224428971608,120
bigscience/bloom-560m,4,gender,16,1,en,informative,en,0.8833333333333333,1.0,0.5166765848795573,120
bigscience/bloom-560m,4,gender,16,1,en,informative,hi,0.5166666666666667,1.0,0.5322739243507385,120
bigscience/bloom-560m,4,gender,16,1,en,neutral,bn,0.5,0.7833333333333333,0.0815374424060185,120
bigscience/bloom-560m,4,gender,16,1,en,neutral,en,0.8416666666666667,1.0,0.4892161051432291,120
bigscience/bloom-560m,4,gender,16,1,en,neutral,hi,0.5,1.0,0.2432223916053772,120
bigscience/bloom-560m,4,gender,18,1,en,informative,bn,0.5,1.0,0.5559649576743444,120
bigscience/bloom-560m,4,gender,18,1,en,informative,en,0.8333333333333334,1.0,0.4591204325358073,120
bigscience/bloom-560m,4,gender,18,1,en,informative,hi,0.5333333333333333,1.0,0.4987441917260488,120
bigscience/bloom-560m,4,gender,18,1,en,neutral,bn,0.5,0.7333333333333333,0.0630842526753743,120
bigscience/bloom-560m,4,gender,18,1,en,neutral,en,0.8166666666666667,1.0,0.4308367411295573,120
bigscience/bloom-560m,4,gender,18,1,en,neutral,hi,0.5083333333333333,1.0,0.2249703486760457,120
bigscience/bloom-560m,4,gender,20,1,en,informative,bn,0.5,1.0,0.5506400247414907,120
bigscience/bloom-560m,4,gender,20,1,en,informative,en,0.8583333333333333,1.0,0.4494913736979166,120
bigscience/bloom-560m,4,gender,20,1,en,informative,hi,0.5083333333333333,1.0,0.4583949009577433,120
bigscience/bloom-560m,4,gender,20,1,en,neutral,bn,0.5,0.7333333333333333,0.0584298153718312,120
bigscience/bloom-560m,4,gender,20,1,en,neutral,en,0.8333333333333334,1.0,0.4232785542805989,120
bigscience/bloom-560m,4,gender,20,1,en,neutral,hi,0.5,1.0,0.1713686227798461,120
bigscience/bloom-560m,4,gender,22,1,en,informative,bn,0.5,1.0,0.5812179734309514,120
bigscience/bloom-560m,4,gender,22,1,en,informative,en,0.8666666666666667,1.0,0.417730967203776,120
bigscience/bloom-560m,4,gender,22,1,en,informative,hi,0.5,1.0,0.4567606190840403,120
bigscience/bloom-560m,4,gender,22,1,en,neutral,bn,0.5,0.75,0.0673769384622573,120
bigscience/bloom-560m,4,gender,22,1,en,neutral,en,0.8333333333333334,1.0,0.38780517578125,120
bigscience/bloom-560m,4,gender,22,1,en,neutral,hi,0.5,0.9666666666666668,0.1791585763295491,120
bigscience/bloom-560m,4,side,0,1,random,informative,bn,0.5666666666666667,1.0,0.2723670860131582,120
bigscience/bloom-560m,4,side,0,1,random,informative,en,0.5666666666666667,1.0,0.0699681599934895,120
bigscience/bloom-560m,4,side,0,1,random,informative,hi,0.5916666666666667,0.9666666666666668,0.3859563559293747,120
bigscience/bloom-560m,4,side,0,1,random,neutral,bn,0.4833333333333333,0.1166666666666666,-0.0826726496219635,120
bigscience/bloom-560m,4,side,0,1,random,neutral,en,0.5,0.5,0.0,120
bigscience/bloom-560m,4,side,0,1,random,neutral,hi,0.475,0.4333333333333333,-0.0410985618829727,120
bigscience/bloom-560m,4,gender,0,1,random,informative,bn,0.5,1.0,0.6041693091392517,120
bigscience/bloom-560m,4,gender,0,1,random,informative,en,0.8833333333333333,1.0,0.5301404317220052,120
bigscience/bloom-560m,4,gender,0,1,random,informative,hi,0.5083333333333333,1.0,0.5177733461062114,120
bigscience/bloom-560m,4,gender,0,1,random,neutral,bn,0.5,0.7666666666666667,0.0759603708982467,120
bigscience/bloom-560m,4,gender,0,1,random,neutral,en,0.8333333333333334,1.0,0.49273681640625,120
bigscience/bloom-560m,4,gender,0,1,random,neutral,hi,0.5,1.0,0.2404989957809448,120
bigscience/bloom-560m,4,side,2,1,random,informative,bn,0.6,1.0,0.2910897254943848,120
bigscience/bloom-560m,4,side,2,1,random,informative,en,0.575,1.0,0.0677497863769531,120
bigscience/bloom-560m,4,side,2,1,random,informative,hi,0.5916666666666667,0.9833333333333332,0.3972172051668167,120
bigscience/bloom-560m,4,side,2,1,random,neutral,bn,0.4833333333333333,0.1166666666666666,-0.082065995534261,120
bigscience/bloom-560m,4,side,2,1,random,neutral,en,0.5,0.5,0.0,120
bigscience/bloom-560m,4,side,2,1,random,neutral,hi,0.4916666666666666,0.4166666666666667,-0.036280533671379,120
bigscience/bloom-560m,4,gender,2,1,random,informative,bn,0.5,1.0,0.5914159228404363,120
bigscience/bloom-560m,4,gender,2,1,random,informative,en,0.875,1.0,0.5252110799153645,120
bigscience/bloom-560m,4,gender,2,1,random,informative,hi,0.5166666666666667,1.0,0.5164549767971038,120
bigscience/bloom-560m,4,gender,2,1,random,neutral,bn,0.5,0.7666666666666667,0.0729575147231419,120
bigscience/bloom-560m,4,gender,2,1,random,neutral,en,0.8333333333333334,1.0,0.4865684509277344,120
bigscience/bloom-560m,4,gender,2,1,random,neutral,hi,0.5,1.0,0.237801992893219,120
bigscience/bloom-560m,4,side,4,1,random,informative,bn,0.5833333333333334,1.0,0.2887046535809834,120
bigscience/bloom-560m,4,side,4,1,random,informative,en,0.5916666666666667,1.0,0.0694300333658854,120
bigscience/bloom-560m,4,side,4,1,random,informative,hi,0.6,1.0,0.4184917141993841,120
bigscience/bloom-560m,4,side,4,1,random,neutral,bn,0.4833333333333333,0.1333333333333333,-0.0746566792329152,120
bigscience/bloom-560m,4,side,4,1,random,neutral,en,0.5,0.5,0.0,120
bigscience/bloom-560m,4,side,4,1,random,neutral,hi,0.4916666666666666,0.4833333333333333,-0.0184701770544052,120
bigscience/bloom-560m,4,gender,4,1,random,informative,bn,0.5,1.0,0.6062175850073497,120
bigscience/bloom-560m,4,gender,4,1,random,informative,en,0.875,1.0,0.5237014770507813,120
bigscience/bloom-560m,4,gender,4,1,random,informative,hi,0.5166666666666667,1.0,0.5145010153452555,120
bigscience/bloom-560m,4,gender,4,1,random,neutral,bn,0.5,0.7666666666666667,0.078091820081075,120
bigscience/bloom-560m,4,gender,4,1,random,neutral,en,0.8333333333333334,1.0,0.486883799235026,120
bigscience/bloom-560m,4,gender,4,1,random,neutral,hi,0.5,1.0,0.2274409612019856,120
bigscience/bloom-560m,4,side,6,1,random,informative,bn,0.6,1.0,0.2865209639072418,120
bigscience/bloom-560m,4,side,6,1,random,informative,en,0.575,1.0,0.0701372782389322,120
bigscience/bloom-560m,4,side,6,1,random,informative,hi,0.5916666666666667,1.0,0.3982301533222198,120
bigscience/bloom-560m,4,side,6,1,random,neutral,bn,0.4833333333333333,0.1333333333333333,-0.0766419808069864,120
bigscience/bloom-560m,4,side,6,1,random,neutral,en,0.5,0.5,0.0,120
bigscience/bloom-560m,4,side,6,1,random,neutral,hi,0.4833333333333333,0.4666666666666667,-0.0311521569887797,120
bigscience/bloom-560m,4,gender,6,1,random,informative,bn,0.5,1.0,0.6154398679733276,120
bigscience/bloom-560m,4,gender,6,1,random,informative,en,0.875,1.0,0.5296147664388021,120
bigscience/bloom-560m,4,gender,6,1,random,informative,hi,0.5166666666666667,1.0,0.5188979347546895,120
bigscience/bloom-560m,4,gender,6,1,random,neutral,bn,0.5,0.7666666666666667,0.0792642643054326,120
bigscience/bloom-560m,4,gender,6,1,random,neutral,en,0.8333333333333334,1.0,0.4890289306640625,120
bigscience/bloom-560m,4,gender,6,1,random,neutral,hi,0.5,1.0,0.2420123696327209,120
bigscience/bloom-560m,4,side,8,1,random,informative,bn,0.5916666666666667,1.0,0.285465141137441,120
bigscience/bloom-560m,4,side,8,1,random,informative,en,0.5666666666666667,1.0,0.0736157735188802,120
bigscience/bloom-560m,4,side,8,1,random,informative,hi,0.5916666666666667,1.0,0.4233491738637288,120
bigscience/bloom-560m,4,side,8,1,random,neutral,bn,0.4833333333333333,0.1333333333333333,-0.0750335892041524,120
bigscience/bloom-560m,4,side,8,1,random,neutral,en,0.5,0.5,0.0,120
bigscience/bloom-560m,4,side,8,1,random,neutral,hi,0.4916666666666666,0.4833333333333333,-0.0207998673121134,120
bigscience/bloom-560m,4,gender,8,1,random,informative,bn,0.5,1.0,0.6045929123957952,120
bigscience/bloom-560m,4,gender,8,1,random,informative,en,0.875,1.0,0.5333630879720052,120
bigscience/bloom-560m,4,gender,8,1,random,informative,hi,0.5166666666666667,1.0,0.5251053194204967,120
bigscience/bloom-560m,4,gender,8,1,random,neutral,bn,0.5,0.7833333333333333,0.0798364639282226,120
bigscience/bloom-560m,4,gender,8,1,random,neutral,en,0.8333333333333334,1.0,0.4904685974121093,120
bigscience/bloom-560m,4,gender,8,1,random,neutral,hi,0.5,1.0,0.243016242980957,120
bigscience/bloom-560m,4,side,10,1,random,informative,bn,0.5833333333333334,1.0,0.2652497013409932,120
bigscience/bloom-560m,4,side,10,1,random,informative,en,0.5416666666666666,1.0,0.0704844156901041,120
bigscience/bloom-560m,4,side,10,1,random,informative,hi,0.5916666666666667,1.0,0.4007145196199417,120
bigscience/bloom-560m,4,side,10,1,random,neutral,bn,0.4833333333333333,0.1333333333333333,-0.0802842477957407,120
bigscience/bloom-560m,4,side,10,1,random,neutral,en,0.5,0.5,0.0,120
bigscience/bloom-560m,4,side,10,1,random,neutral,hi,0.4916666666666666,0.45,-0.0264521678288777,120
bigscience/bloom-560m,4,gender,10,1,random,informative,bn,0.5,1.0,0.6020145406325658,120
bigscience/bloom-560m,4,gender,10,1,random,informative,en,0.8833333333333333,1.0,0.5153404235839844,120
bigscience/bloom-560m,4,gender,10,1,random,informative,hi,0.5166666666666667,1.0,0.5098026176293691,120
bigscience/bloom-560m,4,gender,10,1,random,neutral,bn,0.5,0.75,0.0761717627445856,120
bigscience/bloom-560m,4,gender,10,1,random,neutral,en,0.8333333333333334,1.0,0.4822835286458333,120
bigscience/bloom-560m,4,gender,10,1,random,neutral,hi,0.5,1.0,0.241457986831665,120
bigscience/bloom-560m,4,side,12,1,random,informative,bn,0.575,1.0,0.2640564242998759,120
bigscience/bloom-560m,4,side,12,1,random,informative,en,0.625,1.0,0.0680280049641927,120
bigscience/bloom-560m,4,side,12,1,random,informative,hi,0.5916666666666667,0.9666666666666668,0.3826805084943771,120
bigscience/bloom-560m,4,side,12,1,random,neutral,bn,0.4833333333333333,0.1,-0.0870052258173624,120
bigscience/bloom-560m,4,side,12,1,random,neutral,en,0.5,0.5,0.0,120
bigscience/bloom-560m,4,side,12,1,random,neutral,hi,0.4833333333333333,0.4333333333333333,-0.0301353305578231,120
bigscience/bloom-560m,4,gender,12,1,random,informative,bn,0.5,1.0,0.606945937871933,120
bigscience/bloom-560m,4,gender,12,1,random,informative,en,0.875,1.0,0.5356791178385417,120
bigscience/bloom-560m,4,gender,12,1,random,informative,hi,0.5166666666666667,1.0,0.5326288302739461,120
bigscience/bloom-560m,4,gender,12,1,random,neutral,bn,0.5,0.7666666666666667,0.075427621603012,120
bigscience/bloom-560m,4,gender,12,1,random,neutral,en,0.8333333333333334,1.0,0.4890345255533854,120
bigscience/bloom-560m,4,gender,12,1,random,neutral,hi,0.5,1.0,0.2461169401804606,120
bigscience/bloom-560m,4,side,12,4,random,informative,bn,0.5666666666666667,1.0,0.2596478223800659,120
bigscience/bloom-560m,4,side,12,4,random,informative,en,0.6,1.0,0.0738316853841145,120
bigscience/bloom-560m,4,side,12,4,random,informative,hi,0.575,1.0,0.4040817121664683,120
bigscience/bloom-560m,4,side,12,4,random,neutral,bn,0.4833333333333333,0.1,-0.0865321636199951,120
bigscience/bloom-560m,4,side,12,4,random,neutral,en,0.5,0.5,0.0,120
bigscience/bloom-560m,4,side,12,4,random,neutral,hi,0.4666666666666667,0.4666666666666667,-0.0238141417503356,120
bigscience/bloom-560m,4,gender,12,4,random,informative,bn,0.5,1.0,0.5993615974982579,120
bigscience/bloom-560m,4,gender,12,4,random,informative,en,0.8666666666666667,1.0,0.5205996195475261,120
bigscience/bloom-560m,4,gender,12,4,random,informative,hi,0.5166666666666667,1.0,0.5130017876625061,120
bigscience/bloom-560m,4,gender,12,4,random,neutral,bn,0.5,0.7666666666666667,0.077246684829394,120
bigscience/bloom-560m,4,gender,12,4,random,neutral,en,0.8333333333333334,1.0,0.4695549011230469,120
bigscience/bloom-560m,4,gender,12,4,random,neutral,hi,0.5,1.0,0.2306058963139851,120
bigscience/bloom-560m,4,side,14,1,random,informative,bn,0.6,1.0,0.2890021880467733,120
bigscience/bloom-560m,4,side,14,1,random,informative,en,0.5583333333333333,1.0,0.0742012023925781,120
bigscience/bloom-560m,4,side,14,1,random,informative,hi,0.5916666666666667,1.0,0.4085257927576701,120
bigscience/bloom-560m,4,side,14,1,random,neutral,bn,0.4833333333333333,0.1333333333333333,-0.0796439965565999,120
bigscience/bloom-560m,4,side,14,1,random,neutral,en,0.5,0.5,0.0,120
bigscience/bloom-560m,4,side,14,1,random,neutral,hi,0.4916666666666666,0.4666666666666667,-0.0249446590741475,120
bigscience/bloom-560m,4,gender,14,1,random,informative,bn,0.5,1.0,0.6168525159358978,120
bigscience/bloom-560m,4,gender,14,1,random,informative,en,0.875,1.0,0.5273447672526042,120
bigscience/bloom-560m,4,gender,14,1,random,informative,hi,0.5166666666666667,1.0,0.5209696312745412,120
bigscience/bloom-560m,4,gender,14,1,random,neutral,bn,0.5,0.7666666666666667,0.0815742750962575,120
bigscience/bloom-560m,4,gender,14,1,random,neutral,en,0.8333333333333334,1.0,0.488641357421875,120
bigscience/bloom-560m,4,gender,14,1,random,neutral,hi,0.5,1.0,0.2399812738100687,120
bigscience/bloom-560m,4,side,16,1,random,informative,bn,0.5916666666666667,1.0,0.3158800582091013,120
bigscience/bloom-560m,4,side,16,1,random,informative,en,0.575,1.0,0.0754890441894531,120
bigscience/bloom-560m,4,side,16,1,random,informative,hi,0.5916666666666667,1.0,0.4084644685188929,120
bigscience/bloom-560m,4,side,16,1,random,neutral,bn,0.4833333333333333,0.1333333333333333,-0.0733487645785013,120
bigscience/bloom-560m,4,side,16,1,random,neutral,en,0.5,0.5,0.0,120
bigscience/bloom-560m,4,side,16,1,random,neutral,hi,0.4916666666666666,0.4166666666666667,-0.0492439091205596,120
bigscience/bloom-560m,4,gender,16,1,random,informative,bn,0.5,1.0,0.6176682660977045,120
bigscience/bloom-560m,4,gender,16,1,random,informative,en,0.875,1.0,0.5333012898763021,120
bigscience/bloom-560m,4,gender,16,1,random,informative,hi,0.5166666666666667,1.0,0.5307714899381002,120
bigscience/bloom-560m,4,gender,16,1,random,neutral,bn,0.5,0.7833333333333333,0.083519364396731,120
bigscience/bloom-560m,4,gender,16,1,random,neutral,en,0.8333333333333334,1.0,0.4897727966308594,120
bigscience/bloom-560m,4,gender,16,1,random,neutral,hi,0.5,1.0,0.2434793869654337,120
bigscience/bloom-560m,4,side,18,1,random,informative,bn,0.6,1.0,0.2859032114346822,120
bigscience/bloom-560m,4,side,18,1,random,informative,en,0.625,1.0,0.0741447448730468,120
bigscience/bloom-560m,4,side,18,1,random,informative,hi,0.5916666666666667,1.0,0.4008059084415435,120
bigscience/bloom-560m,4,side,18,1,random,neutral,bn,0.475,0.1166666666666666,-0.0787003258864084,120
bigscience/bloom-560m,4,side,18,1,random,neutral,en,0.5,0.5,0.0,120
bigscience/bloom-560m,4,side,18,1,random,neutral,hi,0.4833333333333333,0.4833333333333333,-0.0276494135459264,120
bigscience/bloom-560m,4,gender,18,1,random,informative,bn,0.5,1.0,0.6016317675511043,120
bigscience/bloom-560m,4,gender,18,1,random,informative,en,0.8916666666666667,1.0,0.5237642923990885,120
bigscience/bloom-560m,4,gender,18,1,random,informative,hi,0.5166666666666667,1.0,0.5284235159556071,120
bigscience/bloom-560m,4,gender,18,1,random,neutral,bn,0.5,0.7666666666666667,0.0766145139932632,120
bigscience/bloom-560m,4,gender,18,1,random,neutral,en,0.8333333333333334,1.0,0.4852121988932291,120
bigscience/bloom-560m,4,gender,18,1,random,neutral,hi,0.5,1.0,0.2496640880902608,120
bigscience/bloom-560m,4,side,20,1,random,informative,bn,0.5916666666666667,1.0,0.2892681539058685,120
bigscience/bloom-560m,4,side,20,1,random,informative,en,0.5583333333333333,1.0,0.0711802164713541,120
bigscience/bloom-560m,4,side,20,1,random,informative,hi,0.6,1.0,0.4151754389206568,120
bigscience/bloom-560m,4,side,20,1,random,neutral,bn,0.4833333333333333,0.1333333333333333,-0.0717765808105468,120
bigscience/bloom-560m,4,side,20,1,random,neutral,en,0.5,0.5,0.0,120
bigscience/bloom-560m,4,side,20,1,random,neutral,hi,0.4916666666666666,0.5166666666666667,-0.0137998302777608,120
bigscience/bloom-560m,4,gender,20,1,random,informative,bn,0.5,1.0,0.6106969147920609,120
bigscience/bloom-560m,4,gender,20,1,random,informative,en,0.875,1.0,0.5291015625,120
bigscience/bloom-560m,4,gender,20,1,random,informative,hi,0.5166666666666667,1.0,0.5197546402613322,120
bigscience/bloom-560m,4,gender,20,1,random,neutral,bn,0.5,0.7833333333333333,0.0848035911719004,120
bigscience/bloom-560m,4,gender,20,1,random,neutral,en,0.8333333333333334,1.0,0.4893781026204427,120
bigscience/bloom-560m,4,gender,20,1,random,neutral,hi,0.5,1.0,0.2380805452664693,120
bigscience/bloom-560m,4,side,22,1,random,informative,bn,0.5916666666666667,1.0,0.289092739423116,120
bigscience/bloom-560m,4,side,22,1,random,informative,en,0.5916666666666667,1.0,0.0699419657389322,120
bigscience/bloom-560m,4,side,22,1,random,informative,hi,0.6,1.0,0.4073709110418955,120
bigscience/bloom-560m,4,side,22,1,random,neutral,bn,0.4833333333333333,0.1333333333333333,-0.070712262392044,120
bigscience/bloom-560m,4,side,22,1,random,neutral,en,0.5,0.5,0.0,120
bigscience/bloom-560m,4,side,22,1,random,neutral,hi,0.4833333333333333,0.5,-0.0184535433848698,120
bigscience/bloom-560m,4,gender,22,1,random,informative,bn,0.5,1.0,0.6020197560389836,120
bigscience/bloom-560m,4,gender,22,1,random,informative,en,0.875,1.0,0.5287386576334635,120
bigscience/bloom-560m,4,gender,22,1,random,informative,hi,0.5166666666666667,1.0,0.5108040591080983,120
bigscience/bloom-560m,4,gender,22,1,random,neutral,bn,0.5,0.7666666666666667,0.0774192422628402,120
bigscience/bloom-560m,4,gender,22,1,random,neutral,en,0.8333333333333334,1.0,0.4905705769856771,120
bigscience/bloom-560m,4,gender,22,1,random,neutral,hi,0.5,1.0,0.2367699305216471,120
