model,seed,concept,layer,rank,direction,context,eval_lang,acc,logit_diff,n
bigscience/bloom-560m,0,side,-1,0,none,informative,bn,0.6666666666666666,0.3204646209875743,120
bigscience/bloom-560m,0,side,-1,0,none,informative,en,0.5083333333333333,0.080279795328776,120
bigscience/bloom-560m,0,side,-1,0,none,informative,hi,0.6166666666666667,0.3443342059850692,120
bigscience/bloom-560m,0,side,-1,0,none,neutral,bn,0.4333333333333333,-0.1775798320770263,120
bigscience/bloom-560m,0,side,-1,0,none,neutral,en,0.5,0.0,120
bigscience/bloom-560m,0,side,-1,0,none,neutral,hi,0.4916666666666666,-0.0290967235962549,120
bigscience/bloom-560m,0,gender,-1,0,none,informative,bn,0.5,0.5868090391159058,120
bigscience/bloom-560m,0,gender,-1,0,none,informative,en,0.9583333333333334,0.5642773946126302,120
bigscience/bloom-560m,0,gender,-1,0,none,informative,hi,0.725,0.4452758987744649,120
bigscience/bloom-560m,0,gender,-1,0,none,neutral,bn,0.5,0.0450111289819081,120
bigscience/bloom-560m,0,gender,-1,0,none,neutral,en,0.85,0.5204597473144531,120
bigscience/bloom-560m,0,gender,-1,0,none,neutral,hi,0.55,0.1890113989512125,120
bigscience/bloom-560m,0,side,0,1,bn,informative,bn,0.6833333333333333,0.3284929951032003,120
bigscience/bloom-560m,0,side,0,1,bn,informative,en,0.5083333333333333,0.0801989237467448,120
bigscience/bloom-560m,0,side,0,1,bn,informative,hi,0.6166666666666667,0.3434580594301223,120
bigscience/bloom-560m,0,side,0,1,bn,neutral,bn,0.4333333333333333,-0.168121200799942,120
bigscience/bloom-560m,0,side,0,1,bn,neutral,en,0.5,0.0,120
bigscience/bloom-560m,0,side,0,1,bn,neutral,hi,0.4916666666666666,-0.0301406214634577,120
bigscience/bloom-560m,0,side,2,1,bn,informative,bn,0.6583333333333333,0.2958762347698211,120
bigscience/bloom-560m,0,side,2,1,bn,informative,en,0.5083333333333333,0.0772684733072916,120
bigscience/bloom-560m,0,side,2,1,bn,informative,hi,0.6166666666666667,0.3263727366924286,120
bigscience/bloom-560m,0,side,2,1,bn,neutral,bn,0.4333333333333333,-0.2142325043678283,120
bigscience/bloom-560m,0,side,2,1,bn,neutral,en,0.5,0.0,120
bigscience/bloom-560m,0,side,2,1,bn,neutral,hi,0.4666666666666667,-0.0393696894248326,120
bigscience/bloom-560m,0,side,4,1,bn,informative,bn,0.65,0.3142711639404297,120
bigscience/bloom-560m,0,side,4,1,bn,informative,en,0.5083333333333333,0.0733701070149739,120
bigscience/bloom-560m,0,side,4,1,bn,informative,hi,0.6083333333333333,0.3337484290202459,120
bigscience/bloom-560m,0,side,4,1,bn,neutral,bn,0.4416666666666666,-0.1788883427778879,120
bigscience/bloom-560m,0,side,4,1,bn,neutral,en,0.5,0.0,120
bigscience/bloom-560m,0,side,4,1,bn,neutral,hi,0.475,-0.0350873718659083,120
bigscience/bloom-560m,0,side,6,1,bn,informative,bn,0.6833333333333333,0.3726107438405355,120
bigscience/bloom-560m,0,side,6,1,bn,informative,en,0.5083333333333333,0.081085205078125,120
bigscience/bloom-560m,0,side,6,1,bn,informative,hi,0.6166666666666667,0.361333288749059,120
bigscience/bloom-560m,0,side,6,1,bn,neutral,bn,0.4583333333333333,-0.1541150828202565,120
bigscience/bloom-560m,0,side,6,1,bn,neutral,en,0.5,0.0,120
bigscience/bloom-560m,0,side,6,1,bn,neutral,hi,0.5,0.0106906453768412,120
bigscience/bloom-560m,0,side,8,1,bn,informative,bn,0.6583333333333333,0.3372962772846222,120
bigscience/bloom-560m,0,side,8,1,bn,informative,en,0.5083333333333333,0.0784937540690104,120
bigscience/bloom-560m,0,side,8,1,bn,informative,hi,0.6166666666666667,0.345506868759791,120
bigscience/bloom-560m,0,side,8,1,bn,neutral,bn,0.4333333333333333,-0.2052777787049611,120
bigscience/bloom-560m,0,side,8,1,bn,neutral,en,0.5,0.0,120
bigscience/bloom-560m,0,side,8,1,bn,neutral,hi,0.5,-0.0211156924565633,120
bigscience/bloom-560m,0,side,10,1,bn,informative,bn,0.6583333333333333,0.3239639321962992,120
bigscience/bloom-560m,0,side,10,1,bn,informative,en,0.5083333333333333,0.0781634012858072,120
bigscience/bloom-560m,0,side,10,1,bn,informative,hi,0.6083333333333333,0.3341202845176061,120
bigscience/bloom-560m,0,side,10,1,bn,neutral,bn,0.4416666666666666,-0.1866360147794087,120
bigscience/bloom-560m,0,side,10,1,bn,neutral,en,0.5,0.0,120
bigscience/bloom-560m,0,side,10,1,bn,neutral,hi,0.475,-0.0436727046966552,120
bigscience/bloom-560m,0,side,12,1,bn,informative,bn,0.65,0.2991088191668192,120
bigscience/bloom-560m,0,side,12,1,bn,informative,en,0.5083333333333333,0.0775894165039062,120
bigscience/bloom-560m,0,side,12,1,bn,informative,hi,0.6166666666666667,0.340048603216807,120
bigscience/bloom-560m,0,side,12,1,bn,neutral,bn,0.4583333333333333,-0.1786317586898803,120
bigscience/bloom-560m,0,side,12,1,bn,neutral,en,0.5,0.0,120
bigscience/bloom-560m,0,side,12,1,bn,neutral,hi,0.475,-0.0229809075593948,120
bigscience/bloom-560m,0,side,12,4,bn,informative,bn,0.6416666666666667,0.247721113761266,120
bigscience/bloom-560m,0,side,12,4,bn,informative,en,0.5,0.070819600423177,120
bigscience/bloom-560m,0,side,12,4,bn,informative,hi,0.6166666666666667,0.3427513172229131,120
bigscience/bloom-560m,0,side,12,4,bn,neutral,bn,0.45,-0.200397902727127,120
bigscience/bloom-560m,0,side,12,4,bn,neutral,en,0.5,-2.5431315104166666e-07,120
bigscience/bloom-560m,0,side,12,4,bn,neutral,hi,0.4666666666666667,-0.028699854016304,120
bigscience/bloom-560m,0,side,14,1,bn,informative,bn,0.65,0.3023309389750163,120
bigscience/bloom-560m,0,side,14,1,bn,informative,en,0.5,0.0778345743815104,120
bigscience/bloom-560m,0,side,14,1,bn,informative,hi,0.625,0.3482551743586858,120
bigscience/bloom-560m,0,side,14,1,bn,neutral,bn,0.4416666666666666,-0.1794098277886708,120
bigscience/bloom-560m,0,side,14,1,bn,neutral,en,0.5,0.0,120
bigscience/bloom-560m,0,side,14,1,bn,neutral,hi,0.4916666666666666,-0.0222669680913289,120
bigscience/bloom-560m,0,side,16,1,bn,informative,bn,0.6416666666666667,0.2982618629932403,120
bigscience/bloom-560m,0,side,16,1,bn,informative,en,0.5083333333333333,0.0831794738769531,120
bigscience/bloom-560m,0,side,16,1,bn,informative,hi,0.6083333333333333,0.3384599447250366,120
bigscience/bloom-560m,0,side,16,1,bn,neutral,bn,0.4333333333333333,-0.1934268752733866,120
bigscience/bloom-560m,0,side,16,1,bn,neutral,en,0.5,0.0,120
bigscience/bloom-560m,0,side,16,1,bn,neutral,hi,0.4833333333333333,-0.0393622428178787,120
bigscience/bloom-560m,0,side,18,1,bn,informative,bn,0.6833333333333333,0.3091926435629527,120
bigscience/bloom-560m,0,side,18,1,bn,informative,en,0.5083333333333333,0.0859944661458333,120
bigscience/bloom-560m,0,side,18,1,bn,informative,hi,0.6166666666666667,0.3389074355363846,120
bigscience/bloom-560m,0,side,18,1,bn,neutral,bn,0.4333333333333333,-0.2055554886658986,120
bigscience/bloom-560m,0,side,18,1,bn,neutral,en,0.5,0.0,120
bigscience/bloom-560m,0,side,18,1,bn,neutral,hi,0.4666666666666667,-0.0473666042089462,120
bigscience/bloom-560m,0,side,20,1,bn,informative,bn,0.65,0.3061237772305806,120
bigscience/bloom-560m,0,side,20,1,bn,informative,en,0.5,0.0829025268554687,120
bigscience/bloom-560m,0,side,20,1,bn,informative,hi,0.6166666666666667,0.356777548789978,120
bigscience/bloom-560m,0,side,20,1,bn,neutral,bn,0.4416666666666666,-0.1968665440877278,120
bigscience/bloom-560m,0,side,20,1,bn,neutral,en,0.5,0.0,120
bigscience/bloom-560m,0,side,20,1,bn,neutral,hi,0.4916666666666666,-0.0268989930550257,120
bigscience/bloom-560m,0,side,22,1,bn,informative,bn,0.6333333333333333,0.2563294728597005,120
bigscience/bloom-560m,0,side,22,1,bn,informative,en,0.5,0.0802274068196614,120
bigscience/bloom-560m,0,side,22,1,bn,informative,hi,0.6166666666666667,0.346403165658315,120
bigscience/bloom-560m,0,side,22,1,bn,neutral,bn,0.4416666666666666,-0.2184527119000752,120
bigscience/bloom-560m,0,side,22,1,bn,neutral,en,0.5,0.0,120
bigscience/bloom-560m,0,side,22,1,bn,neutral,hi,0.4833333333333333,-0.0279894083738327,120
bigscience/bloom-560m,0,side,0,1,hi,informative,bn,0.65,0.3179551323254903,120
bigscience/bloom-560m,0,side,0,1,hi,informative,en,0.5083333333333333,0.0780632019042968,120
bigscience/bloom-560m,0,side,0,1,hi,informative,hi,0.6166666666666667,0.3192702223857244,120
bigscience/bloom-560m,0,side,0,1,hi,neutral,bn,0.4416666666666666,-0.1755505541960398,120
bigscience/bloom-560m,0,side,0,1,hi,neutral,en,0.5,0.0,120
bigscience/bloom-560m,0,side,0,1,hi,neutral,hi,0.475,-0.033106987675031,120
bigscience/bloom-560m,0,side,2,1,hi,informative,bn,0.6583333333333333,0.3104354719320933,120
bigscience/bloom-560m,0,side,2,1,hi,informative,en,0.5,0.0814783732096354,120
bigscience/bloom-560m,0,side,2,1,hi,informative,hi,0.6416666666666667,0.3849926749865214,120
bigscience/bloom-560m,0,side,2,1,hi,neutral,bn,0.4416666666666666,-0.1885764360427856,120
bigscience/bloom-560m,0,side,2,1,hi,neutral,en,0.5,0.0,120
bigscience/bloom-560m,0,side,2,1,hi,neutral,hi,0.4916666666666666,-0.0060410648584365,120
bigscience/bloom-560m,0,side,4,1,hi,informative,bn,0.6583333333333333,0.3164982577164968,120
bigscience/bloom-560m,0,side,4,1,hi,informative,en,0.5083333333333333,0.0809460957845052,120
bigscience/bloom-560m,0,side,4,1,hi,informative,hi,0.5833333333333334,0.2080458372831344,120
bigscience/bloom-560m,0,side,4,1,hi,neutral,bn,0.425,-0.1875101228555043,120
bigscience/bloom-560m,0,side,4,1,hi,neutral,en,0.5,0.0,120
bigscience/bloom-560m,0,side,4,1,hi,neutral,hi,0.4333333333333333,-0.1481335957845052,120
bigscience/bloom-560m,0,side,6,1,hi,informative,bn,0.6666666666666666,0.3005799889564514,120
bigscience/bloom-560m,0,side,6,1,hi,informative,en,0.5083333333333333,0.0853909810384114,120
bigscience/bloom-560m,0,side,6,1,hi,informative,hi,0.6166666666666667,0.3505817164977391,120
bigscience/bloom-560m,0,side,6,1,hi,neutral,bn,0.4333333333333333,-0.18488290309906,120
bigscience/bloom-560m,0,side,6,1,hi,neutral,en,0.5,0.0,120
bigscience/bloom-560m,0,side,6,1,hi,neutral,hi,0.4916666666666666,-0.0019217987855275,120
bigscience/bloom-560m,0,side,8,1,hi,informative,bn,0.6833333333333333,0.3319883286952972,120
bigscience/bloom-560m,0,side,8,1,hi,informative,en,0.5083333333333333,0.0911465962727864,120
bigscience/bloom-560m,0,side,8,1,hi,informative,hi,0.6416666666666667,0.485270607471466,120
bigscience/bloom-560m,0,side,8,1,hi,neutral,bn,0.4416666666666666,-0.1535639504591624,120
bigscience/bloom-560m,0,side,8,1,hi,neutral,en,0.5,0.0,120
bigscience/bloom-560m,0,side,8,1,hi,neutral,hi,0.525,0.0553262561559677,120
bigscience/bloom-560m,0,side,10,1,hi,informative,bn,0.675,0.3102150460084279,120
bigscience/bloom-560m,0,side,10,1,hi,informative,en,0.5083333333333333,0.0810310363769531,120
bigscience/bloom-560m,0,side,10,1,hi,informative,hi,0.6166666666666667,0.3937360078096389,120
bigscience/bloom-560m,0,side,10,1,hi,neutral,bn,0.4333333333333333,-0.1642952561378479,120
bigscience/bloom-560m,0,side,10,1,hi,neutral,en,0.5,0.0,120
bigscience/bloom-560m,0,side,10,1,hi,neutral,hi,0.4916666666666666,0.0025190909703572,120
bigscience/bloom-560m,0,side,12,1,hi,informative,bn,0.6916666666666667,0.3235677460829417,120
bigscience/bloom-560m,0,side,12,1,hi,informative,en,0.5083333333333333,0.0817822774251302,120
bigscience/bloom-560m,0,side,12,1,hi,informative,hi,0.6166666666666667,0.4339551468690236,120
bigscience/bloom-560m,0,side,12,1,hi,neutral,bn,0.4416666666666666,-0.1639938294887542,120
bigscience/bloom-560m,0,side,12,1,hi,neutral,en,0.5,0.0,120
bigscience/bloom-560m,0,side,12,1,hi,neutral,hi,0.4916666666666666,0.0241019258896509,120
bigscience/bloom-560m,0,side,12,4,hi,informative,bn,0.65,0.294978380203247,120
bigscience/bloom-560m,0,side,12,4,hi,informative,en,0.5,0.0843638102213541,120
bigscience/bloom-560m,0,side,12,4,hi,informative,hi,0.5833333333333334,0.2811463803052902,120
bigscience/bloom-560m,0,side,12,4,hi,neutral,bn,0.45,-0.1663460592428843,120
bigscience/bloom-560m,0,side,12,4,hi,neutral,en,0.5,0.0,120
bigscience/bloom-560m,0,side,12,4,hi,neutral,hi,0.4333333333333333,-0.0763082951307296,120
bigscience/bloom-560m,0,side,14,1,hi,informative,bn,0.6916666666666667,0.3137464841206868,120
bigscience/bloom-560m,0,side,14,1,hi,informative,en,0.5083333333333333,0.0814310709635416,120
bigscience/bloom-560m,0,side,14,1,hi,informative,hi,0.6166666666666667,0.4323109060525894,120
bigscience/bloom-560m,0,side,14,1,hi,neutral,bn,0.4333333333333333,-0.1754946490128835,120
bigscience/bloom-560m,0,side,14,1,hi,neutral,en,0.5,0.0,120
bigscience/bloom-560m,0,side,14,1,hi,neutral,hi,0.5,0.0195879369974136,120
bigscience/bloom-560m,0,side,16,1,hi,informative,bn,0.675,0.3175296366214752,120
bigscience/bloom-560m,0,side,16,1,hi,informative,en,0.5083333333333333,0.0826014200846354,120
bigscience/bloom-560m,0,side,16,1,hi,informative,hi,0.625,0.4203299909830093,120
bigscience/bloom-560m,0,side,16,1,hi,neutral,bn,0.4416666666666666,-0.1745258748531341,120
bigscience/bloom-560m,0,side,16,1,hi,neutral,en,0.5,0.0,120
bigscience/bloom-560m,0,side,16,1,hi,neutral,hi,0.5,0.0097338289022445,120
bigscience/bloom-560m,0,side,18,1,hi,informative,bn,0.6666666666666666,0.3231787979602813,120
bigscience/bloom-560m,0,side,18,1,hi,informative,en,0.5083333333333333,0.0903597513834635,120
bigscience/bloom-560m,0,side,18,1,hi,informative,hi,0.6416666666666667,0.4378129531939824,120
bigscience/bloom-560m,0,side,18,1,hi,neutral,bn,0.4416666666666666,-0.1661768019199371,120
bigscience/bloom-560m,0,side,18,1,hi,neutral,en,0.5,0.0,120
bigscience/bloom-560m,0,side,18,1,hi,neutral,hi,0.5,0.0226685633261998,120
bigscience/bloom-560m,0,side,20,1,hi,informative,bn,0.6583333333333333,0.3175222357114156,120
bigscience/bloom-560m,0,side,20,1,hi,informative,en,0.5083333333333333,0.0814717610677083,120
bigscience/bloom-560m,0,side,20,1,hi,informative,hi,0.6583333333333333,0.3439183841149012,120
bigscience/bloom-560m,0,side,20,1,hi,neutral,bn,0.45,-0.1805259307225545,120
bigscience/bloom-560m,0,side,20,1,hi,neutral,en,0.5,0.0,120
bigscience/bloom-560m,0,side,20,1,hi,neutral,hi,0.475,-0.038739863038063,120
bigscience/bloom-560m,0,side,22,1,hi,informative,bn,0.6583333333333333,0.305770593881607,120
bigscience/bloom-560m,0,side,22,1,hi,informative,en,0.5083333333333333,0.0803464253743489,120
bigscience/bloom-560m,0,side,22,1,hi,informative,hi,0.6166666666666667,0.2754331707954406,120
bigscience/bloom-560m,0,side,22,1,hi,neutral,bn,0.4416666666666666,-0.1874779005845387,120
bigscience/bloom-560m,0,side,22,1,hi,neutral,en,0.5,0.0,120
bigscience/bloom-560m,0,side,22,1,hi,neutral,hi,0.4666666666666667,-0.0743460406859715,120
bigscience/bloom-560m,0,side,0,1,en,informative,bn,0.6833333333333333,0.3200952291488647,120
bigscience/bloom-560m,0,side,0,1,en,informative,en,0.5083333333333333,0.0650558471679687,120
bigscience/bloom-560m,0,side,0,1,en,informative,hi,0.6333333333333333,0.3866166224082311,120
bigscience/bloom-560m,0,side,0,1,en,neutral,bn,0.45,-0.1715730011463165,120
bigscience/bloom-560m,0,side,0,1,en,neutral,en,0.5,0.0,120
bigscience/bloom-560m,0,side,0,1,en,neutral,hi,0.4833333333333333,-0.0135243564844131,120
bigscience/bloom-560m,0,side,2,1,en,informative,bn,0.65,0.3213058531284332,120
bigscience/bloom-560m,0,side,2,1,en,informative,en,0.5,0.0509053548177083,120
bigscience/bloom-560m,0,side,2,1,en,informative,hi,0.6416666666666667,0.3570004602273305,120
bigscience/bloom-560m,0,side,2,1,en,neutral,bn,0.4583333333333333,-0.1741260468959808,120
bigscience/bloom-560m,0,side,2,1,en,neutral,en,0.5,0.0,120
bigscience/bloom-560m,0,side,2,1,en,neutral,hi,0.4666666666666667,-0.0332285553216934,120
bigscience/bloom-560m,0,side,4,1,en,informative,bn,0.65,0.3063106834888458,120
bigscience/bloom-560m,0,side,4,1,en,informative,en,0.5083333333333333,0.0639521280924479,120
bigscience/bloom-560m,0,side,4,1,en,informative,hi,0.6333333333333333,0.3316083967685699,120
bigscience/bloom-560m,0,side,4,1,en,neutral,bn,0.45,-0.1900241275628408,120
bigscience/bloom-560m,0,side,4,1,en,neutral,en,0.5,0.0,120
bigscience/bloom-560m,0,side,4,1,en,neutral,hi,0.4666666666666667,-0.0393582155307134,120
bigscience/bloom-560m,0,side,6,1,en,informative,bn,0.675,0.3117411136627197,120
bigscience/bloom-560m,0,side,6,1,en,informative,en,0.5083333333333333,0.0842783610026041,120
bigscience/bloom-560m,0,side,6,1,en,informative,hi,0.6166666666666667,0.3502550462881724,120
bigscience/bloom-560m,0,side,6,1,en,neutral,bn,0.4333333333333333,-0.1931687573591868,120
bigscience/bloom-560m,0,side,6,1,en,neutral,en,0.5,0.0,120
bigscience/bloom-560m,0,side,6,1,en,neutral,hi,0.4916666666666666,-0.0119248569011688,120
bigscience/bloom-560m,0,side,8,1,en,informative,bn,0.6833333333333333,0.338900633653005,120
bigscience/bloom-560m,0,side,8,1,en,informative,en,0.5083333333333333,0.1011469523111979,120
bigscience/bloom-560m,0,side,8,1,en,informative,hi,0.6083333333333333,0.4040260324875513,120
bigscience/bloom-560m,0,side,8,1,en,neutral,bn,0.4,-0.2004243950049082,120
bigscience/bloom-560m,0,side,8,1,en,neutral,en,0.5,0.0,120
bigscience/bloom-560m,0,side,8,1,en,neutral,hi,0.4833333333333333,0.0030463407437006,120
bigscience/bloom-560m,0,side,10,1,en,informative,bn,0.6583333333333333,0.3418226579825083,120
bigscience/bloom-560m,0,side,10,1,en,informative,en,0.5083333333333333,0.1091649373372395,120
bigscience/bloom-560m,0,side,10,1,en,informative,hi,0.6166666666666667,0.4056201885143916,120
bigscience/bloom-560m,0,side,10,1,en,neutral,bn,0.425,-0.180316154162089,120
bigscience/bloom-560m,0,side,10,1,en,neutral,en,0.5,0.0,120
bigscience/bloom-560m,0,side,10,1,en,neutral,hi,0.5083333333333333,0.0026149570941925,120
bigscience/bloom-560m,0,side,12,1,en,informative,bn,0.6666666666666666,0.3387364427248637,120
bigscience/bloom-560m,0,side,12,1,en,informative,en,0.5083333333333333,0.0971997578938802,120
bigscience/bloom-560m,0,side,12,1,en,informative,hi,0.6333333333333333,0.4061692138512929,120
bigscience/bloom-560m,0,side,12,1,en,neutral,bn,0.425,-0.1748629013697306,120
bigscience/bloom-560m,0,side,12,1,en,neutral,en,0.5,0.0,120
bigscience/bloom-560m,0,side,12,1,en,neutral,hi,0.4916666666666666,-0.0100168794393539,120
bigscience/bloom-560m,0,side,12,4,en,informative,bn,0.7,0.3618022282918294,120
bigscience/bloom-560m,0,side,12,4,en,informative,en,0.5083333333333333,0.05386962890625,120
bigscience/bloom-560m,0,side,12,4,en,informative,hi,0.6166666666666667,0.3398866355419159,120
bigscience/bloom-560m,0,side,12,4,en,neutral,bn,0.4583333333333333,-0.1720887323220571,120
bigscience/bloom-560m,0,side,12,4,en,neutral,en,0.5,0.0,120
bigscience/bloom-560m,0,side,12,4,en,neutral,hi,0.5,0.0230759183565775,120
bigscience/bloom-560m,0,side,14,1,en,informative,bn,0.6583333333333333,0.3383075932661692,120
bigscience/bloom-560m,0,side,14,1,en,informative,en,0.5083333333333333,0.1087371826171875,120
bigscience/bloom-560m,0,side,14,1,en,informative,hi,0.6166666666666667,0.4229517668485641,120
bigscience/bloom-560m,0,side,14,1,en,neutral,bn,0.425,-0.1868679304917653,120
bigscience/bloom-560m,0,side,14,1,en,neutral,en,0.5,0.0,120
bigscience/bloom-560m,0,side,14,1,en,neutral,hi,0.475,-0.0027499079704284,120
bigscience/bloom-560m,0,side,16,1,en,informative,bn,0.675,0.3484894673029581,120
bigscience/bloom-560m,0,side,16,1,en,informative,en,0.525,0.116193135579427,120
bigscience/bloom-560m,0,side,16,1,en,informative,hi,0.6083333333333333,0.3737865855296453,120
bigscience/bloom-560m,0,side,16,1,en,neutral,bn,0.4416666666666666,-0.1752180516719818,120
bigscience/bloom-560m,0,side,16,1,en,neutral,en,0.5,0.0,120
bigscience/bloom-560m,0,side,16,1,en,neutral,hi,0.475,-0.0434541215499242,120
bigscience/bloom-560m,0,side,18,1,en,informative,bn,0.6583333333333333,0.3107545932133992,120
bigscience/bloom-560m,0,side,18,1,en,informative,en,0.5666666666666667,0.1398356119791666,120
bigscience/bloom-560m,0,side,18,1,en,informative,hi,0.5916666666666667,0.4071015497048696,120
bigscience/bloom-560m,0,side,18,1,en,neutral,bn,0.4416666666666666,-0.1666720906893412,120
bigscience/bloom-560m,0,side,18,1,en,neutral,en,0.5,0.0,120
bigscience/bloom-560m,0,side,18,1,en,neutral,hi,0.4833333333333333,-0.0378643403450648,120
bigscience/bloom-560m,0,side,20,1,en,informative,bn,0.65,0.3162393093109131,120
bigscience/bloom-560m,0,side,20,1,en,informative,en,0.5166666666666667,0.1045951843261718,120
bigscience/bloom-560m,0,side,20,1,en,informative,hi,0.6083333333333333,0.3762179791927337,120
bigscience/bloom-560m,0,side,20,1,en,neutral,bn,0.4416666666666666,-0.1683702290058136,120
bigscience/bloom-560m,0,side,20,1,en,neutral,en,0.5,0.0,120
bigscience/bloom-560m,0,side,20,1,en,neutral,hi,0.475,-0.0279025375843048,120
bigscience/bloom-560m,0,side,22,1,en,informative,bn,0.7,0.3630970855553945,120
bigscience/bloom-560m,0,side,22,1,en,informative,en,0.5083333333333333,0.0870786031087239,120
bigscience/bloom-560m,0,side,22,1,en,informative,hi,0.6166666666666667,0.3458115071058273,120
bigscience/bloom-560m,0,side,22,1,en,neutral,bn,0.4416666666666666,-0.1392756919066111,120
bigscience/bloom-560m,0,side,22,1,en,neutral,en,0.5,0.0,120
bigscience/bloom-560m,0,side,22,1,en,neutral,hi,0.4916666666666666,-0.0293178637822469,120
bigscience/bloom-560m,0,gender,0,1,bn,informative,bn,0.5,0.5972247322400411,120
bigscience/bloom-560m,0,gender,0,1,bn,informative,en,0.9666666666666668,0.5671707153320312,120
bigscience/bloom-560m,0,gender,0,1,bn,informative,hi,0.725,0.4429422299067179,120
bigscience/bloom-560m,0,gender,0,1,bn,neutral,bn,0.5,0.048667499423027,120
bigscience/bloom-560m,0,gender,0,1,bn,neutral,en,0.8583333333333333,0.5211748758951823,120
bigscience/bloom-560m,0,gender,0,1,bn,neutral,hi,0.55,0.1886528571446736,120
bigscience/bloom-560m,0,gender,2,1,bn,informative,bn,0.5,0.3247044672568639,120
bigscience/bloom-560m,0,gender,2,1,bn,informative,en,0.975,0.5654772440592448,120
bigscience/bloom-560m,0,gender,2,1,bn,informative,hi,0.7166666666666667,0.4467620174090067,120
bigscience/bloom-560m,0,gender,2,1,bn,neutral,bn,0.5,-0.281919977068901,120
bigscience/bloom-560m,0,gender,2,1,bn,neutral,en,0.85,0.5205497741699219,120
bigscience/bloom-560m,0,gender,2,1,bn,neutral,hi,0.5416666666666666,0.1869139591852824,120
bigscience/bloom-560m,0,gender,4,1,bn,informative,bn,0.5,0.6117855628331502,120
bigscience/bloom-560m,0,gender,4,1,bn,informative,en,0.95,0.5526212056477865,120
bigscience/bloom-560m,0,gender,4,1,bn,informative,hi,0.725,0.4415274898211161,120
bigscience/bloom-560m,0,gender,4,1,bn,neutral,bn,0.5,0.0494860927263895,120
bigscience/bloom-560m,0,gender,4,1,bn,neutral,en,0.85,0.5196667989095052,120
bigscience/bloom-560m,0,gender,4,1,bn,neutral,hi,0.5583333333333333,0.1809272805849711,120
bigscience/bloom-560m,0,gender,6,1,bn,informative,bn,0.5,0.6133381396532058,120
bigscience/bloom-560m,0,gender,6,1,bn,informative,en,0.9666666666666668,0.5737457275390625,120
bigscience/bloom-560m,0,gender,6,1,bn,informative,hi,0.7083333333333334,0.4589695890744527,120
bigscience/bloom-560m,0,gender,6,1,bn,neutral,bn,0.5,0.0641740451256434,120
bigscience/bloom-560m,0,gender,6,1,bn,neutral,en,0.85,0.5280426025390625,120
bigscience/bloom-560m,0,gender,6,1,bn,neutral,hi,0.5416666666666666,0.2042618592580159,120
bigscience/bloom-560m,0,gender,8,1,bn,informative,bn,0.5,0.6402742783228557,120
bigscience/bloom-560m,0,gender,8,1,bn,informative,en,0.9666666666666668,0.5711413065592448,120
bigscience/bloom-560m,0,gender,8,1,bn,informative,hi,0.7,0.4414590795834859,120
bigscience/bloom-560m,0,gender,8,1,bn,neutral,bn,0.5,0.092442645629247,120
bigscience/bloom-560m,0,gender,8,1,bn,neutral,en,0.8583333333333333,0.5228467305501302,120
bigscience/bloom-560m,0,gender,8,1,bn,neutral,hi,0.5333333333333333,0.1901126027107239,120
bigscience/bloom-560m,0,gender,10,1,bn,informative,bn,0.5,0.6221850077311198,120
bigscience/bloom-560m,0,gender,10,1,bn,informative,en,0.9833333333333332,0.5981310526529948,120
bigscience/bloom-560m,0,gender,10,1,bn,informative,hi,0.7,0.4351180831591288,120
bigscience/bloom-560m,0,gender,10,1,bn,neutral,bn,0.5,0.0801298757394154,120
bigscience/bloom-560m,0,gender,10,1,bn,neutral,en,0.8666666666666667,0.5475087483723958,120
bigscience/bloom-560m,0,gender,10,1,bn,neutral,hi,0.5333333333333333,0.1843674659729003,120
bigscience/bloom-560m,0,gender,12,1,bn,informative,bn,0.5,0.518156177798907,120
bigscience/bloom-560m,0,gender,12,1,bn,informative,en,0.9833333333333332,0.589160410563151,120
bigscience/bloom-560m,0,gender,12,1,bn,informative,hi,0.6666666666666666,0.4431418339411417,120
bigscience/bloom-560m,0,gender,12,1,bn,neutral,bn,0.5,0.0172666748364766,120
bigscience/bloom-560m,0,gender,12,1,bn,neutral,en,0.85,0.5290606180826823,120
bigscience/bloom-560m,0,gender,12,1,bn,neutral,hi,0.5333333333333333,0.1784145275751749,120
bigscience/bloom-560m,0,gender,12,4,bn,informative,bn,0.5,0.5805676986773809,120
bigscience/bloom-560m,0,gender,12,4,bn,informative,en,0.9166666666666666,0.5680152893066406,120
bigscience/bloom-560m,0,gender,12,4,bn,informative,hi,0.675,0.440721333026886,120
bigscience/bloom-560m,0,gender,12,4,bn,neutral,bn,0.5,0.0811101227998733,120
bigscience/bloom-560m,0,gender,12,4,bn,neutral,en,0.8666666666666667,0.5177619934082032,120
bigscience/bloom-560m,0,gender,12,4,bn,neutral,hi,0.5333333333333333,0.1864752213160197,120
bigscience/bloom-560m,0,gender,14,1,bn,informative,bn,0.5,0.5716919442017873,120
bigscience/bloom-560m,0,gender,14,1,bn,informative,en,0.95,0.5704480489095052,120
bigscience/bloom-560m,0,gender,14,1,bn,informative,hi,0.7083333333333334,0.3964187979698181,120
bigscience/bloom-560m,0,gender,14,1,bn,neutral,bn,0.5,0.0748014400402704,120
bigscience/bloom-560m,0,gender,14,1,bn,neutral,en,0.85,0.513391621907552,120
bigscience/bloom-560m,0,gender,14,1,bn,neutral,hi,0.5333333333333333,0.1617120146751403,120
bigscience/bloom-560m,0,gender,16,1,bn,informative,bn,0.5,0.630385301510493,120
bigscience/bloom-560m,0,gender,16,1,bn,informative,en,0.9583333333333334,0.5805836995442708,120
bigscience/bloom-560m,0,gender,16,1,bn,informative,hi,0.725,0.4542418599128723,120
bigscience/bloom-560m,0,gender,16,1,bn,neutral,bn,0.5,0.0508942514657974,120
bigscience/bloom-560m,0,gender,16,1,bn,neutral,en,0.8916666666666667,0.5318850199381511,120
bigscience/bloom-560m,0,gender,16,1,bn,neutral,hi,0.55,0.1845802783966064,120
bigscience/bloom-560m,0,gender,18,1,bn,informative,bn,0.5,0.63648781478405,120
bigscience/bloom-560m,0,gender,18,1,bn,informative,en,0.95,0.6106781005859375,120
bigscience/bloom-560m,0,gender,18,1,bn,informative,hi,0.725,0.5146159966786702,120
bigscience/bloom-560m,0,gender,18,1,bn,neutral,bn,0.5,0.0091659118731816,120
bigscience/bloom-560m,0,gender,18,1,bn,neutral,en,0.9166666666666666,0.5755205790201823,120
bigscience/bloom-560m,0,gender,18,1,bn,neutral,hi,0.5833333333333334,0.2243901133537292,120
bigscience/bloom-560m,0,gender,20,1,bn,informative,bn,0.5,0.5677028546730677,120
bigscience/bloom-560m,0,gender,20,1,bn,informative,en,0.9666666666666668,0.533660888671875,120
bigscience/bloom-560m,0,gender,20,1,bn,informative,hi,0.7166666666666667,0.4542781988779704,120
bigscience/bloom-560m,0,gender,20,1,bn,neutral,bn,0.5,0.0274615009625752,120
bigscience/bloom-560m,0,gender,20,1,bn,neutral,en,0.8666666666666667,0.4915929158528646,120
bigscience/bloom-560m,0,gender,20,1,bn,neutral,hi,0.575,0.2014533599217732,120
bigscience/bloom-560m,0,gender,22,1,bn,informative,bn,0.5,0.5496072739362716,120
bigscience/bloom-560m,0,gender,22,1,bn,informative,en,0.9583333333333334,0.553290049235026,120
bigscience/bloom-560m,0,gender,22,1,bn,informative,hi,0.7333333333333333,0.4157493392626444,120
bigscience/bloom-560m,0,gender,22,1,bn,neutral,bn,0.5,0.0151044358809789,120
bigscience/bloom-560m,0,gender,22,1,bn,neutral,en,0.85,0.5092035929361979,120
bigscience/bloom-560m,0,gender,22,1,bn,neutral,hi,0.5666666666666667,0.1595831195513407,120
bigscience/bloom-560m,0,gender,0,1,hi,informative,bn,0.5,0.5680221736431121,120
bigscience/bloom-560m,0,gender,0,1,hi,informative,en,0.95,0.5575525919596355,120
bigscience/bloom-560m,0,gender,0,1,hi,informative,hi,0.7166666666666667,0.4345542589823405,120
bigscience/bloom-560m,0,gender,0,1,hi,neutral,bn,0.5,0.0333717465400695,120
bigscience/bloom-560m,0,gender,0,1,hi,neutral,en,0.85,0.5191624959309896,120
bigscience/bloom-560m,0,gender,0,1,hi,neutral,hi,0.5416666666666666,0.1800436417261759,120
bigscience/bloom-560m,0,gender,2,1,hi,informative,bn,0.5,0.5781127423048019,120
bigscience/bloom-560m,0,gender,2,1,hi,informative,en,0.9666666666666668,0.5613693237304688,120
bigscience/bloom-560m,0,gender,2,1,hi,informative,hi,0.725,0.4695875207583109,120
bigscience/bloom-560m,0,gender,2,1,hi,neutral,bn,0.5,0.0376889993747075,120
bigscience/bloom-560m,0,gender,2,1,hi,neutral,en,0.8583333333333333,0.5191782633463542,120
bigscience/bloom-560m,0,gender,2,1,hi,neutral,hi,0.5583333333333333,0.2089603463808695,120
bigscience/bloom-560m,0,gender,4,1,hi,informative,bn,0.5,0.5844652950763702,120
bigscience/bloom-560m,0,gender,4,1,hi,informative,en,0.9666666666666668,0.5586321512858073,120
bigscience/bloom-560m,0,gender,4,1,hi,informative,hi,0.7166666666666667,0.4394673625628153,120
bigscience/bloom-560m,0,gender,4,1,hi,neutral,bn,0.5,0.0442918250958124,120
bigscience/bloom-560m,0,gender,4,1,hi,neutral,en,0.85,0.516521962483724,120
bigscience/bloom-560m,0,gender,4,1,hi,neutral,hi,0.5416666666666666,0.1777533610661824,120
bigscience/bloom-560m,0,gender,6,1,hi,informative,bn,0.5,0.5893034944931667,120
bigscience/bloom-560m,0,gender,6,1,hi,informative,en,0.9666666666666668,0.5600975036621094,120
bigscience/bloom-560m,0,gender,6,1,hi,informative,hi,0.7083333333333334,0.4225780844688415,120
bigscience/bloom-560m,0,gender,6,1,hi,neutral,bn,0.5,0.0429978291193644,120
bigscience/bloom-560m,0,gender,6,1,hi,neutral,en,0.85,0.5180310567220052,120
bigscience/bloom-560m,0,gender,6,1,hi,neutral,hi,0.55,0.1661296248435974,120
bigscience/bloom-560m,0,gender,8,1,hi,informative,bn,0.5,0.5875837018092473,120
bigscience/bloom-560m,0,gender,8,1,hi,informative,en,0.9833333333333332,0.5641952514648437,120
bigscience/bloom-560m,0,gender,8,1,hi,informative,hi,0.7083333333333334,0.4469048500061035,120
bigscience/bloom-560m,0,gender,8,1,hi,neutral,bn,0.5,0.0434908767541249,120
bigscience/bloom-560m,0,gender,8,1,hi,neutral,en,0.8583333333333333,0.518658447265625,120
bigscience/bloom-560m,0,gender,8,1,hi,neutral,hi,0.55,0.1866577585538228,120
bigscience/bloom-560m,0,gender,10,1,hi,informative,bn,0.5,0.5954981317122777,120
bigscience/bloom-560m,0,gender,10,1,hi,informative,en,0.9833333333333332,0.5670804341634115,120
bigscience/bloom-560m,0,gender,10,1,hi,informative,hi,0.7083333333333334,0.4272332231203715,120
bigscience/bloom-560m,0,gender,10,1,hi,neutral,bn,0.5,0.0518294165531794,120
bigscience/bloom-560m,0,gender,10,1,hi,neutral,en,0.85,0.5178698221842448,120
bigscience/bloom-560m,0,gender,10,1,hi,neutral,hi,0.5416666666666666,0.1662970344225565,120
bigscience/bloom-560m,0,gender,12,1,hi,informative,bn,0.5,0.565128309528033,120
bigscience/bloom-560m,0,gender,12,1,hi,informative,en,0.9583333333333334,0.5624443054199219,120
bigscience/bloom-560m,0,gender,12,1,hi,informative,hi,0.7083333333333334,0.4102088292439779,120
bigscience/bloom-560m,0,gender,12,1,hi,neutral,bn,0.5,0.0449359049399693,120
bigscience/bloom-560m,0,gender,12,1,hi,neutral,en,0.875,0.5186559041341146,120
bigscience/bloom-560m,0,gender,12,1,hi,neutral,hi,0.5333333333333333,0.1555200894673665,120
bigscience/bloom-560m,0,gender,12,4,hi,informative,bn,0.5,0.5714927941560746,120
bigscience/bloom-560m,0,gender,12,4,hi,informative,en,0.9666666666666668,0.523388671875,120
bigscience/bloom-560m,0,gender,12,4,hi,informative,hi,0.6333333333333333,0.3381470799446106,120
bigscience/bloom-560m,0,gender,12,4,hi,neutral,bn,0.5,0.0473268220822016,120
bigscience/bloom-560m,0,gender,12,4,hi,neutral,en,0.8583333333333333,0.4813908894856771,120
bigscience/bloom-560m,0,gender,12,4,hi,neutral,hi,0.5166666666666667,0.106172243754069,120
bigscience/bloom-560m,0,gender,14,1,hi,informative,bn,0.5,0.5795097907384237,120
bigscience/bloom-560m,0,gender,14,1,hi,informative,en,0.9416666666666668,0.5556605021158855,120
bigscience/bloom-560m,0,gender,14,1,hi,informative,hi,0.725,0.4435299356778462,120
bigscience/bloom-560m,0,gender,14,1,hi,neutral,bn,0.5,0.0582951873540878,120
bigscience/bloom-560m,0,gender,14,1,hi,neutral,en,0.8583333333333333,0.5082735697428385,120
bigscience/bloom-560m,0,gender,14,1,hi,neutral,hi,0.55,0.1936545292536417,120
bigscience/bloom-560m,0,gender,16,1,hi,informative,bn,0.5,0.5692881017923355,120
bigscience/bloom-560m,0,gender,16,1,hi,informative,en,0.95,0.537359110514323,120
bigscience/bloom-560m,0,gender,16,1,hi,informative,hi,0.675,0.3925585110982259,120
bigscience/bloom-560m,0,gender,16,1,hi,neutral,bn,0.5,0.0375208010276158,120
bigscience/bloom-560m,0,gender,16,1,hi,neutral,en,0.8583333333333333,0.4964703877766927,120
bigscience/bloom-560m,0,gender,16,1,hi,neutral,hi,0.5333333333333333,0.1395757913589477,120
bigscience/bloom-560m,0,gender,18,1,hi,informative,bn,0.5,0.5663355509440104,120
bigscience/bloom-560m,0,gender,18,1,hi,informative,en,0.9166666666666666,0.5094866434733073,120
bigscience/bloom-560m,0,gender,18,1,hi,informative,hi,0.575,0.3309670646985372,120
bigscience/bloom-560m,0,gender,18,1,hi,neutral,bn,0.5,0.0494222491979599,120
bigscience/bloom-560m,0,gender,18,1,hi,neutral,en,0.8833333333333333,0.4537267049153646,120
bigscience/bloom-560m,0,gender,18,1,hi,neutral,hi,0.5,0.0788341204325358,120
bigscience/bloom-560m,0,gender,20,1,hi,informative,bn,0.5,0.5892964680989583,120
bigscience/bloom-560m,0,gender,20,1,hi,informative,en,0.9083333333333332,0.4937405904134114,120
bigscience/bloom-560m,0,gender,20,1,hi,informative,hi,0.5583333333333333,0.2834072788556417,120
bigscience/bloom-560m,0,gender,20,1,hi,neutral,bn,0.5,0.0468138962984085,120
bigscience/bloom-560m,0,gender,20,1,hi,neutral,en,0.825,0.456769307454427,120
bigscience/bloom-560m,0,gender,20,1,hi,neutral,hi,0.5,0.0275582909584045,120
bigscience/bloom-560m,0,gender,22,1,hi,informative,bn,0.5,0.5812886794408162,120
bigscience/bloom-560m,0,gender,22,1,hi,informative,en,0.95,0.4980751037597656,120
bigscience/bloom-560m,0,gender,22,1,hi,informative,hi,0.6583333333333333,0.3554572184880574,120
bigscience/bloom-560m,0,gender,22,1,hi,neutral,bn,0.5,0.0429427504539489,120
bigscience/bloom-560m,0,gender,22,1,hi,neutral,en,0.8583333333333333,0.4579305013020833,120
bigscience/bloom-560m,0,gender,22,1,hi,neutral,hi,0.525,0.1019194920857747,120
bigscience/bloom-560m,0,gender,0,1,en,informative,bn,0.5,0.5850571493307749,120
bigscience/bloom-560m,0,gender,0,1,en,informative,en,0.9333333333333332,0.5439689636230469,120
bigscience/bloom-560m,0,gender,0,1,en,informative,hi,0.725,0.4295539657274882,120
bigscience/bloom-560m,0,gender,0,1,en,neutral,bn,0.5,0.0517784843842188,120
bigscience/bloom-560m,0,gender,0,1,en,neutral,en,0.8416666666666667,0.5095726013183594,120
bigscience/bloom-560m,0,gender,0,1,en,neutral,hi,0.55,0.1788746913274129,120
bigscience/bloom-560m,0,gender,2,1,en,informative,bn,0.5,0.5783419569333395,120
bigscience/bloom-560m,0,gender,2,1,en,informative,en,0.9666666666666668,0.568646494547526,120
bigscience/bloom-560m,0,gender,2,1,en,informative,hi,0.725,0.4610486189524332,120
bigscience/bloom-560m,0,gender,2,1,en,neutral,bn,0.5,0.0328779329856236,120
bigscience/bloom-560m,0,gender,2,1,en,neutral,en,0.8416666666666667,0.5049423217773438,120
bigscience/bloom-560m,0,gender,2,1,en,neutral,hi,0.5583333333333333,0.1968737204869588,120
bigscience/bloom-560m,0,gender,4,1,en,informative,bn,0.5,0.5897991587718328,120
bigscience/bloom-560m,0,gender,4,1,en,informative,en,0.9583333333333334,0.580792490641276,120
bigscience/bloom-560m,0,gender,4,1,en,informative,hi,0.725,0.4546245654424031,120
bigscience/bloom-560m,0,gender,4,1,en,neutral,bn,0.5,0.0447649836540222,120
bigscience/bloom-560m,0,gender,4,1,en,neutral,en,0.85,0.5328206380208333,120
bigscience/bloom-560m,0,gender,4,1,en,neutral,hi,0.5416666666666666,0.1881448785463969,120
bigscience/bloom-560m,0,gender,6,1,en,informative,bn,0.5,0.5759496629238129,120
bigscience/bloom-560m,0,gender,6,1,en,informative,en,0.9,0.5265846252441406,120
bigscience/bloom-560m,0,gender,6,1,en,informative,hi,0.725,0.4506826043128967,120
bigscience/bloom-560m,0,gender,6,1,en,neutral,bn,0.5,0.0479692528645197,120
bigscience/bloom-560m,0,gender,6,1,en,neutral,en,0.8416666666666667,0.4719744364420573,120
bigscience/bloom-560m,0,gender,6,1,en,neutral,hi,0.55,0.1881709893544515,120
bigscience/bloom-560m,0,gender,8,1,en,informative,bn,0.5,0.580174078543981,120
bigscience/bloom-560m,0,gender,8,1,en,informative,en,0.9083333333333332,0.5029307047526042,120
bigscience/bloom-560m,0,gender,8,1,en,informative,hi,0.725,0.4513274987538656,120
bigscience/bloom-560m,0,gender,8,1,en,neutral,bn,0.5,0.05054672062397,120
bigscience/bloom-560m,0,gender,8,1,en,neutral,en,0.8416666666666667,0.4567469278971354,120
bigscience/bloom-560m,0,gender,8,1,en,neutral,hi,0.55,0.1886190056800842,120
bigscience/bloom-560m,0,gender,10,1,en,informative,bn,0.5,0.5670956969261169,120
bigscience/bloom-560m,0,gender,10,1,en,informative,en,0.9416666666666668,0.4894859313964844,120
bigscience/bloom-560m,0,gender,10,1,en,informative,hi,0.725,0.413490621248881,120
bigscience/bloom-560m,0,gender,10,1,en,neutral,bn,0.5,0.0477648754914601,120
bigscience/bloom-560m,0,gender,10,1,en,neutral,en,0.8416666666666667,0.4511884053548177,120
bigscience/bloom-560m,0,gender,10,1,en,neutral,hi,0.55,0.1596744100252787,120
bigscience/bloom-560m,0,gender,12,1,en,informative,bn,0.5,0.5805119862159093,120
bigscience/bloom-560m,0,gender,12,1,en,informative,en,0.9166666666666666,0.5105918884277344,120
bigscience/bloom-560m,0,gender,12,1,en,informative,hi,0.7166666666666667,0.3912595748901367,120
bigscience/bloom-560m,0,gender,12,1,en,neutral,bn,0.5,0.039033563931783,120
bigscience/bloom-560m,0,gender,12,1,en,neutral,en,0.8416666666666667,0.4829666137695312,120
bigscience/bloom-560m,0,gender,12,1,en,neutral,hi,0.55,0.1586828430493672,120
bigscience/bloom-560m,0,gender,12,4,en,informative,bn,0.5,0.609198518594106,120
bigscience/bloom-560m,0,gender,12,4,en,informative,en,0.75,0.3055010477701823,120
bigscience/bloom-560m,0,gender,12,4,en,informative,hi,0.7083333333333334,0.3705072283744812,120
bigscience/bloom-560m,0,gender,12,4,en,neutral,bn,0.5,0.0786317547162373,120
bigscience/bloom-560m,0,gender,12,4,en,neutral,en,0.8,0.3055157979329427,120
bigscience/bloom-560m,0,gender,12,4,en,neutral,hi,0.55,0.1436210989952087,120
bigscience/bloom-560m,0,gender,14,1,en,informative,bn,0.5,0.5836781064669291,120
bigscience/bloom-560m,0,gender,14,1,en,informative,en,0.95,0.5446070353190104,120
bigscience/bloom-560m,0,gender,14,1,en,informative,hi,0.7416666666666667,0.4223558624585469,120
bigscience/bloom-560m,0,gender,14,1,en,neutral,bn,0.5,0.0504434744517008,120
bigscience/bloom-560m,0,gender,14,1,en,neutral,en,0.8583333333333333,0.5220837910970052,120
bigscience/bloom-560m,0,gender,14,1,en,neutral,hi,0.5833333333333334,0.1811027447382609,120
bigscience/bloom-560m,0,gender,16,1,en,informative,bn,0.5,0.5827804108460745,120
bigscience/bloom-560m,0,gender,16,1,en,informative,en,0.95,0.554022471110026,120
bigscience/bloom-560m,0,gender,16,1,en,informative,hi,0.7416666666666667,0.4615316788355509,120
bigscience/bloom-560m,0,gender,16,1,en,neutral,bn,0.5,0.0517846802870432,120
bigscience/bloom-560m,0,gender,16,1,en,neutral,en,0.85,0.5217081705729166,120
bigscience/bloom-560m,0,gender,16,1,en,neutral,hi,0.575,0.1948872685432434,120
bigscience/bloom-560m,0,gender,18,1,en,informative,bn,0.5,0.5427498837312063,120
bigscience/bloom-560m,0,gender,18,1,en,informative,en,0.9,0.4957310994466146,120
bigscience/bloom-560m,0,gender,18,1,en,informative,hi,0.7416666666666667,0.4265089948972066,120
bigscience/bloom-560m,0,gender,18,1,en,neutral,bn,0.5,0.0309118747711181,120
bigscience/bloom-560m,0,gender,18,1,en,neutral,en,0.8166666666666667,0.4564048767089844,120
bigscience/bloom-560m,0,gender,18,1,en,neutral,hi,0.575,0.1679601391156514,120
bigscience/bloom-560m,0,gender,20,1,en,informative,bn,0.5,0.5350001434485118,120
bigscience/bloom-560m,0,gender,20,1,en,informative,en,0.9583333333333334,0.4863311767578125,120
bigscience/bloom-560m,0,gender,20,1,en,informative,hi,0.6666666666666666,0.3759811162948608,120
bigscience/bloom-560m,0,gender,20,1,en,neutral,bn,0.5,0.0289374977350235,120
bigscience/bloom-560m,0,gender,20,1,en,neutral,en,0.875,0.4552469889322916,120
bigscience/bloom-560m,0,gender,20,1,en,neutral,hi,0.525,0.1106761733690897,120
bigscience/bloom-560m,0,gender,22,1,en,informative,bn,0.5,0.5639137506484986,120
bigscience/bloom-560m,0,gender,22,1,en,informative,en,0.9666666666666668,0.4441703796386719,120
bigscience/bloom-560m,0,gender,22,1,en,informative,hi,0.6666666666666666,0.3773954391479492,120
bigscience/bloom-560m,0,gender,22,1,en,neutral,bn,0.5,0.0323413699865341,120
bigscience/bloom-560m,0,gender,22,1,en,neutral,en,0.8666666666666667,0.4094731648763021,120
bigscience/bloom-560m,0,gender,22,1,en,neutral,hi,0.525,0.1252888242403666,120
bigscience/bloom-560m,0,side,0,1,random,informative,bn,0.6583333333333333,0.3163103501001993,120
bigscience/bloom-560m,0,side,0,1,random,informative,en,0.5083333333333333,0.0794013977050781,120
bigscience/bloom-560m,0,side,0,1,random,informative,hi,0.6166666666666667,0.3447421411673227,120
bigscience/bloom-560m,0,side,0,1,random,neutral,bn,0.4416666666666666,-0.1783475756645202,120
bigscience/bloom-560m,0,side,0,1,random,neutral,en,0.5,0.0,120
bigscience/bloom-560m,0,side,0,1,random,neutral,hi,0.4916666666666666,-0.0279915452003479,120
bigscience/bloom-560m,0,gender,0,1,random,informative,bn,0.5,0.5901785095532736,120
bigscience/bloom-560m,0,gender,0,1,random,informative,en,0.9666666666666668,0.560406239827474,120
bigscience/bloom-560m,0,gender,0,1,random,informative,hi,0.725,0.4467646280924479,120
bigscience/bloom-560m,0,gender,0,1,random,neutral,bn,0.5,0.0575912376244862,120
bigscience/bloom-560m,0,gender,0,1,random,neutral,en,0.85,0.5176381429036458,120
bigscience/bloom-560m,0,gender,0,1,random,neutral,hi,0.5416666666666666,0.1880617976188659,120
bigscience/bloom-560m,0,side,2,1,random,informative,bn,0.6666666666666666,0.324284557501475,120
bigscience/bloom-560m,0,side,2,1,random,informative,en,0.5083333333333333,0.0808446248372395,120
bigscience/bloom-560m,0,side,2,1,random,informative,hi,0.625,0.3482864320278168,120
bigscience/bloom-560m,0,side,2,1,random,neutral,bn,0.4333333333333333,-0.1786844849586487,120
bigscience/bloom-560m,0,side,2,1,random,neutral,en,0.5,0.0,120
bigscience/bloom-560m,0,side,2,1,random,neutral,hi,0.4833333333333333,-0.0224804023901621,120
bigscience/bloom-560m,0,gender,2,1,random,informative,bn,0.5,0.5728703449169795,120
bigscience/bloom-560m,0,gender,2,1,random,informative,en,0.9666666666666668,0.5548685709635417,120
bigscience/bloom-560m,0,gender,2,1,random,informative,hi,0.7166666666666667,0.4463560501734415,120
bigscience/bloom-560m,0,gender,2,1,random,neutral,bn,0.5,0.0429540624221166,120
bigscience/bloom-560m,0,gender,2,1,random,neutral,en,0.85,0.5148470560709636,120
bigscience/bloom-560m,0,gender,2,1,random,neutral,hi,0.5416666666666666,0.1902508854866028,120
bigscience/bloom-560m,0,side,4,1,random,informative,bn,0.6666666666666666,0.3233407537142436,120
bigscience/bloom-560m,0,side,4,1,random,informative,en,0.5083333333333333,0.0802286783854166,120
bigscience/bloom-560m,0,side,4,1,random,informative,hi,0.6166666666666667,0.3470315506060918,120
bigscience/bloom-560m,0,side,4,1,random,neutral,bn,0.4333333333333333,-0.1806835373242696,120
bigscience/bloom-560m,0,side,4,1,random,neutral,en,0.5,0.0,120
bigscience/bloom-560m,0,side,4,1,random,neutral,hi,0.4916666666666666,-0.0261418094237645,120
bigscience/bloom-560m,0,gender,4,1,random,informative,bn,0.5,0.5838602801163991,120
bigscience/bloom-560m,0,gender,4,1,random,informative,en,0.9666666666666668,0.5605036417643229,120
bigscience/bloom-560m,0,gender,4,1,random,informative,hi,0.725,0.4474653601646423,120
bigscience/bloom-560m,0,gender,4,1,random,neutral,bn,0.5,0.0456463009119033,120
bigscience/bloom-560m,0,gender,4,1,random,neutral,en,0.8583333333333333,0.5178883870442709,120
bigscience/bloom-560m,0,gender,4,1,random,neutral,hi,0.55,0.1908526937166849,120
bigscience/bloom-560m,0,side,6,1,random,informative,bn,0.6916666666666667,0.312773064772288,120
bigscience/bloom-560m,0,side,6,1,random,informative,en,0.5083333333333333,0.0810190836588541,120
bigscience/bloom-560m,0,side,6,1,random,informative,hi,0.6333333333333333,0.3623484740654627,120
bigscience/bloom-560m,0,side,6,1,random,neutral,bn,0.4416666666666666,-0.1783176203568776,120
bigscience/bloom-560m,0,side,6,1,random,neutral,en,0.5,0.0,120
bigscience/bloom-560m,0,side,6,1,random,neutral,hi,0.4833333333333333,-0.0207357058922449,120
bigscience/bloom-560m,0,gender,6,1,random,informative,bn,0.5,0.5865616043408711,120
bigscience/bloom-560m,0,gender,6,1,random,informative,en,0.9666666666666668,0.567987569173177,120
bigscience/bloom-560m,0,gender,6,1,random,informative,hi,0.725,0.4430465579032898,120
bigscience/bloom-560m,0,gender,6,1,random,neutral,bn,0.5,0.0448358486096064,120
bigscience/bloom-560m,0,gender,6,1,random,neutral,en,0.85,0.5218246459960938,120
bigscience/bloom-560m,0,gender,6,1,random,neutral,hi,0.5416666666666666,0.1885687629381815,120
bigscience/bloom-560m,0,side,8,1,random,informative,bn,0.7,0.3254713396231333,120
bigscience/bloom-560m,0,side,8,1,random,informative,en,0.5083333333333333,0.0755607604980468,120
bigscience/bloom-560m,0,side,8,1,random,informative,hi,0.6166666666666667,0.3599864115317662,120
bigscience/bloom-560m,0,side,8,1,random,neutral,bn,0.4416666666666666,-0.1601217071215311,120
bigscience/bloom-560m,0,side,8,1,random,neutral,en,0.5,0.0,120
bigscience/bloom-560m,0,side,8,1,random,neutral,hi,0.4916666666666666,-0.0117807964483896,120
bigscience/bloom-560m,0,gender,8,1,random,informative,bn,0.5,0.5800697008768717,120
bigscience/bloom-560m,0,gender,8,1,random,informative,en,0.9583333333333334,0.5569203694661459,120
bigscience/bloom-560m,0,gender,8,1,random,informative,hi,0.725,0.4388625303904215,120
bigscience/bloom-560m,0,gender,8,1,random,neutral,bn,0.5,0.0457015206416447,120
bigscience/bloom-560m,0,gender,8,1,random,neutral,en,0.85,0.5128804524739583,120
bigscience/bloom-560m,0,gender,8,1,random,neutral,hi,0.55,0.1824558138847351,120
bigscience/bloom-560m,0,side,10,1,random,informative,bn,0.6666666666666666,0.3332522730032602,120
bigscience/bloom-560m,0,side,10,1,random,informative,en,0.5083333333333333,0.0846333821614583,120
bigscience/bloom-560m,0,side,10,1,random,informative,hi,0.6166666666666667,0.3454984813928604,120
bigscience/bloom-560m,0,side,10,1,random,neutral,bn,0.4416666666666666,-0.1779650410016377,120
bigscience/bloom-560m,0,side,10,1,random,neutral,en,0.5,0.0,120
bigscience/bloom-560m,0,side,10,1,random,neutral,hi,0.4916666666666666,-0.0286268949508666,120
bigscience/bloom-560m,0,gender,10,1,random,informative,bn,0.5,0.5877210060755412,120
bigscience/bloom-560m,0,gender,10,1,random,informative,en,0.9833333333333332,0.5688026428222657,120
bigscience/bloom-560m,0,gender,10,1,random,informative,hi,0.7083333333333334,0.4463477452596028,120
bigscience/bloom-560m,0,gender,10,1,random,neutral,bn,0.5,0.0499183217684427,120
bigscience/bloom-560m,0,gender,10,1,random,neutral,en,0.8583333333333333,0.5257197062174479,120
bigscience/bloom-560m,0,gender,10,1,random,neutral,hi,0.5416666666666666,0.1955973545710246,120
bigscience/bloom-560m,0,side,12,1,random,informative,bn,0.675,0.3113871216773987,120
bigscience/bloom-560m,0,side,12,1,random,informative,en,0.5083333333333333,0.0802134195963541,120
bigscience/bloom-560m,0,side,12,1,random,informative,hi,0.625,0.3475057810544967,120
bigscience/bloom-560m,0,side,12,1,random,neutral,bn,0.4333333333333333,-0.1810819248358408,120
bigscience/bloom-560m,0,side,12,1,random,neutral,en,0.5,0.0,120
bigscience/bloom-560m,0,side,12,1,random,neutral,hi,0.4833333333333333,-0.0243713776270548,120
bigscience/bloom-560m,0,gender,12,1,random,informative,bn,0.5,0.593734743197759,120
bigscience/bloom-560m,0,gender,12,1,random,informative,en,0.95,0.5536834716796875,120
bigscience/bloom-560m,0,gender,12,1,random,informative,hi,0.7166666666666667,0.4426045576731364,120
bigscience/bloom-560m,0,gender,12,1,random,neutral,bn,0.5,0.0474042216936747,120
bigscience/bloom-560m,0,gender,12,1,random,neutral,en,0.85,0.5100026448567708,120
bigscience/bloom-560m,0,gender,12,1,random,neutral,hi,0.5416666666666666,0.1872644464174906,120
bigscience/bloom-560m,0,side,12,4,random,informative,bn,0.6666666666666666,0.321784375111262,120
bigscience/bloom-560m,0,side,12,4,random,informative,en,0.5083333333333333,0.0847132364908854,120
bigscience/bloom-560m,0,side,12,4,random,informative,hi,0.6166666666666667,0.3649620999892553,120
bigscience/bloom-560m,0,side,12,4,random,neutral,bn,0.45,-0.1660426159699758,120
bigscience/bloom-560m,0,side,12,4,random,neutral,en,0.5,-2.5431315104166666e-07,120
bigscience/bloom-560m,0,side,12,4,random,neutral,hi,0.475,-0.0192480186621348,120
bigscience/bloom-560m,0,gender,12,4,random,informative,bn,0.5,0.5906309028466542,120
bigscience/bloom-560m,0,gender,12,4,random,informative,en,0.9666666666666668,0.5540451049804688,120
bigscience/bloom-560m,0,gender,12,4,random,informative,hi,0.725,0.4518070101737976,120
bigscience/bloom-560m,0,gender,12,4,random,neutral,bn,0.5,0.0455709069967269,120
bigscience/bloom-560m,0,gender,12,4,random,neutral,en,0.8583333333333333,0.5022694905598958,120
bigscience/bloom-560m,0,gender,12,4,random,neutral,hi,0.55,0.1822132309277852,120
bigscience/bloom-560m,0,side,14,1,random,informative,bn,0.6666666666666666,0.3223706742127736,120
bigscience/bloom-560m,0,side,14,1,random,informative,en,0.5083333333333333,0.0799324035644531,120
bigscience/bloom-560m,0,side,14,1,random,informative,hi,0.6166666666666667,0.3414246032635371,120
bigscience/bloom-560m,0,side,14,1,random,neutral,bn,0.4333333333333333,-0.1818706850210825,120
bigscience/bloom-560m,0,side,14,1,random,neutral,en,0.5,0.0,120
bigscience/bloom-560m,0,side,14,1,random,neutral,hi,0.4833333333333333,-0.0346178034941355,120
bigscience/bloom-560m,0,gender,14,1,random,informative,bn,0.5,0.5886697183052699,120
bigscience/bloom-560m,0,gender,14,1,random,informative,en,0.975,0.555890146891276,120
bigscience/bloom-560m,0,gender,14,1,random,informative,hi,0.7083333333333334,0.4468412677447001,120
bigscience/bloom-560m,0,gender,14,1,random,neutral,bn,0.5,0.0449638317028681,120
bigscience/bloom-560m,0,gender,14,1,random,neutral,en,0.85,0.5098060607910156,120
bigscience/bloom-560m,0,gender,14,1,random,neutral,hi,0.55,0.1894381483395894,120
bigscience/bloom-560m,0,side,16,1,random,informative,bn,0.65,0.3248045384883881,120
bigscience/bloom-560m,0,side,16,1,random,informative,en,0.5083333333333333,0.0844685872395833,120
bigscience/bloom-560m,0,side,16,1,random,informative,hi,0.6166666666666667,0.3560316850741704,120
bigscience/bloom-560m,0,side,16,1,random,neutral,bn,0.4416666666666666,-0.1736592988173167,120
bigscience/bloom-560m,0,side,16,1,random,neutral,en,0.5,0.0,120
bigscience/bloom-560m,0,side,16,1,random,neutral,hi,0.4833333333333333,-0.0275704522927602,120
bigscience/bloom-560m,0,gender,16,1,random,informative,bn,0.5,0.587816470861435,120
bigscience/bloom-560m,0,gender,16,1,random,informative,en,0.9666666666666668,0.5648284912109375,120
bigscience/bloom-560m,0,gender,16,1,random,informative,hi,0.7083333333333334,0.4444645841916402,120
bigscience/bloom-560m,0,gender,16,1,random,neutral,bn,0.5,0.0483712712923685,120
bigscience/bloom-560m,0,gender,16,1,random,neutral,en,0.8583333333333333,0.5196238199869792,120
bigscience/bloom-560m,0,gender,16,1,random,neutral,hi,0.5416666666666666,0.1882679502169291,120
bigscience/bloom-560m,0,side,18,1,random,informative,bn,0.6666666666666666,0.3095658739407857,120
bigscience/bloom-560m,0,side,18,1,random,informative,en,0.5083333333333333,0.0760101318359375,120
bigscience/bloom-560m,0,side,18,1,random,informative,hi,0.6166666666666667,0.3237322270870209,120
bigscience/bloom-560m,0,side,18,1,random,neutral,bn,0.4333333333333333,-0.1790470441182454,120
bigscience/bloom-560m,0,side,18,1,random,neutral,en,0.5,0.0,120
bigscience/bloom-560m,0,side,18,1,random,neutral,hi,0.4916666666666666,-0.0337405681610107,120
bigscience/bloom-560m,0,gender,18,1,random,informative,bn,0.5,0.5782917181650797,120
bigscience/bloom-560m,0,gender,18,1,random,informative,en,0.9666666666666668,0.5597335815429687,120
bigscience/bloom-560m,0,gender,18,1,random,informative,hi,0.725,0.4410918513933817,120
bigscience/bloom-560m,0,gender,18,1,random,neutral,bn,0.5,0.0455439259608586,120
bigscience/bloom-560m,0,gender,18,1,random,neutral,en,0.85,0.5173009236653646,120
bigscience/bloom-560m,0,gender,18,1,random,neutral,hi,0.55,0.1834533254305521,120
bigscience/bloom-560m,0,side,20,1,random,informative,bn,0.6666666666666666,0.3189333061377207,120
bigscience/bloom-560m,0,side,20,1,random,informative,en,0.5083333333333333,0.0814524332682291,120
bigscience/bloom-560m,0,side,20,1,random,informative,hi,0.6166666666666667,0.3455146720012029,120
bigscience/bloom-560m,0,side,20,1,random,neutral,bn,0.4333333333333333,-0.1804613014062245,120
bigscience/bloom-560m,0,side,20,1,random,neutral,en,0.5,0.0,120
bigscience/bloom-560m,0,side,20,1,random,neutral,hi,0.4916666666666666,-0.0295791874329249,120
bigscience/bloom-560m,0,gender,20,1,random,informative,bn,0.5,0.5855643898248672,120
bigscience/bloom-560m,0,gender,20,1,random,informative,en,0.975,0.5643208821614584,120
bigscience/bloom-560m,0,gender,20,1,random,informative,hi,0.725,0.4572278618812561,120
bigscience/bloom-560m,0,gender,20,1,random,neutral,bn,0.5,0.0464864790439605,120
bigscience/bloom-560m,0,gender,20,1,random,neutral,en,0.85,0.5206281026204427,120
bigscience/bloom-560m,0,gender,20,1,random,neutral,hi,0.55,0.1975820461908976,120
bigscience/bloom-560m,0,side,22,1,random,informative,bn,0.65,0.3234360019365946,120
bigscience/bloom-560m,0,side,22,1,random,informative,en,0.5083333333333333,0.0799069722493489,120
bigscience/bloom-560m,0,side,22,1,random,informative,hi,0.625,0.3238972475131352,120
bigscience/bloom-560m,0,side,22,1,random,neutral,bn,0.45,-0.1784812192122141,120
bigscience/bloom-560m,0,side,22,1,random,neutral,en,0.5,0.0,120
bigscience/bloom-560m,0,side,22,1,random,neutral,hi,0.4666666666666667,-0.0419711798429489,120
bigscience/bloom-560m,0,gender,22,1,random,informative,bn,0.5,0.5862137685219447,120
bigscience/bloom-560m,0,gender,22,1,random,informative,en,0.9583333333333334,0.5626291910807292,120
bigscience/bloom-560m,0,gender,22,1,random,informative,hi,0.725,0.4447871088981628,120
bigscience/bloom-560m,0,gender,22,1,random,neutral,bn,0.5,0.0545378237962722,120
bigscience/bloom-560m,0,gender,22,1,random,neutral,en,0.8583333333333333,0.5202273050944011,120
bigscience/bloom-560m,0,gender,22,1,random,neutral,hi,0.55,0.1883036096890767,120
facebook/xglm-564M,0,side,-1,0,none,informative,bn,0.4,-0.5849580466747284,120
facebook/xglm-564M,0,side,-1,0,none,informative,en,0.5,0.0971234122912089,120
facebook/xglm-564M,0,side,-1,0,none,informative,hi,0.5416666666666666,0.0879668275515238,120
facebook/xglm-564M,0,side,-1,0,none,neutral,bn,0.5,-0.2351346135139465,120
facebook/xglm-564M,0,side,-1,0,none,neutral,en,0.5,0.0,120
facebook/xglm-564M,0,side,-1,0,none,neutral,hi,0.5,0.275100427865982,120
facebook/xglm-564M,0,gender,-1,0,none,informative,bn,0.5,0.2196153918902079,120
facebook/xglm-564M,0,gender,-1,0,none,informative,en,0.7166666666666667,0.8772697448730469,120
facebook/xglm-564M,0,gender,-1,0,none,informative,hi,0.5,0.3209271152814229,120
facebook/xglm-564M,0,gender,-1,0,none,neutral,bn,0.5,0.1505904197692871,120
facebook/xglm-564M,0,gender,-1,0,none,neutral,en,0.625,0.6862489779790243,120
facebook/xglm-564M,0,gender,-1,0,none,neutral,hi,0.5,0.2998387475808461,120
facebook/xglm-564M,0,side,0,1,bn,informative,bn,0.4333333333333333,-0.5834783852100373,120
facebook/xglm-564M,0,side,0,1,bn,informative,en,0.5,0.1016308744748433,120
facebook/xglm-564M,0,side,0,1,bn,informative,hi,0.5416666666666666,0.0934899340073267,120
facebook/xglm-564M,0,side,0,1,bn,neutral,bn,0.5,-0.2560286243756612,120
facebook/xglm-564M,0,side,0,1,bn,neutral,en,0.5,0.0,120
facebook/xglm-564M,0,side,0,1,bn,neutral,hi,0.5,0.2803031394879023,120
facebook/xglm-564M,0,side,2,1,bn,informative,bn,0.475,-0.4851958056290944,120
facebook/xglm-564M,0,side,2,1,bn,informative,en,0.5,0.0945000131924947,120
facebook/xglm-564M,0,side,2,1,bn,informative,hi,0.55,0.0938439697027206,120
facebook/xglm-564M,0,side,2,1,bn,neutral,bn,0.5,-0.1578167835871378,120
facebook/xglm-564M,0,side,2,1,bn,neutral,en,0.5,0.0,120
facebook/xglm-564M,0,side,2,1,bn,neutral,hi,0.5,0.2869117667277654,120
facebook/xglm-564M,0,side,4,1,bn,informative,bn,0.475,-0.4831391175587972,120
facebook/xglm-564M,0,side,4,1,bn,informative,en,0.5,0.0921190937360127,120
facebook/xglm-564M,0,side,4,1,bn,informative,hi,0.5583333333333333,0.1136622766653696,120
facebook/xglm-564M,0,side,4,1,bn,neutral,bn,0.5,-0.2024998545646667,120
facebook/xglm-564M,0,side,4,1,bn,neutral,en,0.5,0.0,120
facebook/xglm-564M,0,side,4,1,bn,neutral,hi,0.5,0.2859825283288956,120
facebook/xglm-564M,0,side,6,1,bn,informative,bn,0.4916666666666666,-0.5048284848531087,120
facebook/xglm-564M,0,side,6,1,bn,informative,en,0.5,0.10433931350708,120
facebook/xglm-564M,0,side,6,1,bn,informative,hi,0.5416666666666666,0.1044301390647888,120
facebook/xglm-564M,0,side,6,1,bn,neutral,bn,0.5,-0.2521632134914398,120
facebook/xglm-564M,0,side,6,1,bn,neutral,en,0.5,0.0,120
facebook/xglm-564M,0,side,6,1,bn,neutral,hi,0.5,0.2859175393978754,120
facebook/xglm-564M,0,side,8,1,bn,informative,bn,0.5,-0.4030226290225983,120
facebook/xglm-564M,0,side,8,1,bn,informative,en,0.5,0.1005525271097819,120
facebook/xglm-564M,0,side,8,1,bn,informative,hi,0.5333333333333333,0.1081519703070322,120
facebook/xglm-564M,0,side,8,1,bn,neutral,bn,0.5,-0.0911574323972066,120
facebook/xglm-564M,0,side,8,1,bn,neutral,en,0.5,0.0,120
facebook/xglm-564M,0,side,8,1,bn,neutral,hi,0.5,0.2895779252052307,120
facebook/xglm-564M,0,side,10,1,bn,informative,bn,0.3083333333333333,-0.689520021279653,120
facebook/xglm-564M,0,side,10,1,bn,informative,en,0.5,0.0969773610432942,120
facebook/xglm-564M,0,side,10,1,bn,informative,hi,0.5333333333333333,0.1020803779363632,120
facebook/xglm-564M,0,side,10,1,bn,neutral,bn,0.5,-0.3314106921354929,120
facebook/xglm-564M,0,side,10,1,bn,neutral,en,0.5,0.0,120
facebook/xglm-564M,0,side,10,1,bn,neutral,hi,0.5,0.3018413801987966,120
facebook/xglm-564M,0,side,12,1,bn,informative,bn,0.4083333333333333,-0.6260725299517313,120
facebook/xglm-564M,0,side,12,1,bn,informative,en,0.5,0.0910188953081766,120
facebook/xglm-564M,0,side,12,1,bn,informative,hi,0.5416666666666666,0.0739383965730667,120
facebook/xglm-564M,0,side,12,1,bn,neutral,bn,0.5,-0.255463578303655,120
facebook/xglm-564M,0,side,12,1,bn,neutral,en,0.5,0.0,120
facebook/xglm-564M,0,side,12,1,bn,neutral,hi,0.5,0.2870287338892618,120
facebook/xglm-564M,0,side,12,4,bn,informative,bn,0.1833333333333333,-0.7626706679662069,120
facebook/xglm-564M,0,side,12,4,bn,informative,en,0.5,0.0972208698590596,120
facebook/xglm-564M,0,side,12,4,bn,informative,hi,0.55,0.0563012272119522,120
facebook/xglm-564M,0,side,12,4,bn,neutral,bn,0.4666666666666667,-0.3745697855949402,120
facebook/xglm-564M,0,side,12,4,bn,neutral,en,0.5,0.0,120
facebook/xglm-564M,0,side,12,4,bn,neutral,hi,0.5,0.248869639635086,120
facebook/xglm-564M,0,side,14,1,bn,informative,bn,0.375,-0.682339894771576,120
facebook/xglm-564M,0,side,14,1,bn,informative,en,0.5,0.1015382448832194,120
facebook/xglm-564M,0,side,14,1,bn,informative,hi,0.525,0.0859361668427785,120
facebook/xglm-564M,0,side,14,1,bn,neutral,bn,0.5,-0.2997426887353261,120
facebook/xglm-564M,0,side,14,1,bn,neutral,en,0.5,0.0,120
facebook/xglm-564M,0,side,14,1,bn,neutral,hi,0.5,0.270567320783933,120
facebook/xglm-564M,0,side,16,1,bn,informative,bn,0.3083333333333333,-0.7642528613408407,120
facebook/xglm-564M,0,side,16,1,bn,informative,en,0.5,0.1036315600077311,120
facebook/xglm-564M,0,side,16,1,bn,informative,hi,0.5416666666666666,0.0753778785467147,120
facebook/xglm-564M,0,side,16,1,bn,neutral,bn,0.5,-0.3722499390443166,120
facebook/xglm-564M,0,side,16,1,bn,neutral,en,0.5,0.0,120
facebook/xglm-564M,0,side,16,1,bn,neutral,hi,0.5,0.2614973654349645,120
facebook/xglm-564M,0,side,18,1,bn,informative,bn,0.3083333333333333,-0.7262493471304575,120
facebook/xglm-564M,0,side,18,1,bn,informative,en,0.5,0.0977827072143554,120
facebook/xglm-564M,0,side,18,1,bn,informative,hi,0.5166666666666667,0.083538207411766,120
facebook/xglm-564M,0,side,18,1,bn,neutral,bn,0.4916666666666666,-0.3614610373973846,120
facebook/xglm-564M,0,side,18,1,bn,neutral,en,0.5,0.0,120
facebook/xglm-564M,0,side,18,1,bn,neutral,hi,0.5,0.2700358788172404,120
facebook/xglm-564M,0,side,20,1,bn,informative,bn,0.2583333333333333,-0.7052155752976735,120
facebook/xglm-564M,0,side,20,1,bn,informative,en,0.5,0.098208204905192,120
facebook/xglm-564M,0,side,20,1,bn,informative,hi,0.5166666666666667,0.0869645029306411,120
facebook/xglm-564M,0,side,20,1,bn,neutral,bn,0.475,-0.3407131632169087,120
facebook/xglm-564M,0,side,20,1,bn,neutral,en,0.5,0.0,120
facebook/xglm-564M,0,side,20,1,bn,neutral,hi,0.5,0.2721472849448522,120
facebook/xglm-564M,0,side,22,1,bn,informative,bn,0.25,-0.656725537776947,120
facebook/xglm-564M,0,side,22,1,bn,informative,en,0.5,0.097685964902242,120
facebook/xglm-564M,0,side,22,1,bn,informative,hi,0.5416666666666666,0.0918027291695276,120
facebook/xglm-564M,0,side,22,1,bn,neutral,bn,0.475,-0.3008644421895345,120
facebook/xglm-564M,0,side,22,1,bn,neutral,en,0.5,0.0,120
facebook/xglm-564M,0,side,22,1,bn,neutral,hi,0.5,0.2745700538158416,120
facebook/xglm-564M,0,side,0,1,hi,informative,bn,0.4,-0.5861702342828115,120
facebook/xglm-564M,0,side,0,1,hi,informative,en,0.5,0.0985188166300455,120
facebook/xglm-564M,0,side,0,1,hi,informative,hi,0.55,0.1075821270545323,120
facebook/xglm-564M,0,side,0,1,hi,neutral,bn,0.5,-0.2370774368445078,120
facebook/xglm-564M,0,side,0,1,hi,neutral,en,0.5,0.0,120
facebook/xglm-564M,0,side,0,1,hi,neutral,hi,0.5,0.3081916670004527,120
facebook/xglm-564M,0,side,2,1,hi,informative,bn,0.45,-0.5474897742271423,120
facebook/xglm-564M,0,side,2,1,hi,informative,en,0.5,0.0951572736104329,120
facebook/xglm-564M,0,side,2,1,hi,informative,hi,0.575,0.1512787093718846,120
facebook/xglm-564M,0,side,2,1,hi,neutral,bn,0.5,-0.1814362963040669,120
facebook/xglm-564M,0,side,2,1,hi,neutral,en,0.5,0.0,120
facebook/xglm-564M,0,side,2,1,hi,neutral,hi,0.5,0.3351901531219482,120
facebook/xglm-564M,0,side,4,1,hi,informative,bn,0.45,-0.5450762768586477,120
facebook/xglm-564M,0,side,4,1,hi,informative,en,0.5,0.0929220875104268,120
facebook/xglm-564M,0,side,4,1,hi,informative,hi,0.5583333333333333,0.1304596910874048,120
facebook/xglm-564M,0,side,4,1,hi,neutral,bn,0.5,-0.1790271957715352,120
facebook/xglm-564M,0,side,4,1,hi,neutral,en,0.5,0.0,120
facebook/xglm-564M,0,side,4,1,hi,neutral,hi,0.5,0.3332279314597448,120
facebook/xglm-564M,0,side,6,1,hi,informative,bn,0.4,-0.5814897835254669,120
facebook/xglm-564M,0,side,6,1,hi,informative,en,0.5,0.0970056891441345,120
facebook/xglm-564M,0,side,6,1,hi,informative,hi,0.5666666666666667,0.1606550564368566,120
facebook/xglm-564M,0,side,6,1,hi,neutral,bn,0.5,-0.2711134195327759,120
facebook/xglm-564M,0,side,6,1,hi,neutral,en,0.5,0.0,120
facebook/xglm-564M,0,side,6,1,hi,neutral,hi,0.5,0.3394179791212082,120
facebook/xglm-564M,0,side,8,1,hi,informative,bn,0.45,-0.5487687627474467,120
facebook/xglm-564M,0,side,8,1,hi,informative,en,0.5,0.0967508633931477,120
facebook/xglm-564M,0,side,8,1,hi,informative,hi,0.525,0.0703105896711349,120
facebook/xglm-564M,0,side,8,1,hi,neutral,bn,0.5,-0.1988455454508463,120
facebook/xglm-564M,0,side,8,1,hi,neutral,en,0.5,0.0,120
facebook/xglm-564M,0,side,8,1,hi,neutral,hi,0.5,0.2520325581232707,120
facebook/xglm-564M,0,side,10,1,hi,informative,bn,0.4166666666666667,-0.5283932626247406,120
facebook/xglm-564M,0,side,10,1,hi,informative,en,0.5,0.0943679451942443,120
facebook/xglm-564M,0,side,10,1,hi,informative,hi,0.525,0.059578929344813,120
facebook/xglm-564M,0,side,10,1,hi,neutral,bn,0.5,-0.1575466970602671,120
facebook/xglm-564M,0,side,10,1,hi,neutral,en,0.5,0.0,120
facebook/xglm-564M,0,side,10,1,hi,neutral,hi,0.5,0.2294830878575643,120
facebook/xglm-564M,0,side,12,1,hi,informative,bn,0.45,-0.5180610318978628,120
facebook/xglm-564M,0,side,12,1,hi,informative,en,0.5,0.0947052399317423,120
facebook/xglm-564M,0,side,12,1,hi,informative,hi,0.5083333333333333,0.0200929681460062,120
facebook/xglm-564M,0,side,12,1,hi,neutral,bn,0.5,-0.1750478625297546,120
facebook/xglm-564M,0,side,12,1,hi,neutral,en,0.5,0.0,120
facebook/xglm-564M,0,side,12,1,hi,neutral,hi,0.5,0.2098735402027766,120
facebook/xglm-564M,0,side,12,4,hi,informative,bn,0.45,-0.5146483719348908,120
facebook/xglm-564M,0,side,12,4,hi,informative,en,0.5,0.0980985363324483,120
facebook/xglm-564M,0,side,12,4,hi,informative,hi,0.4,-0.1276004195213317,120
facebook/xglm-564M,0,side,12,4,hi,neutral,bn,0.5,-0.1149547278881073,120
facebook/xglm-564M,0,side,12,4,hi,neutral,en,0.5,0.0,120
facebook/xglm-564M,0,side,12,4,hi,neutral,hi,0.5,0.043055839339892,120
facebook/xglm-564M,0,side,14,1,hi,informative,bn,0.3916666666666666,-0.5860549251238505,120
facebook/xglm-564M,0,side,14,1,hi,informative,en,0.5,0.0956664085388183,120
facebook/xglm-564M,0,side,14,1,hi,informative,hi,0.5333333333333333,0.0447866261005401,120
facebook/xglm-564M,0,side,14,1,hi,neutral,bn,0.5,-0.2242728412151336,120
facebook/xglm-564M,0,side,14,1,hi,neutral,en,0.5,0.0,120
facebook/xglm-564M,0,side,14,1,hi,neutral,hi,0.5,0.2164815564950307,120
facebook/xglm-564M,0,side,16,1,hi,informative,bn,0.3833333333333333,-0.5948482175668081,120
facebook/xglm-564M,0,side,16,1,hi,informative,en,0.5,0.0971703847249349,120
facebook/xglm-564M,0,side,16,1,hi,informative,hi,0.525,0.075236964225769,120
facebook/xglm-564M,0,side,16,1,hi,neutral,bn,0.5,-0.2359766761461893,120
facebook/xglm-564M,0,side,16,1,hi,neutral,en,0.5,0.0,120
facebook/xglm-564M,0,side,16,1,hi,neutral,hi,0.5,0.2660575151443481,120
facebook/xglm-564M,0,side,18,1,hi,informative,bn,0.4,-0.6378708640734355,120
facebook/xglm-564M,0,side,18,1,hi,informative,en,0.5,0.0960150082906087,120
facebook/xglm-564M,0,side,18,1,hi,informative,hi,0.525,0.0503310134013493,120
facebook/xglm-564M,0,side,18,1,hi,neutral,bn,0.5,-0.2858962178230285,120
facebook/xglm-564M,0,side,18,1,hi,neutral,en,0.5,0.0,120
facebook/xglm-564M,0,side,18,1,hi,neutral,hi,0.5,0.2518618712822596,120
facebook/xglm-564M,0,side,20,1,hi,informative,bn,0.3833333333333333,-0.6180018544197082,120
facebook/xglm-564M,0,side,20,1,hi,informative,en,0.5,0.0962786634763081,120
facebook/xglm-564M,0,side,20,1,hi,informative,hi,0.5083333333333333,0.0477718710899353,120
facebook/xglm-564M,0,side,20,1,hi,neutral,bn,0.5,-0.2652078866958618,120
facebook/xglm-564M,0,side,20,1,hi,neutral,en,0.5,0.0,120
facebook/xglm-564M,0,side,20,1,hi,neutral,hi,0.5,0.2596997241179148,120
facebook/xglm-564M,0,side,22,1,hi,informative,bn,0.375,-0.6272509912649791,120
facebook/xglm-564M,0,side,22,1,hi,informative,en,0.5,0.0969858805338541,120
facebook/xglm-564M,0,side,22,1,hi,informative,hi,0.5416666666666666,0.0883968144655227,120
facebook/xglm-564M,0,side,22,1,hi,neutral,bn,0.5,-0.2595407585302988,120
facebook/xglm-564M,0,side,22,1,hi,neutral,en,0.5,0.0,120
facebook/xglm-564M,0,side,22,1,hi,neutral,hi,0.5,0.2857034921646118,120
facebook/xglm-564M,0,side,0,1,en,informative,bn,0.4,-0.5934029837449392,120
facebook/xglm-564M,0,side,0,1,en,informative,en,0.5,0.0866817156473795,120
facebook/xglm-564M,0,side,0,1,en,informative,hi,0.525,0.0917756964763005,120
facebook/xglm-564M,0,side,0,1,en,neutral,bn,0.5,-0.2359260420004526,120
facebook/xglm-564M,0,side,0,1,en,neutral,en,0.5,0.0,120
facebook/xglm-564M,0,side,0,1,en,neutral,hi,0.5,0.2795875161886215,120
facebook/xglm-564M,0,side,2,1,en,informative,bn,0.4083333333333333,-0.6010344326496124,120
facebook/xglm-564M,0,side,2,1,en,informative,en,0.5,0.0854351679484049,120
facebook/xglm-564M,0,side,2,1,en,informative,hi,0.525,0.0861245244741439,120
facebook/xglm-564M,0,side,2,1,en,neutral,bn,0.5,-0.2441491146882375,120
facebook/xglm-564M,0,side,2,1,en,neutral,en,0.5,0.0,120
facebook/xglm-564M,0,side,2,1,en,neutral,hi,0.5,0.3075894018014272,120
facebook/xglm-564M,0,side,4,1,en,informative,bn,0.4083333333333333,-0.5872298340002696,120
facebook/xglm-564M,0,side,4,1,en,informative,en,0.5,0.0946870883305867,120
facebook/xglm-564M,0,side,4,1,en,informative,hi,0.5583333333333333,0.1246082931756973,120
facebook/xglm-564M,0,side,4,1,en,neutral,bn,0.5,-0.2267734448115031,120
facebook/xglm-564M,0,side,4,1,en,neutral,en,0.5,0.0,120
facebook/xglm-564M,0,side,4,1,en,neutral,hi,0.5,0.3093388974666595,120
facebook/xglm-564M,0,side,6,1,en,informative,bn,0.45,-0.5394039392471314,120
facebook/xglm-564M,0,side,6,1,en,informative,en,0.5,0.1053789456685384,120
facebook/xglm-564M,0,side,6,1,en,informative,hi,0.5583333333333333,0.1336681693792343,120
facebook/xglm-564M,0,side,6,1,en,neutral,bn,0.5,-0.2236376146475474,120
facebook/xglm-564M,0,side,6,1,en,neutral,en,0.5,0.0,120
facebook/xglm-564M,0,side,6,1,en,neutral,hi,0.5,0.2785193651914596,120
facebook/xglm-564M,0,side,8,1,en,informative,bn,0.45,-0.5131839911142985,120
facebook/xglm-564M,0,side,8,1,en,informative,en,0.5,0.1227524439493815,120
facebook/xglm-564M,0,side,8,1,en,informative,hi,0.5583333333333333,0.1075233111778895,120
facebook/xglm-564M,0,side,8,1,en,neutral,bn,0.5,-0.1909336745738983,120
facebook/xglm-564M,0,side,8,1,en,neutral,en,0.5,0.0,120
facebook/xglm-564M,0,side,8,1,en,neutral,hi,0.5,0.2627943674723307,120
facebook/xglm-564M,0,side,10,1,en,informative,bn,0.45,-0.5003758490085601,120
facebook/xglm-564M,0,side,10,1,en,informative,en,0.5,0.1403606454531351,120
facebook/xglm-564M,0,side,10,1,en,informative,hi,0.5583333333333333,0.1334107339382171,120
facebook/xglm-564M,0,side,10,1,en,neutral,bn,0.5,-0.1407903333504994,120
facebook/xglm-564M,0,side,10,1,en,neutral,en,0.5,0.0,120
facebook/xglm-564M,0,side,10,1,en,neutral,hi,0.5,0.2683780173460642,120
facebook/xglm-564M,0,side,12,1,en,informative,bn,0.45,-0.5244520286719004,120
facebook/xglm-564M,0,side,12,1,en,informative,en,0.5,0.1376888593037923,120
facebook/xglm-564M,0,side,12,1,en,informative,hi,0.525,0.1189312696456909,120
facebook/xglm-564M,0,side,12,1,en,neutral,bn,0.5,-0.1674149612585703,120
facebook/xglm-564M,0,side,12,1,en,neutral,en,0.5,0.0,120
facebook/xglm-564M,0,side,12,1,en,neutral,hi,0.5,0.2615467349688212,120
facebook/xglm-564M,0,side,12,4,en,informative,bn,0.4416666666666666,-0.4994788507620493,120
facebook/xglm-564M,0,side,12,4,en,informative,en,0.5,0.1418700536092122,120
facebook/xglm-564M,0,side,12,4,en,informative,hi,0.5166666666666667,0.1151125947634379,120
facebook/xglm-564M,0,side,12,4,en,neutral,bn,0.5,-0.1593387146790822,120
facebook/xglm-564M,0,side,12,4,en,neutral,en,0.5,0.0,120
facebook/xglm-564M,0,side,12,4,en,neutral,hi,0.5,0.2475579649209976,120
facebook/xglm-564M,0,side,14,1,en,informative,bn,0.4416666666666666,-0.5467005133628845,120
facebook/xglm-564M,0,side,14,1,en,informative,en,0.5,0.1186986287434895,120
facebook/xglm-564M,0,side,14,1,en,informative,hi,0.525,0.0935172329346338,120
facebook/xglm-564M,0,side,14,1,en,neutral,bn,0.5,-0.2026112834612528,120
facebook/xglm-564M,0,side,14,1,en,neutral,en,0.5,0.0,120
facebook/xglm-564M,0,side,14,1,en,neutral,hi,0.5,0.2652023216088613,120
facebook/xglm-564M,0,side,16,1,en,informative,bn,0.4083333333333333,-0.5665457169214885,120
facebook/xglm-564M,0,side,16,1,en,informative,en,0.5,0.1282312432924906,120
facebook/xglm-564M,0,side,16,1,en,informative,hi,0.5416666666666666,0.0944018095731735,120
facebook/xglm-564M,0,side,16,1,en,neutral,bn,0.5,-0.2141681710879008,120
facebook/xglm-564M,0,side,16,1,en,neutral,en,0.5,0.0,120
facebook/xglm-564M,0,side,16,1,en,neutral,hi,0.5,0.272970367471377,120
facebook/xglm-564M,0,side,18,1,en,informative,bn,0.4,-0.5923806846141815,120
facebook/xglm-564M,0,side,18,1,en,informative,en,0.5,0.0850002209345499,120
facebook/xglm-564M,0,side,18,1,en,informative,hi,0.5583333333333333,0.0973307391007741,120
facebook/xglm-564M,0,side,18,1,en,neutral,bn,0.5,-0.2473122100035349,120
facebook/xglm-564M,0,side,18,1,en,neutral,en,0.5,0.0,120
facebook/xglm-564M,0,side,18,1,en,neutral,hi,0.5,0.2819019148747126,120
facebook/xglm-564M,0,side,20,1,en,informative,bn,0.4,-0.5876848340034485,120
facebook/xglm-564M,0,side,20,1,en,informative,en,0.5,0.077695874373118,120
facebook/xglm-564M,0,side,20,1,en,informative,hi,0.5416666666666666,0.0979313840468724,120
facebook/xglm-564M,0,side,20,1,en,neutral,bn,0.5,-0.2345032155513763,120
facebook/xglm-564M,0,side,20,1,en,neutral,en,0.5,0.0,120
facebook/xglm-564M,0,side,20,1,en,neutral,hi,0.5,0.2801729947328567,120
facebook/xglm-564M,0,side,22,1,en,informative,bn,0.4,-0.5841911296049754,120
facebook/xglm-564M,0,side,22,1,en,informative,en,0.5,0.0748226801554362,120
facebook/xglm-564M,0,side,22,1,en,informative,hi,0.5416666666666666,0.0972779254118601,120
facebook/xglm-564M,0,side,22,1,en,neutral,bn,0.5,-0.2353512207667032,120
facebook/xglm-564M,0,side,22,1,en,neutral,en,0.5,0.0,120
facebook/xglm-564M,0,side,22,1,en,neutral,hi,0.5,0.284712611635526,120
facebook/xglm-564M,0,gender,0,1,bn,informative,bn,0.5,0.3130045453707377,120
facebook/xglm-564M,0,gender,0,1,bn,informative,en,0.725,0.8842146794001261,120
facebook/xglm-564M,0,gender,0,1,bn,informative,hi,0.5,0.3154745419820149,120
facebook/xglm-564M,0,gender,0,1,bn,neutral,bn,0.5,0.2240941345691681,120
facebook/xglm-564M,0,gender,0,1,bn,neutral,en,0.6166666666666667,0.6877686659495036,120
facebook/xglm-564M,0,gender,0,1,bn,neutral,hi,0.5,0.2962320367495218,120
facebook/xglm-564M,0,gender,2,1,bn,informative,bn,0.5,0.2707114040851593,120
facebook/xglm-564M,0,gender,2,1,bn,informative,en,0.7333333333333333,0.8755391756693522,120
facebook/xglm-564M,0,gender,2,1,bn,informative,hi,0.5,0.3146124879519145,120
facebook/xglm-564M,0,gender,2,1,bn,neutral,bn,0.5,0.1810703416665395,120
facebook/xglm-564M,0,gender,2,1,bn,neutral,en,0.6166666666666667,0.6829325119654338,120
facebook/xglm-564M,0,gender,2,1,bn,neutral,hi,0.5,0.293062831958135,120
facebook/xglm-564M,0,gender,4,1,bn,informative,bn,0.5,0.2889630337556203,120
facebook/xglm-564M,0,gender,4,1,bn,informative,en,0.7083333333333334,0.873039714495341,120
facebook/xglm-564M,0,gender,4,1,bn,informative,hi,0.5,0.339622030655543,120
facebook/xglm-564M,0,gender,4,1,bn,neutral,bn,0.5,0.207992551724116,120
facebook/xglm-564M,0,gender,4,1,bn,neutral,en,0.6166666666666667,0.6867411772410075,120
facebook/xglm-564M,0,gender,4,1,bn,neutral,hi,0.5,0.3038539886474609,120
facebook/xglm-564M,0,gender,6,1,bn,informative,bn,0.5,0.2331877489884694,120
facebook/xglm-564M,0,gender,6,1,bn,informative,en,0.7583333333333333,0.8746528387069702,120
facebook/xglm-564M,0,gender,6,1,bn,informative,hi,0.5,0.3357867916425069,120
facebook/xglm-564M,0,gender,6,1,bn,neutral,bn,0.5,0.1214793046315511,120
facebook/xglm-564M,0,gender,6,1,bn,neutral,en,0.6333333333333333,0.6874437650044759,120
facebook/xglm-564M,0,gender,6,1,bn,neutral,hi,0.5,0.2916829804579416,120
facebook/xglm-564M,0,gender,8,1,bn,informative,bn,0.5,0.1466720342636108,120
facebook/xglm-564M,0,gender,8,1,bn,informative,en,0.6333333333333333,0.8700118064880371,120
facebook/xglm-564M,0,gender,8,1,bn,informative,hi,0.5,0.3344028294086456,120
facebook/xglm-564M,0,gender,8,1,bn,neutral,bn,0.5,0.0661836147308349,120
facebook/xglm-564M,0,gender,8,1,bn,neutral,en,0.5583333333333333,0.6816926797231039,120
facebook/xglm-564M,0,gender,8,1,bn,neutral,hi,0.5,0.3045785208543142,120
facebook/xglm-564M,0,gender,10,1,bn,informative,bn,0.5,0.1724101523558298,120
facebook/xglm-564M,0,gender,10,1,bn,informative,en,0.6583333333333333,0.8528744300206502,120
facebook/xglm-564M,0,gender,10,1,bn,informative,hi,0.5,0.3046727339426676,120
facebook/xglm-564M,0,gender,10,1,bn,neutral,bn,0.5,0.1160025358200073,120
facebook/xglm-564M,0,gender,10,1,bn,neutral,en,0.5833333333333334,0.6688402175903321,120
facebook/xglm-564M,0,gender,10,1,bn,neutral,hi,0.5,0.2730176746845245,120
facebook/xglm-564M,0,gender,12,1,bn,informative,bn,0.5,0.1605056285858154,120
facebook/xglm-564M,0,gender,12,1,bn,informative,en,0.6666666666666666,0.8695131699244182,120
facebook/xglm-564M,0,gender,12,1,bn,informative,hi,0.5,0.3174874484539032,120
facebook/xglm-564M,0,gender,12,1,bn,neutral,bn,0.5,0.0797242780526479,120
facebook/xglm-564M,0,gender,12,1,bn,neutral,en,0.5916666666666667,0.6785239060719808,120
facebook/xglm-564M,0,gender,12,1,bn,neutral,hi,0.5,0.2931070884068807,120
facebook/xglm-564M,0,gender,12,4,bn,informative,bn,0.5,0.1854125201702118,120
facebook/xglm-564M,0,gender,12,4,bn,informative,en,0.675,0.8770368099212646,120
facebook/xglm-564M,0,gender,12,4,bn,informative,hi,0.5,0.3045178631941477,120
facebook/xglm-564M,0,gender,12,4,bn,neutral,bn,0.5,0.1363541007041931,120
facebook/xglm-564M,0,gender,12,4,bn,neutral,en,0.5916666666666667,0.695953639348348,120
facebook/xglm-564M,0,gender,12,4,bn,neutral,hi,0.5,0.2974670310815175,120
facebook/xglm-564M,0,gender,14,1,bn,informative,bn,0.5,0.1937979598840077,120
facebook/xglm-564M,0,gender,14,1,bn,informative,en,0.7333333333333333,0.8919256528218588,120
facebook/xglm-564M,0,gender,14,1,bn,informative,hi,0.5,0.3079836130142211,120
facebook/xglm-564M,0,gender,14,1,bn,neutral,bn,0.5,0.1162336587905883,120
facebook/xglm-564M,0,gender,14,1,bn,neutral,en,0.625,0.6969635089238485,120
facebook/xglm-564M,0,gender,14,1,bn,neutral,hi,0.5,0.297710645198822,120
facebook/xglm-564M,0,gender,16,1,bn,informative,bn,0.5,0.161811876296997,120
facebook/xglm-564M,0,gender,16,1,bn,informative,en,0.7833333333333333,0.8824825604756673,120
facebook/xglm-564M,0,gender,16,1,bn,informative,hi,0.5,0.3366119225819906,120
facebook/xglm-564M,0,gender,16,1,bn,neutral,bn,0.5,0.0876399874687194,120
facebook/xglm-564M,0,gender,16,1,bn,neutral,en,0.65,0.6897148688634237,120
facebook/xglm-564M,0,gender,16,1,bn,neutral,hi,0.5,0.3212438682715098,120
facebook/xglm-564M,0,gender,18,1,bn,informative,bn,0.5,0.1495774030685424,120
facebook/xglm-564M,0,gender,18,1,bn,informative,en,0.7333333333333333,0.8857905228932699,120
facebook/xglm-564M,0,gender,18,1,bn,informative,hi,0.5,0.3222600897153219,120
facebook/xglm-564M,0,gender,18,1,bn,neutral,bn,0.5,0.0706231613953908,120
facebook/xglm-564M,0,gender,18,1,bn,neutral,en,0.625,0.6954873561859131,120
facebook/xglm-564M,0,gender,18,1,bn,neutral,hi,0.5,0.3020287235577901,120
facebook/xglm-564M,0,gender,20,1,bn,informative,bn,0.5,0.1532491485277811,120
facebook/xglm-564M,0,gender,20,1,bn,informative,en,0.7083333333333334,0.8757820288340251,120
facebook/xglm-564M,0,gender,20,1,bn,informative,hi,0.5,0.3230776806672414,120
facebook/xglm-564M,0,gender,20,1,bn,neutral,bn,0.5,0.0826731085777282,120
facebook/xglm-564M,0,gender,20,1,bn,neutral,en,0.6083333333333333,0.6862189531326294,120
facebook/xglm-564M,0,gender,20,1,bn,neutral,hi,0.5,0.3040013353029887,120
facebook/xglm-564M,0,gender,22,1,bn,informative,bn,0.5,0.1472890714804331,120
facebook/xglm-564M,0,gender,22,1,bn,informative,en,0.55,0.8710065682729086,120
facebook/xglm-564M,0,gender,22,1,bn,informative,hi,0.5,0.3250410417715708,120
facebook/xglm-564M,0,gender,22,1,bn,neutral,bn,0.5,0.082965862751007,120
facebook/xglm-564M,0,gender,22,1,bn,neutral,en,0.5083333333333333,0.6830031315485636,120
facebook/xglm-564M,0,gender,22,1,bn,neutral,hi,0.5,0.3067717134952545,120
facebook/xglm-564M,0,gender,0,1,hi,informative,bn,0.5,0.2250862042109171,120
facebook/xglm-564M,0,gender,0,1,hi,informative,en,0.7333333333333333,0.8743503411610921,120
facebook/xglm-564M,0,gender,0,1,hi,informative,hi,0.5,0.2885824183622996,120
facebook/xglm-564M,0,gender,0,1,hi,neutral,bn,0.5,0.1329006890455882,120
facebook/xglm-564M,0,gender,0,1,hi,neutral,en,0.6333333333333333,0.6877318302790324,120
facebook/xglm-564M,0,gender,0,1,hi,neutral,hi,0.5,0.2744911253452301,120
facebook/xglm-564M,0,gender,2,1,hi,informative,bn,0.5,0.224075835943222,120
facebook/xglm-564M,0,gender,2,1,hi,informative,en,0.7583333333333333,0.8861976305643717,120
facebook/xglm-564M,0,gender,2,1,hi,informative,hi,0.5,0.3384149173895518,120
facebook/xglm-564M,0,gender,2,1,hi,neutral,bn,0.5,0.1561712761720021,120
facebook/xglm-564M,0,gender,2,1,hi,neutral,en,0.6333333333333333,0.6955051263173421,120
facebook/xglm-564M,0,gender,2,1,hi,neutral,hi,0.5,0.3206714272499084,120
facebook/xglm-564M,0,gender,4,1,hi,informative,bn,0.5,0.2340222716331482,120
facebook/xglm-564M,0,gender,4,1,hi,informative,en,0.7333333333333333,0.8592777570088704,120
facebook/xglm-564M,0,gender,4,1,hi,informative,hi,0.5,0.3440715889135996,120
facebook/xglm-564M,0,gender,4,1,hi,neutral,bn,0.5,0.1359365344047546,120
facebook/xglm-564M,0,gender,4,1,hi,neutral,en,0.6333333333333333,0.6738515456517538,120
facebook/xglm-564M,0,gender,4,1,hi,neutral,hi,0.5,0.3377136905988057,120
facebook/xglm-564M,0,gender,6,1,hi,informative,bn,0.5,0.2318976680437723,120
facebook/xglm-564M,0,gender,6,1,hi,informative,en,0.7416666666666667,0.8556405703226725,120
facebook/xglm-564M,0,gender,6,1,hi,informative,hi,0.5,0.3657813330491384,120
facebook/xglm-564M,0,gender,6,1,hi,neutral,bn,0.5,0.1635440011819203,120
facebook/xglm-564M,0,gender,6,1,hi,neutral,en,0.6333333333333333,0.6758551915486654,120
facebook/xglm-564M,0,gender,6,1,hi,neutral,hi,0.5,0.3261465609073639,120
facebook/xglm-564M,0,gender,8,1,hi,informative,bn,0.5,0.2213712632656097,120
facebook/xglm-564M,0,gender,8,1,hi,informative,en,0.7666666666666667,0.8687652508417766,120
facebook/xglm-564M,0,gender,8,1,hi,informative,hi,0.5,0.3335621078809102,120
facebook/xglm-564M,0,gender,8,1,hi,neutral,bn,0.5,0.1500971515973409,120
facebook/xglm-564M,0,gender,8,1,hi,neutral,en,0.6083333333333333,0.678312357266744,120
facebook/xglm-564M,0,gender,8,1,hi,neutral,hi,0.5,0.292935170729955,120
facebook/xglm-564M,0,gender,10,1,hi,informative,bn,0.5,0.2368920981884002,120
facebook/xglm-564M,0,gender,10,1,hi,informative,en,0.7833333333333333,0.8572892904281616,120
facebook/xglm-564M,0,gender,10,1,hi,informative,hi,0.5,0.3212537288665771,120
facebook/xglm-564M,0,gender,10,1,hi,neutral,bn,0.5,0.1743625481923421,120
facebook/xglm-564M,0,gender,10,1,hi,neutral,en,0.65,0.695513375600179,120
facebook/xglm-564M,0,gender,10,1,hi,neutral,hi,0.5,0.2663385589917501,120
facebook/xglm-564M,0,gender,12,1,hi,informative,bn,0.5,0.2151775856812795,120
facebook/xglm-564M,0,gender,12,1,hi,informative,en,0.75,0.8433189789454142,120
facebook/xglm-564M,0,gender,12,1,hi,informative,hi,0.5,0.2238427539666493,120
facebook/xglm-564M,0,gender,12,1,hi,neutral,bn,0.5,0.1619396805763244,120
facebook/xglm-564M,0,gender,12,1,hi,neutral,en,0.6333333333333333,0.6698911666870118,120
facebook/xglm-564M,0,gender,12,1,hi,neutral,hi,0.5,0.1949537495772043,120
facebook/xglm-564M,0,gender,12,4,hi,informative,bn,0.5,0.2129758536815643,120
facebook/xglm-564M,0,gender,12,4,hi,informative,en,0.6666666666666666,0.8054014364878337,120
facebook/xglm-564M,0,gender,12,4,hi,informative,hi,0.5,0.1228132645289103,120
facebook/xglm-564M,0,gender,12,4,hi,neutral,bn,0.5,0.1593182384967804,120
facebook/xglm-564M,0,gender,12,4,hi,neutral,en,0.5666666666666667,0.6360167423884074,120
facebook/xglm-564M,0,gender,12,4,hi,neutral,hi,0.5,0.0905628899733225,120
facebook/xglm-564M,0,gender,14,1,hi,informative,bn,0.5,0.2362110793590545,120
facebook/xglm-564M,0,gender,14,1,hi,informative,en,0.725,0.8463677803675334,120
facebook/xglm-564M,0,gender,14,1,hi,informative,hi,0.5,0.2652643879254659,120
facebook/xglm-564M,0,gender,14,1,hi,neutral,bn,0.5,0.1654779116312662,120
facebook/xglm-564M,0,gender,14,1,hi,neutral,en,0.6166666666666667,0.6621718168258667,120
facebook/xglm-564M,0,gender,14,1,hi,neutral,hi,0.5,0.233576097091039,120
facebook/xglm-564M,0,gender,16,1,hi,informative,bn,0.5,0.2286760946114858,120
facebook/xglm-564M,0,gender,16,1,hi,informative,en,0.675,0.8403116305669148,120
facebook/xglm-564M,0,gender,16,1,hi,informative,hi,0.5,0.2236466844876607,120
facebook/xglm-564M,0,gender,16,1,hi,neutral,bn,0.5,0.1482483069101969,120
facebook/xglm-564M,0,gender,16,1,hi,neutral,en,0.6,0.6601384878158569,120
facebook/xglm-564M,0,gender,16,1,hi,neutral,hi,0.5,0.2013257662455241,120
facebook/xglm-564M,0,gender,18,1,hi,informative,bn,0.5,0.231045643488566,120
facebook/xglm-564M,0,gender,18,1,hi,informative,en,0.6833333333333333,0.7917525370915731,120
facebook/xglm-564M,0,gender,18,1,hi,informative,hi,0.5,0.2558425148328145,120
facebook/xglm-564M,0,gender,18,1,hi,neutral,bn,0.5,0.1489414711793263,120
facebook/xglm-564M,0,gender,18,1,hi,neutral,en,0.625,0.6221824804941813,120
facebook/xglm-564M,0,gender,18,1,hi,neutral,hi,0.5,0.2309537013371785,120
facebook/xglm-564M,0,gender,20,1,hi,informative,bn,0.5,0.2234561224778493,120
facebook/xglm-564M,0,gender,20,1,hi,informative,en,0.5666666666666667,0.781883978843689,120
facebook/xglm-564M,0,gender,20,1,hi,informative,hi,0.5,0.2241395493348439,120
facebook/xglm-564M,0,gender,20,1,hi,neutral,bn,0.5,0.1520889182885487,120
facebook/xglm-564M,0,gender,20,1,hi,neutral,en,0.5083333333333333,0.6154229482014973,120
facebook/xglm-564M,0,gender,20,1,hi,neutral,hi,0.5,0.1917772968610127,120
facebook/xglm-564M,0,gender,22,1,hi,informative,bn,0.5,0.2162764887015024,120
facebook/xglm-564M,0,gender,22,1,hi,informative,en,0.6,0.808341916402181,120
facebook/xglm-564M,0,gender,22,1,hi,informative,hi,0.5,0.2384357511997223,120
facebook/xglm-564M,0,gender,22,1,hi,neutral,bn,0.5,0.1539259493350982,120
facebook/xglm-564M,0,gender,22,1,hi,neutral,en,0.55,0.6348293224970499,120
facebook/xglm-564M,0,gender,22,1,hi,neutral,hi,0.5,0.2025257845719655,120
facebook/xglm-564M,0,gender,0,1,en,informative,bn,0.5,0.2014088233311971,120
facebook/xglm-564M,0,gender,0,1,en,informative,en,0.725,0.8752879063288371,120
facebook/xglm-564M,0,gender,0,1,en,informative,hi,0.5,0.3197573880354563,120
facebook/xglm-564M,0,gender,0,1,en,neutral,bn,0.5,0.139197701215744,120
facebook/xglm-564M,0,gender,0,1,en,neutral,en,0.6,0.670692507425944,120
facebook/xglm-564M,0,gender,0,1,en,neutral,hi,0.5,0.3015403111775716,120
facebook/xglm-564M,0,gender,2,1,en,informative,bn,0.5,0.2020916620890299,120
facebook/xglm-564M,0,gender,2,1,en,informative,en,0.7333333333333333,0.9071866830190024,120
facebook/xglm-564M,0,gender,2,1,en,informative,hi,0.5,0.338409407933553,120
facebook/xglm-564M,0,gender,2,1,en,neutral,bn,0.5,0.1411076287428538,120
facebook/xglm-564M,0,gender,2,1,en,neutral,en,0.6166666666666667,0.703979221979777,120
facebook/xglm-564M,0,gender,2,1,en,neutral,hi,0.5,0.3102046032746633,120
facebook/xglm-564M,0,gender,4,1,en,informative,bn,0.5,0.2168705999851226,120
facebook/xglm-564M,0,gender,4,1,en,informative,en,0.7,0.8069019714991251,120
facebook/xglm-564M,0,gender,4,1,en,informative,hi,0.5,0.3301870862642924,120
facebook/xglm-564M,0,gender,4,1,en,neutral,bn,0.5,0.1454727788766225,120
facebook/xglm-564M,0,gender,4,1,en,neutral,en,0.5833333333333334,0.6062258164087931,120
facebook/xglm-564M,0,gender,4,1,en,neutral,hi,0.5,0.2991161664326985,120
facebook/xglm-564M,0,gender,6,1,en,informative,bn,0.5,0.19933962225914,120
facebook/xglm-564M,0,gender,6,1,en,informative,en,0.75,0.8852798302968343,120
facebook/xglm-564M,0,gender,6,1,en,informative,hi,0.5,0.2975534021854401,120
facebook/xglm-564M,0,gender,6,1,en,neutral,bn,0.5,0.1440933008988698,120
facebook/xglm-564M,0,gender,6,1,en,neutral,en,0.6083333333333333,0.6856247901916503,120
facebook/xglm-564M,0,gender,6,1,en,neutral,hi,0.5,0.2991854270299275,120
facebook/xglm-564M,0,gender,8,1,en,informative,bn,0.5,0.2076426804065704,120
facebook/xglm-564M,0,gender,8,1,en,informative,en,0.7666666666666667,0.8252536853154501,120
facebook/xglm-564M,0,gender,8,1,en,informative,hi,0.5,0.3075509925683339,120
facebook/xglm-564M,0,gender,8,1,en,neutral,bn,0.5,0.1391556501388549,120
facebook/xglm-564M,0,gender,8,1,en,neutral,en,0.6166666666666667,0.6578972101211548,120
facebook/xglm-564M,0,gender,8,1,en,neutral,hi,0.5,0.2883222103118896,120
facebook/xglm-564M,0,gender,10,1,en,informative,bn,0.5,0.2359160164992014,120
facebook/xglm-564M,0,gender,10,1,en,informative,en,0.7416666666666667,0.7274689912796021,120
facebook/xglm-564M,0,gender,10,1,en,informative,hi,0.5,0.3047623574733734,120
facebook/xglm-564M,0,gender,10,1,en,neutral,bn,0.5,0.1503409763177235,120
facebook/xglm-564M,0,gender,10,1,en,neutral,en,0.6,0.5563254594802857,120
facebook/xglm-564M,0,gender,10,1,en,neutral,hi,0.5,0.2912669738133748,120
facebook/xglm-564M,0,gender,12,1,en,informative,bn,0.5,0.2096105476220448,120
facebook/xglm-564M,0,gender,12,1,en,informative,en,0.55,0.6937287966410319,120
facebook/xglm-564M,0,gender,12,1,en,informative,hi,0.5,0.2886319557825724,120
facebook/xglm-564M,0,gender,12,1,en,neutral,bn,0.5,0.1554847598075866,120
facebook/xglm-564M,0,gender,12,1,en,neutral,en,0.5166666666666667,0.5354963938395182,120
facebook/xglm-564M,0,gender,12,1,en,neutral,hi,0.5,0.2675114611784617,120
facebook/xglm-564M,0,gender,12,4,en,informative,bn,0.5,0.2566269874572754,120
facebook/xglm-564M,0,gender,12,4,en,informative,en,0.525,0.5350055932998657,120
facebook/xglm-564M,0,gender,12,4,en,informative,hi,0.5,0.2732035517692566,120
facebook/xglm-564M,0,gender,12,4,en,neutral,bn,0.5,0.1480650981267293,120
facebook/xglm-564M,0,gender,12,4,en,neutral,en,0.5,0.3999912977218628,120
facebook/xglm-564M,0,gender,12,4,en,neutral,hi,0.5,0.2603852808475494,120
facebook/xglm-564M,0,gender,14,1,en,informative,bn,0.5,0.214605043331782,120
facebook/xglm-564M,0,gender,14,1,en,informative,en,0.7416666666666667,0.7467873811721801,120
facebook/xglm-564M,0,gender,14,1,en,informative,hi,0.5,0.303627614180247,120
facebook/xglm-564M,0,gender,14,1,en,neutral,bn,0.5,0.1455125550429026,120
facebook/xglm-564M,0,gender,14,1,en,neutral,en,0.5666666666666667,0.5606128374735514,120
facebook/xglm-564M,0,gender,14,1,en,neutral,hi,0.5,0.2821516136328379,120
facebook/xglm-564M,0,gender,16,1,en,informative,bn,0.5,0.2037606358528137,120
facebook/xglm-564M,0,gender,16,1,en,informative,en,0.6166666666666667,0.7198473771413167,120
facebook/xglm-564M,0,gender,16,1,en,informative,hi,0.5,0.3119064569473266,120
facebook/xglm-564M,0,gender,16,1,en,neutral,bn,0.5,0.1442307591438293,120
facebook/xglm-564M,0,gender,16,1,en,neutral,en,0.5083333333333333,0.5299229145050048,120
facebook/xglm-564M,0,gender,16,1,en,neutral,hi,0.5,0.2934030075867971,120
facebook/xglm-564M,0,gender,18,1,en,informative,bn,0.5,0.2290520310401916,120
facebook/xglm-564M,0,gender,18,1,en,informative,en,0.6666666666666666,0.6957699457804362,120
facebook/xglm-564M,0,gender,18,1,en,informative,hi,0.5,0.2681052525838216,120
facebook/xglm-564M,0,gender,18,1,en,neutral,bn,0.5,0.1554967900117238,120
facebook/xglm-564M,0,gender,18,1,en,neutral,en,0.5333333333333333,0.5441433906555175,120
facebook/xglm-564M,0,gender,18,1,en,neutral,hi,0.5,0.2393937130769093,120
facebook/xglm-564M,0,gender,20,1,en,informative,bn,0.5,0.2285277903079986,120
facebook/xglm-564M,0,gender,20,1,en,informative,en,0.775,0.7207998673121134,120
facebook/xglm-564M,0,gender,20,1,en,informative,hi,0.5,0.2305614670117696,120
facebook/xglm-564M,0,gender,20,1,en,neutral,bn,0.5,0.1603278736273447,120
facebook/xglm-564M,0,gender,20,1,en,neutral,en,0.6583333333333333,0.5639059543609619,120
facebook/xglm-564M,0,gender,20,1,en,neutral,hi,0.5,0.1908817072709401,120
facebook/xglm-564M,0,gender,22,1,en,informative,bn,0.5,0.2544030785560608,120
facebook/xglm-564M,0,gender,22,1,en,informative,en,0.9666666666666668,0.7331171830495199,120
facebook/xglm-564M,0,gender,22,1,en,informative,hi,0.5,0.2526877681414286,120
facebook/xglm-564M,0,gender,22,1,en,neutral,bn,0.5,0.1921369254589081,120
facebook/xglm-564M,0,gender,22,1,en,neutral,en,0.8166666666666667,0.5743893464406331,120
facebook/xglm-564M,0,gender,22,1,en,neutral,hi,0.5,0.2149077991644541,120
facebook/xglm-564M,0,side,0,1,random,informative,bn,0.4333333333333333,-0.5825428505738576,120
facebook/xglm-564M,0,side,0,1,random,informative,en,0.5,0.0942954699198404,120
facebook/xglm-564M,0,side,0,1,random,informative,hi,0.5416666666666666,0.0811720609664917,120
facebook/xglm-564M,0,side,0,1,random,neutral,bn,0.5,-0.22941601673762,120
facebook/xglm-564M,0,side,0,1,random,neutral,en,0.5,0.0,120
facebook/xglm-564M,0,side,0,1,random,neutral,hi,0.5,0.268290897210439,120
facebook/xglm-564M,0,gender,0,1,random,informative,bn,0.5,0.2353203992048899,120
facebook/xglm-564M,0,gender,0,1,random,informative,en,0.7,0.8690265496571858,120
facebook/xglm-564M,0,gender,0,1,random,informative,hi,0.5,0.3157035986582438,120
facebook/xglm-564M,0,gender,0,1,random,neutral,bn,0.5,0.1539940337340037,120
facebook/xglm-564M,0,gender,0,1,random,neutral,en,0.625,0.6820096890131633,120
facebook/xglm-564M,0,gender,0,1,random,neutral,hi,0.5,0.295415453116099,120
facebook/xglm-564M,0,side,2,1,random,informative,bn,0.4083333333333333,-0.5742841958999634,120
facebook/xglm-564M,0,side,2,1,random,informative,en,0.5,0.0950913111368815,120
facebook/xglm-564M,0,side,2,1,random,informative,hi,0.5416666666666666,0.0980065325895945,120
facebook/xglm-564M,0,side,2,1,random,neutral,bn,0.5,-0.2405443529287974,120
facebook/xglm-564M,0,side,2,1,random,neutral,en,0.5,0.0,120
facebook/xglm-564M,0,side,2,1,random,neutral,hi,0.5,0.2677572766939799,120
facebook/xglm-564M,0,gender,2,1,random,informative,bn,0.5,0.2140363752841949,120
facebook/xglm-564M,0,gender,2,1,random,informative,en,0.7333333333333333,0.8734089612960816,120
facebook/xglm-564M,0,gender,2,1,random,informative,hi,0.5,0.3218514362970988,120
facebook/xglm-564M,0,gender,2,1,random,neutral,bn,0.5,0.1509502291679382,120
facebook/xglm-564M,0,gender,2,1,random,neutral,en,0.6333333333333333,0.6852067947387696,120
facebook/xglm-564M,0,gender,2,1,random,neutral,hi,0.5,0.3046567559242248,120
facebook/xglm-564M,0,side,4,1,random,informative,bn,0.4,-0.5869772533575693,120
facebook/xglm-564M,0,side,4,1,random,informative,en,0.5,0.1032565752665201,120
facebook/xglm-564M,0,side,4,1,random,informative,hi,0.5333333333333333,0.0945653597513834,120
facebook/xglm-564M,0,side,4,1,random,neutral,bn,0.5,-0.2116587003072103,120
facebook/xglm-564M,0,side,4,1,random,neutral,en,0.5,0.0,120
facebook/xglm-564M,0,side,4,1,random,neutral,hi,0.5,0.2813120861848195,120
facebook/xglm-564M,0,gender,4,1,random,informative,bn,0.5,0.2081588168938954,120
facebook/xglm-564M,0,gender,4,1,random,informative,en,0.725,0.8874394178390503,120
facebook/xglm-564M,0,gender,4,1,random,informative,hi,0.5,0.3285003940264384,120
facebook/xglm-564M,0,gender,4,1,random,neutral,bn,0.5,0.157986311117808,120
facebook/xglm-564M,0,gender,4,1,random,neutral,en,0.6166666666666667,0.6881005843480428,120
facebook/xglm-564M,0,gender,4,1,random,neutral,hi,0.5,0.296434344847997,120
facebook/xglm-564M,0,side,6,1,random,informative,bn,0.3166666666666666,-0.6588704307874044,120
facebook/xglm-564M,0,side,6,1,random,informative,en,0.5,0.1003068327903747,120
facebook/xglm-564M,0,side,6,1,random,informative,hi,0.5416666666666666,0.0912374764680862,120
facebook/xglm-564M,0,side,6,1,random,neutral,bn,0.5,-0.3168215890725454,120
facebook/xglm-564M,0,side,6,1,random,neutral,en,0.5,0.0,120
facebook/xglm-564M,0,side,6,1,random,neutral,hi,0.5,0.2760766506195068,120
facebook/xglm-564M,0,gender,6,1,random,informative,bn,0.5,0.2308915674686432,120
facebook/xglm-564M,0,gender,6,1,random,informative,en,0.6833333333333333,0.8824673573176066,120
facebook/xglm-564M,0,gender,6,1,random,informative,hi,0.5,0.3312478045622508,120
facebook/xglm-564M,0,gender,6,1,random,neutral,bn,0.5,0.1537979404131571,120
facebook/xglm-564M,0,gender,6,1,random,neutral,en,0.6166666666666667,0.690753722190857,120
facebook/xglm-564M,0,gender,6,1,random,neutral,hi,0.5,0.3014521201451619,120
facebook/xglm-564M,0,side,8,1,random,informative,bn,0.45,-0.5955679396788279,120
facebook/xglm-564M,0,side,8,1,random,informative,en,0.5,0.0978984435399373,120
facebook/xglm-564M,0,side,8,1,random,informative,hi,0.5166666666666667,0.0576885233322779,120
facebook/xglm-564M,0,side,8,1,random,neutral,bn,0.5,-0.2431586464246114,120
facebook/xglm-564M,0,side,8,1,random,neutral,en,0.5,0.0,120
facebook/xglm-564M,0,side,8,1,random,neutral,hi,0.5,0.2442537317673365,120
facebook/xglm-564M,0,gender,8,1,random,informative,bn,0.5,0.2091904997825622,120
facebook/xglm-564M,0,gender,8,1,random,informative,en,0.7166666666666667,0.8711937427520752,120
facebook/xglm-564M,0,gender,8,1,random,informative,hi,0.5,0.3048872749010722,120
facebook/xglm-564M,0,gender,8,1,random,neutral,bn,0.5,0.1487532794475555,120
facebook/xglm-564M,0,gender,8,1,random,neutral,en,0.6333333333333333,0.6932356516520183,120
facebook/xglm-564M,0,gender,8,1,random,neutral,hi,0.5,0.2795237382253011,120
facebook/xglm-564M,0,side,10,1,random,informative,bn,0.4083333333333333,-0.5735917429129282,120
facebook/xglm-564M,0,side,10,1,random,informative,en,0.5,0.0951218287150065,120
facebook/xglm-564M,0,side,10,1,random,informative,hi,0.5416666666666666,0.1153575778007507,120
facebook/xglm-564M,0,side,10,1,random,neutral,bn,0.5,-0.2317611893018086,120
facebook/xglm-564M,0,side,10,1,random,neutral,en,0.5,0.0,120
facebook/xglm-564M,0,side,10,1,random,neutral,hi,0.5,0.2793690363566081,120
facebook/xglm-564M,0,gender,10,1,random,informative,bn,0.5,0.221052481730779,120
facebook/xglm-564M,0,gender,10,1,random,informative,en,0.7083333333333334,0.8763902902603149,120
facebook/xglm-564M,0,gender,10,1,random,informative,hi,0.5,0.3201799333095551,120
facebook/xglm-564M,0,gender,10,1,random,neutral,bn,0.5,0.1475687464078267,120
facebook/xglm-564M,0,gender,10,1,random,neutral,en,0.6333333333333333,0.6860870917638143,120
facebook/xglm-564M,0,gender,10,1,random,neutral,hi,0.5,0.2993448396523793,120
facebook/xglm-564M,0,side,12,1,random,informative,bn,0.4,-0.5906935731569926,120
facebook/xglm-564M,0,side,12,1,random,informative,en,0.5,0.086410371462504,120
facebook/xglm-564M,0,side,12,1,random,informative,hi,0.525,0.0790014555056889,120
facebook/xglm-564M,0,side,12,1,random,neutral,bn,0.5,-0.2470088561375935,120
facebook/xglm-564M,0,side,12,1,random,neutral,en,0.5,0.0,120
facebook/xglm-564M,0,side,12,1,random,neutral,hi,0.5,0.2674479454755783,120
facebook/xglm-564M,0,gender,12,1,random,informative,bn,0.5,0.2139544169108073,120
facebook/xglm-564M,0,gender,12,1,random,informative,en,0.75,0.8656492312749227,120
facebook/xglm-564M,0,gender,12,1,random,informative,hi,0.5,0.3112043360869089,120
facebook/xglm-564M,0,gender,12,1,random,neutral,bn,0.5,0.1527441442012787,120
facebook/xglm-564M,0,gender,12,1,random,neutral,en,0.6333333333333333,0.681038514773051,120
facebook/xglm-564M,0,gender,12,1,random,neutral,hi,0.5,0.2904692610104878,120
facebook/xglm-564M,0,side,12,4,random,informative,bn,0.375,-0.5654427230358123,120
facebook/xglm-564M,0,side,12,4,random,informative,en,0.5,0.1136582096417744,120
facebook/xglm-564M,0,side,12,4,random,informative,hi,0.5416666666666666,0.0866217941045761,120
facebook/xglm-564M,0,side,12,4,random,neutral,bn,0.5,-0.2232017040252685,120
facebook/xglm-564M,0,side,12,4,random,neutral,en,0.5,0.0,120
facebook/xglm-564M,0,side,12,4,random,neutral,hi,0.5,0.2477449099222819,120
facebook/xglm-564M,0,gender,12,4,random,informative,bn,0.5,0.2189977288246155,120
facebook/xglm-564M,0,gender,12,4,random,informative,en,0.7916666666666666,0.9057827711105346,120
facebook/xglm-564M,0,gender,12,4,random,informative,hi,0.5,0.3189439972241719,120
facebook/xglm-564M,0,gender,12,4,random,neutral,bn,0.5,0.140781565507253,120
facebook/xglm-564M,0,gender,12,4,random,neutral,en,0.65,0.7026778062184652,120
facebook/xglm-564M,0,gender,12,4,random,neutral,hi,0.5,0.3055542091528574,120
facebook/xglm-564M,0,side,14,1,random,informative,bn,0.3916666666666666,-0.6080128570397695,120
facebook/xglm-564M,0,side,14,1,random,informative,en,0.5,0.0876695394515991,120
facebook/xglm-564M,0,side,14,1,random,informative,hi,0.5416666666666666,0.086386290192604,120
facebook/xglm-564M,0,side,14,1,random,neutral,bn,0.5,-0.266234302520752,120
facebook/xglm-564M,0,side,14,1,random,neutral,en,0.5,0.0,120
facebook/xglm-564M,0,side,14,1,random,neutral,hi,0.5,0.2578719079494476,120
facebook/xglm-564M,0,gender,14,1,random,informative,bn,0.5,0.2413829306761424,120
facebook/xglm-564M,0,gender,14,1,random,informative,en,0.7583333333333333,0.8710302432378133,120
facebook/xglm-564M,0,gender,14,1,random,informative,hi,0.5,0.320897489786148,120
facebook/xglm-564M,0,gender,14,1,random,neutral,bn,0.5,0.1429726382096608,120
facebook/xglm-564M,0,gender,14,1,random,neutral,en,0.625,0.6832030534744262,120
facebook/xglm-564M,0,gender,14,1,random,neutral,hi,0.5,0.2954203923543294,120
facebook/xglm-564M,0,side,16,1,random,informative,bn,0.4083333333333333,-0.5794688045978547,120
facebook/xglm-564M,0,side,16,1,random,informative,en,0.5,0.100257654984792,120
facebook/xglm-564M,0,side,16,1,random,informative,hi,0.525,0.0877712140480677,120
facebook/xglm-564M,0,side,16,1,random,neutral,bn,0.5,-0.226933213075002,120
facebook/xglm-564M,0,side,16,1,random,neutral,en,0.5,0.0,120
facebook/xglm-564M,0,side,16,1,random,neutral,hi,0.5,0.2736243466536204,120
facebook/xglm-564M,0,gender,16,1,random,informative,bn,0.5,0.2206027011076609,120
facebook/xglm-564M,0,gender,16,1,random,informative,en,0.7083333333333334,0.8771876573562623,120
facebook/xglm-564M,0,gender,16,1,random,informative,hi,0.5,0.3162387073040008,120
facebook/xglm-564M,0,gender,16,1,random,neutral,bn,0.5,0.1493474721908569,120
facebook/xglm-564M,0,gender,16,1,random,neutral,en,0.6083333333333333,0.6842393557230632,120
facebook/xglm-564M,0,gender,16,1,random,neutral,hi,0.5,0.2949884653091431,120
facebook/xglm-564M,0,side,18,1,random,informative,bn,0.4,-0.5714273413022359,120
facebook/xglm-564M,0,side,18,1,random,informative,en,0.5,0.0971928278605143,120
facebook/xglm-564M,0,side,18,1,random,informative,hi,0.5333333333333333,0.1007263173659642,120
facebook/xglm-564M,0,side,18,1,random,neutral,bn,0.5,-0.2193200588226318,120
facebook/xglm-564M,0,side,18,1,random,neutral,en,0.5,0.0,120
facebook/xglm-564M,0,side,18,1,random,neutral,hi,0.5,0.2780853639046351,120
facebook/xglm-564M,0,gender,18,1,random,informative,bn,0.5,0.219676939646403,120
facebook/xglm-564M,0,gender,18,1,random,informative,en,0.7333333333333333,0.8767278114954631,120
facebook/xglm-564M,0,gender,18,1,random,informative,hi,0.5,0.3188787718613942,120
facebook/xglm-564M,0,gender,18,1,random,neutral,bn,0.5,0.1514949182669321,120
facebook/xglm-564M,0,gender,18,1,random,neutral,en,0.6333333333333333,0.6844479401906332,120
facebook/xglm-564M,0,gender,18,1,random,neutral,hi,0.5,0.3013164043426514,120
facebook/xglm-564M,0,side,20,1,random,informative,bn,0.4333333333333333,-0.5826434314250946,120
facebook/xglm-564M,0,side,20,1,random,informative,en,0.5,0.0955562512079874,120
facebook/xglm-564M,0,side,20,1,random,informative,hi,0.5333333333333333,0.0920080820719401,120
facebook/xglm-564M,0,side,20,1,random,neutral,bn,0.5,-0.2265667716662089,120
facebook/xglm-564M,0,side,20,1,random,neutral,en,0.5,0.0,120
facebook/xglm-564M,0,side,20,1,random,neutral,hi,0.5,0.2782817751169205,120
facebook/xglm-564M,0,gender,20,1,random,informative,bn,0.5,0.2187602539857228,120
facebook/xglm-564M,0,gender,20,1,random,informative,en,0.7166666666666667,0.8735637982686361,120
facebook/xglm-564M,0,gender,20,1,random,informative,hi,0.5,0.3231325964132944,120
facebook/xglm-564M,0,gender,20,1,random,neutral,bn,0.5,0.1526221315066019,120
facebook/xglm-564M,0,gender,20,1,random,neutral,en,0.625,0.6851031144460042,120
facebook/xglm-564M,0,gender,20,1,random,neutral,hi,0.5,0.3037341813246409,120
facebook/xglm-564M,0,side,22,1,random,informative,bn,0.4,-0.5807594696680705,120
facebook/xglm-564M,0,side,22,1,random,informative,en,0.5,0.0965492248535156,120
facebook/xglm-564M,0,side,22,1,random,informative,hi,0.5416666666666666,0.0899082243442535,120
facebook/xglm-564M,0,side,22,1,random,neutral,bn,0.5,-0.2337170779705047,120
facebook/xglm-564M,0,side,22,1,random,neutral,en,0.5,0.0,120
facebook/xglm-564M,0,side,22,1,random,neutral,hi,0.5,0.269255068898201,120
facebook/xglm-564M,0,gender,22,1,random,informative,bn,0.5,0.2243553876876831,120
facebook/xglm-564M,0,gender,22,1,random,informative,en,0.7333333333333333,0.8805381536483765,120
facebook/xglm-564M,0,gender,22,1,random,informative,hi,0.5,0.3200692931811015,120
facebook/xglm-564M,0,gender,22,1,random,neutral,bn,0.5,0.1587641954421997,120
facebook/xglm-564M,0,gender,22,1,random,neutral,en,0.6333333333333333,0.6882073958714803,120
facebook/xglm-564M,0,gender,22,1,random,neutral,hi,0.5,0.2943120857079824,120
